# Blender v3.6.3 OBJ File: 'Pillow Forest.blend'
# www.blender.org
mtllib Dirt.mtl
o Dirt_Plane
v -35.841118 -1.532344 28.584688
v -35.410061 -0.484611 29.136553
v -34.036709 0.018394 29.556288
v -32.028744 0.337638 29.384623
v -30.117714 0.444751 29.358084
v -28.123184 0.439368 29.240709
v -26.126564 0.380838 29.171099
v -24.128918 0.262774 29.115931
v -22.098881 0.129848 29.069281
v -20.081966 -0.047324 29.035772
v -18.021725 -0.258677 29.018641
v -15.948893 -0.503967 29.031199
v -13.803112 -0.785226 29.070311
v -11.565187 -1.009556 29.133932
v -9.290543 -1.100343 29.211458
v -7.075928 -1.071960 29.299559
v -4.950132 -0.993040 29.406126
v -2.895641 -0.926539 29.521585
v -0.883271 -0.870702 29.628000
v 1.094476 -0.871300 29.721025
v 3.118074 -0.906513 29.823038
v 5.156906 -0.920311 29.916399
v 7.204545 -0.915414 30.006987
v 9.243947 -0.893838 30.077658
v 11.268160 -0.857464 30.139963
v 13.257466 -0.851855 30.196482
v 15.277991 -0.878711 30.244440
v 17.307411 -0.888740 30.298120
v 19.338955 -0.894205 30.375242
v 21.364441 -0.896401 30.456232
v 23.387917 -0.883436 30.541216
v 25.362255 -0.893401 30.613123
v 27.363304 -0.976668 30.693068
v 29.422543 -1.065279 30.780096
v 31.544867 -1.154727 30.865088
v 33.752121 -1.190722 30.953417
v 36.006294 -1.116064 31.053808
v 38.235992 -0.927758 31.161833
v 40.393650 -0.674258 31.240553
v 42.481186 -0.438524 31.273027
v 44.551182 -0.226491 31.260351
v 46.570637 -0.040017 31.220697
v 48.592167 0.095220 31.166395
v 50.589821 0.205463 31.111616
v 52.596409 0.256231 31.026766
v 54.613792 0.259463 30.914480
v 56.557003 0.165544 30.649073
v 58.592995 -0.117705 30.471060
v 60.007835 -0.586187 29.687944
v 60.429230 -1.586240 28.852686
v -36.666813 -0.440393 28.375883
v -37.820629 1.811083 30.606291
v -37.020672 3.792611 31.455332
v -35.336555 4.387416 31.715647
v -33.245495 4.596229 31.580782
v -31.161812 4.572890 31.503611
v -29.022217 4.475139 31.421930
v -26.863304 4.348695 31.356569
v -24.692471 4.180710 31.321558
v -22.507992 3.984605 31.298693
v -20.303207 3.744416 31.276388
v -18.062990 3.477054 31.273382
v -15.762087 3.172343 31.277117
v -13.352610 2.925718 31.299543
v -10.909138 2.822309 31.359823
v -8.532549 2.850056 31.446135
v -6.261477 2.907787 31.561316
v -4.052082 2.953227 31.692507
v -1.890279 2.963751 31.813498
v 0.259123 2.946292 31.945925
v 2.421035 2.893488 32.068993
v 4.634218 2.858223 32.180405
v 6.841689 2.877192 32.285965
v 9.032508 2.907311 32.389633
v 11.204813 2.928508 32.471741
v 13.374920 2.941612 32.522461
v 15.536510 2.944217 32.563240
v 17.710991 2.941721 32.621567
v 19.869053 2.939570 32.697556
v 22.042160 2.908310 32.786285
v 24.225254 2.911528 32.867928
v 26.357445 2.911352 32.952797
v 28.490883 2.828519 33.016525
v 30.712503 2.720929 33.071228
v 32.990818 2.649479 33.133514
v 35.342407 2.615196 33.216217
v 37.731522 2.690874 33.332512
v 40.104027 2.835937 33.475647
v 42.456181 3.063956 33.583328
v 44.726536 3.324898 33.618843
v 46.960754 3.555732 33.607925
v 49.151581 3.796009 33.560692
v 51.286770 3.961737 33.509521
v 53.449062 4.066248 33.449104
v 55.604568 4.143415 33.361168
v 57.749699 4.146994 33.207321
v 59.912834 3.980936 33.026001
v 61.660793 3.463753 32.384987
v 62.494652 1.619154 31.162424
v 61.366318 -0.534983 28.666399
v -37.226830 0.082349 27.264727
v -39.068718 3.869465 30.211622
v -39.938339 8.333010 32.849983
v -37.657448 8.523454 32.586823
v -35.481693 8.615093 32.396812
v -33.343464 8.492392 32.294693
v -31.078808 8.327155 32.217995
v -28.822353 8.181369 32.129150
v -26.521935 7.981890 32.127022
v -24.252262 7.770267 32.126526
v -21.928604 7.484544 32.081879
v -19.606596 7.220683 32.069511
v -17.239325 6.804191 32.016594
v -14.645452 6.460561 31.969648
v -11.990747 6.362451 32.013939
v -9.478804 6.470982 32.087868
v -7.147106 6.546391 32.222702
v -4.854101 6.560956 32.385971
v -2.591515 6.519018 32.508461
v -0.359185 6.482771 32.691109
v 1.886630 6.352067 32.848732
v 4.269636 6.268427 32.966232
v 6.612665 6.337475 33.090576
v 8.900327 6.391979 33.245567
v 11.179895 6.398215 33.360443
v 13.473926 6.424822 33.385231
v 15.733543 6.447834 33.391037
v 18.016678 6.463607 33.449966
v 20.236401 6.482582 33.532867
v 22.497784 6.364265 33.636238
v 24.876610 6.375111 33.711441
v 27.063702 6.482423 33.819405
v 29.209558 6.323334 33.853798
v 31.588289 6.169951 33.852386
v 33.943516 6.113159 33.868874
v 36.425278 6.023732 33.932556
v 38.928459 6.133392 34.063103
v 41.396477 6.201852 34.304764
v 43.954090 6.448418 34.474174
v 46.311031 6.770101 34.489197
v 48.700947 6.988584 34.471024
v 51.004086 7.367311 34.391365
v 53.161427 7.541482 34.346764
v 55.450134 7.623926 34.304420
v 57.711868 7.755190 34.213287
v 59.983635 7.789326 34.112122
v 62.306736 7.786820 33.960983
v 64.681015 7.718325 33.766121
v 63.853386 3.555613 30.717810
v 62.036690 -0.042116 27.487677
v -37.437603 0.507213 25.639994
v -39.503868 4.484207 28.828444
v -39.891064 8.493653 30.887701
v -37.606110 8.777332 30.682394
v -35.481255 8.948279 30.474848
v -33.380821 8.868572 30.300707
v -31.152676 8.647852 30.177019
v -28.889683 8.446727 30.113787
v -26.605247 8.174168 30.036764
v -24.270157 7.931338 29.950987
v -21.966301 7.635979 29.880129
v -19.583218 7.327247 29.830698
v -17.168587 7.033421 29.734846
v -14.635735 6.762838 29.690092
v -12.052450 6.638921 29.761786
v -9.540138 6.684070 29.903994
v -7.238089 6.677972 30.026155
v -4.877216 6.584126 30.135130
v -2.603853 6.627643 30.234480
v -0.417150 6.480456 30.332045
v 1.897027 6.301999 30.451952
v 4.254844 6.247939 30.590796
v 6.555325 6.229977 30.786291
v 8.878489 6.188533 30.970732
v 11.223619 6.212688 31.093882
v 13.555660 6.280179 31.177420
v 15.803795 6.350765 31.217901
v 18.039446 6.334170 31.276991
v 20.276312 6.310357 31.346338
v 22.556099 6.218029 31.353354
v 24.892685 6.244380 31.413488
v 27.100540 6.295815 31.484118
v 29.318871 6.215383 31.494596
v 31.658625 6.149483 31.499777
v 33.990402 6.125765 31.546103
v 36.407314 6.097647 31.627481
v 38.818951 6.170856 31.801344
v 41.258324 6.141787 31.970747
v 43.866760 6.272664 32.145859
v 46.338104 6.614233 32.240501
v 48.708340 6.963871 32.232162
v 50.991051 7.314614 32.283012
v 53.183834 7.527766 32.198631
v 55.432770 7.625795 32.098068
v 57.694817 7.715833 32.050789
v 59.998383 7.704685 31.930193
v 62.374390 7.749851 31.760988
v 64.757507 7.775826 31.556959
v 64.365356 4.107162 29.227777
v 62.309975 0.359472 25.807749
v -37.524700 0.639560 23.971758
v -39.647762 4.748477 27.092386
v -39.882301 8.606623 28.968298
v -37.640133 8.900848 28.823202
v -35.508659 9.045118 28.722715
v -33.386696 8.965236 28.531786
v -31.175648 8.812125 28.333063
v -28.948601 8.581248 28.180990
v -26.632980 8.318530 28.071760
v -24.286644 8.067768 27.981451
v -21.933315 7.847397 27.835489
v -19.600138 7.518784 27.716688
v -17.111666 7.232244 27.661196
v -14.674814 7.030191 27.617971
v -12.143177 6.783882 27.681559
v -9.623629 6.713967 27.756674
v -7.226351 6.705233 27.804995
v -4.923590 6.670563 27.852999
v -2.614664 6.585089 27.976568
v -0.376241 6.532005 28.039965
v 1.896868 6.360258 28.089479
v 4.200002 6.234633 28.223963
v 6.497745 6.102345 28.419878
v 8.829992 5.996785 28.612402
v 11.227992 5.920697 28.812128
v 13.627244 5.972946 28.879442
v 15.911765 6.084290 28.897669
v 18.093113 6.108730 28.903460
v 20.376305 6.034140 28.955278
v 22.674923 6.118970 28.947893
v 24.904169 6.142864 29.023447
v 27.168825 6.171684 29.119650
v 29.427401 6.166247 29.141768
v 31.737986 6.199434 29.139273
v 34.010605 6.199453 29.207411
v 36.359715 6.166823 29.317408
v 38.704727 6.102344 29.488768
v 41.185036 6.033884 29.681044
v 43.777390 6.136444 29.835688
v 46.324646 6.461903 29.952246
v 48.645950 6.840708 30.048456
v 50.946213 7.056115 30.123934
v 53.259968 7.380316 30.112185
v 55.413692 7.572635 30.037542
v 57.727222 7.594617 29.948320
v 60.062984 7.739356 29.776323
v 62.401279 7.802128 29.673136
v 64.821640 7.908569 29.530725
v 64.541367 4.353751 27.412642
v 62.400524 0.482103 24.102751
v -37.584541 0.644403 22.310015
v -39.693264 4.730191 25.310999
v -39.908104 8.599160 27.163248
v -37.727470 8.878600 27.040960
v -35.518879 8.908162 26.860605
v -33.351673 8.975834 26.633104
v -31.193096 8.841646 26.449606
v -28.965591 8.623738 26.278242
v -26.663616 8.325836 26.110682
v -24.297344 8.049927 25.946699
v -21.905602 7.814865 25.834921
v -19.547722 7.593066 25.669355
v -17.129890 7.312334 25.537878
v -14.689701 7.077774 25.505758
v -12.187662 6.828846 25.451754
v -9.660944 6.738400 25.484396
v -7.258392 6.715069 25.556623
v -4.919699 6.661113 25.609526
v -2.629950 6.596483 25.612448
v -0.363197 6.461710 25.704508
v 1.959275 6.387150 25.756987
v 4.167521 6.280353 25.809187
v 6.449004 6.053590 25.946630
v 8.764738 5.834501 26.127188
v 11.255266 5.626468 26.250608
v 13.725168 5.771852 26.342531
v 16.007044 5.935416 26.428270
v 18.221390 6.028787 26.459986
v 20.474003 6.000030 26.424246
v 22.734779 6.093268 26.532141
v 24.931664 6.100436 26.629641
v 27.219454 6.108169 26.712870
v 29.510521 6.163129 26.798895
v 31.777197 6.278368 26.906942
v 34.004375 6.250516 27.019857
v 36.358055 6.231060 27.125456
v 38.656425 6.210254 27.218069
v 41.091438 6.076454 27.359495
v 43.698875 6.117814 27.554693
v 46.241940 6.418225 27.739599
v 48.593151 6.732078 27.879255
v 50.911221 6.945918 27.911783
v 53.231724 7.186016 27.973757
v 55.457291 7.412318 27.958384
v 57.758907 7.518566 27.883410
v 60.089321 7.702367 27.838392
v 62.389015 7.729874 27.716291
v 64.833672 7.816860 27.628450
v 64.560638 4.311122 25.561670
v 62.426434 0.480386 22.410563
v -37.629448 0.457012 20.611151
v -39.756241 4.553837 23.507532
v -40.011868 8.402254 25.353815
v -37.716461 8.649721 25.227278
v -35.527924 8.839888 25.026182
v -33.363453 8.868963 24.878607
v -31.176903 8.754951 24.624987
v -28.936039 8.551890 24.349524
v -26.634789 8.304482 24.097353
v -24.268764 8.073721 23.885862
v -21.891563 7.836909 23.668322
v -19.488058 7.637281 23.497534
v -17.140900 7.436710 23.381308
v -14.696283 7.167343 23.317308
v -12.194323 6.996497 23.277437
v -9.716803 6.853572 23.258207
v -7.285019 6.752807 23.248648
v -4.906666 6.702705 23.254202
v -2.619076 6.691098 23.317549
v -0.360189 6.560872 23.339605
v 1.974480 6.444300 23.396685
v 4.193008 6.382137 23.482058
v 6.408175 6.113079 23.590113
v 8.826357 5.823781 23.645651
v 11.295465 5.715168 23.671049
v 13.721649 5.754593 23.839888
v 16.038588 5.825965 23.992792
v 18.387501 5.910935 24.048731
v 20.608402 6.119530 24.018145
v 22.724131 6.116563 24.082060
v 24.969690 6.084618 24.249498
v 27.242462 6.117257 24.404459
v 29.507162 6.167137 24.551065
v 31.753994 6.180521 24.731939
v 34.034653 6.181554 24.841360
v 36.319199 6.150103 24.974325
v 38.646309 6.102567 25.155729
v 41.033012 6.022215 25.301138
v 43.595173 6.021509 25.480200
v 46.117023 6.213427 25.695524
v 48.568581 6.447489 25.840666
v 50.923157 6.766943 25.880995
v 53.185654 6.978297 25.887320
v 55.460388 7.163759 25.928198
v 57.734383 7.262059 25.928988
v 60.124706 7.366523 25.857115
v 62.441196 7.541099 25.723730
v 64.797516 7.622890 25.640043
v 64.535522 4.143503 23.675211
v 62.393227 0.297175 20.678442
v -37.681175 0.172276 18.816000
v -39.815502 4.241997 21.615530
v -40.080383 8.007681 23.466162
v -37.743885 8.274946 23.361109
v -35.574970 8.460192 23.243818
v -33.338120 8.465824 23.031710
v -31.070595 8.501265 22.734419
v -28.853161 8.460412 22.416471
v -26.578064 8.296672 22.138781
v -24.226326 8.108732 21.873266
v -21.826416 7.934140 21.654436
v -19.463997 7.831340 21.426462
v -17.185390 7.574181 21.299532
v -14.740555 7.239959 21.240213
v -12.216269 7.010142 21.177412
v -9.697596 6.908553 21.093000
v -7.268097 6.881114 21.029840
v -4.933107 6.840187 20.991785
v -2.676543 6.701604 21.038847
v -0.334754 6.563252 21.120787
v 1.964928 6.497017 21.158342
v 4.179859 6.332855 21.222948
v 6.456407 6.002545 21.233595
v 8.946928 5.813648 21.230349
v 11.330900 5.812525 21.272249
v 13.689402 5.747824 21.392672
v 16.085123 5.751930 21.514734
v 18.494114 5.894567 21.582647
v 20.712269 6.182962 21.667349
v 22.757465 6.259107 21.758093
v 24.923378 6.114519 21.880281
v 27.227142 6.047190 22.069342
v 29.462662 6.067983 22.271982
v 31.721628 5.993138 22.477850
v 34.043343 5.990497 22.666246
v 36.318317 5.968480 22.780283
v 38.617668 5.885880 22.873098
v 40.975716 5.764635 23.042719
v 43.475883 5.683820 23.288729
v 46.044056 5.770153 23.495935
v 48.534973 6.003109 23.630716
v 50.936745 6.330154 23.741365
v 53.187855 6.647469 23.800680
v 55.430653 6.782484 23.821112
v 57.763477 6.865419 23.798044
v 60.181904 7.058139 23.740683
v 62.465508 7.282304 23.661425
v 64.767769 7.342854 23.600657
v 64.504074 3.883662 21.710299
v 62.353165 0.032648 18.857607
v -37.730824 -0.121976 16.917414
v -39.865471 3.890610 19.595964
v -40.135223 7.520919 21.348089
v -37.801117 7.793521 21.264578
v -35.580856 7.954618 21.144030
v -33.293362 8.041164 20.954832
v -30.992504 8.173647 20.753298
v -28.783562 8.230839 20.497568
v -26.513813 8.112484 20.222849
v -24.166332 8.005729 19.964926
v -21.781002 7.883182 19.693422
v -19.443110 7.822936 19.498461
v -17.186369 7.582792 19.296358
v -14.757521 7.215250 19.096624
v -12.209063 6.990821 18.966848
v -9.719036 6.918843 18.905001
v -7.256121 6.859679 18.866999
v -4.909267 6.936172 18.787874
v -2.734052 6.780793 18.761557
v -0.376257 6.522035 18.776903
v 1.954047 6.365829 18.826239
v 4.262919 6.214389 18.802603
v 6.564562 6.031783 18.742933
v 9.006917 5.880788 18.746244
v 11.359187 5.888836 18.811811
v 13.680196 5.794279 18.917215
v 16.112793 5.784288 19.045244
v 18.505621 5.955810 19.194178
v 20.702206 6.179516 19.383654
v 22.801132 6.212253 19.495626
v 24.941288 6.171754 19.593275
v 27.153343 6.059252 19.780039
v 29.420454 5.977685 19.980745
v 31.665327 5.836853 20.146280
v 34.033119 5.729122 20.313013
v 36.344147 5.746222 20.466021
v 38.640388 5.736127 20.629248
v 40.919132 5.641405 20.753485
v 43.392834 5.408766 20.912687
v 46.011311 5.447068 21.055590
v 48.497768 5.669052 21.216230
v 50.870224 5.964033 21.393553
v 53.154858 6.160093 21.568014
v 55.483334 6.361064 21.599401
v 57.766521 6.498304 21.599268
v 60.192909 6.638613 21.632078
v 62.528809 6.907994 21.576056
v 64.773270 7.044300 21.443666
v 64.487747 3.609656 19.658064
v 62.318039 -0.236439 16.943110
v -37.779095 -0.392691 14.946325
v -39.909389 3.567843 17.487856
v -40.142334 7.150403 19.111074
v -37.865795 7.445230 19.037630
v -35.579330 7.582080 18.959967
v -33.302441 7.731905 18.824575
v -30.992916 7.784939 18.677862
v -28.703194 7.877637 18.458036
v -26.443043 7.874588 18.177927
v -24.112309 7.794037 17.911535
v -21.734806 7.747045 17.682657
v -19.441540 7.671244 17.466791
v -17.094690 7.472839 17.238508
v -14.679600 7.289302 16.951979
v -12.223528 7.099787 16.757795
v -9.758179 6.945632 16.653086
v -7.276052 6.880342 16.579363
v -4.946838 6.907474 16.587088
v -2.702144 6.750767 16.529486
v -0.359922 6.551139 16.426992
v 1.991665 6.392894 16.353594
v 4.315237 6.267442 16.344397
v 6.662608 6.112401 16.327238
v 9.038519 6.025893 16.297876
v 11.359737 5.989384 16.396723
v 13.667913 5.920230 16.504538
v 16.083683 5.892387 16.665434
v 18.422829 6.012055 16.850027
v 20.669563 6.066997 17.048025
v 22.856852 6.208967 17.158968
v 24.884384 6.156210 17.305357
v 27.091995 5.921130 17.514833
v 29.396164 5.807615 17.709105
v 31.683344 5.706578 17.852339
v 34.022621 5.632213 17.982042
v 36.310509 5.581584 18.150251
v 38.606857 5.470695 18.309698
v 40.924664 5.359004 18.503435
v 43.424408 5.205601 18.600325
v 46.011974 5.328801 18.693312
v 48.416702 5.512833 18.847387
v 50.778687 5.659111 19.051222
v 53.128914 5.777587 19.160543
v 55.495808 5.980072 19.267126
v 57.777355 6.131186 19.309629
v 60.177437 6.204678 19.318098
v 62.613087 6.448602 19.292192
v 64.831833 6.738227 19.201128
v 64.483795 3.330027 17.534044
v 62.286209 -0.487377 14.963728
v -37.831787 -0.633577 12.941034
v -39.961197 3.281429 15.338991
v -40.193962 6.838468 16.850691
v -37.914112 7.136841 16.833746
v -35.628422 7.254037 16.775839
v -33.318619 7.343990 16.686640
v -30.960255 7.422997 16.501608
v -28.667671 7.540206 16.303289
v -26.386662 7.554673 16.118456
v -24.051891 7.540876 15.889677
v -21.688114 7.530734 15.609232
v -19.410328 7.473415 15.369600
v -17.008839 7.311134 15.128428
v -14.591555 7.268149 14.874514
v -12.195255 7.142859 14.662584
v -9.750814 7.068772 14.484667
v -7.344982 6.977507 14.404749
v -4.969645 6.897195 14.318945
v -2.647708 6.755546 14.192976
v -0.285334 6.636728 14.068441
v 2.023167 6.533201 13.991667
v 4.346666 6.356386 13.942480
v 6.763033 6.255754 13.871595
v 9.063387 6.284225 13.843931
v 11.297287 6.155703 13.928137
v 13.608091 6.029710 14.102396
v 15.972542 5.908216 14.323282
v 18.370655 5.967507 14.555841
v 20.621140 6.044511 14.706137
v 22.826878 6.134208 14.923967
v 24.872421 6.096230 15.074789
v 27.045574 5.833433 15.184042
v 29.348038 5.597738 15.364389
v 31.697323 5.476600 15.532393
v 34.004990 5.397418 15.700823
v 36.345783 5.348432 15.829420
v 38.581779 5.287184 15.951109
v 40.921844 5.042577 16.082708
v 43.452442 4.940889 16.210615
v 45.992416 5.079263 16.407187
v 48.373394 5.283413 16.571886
v 50.745068 5.385315 16.697886
v 53.112091 5.546894 16.823519
v 55.450710 5.638682 16.935499
v 57.815441 5.763335 17.000078
v 60.211033 5.849772 16.992674
v 62.690842 6.144401 16.945791
v 64.855881 6.487712 16.911505
v 64.479523 3.070121 15.363787
v 62.253998 -0.718848 12.949228
v -37.889065 -0.884702 10.936529
v -40.028309 3.000694 13.190985
v -40.278271 6.576618 14.646410
v -37.994911 6.799936 14.677248
v -35.667667 6.863304 14.648432
v -33.290791 6.970763 14.502878
v -30.927086 7.089725 14.328146
v -28.624722 7.215904 14.126677
v -26.355186 7.207750 13.863829
v -23.983494 7.169738 13.619207
v -21.618805 7.265462 13.400476
v -19.365402 7.272474 13.192106
v -16.943487 7.176688 12.970732
v -14.526894 7.206722 12.732397
v -12.173391 7.137092 12.512983
v -9.775772 7.046365 12.394072
v -7.363958 6.918131 12.253128
v -4.935610 6.848890 12.117249
v -2.558000 6.804819 11.933500
v -0.230735 6.759919 11.742260
v 2.057124 6.654391 11.646971
v 4.408733 6.546790 11.558176
v 6.787245 6.509971 11.539413
v 9.061375 6.561897 11.580770
v 11.233686 6.439419 11.653276
v 13.525505 6.222361 11.739079
v 15.830923 6.000830 11.891235
v 18.256599 5.880697 12.141443
v 20.548073 5.961154 12.393442
v 22.724623 5.933498 12.610479
v 24.888578 5.835414 12.780546
v 27.075026 5.662224 12.881727
v 29.354105 5.455338 12.958807
v 31.671213 5.297262 13.111372
v 33.999214 5.147526 13.273790
v 36.353584 5.079166 13.445093
v 38.630394 5.016957 13.573191
v 40.992241 4.889270 13.644304
v 43.430992 4.840010 13.758341
v 45.889839 4.840951 13.985811
v 48.337593 4.961842 14.246595
v 50.711563 5.091896 14.432375
v 53.104874 5.193347 14.567369
v 55.474098 5.308363 14.598043
v 57.854435 5.376263 14.621687
v 60.317482 5.546593 14.561003
v 62.671585 5.869102 14.580938
v 64.899895 6.122323 14.652769
v 64.475464 2.779196 13.180235
v 62.220612 -0.966751 10.930214
v -37.936890 -1.186114 8.895849
v -40.094872 2.664255 11.008663
v -40.388954 6.149853 12.428850
v -38.055187 6.268816 12.452066
v -35.671410 6.312507 12.370087
v -33.231632 6.475776 12.246290
v -30.883385 6.668615 12.061928
v -28.534882 6.824647 11.856583
v -26.232346 6.988081 11.594053
v -23.915718 7.066732 11.324255
v -21.616699 7.155396 11.099293
v -19.379766 7.075345 10.955858
v -16.918760 6.979435 10.810925
v -14.478695 7.071606 10.637230
v -12.145922 7.089661 10.424065
v -9.781811 6.964962 10.204895
v -7.306055 6.884005 9.996187
v -4.910656 6.862013 9.785873
v -2.451162 6.859979 9.625671
v -0.165713 6.995963 9.437874
v 2.061604 6.863566 9.330429
v 4.414062 6.778651 9.294170
v 6.740038 6.721606 9.285843
v 8.968435 6.702819 9.359121
v 11.185549 6.478461 9.463509
v 13.524218 6.363452 9.487640
v 15.733901 6.167023 9.569078
v 18.109913 5.960977 9.747990
v 20.396379 5.852426 9.998936
v 22.679157 5.746224 10.204765
v 24.866871 5.660292 10.355928
v 27.115273 5.484477 10.495171
v 29.372269 5.332033 10.608906
v 31.677303 5.107033 10.722038
v 34.022736 4.966614 10.820646
v 36.349594 4.863211 10.945616
v 38.666039 4.789392 11.122683
v 41.036953 4.714241 11.273293
v 43.417091 4.718901 11.441593
v 45.784737 4.658821 11.662085
v 48.255684 4.623803 11.887630
v 50.670208 4.678301 12.069921
v 53.128342 4.725199 12.215635
v 55.577087 4.926008 12.251106
v 57.954174 5.067269 12.197172
v 60.405247 5.358080 12.207043
v 62.633678 5.642813 12.230928
v 64.919449 5.791893 12.241611
v 64.467987 2.484498 10.937681
v 62.195114 -1.253366 8.872023
v -37.956757 -1.480928 6.778290
v -40.134712 2.332175 8.733566
v -40.450649 5.751688 9.993656
v -38.052853 5.836609 9.964796
v -35.623302 5.967399 9.859127
v -33.209225 6.155982 9.755026
v -30.828838 6.366529 9.647758
v -28.475693 6.565222 9.478144
v -26.156563 6.750629 9.291533
v -23.861313 6.878176 9.083735
v -21.591782 6.999146 8.917780
v -19.371567 6.954306 8.687681
v -16.964218 6.810917 8.522375
v -14.484049 6.828355 8.413397
v -12.103491 6.899132 8.241861
v -9.714792 6.882328 8.051859
v -7.236931 6.929892 7.809502
v -4.866257 7.005014 7.630644
v -2.433676 7.042888 7.460503
v -0.127477 7.181314 7.340626
v 2.069841 7.123965 7.175694
v 4.369920 6.984483 7.082052
v 6.669472 6.926845 7.086731
v 8.856531 6.807182 7.146111
v 11.150101 6.536525 7.159018
v 13.487297 6.456830 7.227259
v 15.672734 6.278828 7.303780
v 17.975876 5.998425 7.436270
v 20.300732 5.790847 7.604954
v 22.606627 5.656629 7.768311
v 24.815519 5.493832 7.960859
v 27.104971 5.246248 8.123055
v 29.438787 5.087344 8.199295
v 31.743078 4.938717 8.221336
v 34.061020 4.829656 8.326866
v 36.337051 4.730579 8.503061
v 38.651272 4.574440 8.678545
v 41.022514 4.494725 8.879658
v 43.354565 4.435050 9.114254
v 45.733192 4.292754 9.328474
v 48.230415 4.238360 9.509060
v 50.666992 4.283759 9.659113
v 53.152596 4.288195 9.755280
v 55.700821 4.517738 9.812023
v 58.061401 4.842440 9.806334
v 60.404369 5.051493 9.833960
v 62.716457 5.335513 9.845835
v 64.888245 5.588521 9.865152
v 64.459320 2.222806 8.664396
v 62.188766 -1.525919 6.751991
v -37.956238 -1.732091 4.637941
v -40.156288 2.047621 6.436989
v -40.497551 5.447872 7.601419
v -38.008270 5.581441 7.584297
v -35.594429 5.808066 7.513062
v -33.203655 5.987554 7.434845
v -30.803032 6.186057 7.316446
v -28.436119 6.409813 7.185436
v -26.094826 6.613014 7.003162
v -23.819820 6.792933 6.783491
v -21.588352 6.829691 6.571709
v -19.316954 6.824755 6.411522
v -17.002275 6.718298 6.245979
v -14.498846 6.661622 6.116562
v -12.106646 6.739153 5.966646
v -9.682056 6.709752 5.807707
v -7.210196 6.872753 5.678886
v -4.874086 6.959816 5.542677
v -2.436942 7.035330 5.435598
v -0.117251 7.189202 5.286051
v 2.122435 7.224098 5.127670
v 4.345919 7.210029 4.977003
v 6.542226 7.067898 4.963327
v 8.814088 6.878019 4.974283
v 11.099427 6.710192 4.955082
v 13.381932 6.516081 5.021015
v 15.638780 6.303252 5.082602
v 17.905245 6.043404 5.115910
v 20.213200 5.783494 5.237152
v 22.521366 5.572462 5.409115
v 24.776318 5.322811 5.538374
v 27.122704 5.021011 5.600254
v 29.516184 4.892507 5.684586
v 31.819969 4.860290 5.780954
v 34.060036 4.743412 5.870766
v 36.328613 4.532564 5.987871
v 38.626976 4.355095 6.172602
v 40.950676 4.157455 6.404818
v 43.314251 4.002132 6.643435
v 45.728245 3.854231 6.834375
v 48.231720 3.795762 6.995405
v 50.710262 3.831685 7.134844
v 53.223057 3.919394 7.223877
v 55.737640 4.147246 7.331327
v 58.139080 4.456392 7.434851
v 60.487244 4.759928 7.437670
v 62.759529 5.111321 7.452244
v 64.885185 5.339677 7.480038
v 64.464386 1.968838 6.374949
v 62.200756 -1.766383 4.613802
v -37.942371 -1.982545 2.492910
v -40.160286 1.773233 4.121054
v -40.524334 5.143324 5.150141
v -38.022659 5.272264 5.184551
v -35.594528 5.488638 5.209002
v -33.174992 5.725716 5.153349
v -30.802906 5.975035 5.083666
v -28.422470 6.167317 4.998762
v -26.030613 6.417619 4.831186
v -23.747696 6.656425 4.614056
v -21.520947 6.807407 4.387779
v -19.306084 6.781955 4.121264
v -16.998131 6.635664 3.920893
v -14.522051 6.533907 3.765623
v -12.069622 6.653812 3.602335
v -9.738008 6.689781 3.481722
v -7.266218 6.734293 3.434395
v -4.913578 6.844508 3.357914
v -2.480942 6.891790 3.269461
v -0.119235 7.087631 3.194366
v 2.140829 7.194897 3.070000
v 4.317134 7.259289 2.960459
v 6.448504 7.100279 2.904564
v 8.742065 6.870791 2.897333
v 11.041526 6.714828 2.901257
v 13.316216 6.502928 2.882570
v 15.626411 6.279980 2.843258
v 17.855249 6.051999 2.859015
v 20.133821 5.716681 2.937290
v 22.458927 5.406457 3.002279
v 24.819286 5.106925 3.051563
v 27.202763 4.953963 3.043655
v 29.498308 4.820402 3.113474
v 31.807783 4.653418 3.285833
v 34.133736 4.567834 3.409286
v 36.357765 4.468309 3.488228
v 38.623581 4.192976 3.579363
v 40.927711 3.952187 3.690041
v 43.260391 3.656235 3.913168
v 45.742325 3.463889 4.136095
v 48.243038 3.431115 4.345316
v 50.753143 3.479923 4.533838
v 53.283630 3.598982 4.658081
v 55.763939 3.820155 4.750444
v 58.192665 4.068524 4.842304
v 60.547291 4.425636 4.914652
v 62.770050 4.745872 5.032299
v 64.932922 5.035814 5.111292
v 64.489822 1.686290 4.074436
v 62.224190 -2.020977 2.470850
v -37.919559 -2.232901 0.321676
v -40.155437 1.537011 1.790421
v -40.536160 4.978346 2.733322
v -38.081036 5.042506 2.797602
v -35.624943 5.189239 2.834152
v -33.195221 5.396865 2.842075
v -30.814751 5.621503 2.813038
v -28.416637 5.805830 2.727604
v -25.965080 6.101897 2.604664
v -23.701675 6.437951 2.427853
v -21.448307 6.557388 2.218878
v -19.173977 6.698714 1.948053
v -16.942173 6.659293 1.627167
v -14.513845 6.590163 1.396227
v -12.121531 6.695752 1.302629
v -9.803005 6.684705 1.217567
v -7.354607 6.690643 1.135511
v -4.978706 6.781265 1.078264
v -2.581683 6.831979 1.063482
v -0.185166 6.945727 1.039675
v 2.132805 7.073101 0.921322
v 4.258003 7.172564 0.826893
v 6.375085 6.972338 0.795767
v 8.679317 6.748046 0.718494
v 10.949614 6.537981 0.704203
v 13.304209 6.302269 0.715742
v 15.651191 6.194208 0.645992
v 17.828957 5.981353 0.564671
v 20.115503 5.582086 0.536362
v 22.500935 5.316119 0.514330
v 24.868244 5.091307 0.487637
v 27.240833 4.991063 0.543890
v 29.473316 4.851593 0.639318
v 31.777082 4.606374 0.741095
v 34.104023 4.427139 0.898315
v 36.414772 4.242484 1.041168
v 38.740425 4.102470 1.062868
v 40.980423 3.931794 1.100742
v 43.271194 3.588409 1.151897
v 45.711166 3.323304 1.318377
v 48.181141 3.158563 1.596317
v 50.756413 3.109676 1.865618
v 53.345894 3.281946 2.045988
v 55.823513 3.570318 2.185562
v 58.251831 3.864070 2.289257
v 60.579151 4.258803 2.389091
v 62.741096 4.511426 2.480974
v 64.924286 4.678737 2.614655
v 64.503746 1.391863 1.711620
v 62.251904 -2.288431 0.288185
v -37.905262 -2.481083 -1.880371
v -40.145576 1.281662 -0.546101
v -40.540203 4.701407 0.359865
v -38.115318 4.712506 0.388807
v -35.630283 4.841289 0.413649
v -33.203426 5.095792 0.395882
v -30.837292 5.297361 0.391720
v -28.403797 5.517297 0.363571
v -25.983028 5.812763 0.306675
v -23.652729 6.119359 0.210266
v -21.366566 6.336628 0.011200
v -19.039024 6.525217 -0.273010
v -16.806154 6.698454 -0.581633
v -14.528427 6.728969 -0.805740
v -12.197943 6.734021 -0.945116
v -9.860418 6.721950 -1.035643
v -7.459229 6.722111 -1.092892
v -5.097292 6.768697 -1.101154
v -2.746520 6.702716 -1.113525
v -0.236743 6.720121 -1.126904
v 2.124755 7.025363 -1.234200
v 4.168108 7.105603 -1.312038
v 6.330744 6.842128 -1.419367
v 8.638296 6.670429 -1.477451
v 10.876163 6.435895 -1.539410
v 13.261029 6.121365 -1.600498
v 15.674799 6.004548 -1.650345
v 17.902306 5.884947 -1.755745
v 20.154783 5.568111 -1.887983
v 22.542795 5.309138 -1.929516
v 24.878132 5.132297 -1.924244
v 27.200111 4.943298 -1.848248
v 29.470675 4.744267 -1.784706
v 31.757557 4.486053 -1.698429
v 34.082958 4.220922 -1.598824
v 36.477684 3.990449 -1.539125
v 38.840813 3.886503 -1.501860
v 41.119469 3.771443 -1.479647
v 43.397041 3.625127 -1.471636
v 45.696793 3.379683 -1.383553
v 48.118687 3.077566 -1.196880
v 50.700752 2.899719 -0.941614
v 53.322922 2.993384 -0.644175
v 55.849159 3.246888 -0.416962
v 58.273712 3.582923 -0.249575
v 60.587128 3.930422 -0.058861
v 62.797859 4.246500 0.042284
v 64.910042 4.415732 0.108932
v 64.517319 1.120944 -0.681099
v 62.269310 -2.545787 -1.934330
v -37.900269 -2.717846 -4.129614
v -40.134956 1.026628 -2.943371
v -40.505253 4.417379 -2.138309
v -38.084385 4.487111 -2.112404
v -35.646290 4.668245 -2.099482
v -33.229786 4.881641 -2.012154
v -30.860397 5.101580 -2.009876
v -28.461796 5.257898 -1.995308
v -26.001579 5.490618 -2.001322
v -23.640606 5.797664 -2.096794
v -21.281601 5.998287 -2.251152
v -18.891842 6.388710 -2.487827
v -16.763159 6.666825 -2.697254
v -14.499393 6.719124 -2.890749
v -12.255203 6.787336 -3.059326
v -9.944399 6.703611 -3.157133
v -7.575203 6.679392 -3.243370
v -5.216402 6.634767 -3.301256
v -2.833750 6.586399 -3.371782
v -0.365929 6.592769 -3.433775
v 1.988177 6.767690 -3.337826
v 4.174519 6.859506 -3.406733
v 6.305242 6.751651 -3.579344
v 8.576648 6.468333 -3.697131
v 10.874216 6.244144 -3.815753
v 13.241405 5.975109 -3.904208
v 15.671909 5.832398 -3.977614
v 17.996132 5.737945 -4.097715
v 20.232315 5.564579 -4.266901
v 22.550299 5.289009 -4.340725
v 24.870955 5.087517 -4.361198
v 27.177979 4.818796 -4.353466
v 29.490116 4.624940 -4.317612
v 31.764610 4.343377 -4.301755
v 34.123737 4.053951 -4.276281
v 36.554619 3.835860 -4.237920
v 38.942947 3.805807 -4.205700
v 41.207436 3.708353 -4.150668
v 43.492916 3.581486 -4.079175
v 45.758373 3.372085 -3.999348
v 48.147530 3.129575 -3.906697
v 50.627769 2.914120 -3.720279
v 53.235546 2.831018 -3.443836
v 55.825672 3.014725 -3.148447
v 58.233089 3.341194 -2.884237
v 60.565365 3.567496 -2.649685
v 62.861038 3.897597 -2.519321
v 64.957764 4.090137 -2.433798
v 64.543007 0.850547 -3.124506
v 62.281616 -2.786558 -4.205236
v -37.895561 -2.920933 -6.414442
v -40.132191 0.797565 -5.364197
v -40.511303 4.172300 -4.635725
v -38.070019 4.259185 -4.544523
v -35.682442 4.471283 -4.434189
v -33.278008 4.623813 -4.371720
v -30.876709 4.857580 -4.305100
v -28.489948 5.014063 -4.323338
v -26.020187 5.220637 -4.376107
v -23.616386 5.506365 -4.426809
v -21.211872 5.808363 -4.569121
v -18.889296 6.193668 -4.678343
v -16.722441 6.448460 -4.818709
v -14.490881 6.561733 -5.020709
v -12.270729 6.633857 -5.191093
v -10.002880 6.584458 -5.350275
v -7.645565 6.572531 -5.445312
v -5.323565 6.540529 -5.510519
v -2.899280 6.486581 -5.566476
v -0.523059 6.549203 -5.600791
v 1.803164 6.486053 -5.624831
v 4.134782 6.520126 -5.642624
v 6.325158 6.456053 -5.755620
v 8.632355 6.315267 -5.987129
v 10.860842 6.146233 -6.164515
v 13.225539 5.821479 -6.283344
v 15.673432 5.645344 -6.400218
v 18.070499 5.571612 -6.500541
v 20.326336 5.526030 -6.658624
v 22.565105 5.259430 -6.795872
v 24.913065 5.030073 -6.877998
v 27.179893 4.809269 -6.935127
v 29.497149 4.532224 -6.908325
v 31.833941 4.293641 -6.915817
v 34.190178 4.057794 -6.924449
v 36.602612 3.877665 -6.904762
v 38.980072 3.775139 -6.811747
v 41.297523 3.682187 -6.778069
v 43.564224 3.564979 -6.745771
v 45.841427 3.394751 -6.687794
v 48.165955 3.200385 -6.539430
v 50.616146 2.983578 -6.348392
v 53.160007 2.878562 -6.132428
v 55.718826 2.903708 -5.849319
v 58.158688 3.071009 -5.549913
v 60.565163 3.222992 -5.343692
v 62.914429 3.572034 -5.177284
v 65.038200 3.824761 -5.088805
v 64.584579 0.623937 -5.619925
v 62.301258 -2.987639 -6.516700
v -37.895634 -3.097198 -8.710393
v -40.136173 0.573569 -7.808211
v -40.517735 3.898701 -7.137741
v -38.102112 4.030912 -7.024698
v -35.733921 4.135681 -6.892604
v -33.324654 4.296201 -6.767204
v -30.921364 4.446078 -6.668631
v -28.452549 4.681236 -6.649141
v -26.029934 4.962141 -6.659835
v -23.598091 5.242528 -6.722609
v -21.198383 5.557533 -6.818383
v -18.897711 5.920202 -6.933662
v -16.701267 6.167199 -7.056660
v -14.449270 6.376842 -7.220711
v -12.274527 6.525950 -7.396662
v -10.041578 6.514841 -7.535481
v -7.750479 6.457764 -7.636586
v -5.410231 6.368962 -7.709409
v -3.020984 6.298606 -7.775156
v -0.633870 6.261241 -7.827325
v 1.706042 6.231923 -7.875206
v 4.059155 6.188613 -7.971217
v 6.357712 6.129265 -8.133238
v 8.679203 6.091937 -8.290261
v 10.889249 5.977084 -8.467690
v 13.272462 5.697682 -8.670510
v 15.695777 5.603796 -8.854507
v 18.070559 5.461352 -8.967603
v 20.424465 5.449570 -9.093222
v 22.639648 5.303095 -9.275620
v 24.975334 5.129794 -9.410525
v 27.181831 4.913298 -9.487069
v 29.522154 4.550252 -9.526658
v 31.889061 4.332197 -9.576097
v 34.226685 4.079105 -9.565744
v 36.627594 3.870174 -9.524848
v 39.026680 3.716088 -9.499177
v 41.395805 3.671489 -9.465424
v 43.648735 3.633026 -9.436893
v 45.862484 3.504381 -9.314006
v 48.145042 3.224070 -9.161523
v 50.589191 2.951702 -8.971183
v 53.129955 2.800181 -8.754690
v 55.663792 2.825079 -8.547005
v 58.125031 2.915521 -8.316387
v 60.579231 3.110196 -8.120136
v 62.903011 3.381645 -7.904125
v 65.126923 3.653433 -7.741730
v 64.623871 0.440339 -8.134757
v 62.317249 -3.149263 -8.841534
v -37.904202 -3.268459 -11.029706
v -40.149494 0.361897 -10.285101
v -40.534019 3.626370 -9.689550
v -38.137585 3.731424 -9.503210
v -35.754139 3.846394 -9.363025
v -33.375233 3.992928 -9.267779
v -30.967613 4.103323 -9.136569
v -28.484966 4.321102 -9.026681
v -26.051987 4.563756 -8.975047
v -23.558746 4.871109 -8.988621
v -21.159142 5.301652 -9.095582
v -18.892370 5.686161 -9.195720
v -16.695488 5.940872 -9.335876
v -14.473345 6.148609 -9.428421
v -12.294682 6.310854 -9.511032
v -10.067795 6.324586 -9.653125
v -7.787045 6.304637 -9.837848
v -5.508387 6.186010 -9.959185
v -3.075137 6.066798 -10.058478
v -0.709140 6.077971 -10.207466
v 1.612610 5.935544 -10.306309
v 4.062374 5.909700 -10.403819
v 6.374486 5.953195 -10.572860
v 8.667560 5.884894 -10.731445
v 10.952980 5.767761 -10.899248
v 13.335018 5.599255 -11.128202
v 15.725677 5.537028 -11.280967
v 18.084341 5.438531 -11.440178
v 20.453777 5.411392 -11.539076
v 22.707478 5.337024 -11.653310
v 25.012955 5.169487 -11.781059
v 27.252817 4.976563 -11.928624
v 29.584532 4.646300 -12.085844
v 31.946449 4.449445 -12.173824
v 34.246613 4.159789 -12.212660
v 36.691635 3.954561 -12.236460
v 39.059532 3.833591 -12.209925
v 41.465137 3.789092 -12.160347
v 43.645081 3.799324 -12.052809
v 45.858162 3.535889 -11.913058
v 48.164780 3.286709 -11.819170
v 50.569309 2.950592 -11.665501
v 53.132763 2.801210 -11.515068
v 55.594952 2.784125 -11.258105
v 58.098877 2.809147 -10.966511
v 60.566460 2.993228 -10.746971
v 62.897453 3.211870 -10.563946
v 65.146393 3.455965 -10.368891
v 64.634674 0.276227 -10.662529
v 62.320168 -3.300244 -11.178609
v -37.908924 -3.424920 -13.399208
v -40.164474 0.160974 -12.821600
v -40.574741 3.349227 -12.314018
v -38.185818 3.399463 -12.118799
v -35.773880 3.473031 -11.933979
v -33.411491 3.649039 -11.758408
v -31.036182 3.683219 -11.607519
v -28.525162 3.839366 -11.505890
v -26.078636 4.066203 -11.404933
v -23.540604 4.409406 -11.384603
v -21.163010 4.863005 -11.371704
v -18.837194 5.280981 -11.444016
v -16.669378 5.700717 -11.585541
v -14.549818 5.881598 -11.670942
v -12.357460 5.952041 -11.726313
v -10.062874 5.965417 -11.837734
v -7.765911 6.066459 -12.013687
v -5.542778 5.987706 -12.219419
v -3.109324 5.852734 -12.381662
v -0.703680 5.900877 -12.537049
v 1.584843 5.851715 -12.753819
v 3.996479 5.742898 -12.868313
v 6.401085 5.799316 -12.990000
v 8.667665 5.763260 -13.188166
v 11.033289 5.641739 -13.411714
v 13.382460 5.602334 -13.642984
v 15.728977 5.517012 -13.794350
v 18.080189 5.466054 -13.901132
v 20.409346 5.355171 -13.979770
v 22.753109 5.230047 -14.098581
v 25.076765 5.118993 -14.281263
v 27.350101 4.964869 -14.434031
v 29.709967 4.755505 -14.621037
v 32.021713 4.628415 -14.808985
v 34.296654 4.348872 -14.907650
v 36.696747 4.129550 -14.892501
v 39.082027 3.963881 -14.840856
v 41.451508 3.951620 -14.778410
v 43.596973 3.841729 -14.636766
v 45.895020 3.590106 -14.539351
v 48.194679 3.377167 -14.453432
v 50.616024 3.050306 -14.407003
v 53.114208 2.926992 -14.256323
v 55.517143 2.810173 -14.048381
v 58.025589 2.693724 -13.793144
v 60.589798 2.854161 -13.537613
v 62.903305 3.159808 -13.360489
v 65.101898 3.311589 -13.113539
v 64.630386 0.141764 -13.233623
v 62.321873 -3.433976 -13.560456
v -37.903622 -3.532628 -15.818541
v -40.179379 0.019460 -15.425376
v -40.610348 3.126505 -15.071604
v -38.234692 3.129320 -14.828556
v -35.801609 3.171187 -14.617815
v -33.460739 3.281264 -14.464676
v -31.024693 3.268224 -14.334297
v -28.545872 3.496621 -14.244210
v -26.142769 3.628420 -14.106363
v -23.566319 3.960415 -13.942093
v -21.176323 4.417622 -13.894773
v -18.823997 4.879048 -13.873247
v -16.668932 5.335034 -13.892861
v -14.594702 5.532785 -13.952097
v -12.393795 5.560071 -14.023790
v -10.058245 5.604892 -14.163584
v -7.753748 5.700541 -14.313754
v -5.486767 5.719470 -14.503138
v -3.113779 5.650848 -14.730316
v -0.667130 5.710790 -14.936445
v 1.602897 5.806472 -15.130020
v 3.931704 5.681080 -15.293474
v 6.390149 5.650531 -15.430752
v 8.742420 5.688606 -15.646357
v 11.105587 5.698782 -15.898846
v 13.413776 5.740701 -16.108604
v 15.678305 5.638065 -16.253513
v 18.034769 5.480742 -16.344837
v 20.403511 5.329747 -16.491776
v 22.812479 5.218361 -16.663027
v 25.136639 5.183504 -16.839788
v 27.424730 5.022004 -17.001095
v 29.829779 4.905919 -17.198645
v 32.104958 4.875445 -17.303265
v 34.366402 4.668174 -17.438707
v 36.689217 4.393347 -17.565918
v 39.081200 4.156390 -17.583860
v 41.379532 4.113163 -17.481857
v 43.540657 3.924457 -17.301447
v 45.868980 3.645528 -17.146780
v 48.273083 3.436528 -17.048454
v 50.696518 3.317752 -17.027699
v 53.085331 3.166790 -16.924120
v 55.504894 3.051074 -16.756289
v 57.936974 2.898301 -16.524204
v 60.540089 2.935023 -16.253744
v 62.866203 3.215088 -15.965290
v 65.076355 3.283460 -15.769123
v 64.631065 0.062214 -15.807634
v 62.335228 -3.520564 -15.970093
v -37.891518 -3.573591 -18.251022
v -40.186371 -0.035559 -18.055481
v -40.666721 3.074603 -17.874537
v -38.288074 2.965696 -17.648516
v -35.847347 2.939727 -17.413973
v -33.422924 3.067090 -17.209955
v -31.010582 3.130722 -17.137451
v -28.546509 3.339699 -16.984184
v -26.229042 3.481279 -16.848104
v -23.674355 3.602677 -16.641273
v -21.226173 4.042442 -16.450991
v -18.880711 4.423489 -16.328575
v -16.661301 4.921655 -16.319241
v -14.629339 5.126177 -16.338413
v -12.382113 5.141507 -16.420908
v -10.043333 5.205799 -16.515974
v -7.692986 5.356575 -16.692329
v -5.440580 5.425427 -16.912491
v -3.039078 5.456560 -17.100588
v -0.670707 5.613752 -17.288235
v 1.599181 5.662102 -17.414804
v 3.948304 5.587904 -17.634333
v 6.406895 5.572418 -17.863527
v 8.798672 5.672524 -18.086802
v 11.118180 5.742772 -18.271975
v 13.410524 5.795587 -18.412085
v 15.653395 5.705603 -18.591824
v 18.035469 5.512256 -18.789419
v 20.455309 5.417881 -19.009514
v 22.866707 5.362559 -19.231087
v 25.169416 5.373117 -19.401222
v 27.492327 5.208389 -19.552790
v 29.884809 5.195911 -19.716959
v 32.091057 5.012444 -19.842205
v 34.501301 4.823709 -19.970785
v 36.794174 4.763626 -20.143757
v 39.104881 4.636692 -20.269142
v 41.222435 4.480011 -20.199265
v 43.436356 4.036924 -20.008076
v 45.810680 3.711527 -19.867346
v 48.279324 3.462436 -19.685356
v 50.733040 3.418248 -19.555250
v 53.084068 3.302979 -19.422131
v 55.465263 3.169105 -19.259739
v 57.895069 2.946432 -19.103476
v 60.434654 2.942888 -18.863638
v 62.800133 3.031405 -18.590155
v 65.140938 3.147547 -18.420481
v 64.660789 -0.009883 -18.388388
v 62.358028 -3.567242 -18.388922
v -37.870850 -3.567242 -20.676361
v -40.173595 -0.009883 -20.676893
v -40.653755 3.147547 -20.644800
v -38.312954 3.031405 -20.475126
v -35.947475 2.942888 -20.201643
v -33.407890 2.946431 -19.961805
v -30.978081 3.169105 -19.805542
v -28.596886 3.302979 -19.643150
v -26.245857 3.418248 -19.510033
v -23.792141 3.462436 -19.379925
v -21.323502 3.711527 -19.197935
v -18.949179 4.036923 -19.057205
v -16.735254 4.480011 -18.866016
v -14.617693 4.636692 -18.796139
v -12.306986 4.763626 -18.921524
v -10.014118 4.823709 -19.094494
v -7.603876 5.012445 -19.223078
v -5.397627 5.195911 -19.348322
v -3.005144 5.208389 -19.512491
v -0.682239 5.373117 -19.664057
v 1.620477 5.362559 -19.834194
v 4.031874 5.417881 -20.055767
v 6.451709 5.512255 -20.275862
v 8.833788 5.705603 -20.473457
v 11.076658 5.795587 -20.653196
v 13.369002 5.742772 -20.793306
v 15.688511 5.672524 -20.978479
v 18.080282 5.572418 -21.201754
v 20.538879 5.587904 -21.430948
v 22.888000 5.662102 -21.650476
v 25.157885 5.613752 -21.777046
v 27.526260 5.456560 -21.964693
v 29.927763 5.425427 -22.152790
v 32.180168 5.356575 -22.372952
v 34.530518 5.205800 -22.549307
v 36.869297 5.141507 -22.644373
v 39.116524 5.126177 -22.726868
v 41.148476 4.921655 -22.746040
v 43.367889 4.423490 -22.736706
v 45.713352 4.042442 -22.614290
v 48.161537 3.602677 -22.424007
v 50.716221 3.481279 -22.217178
v 53.033691 3.339699 -22.081097
v 55.497765 3.130722 -21.927830
v 57.910103 3.067091 -21.855326
v 60.334526 2.939727 -21.651310
v 62.775253 2.965696 -21.416765
v 65.153900 3.074603 -21.190744
v 64.673553 -0.035559 -21.009800
v 62.378704 -3.573591 -20.814260
v -37.848045 -3.520564 -23.095190
v -40.143879 0.062214 -23.257647
v -40.589169 3.283460 -23.296158
v -38.379025 3.215088 -23.099991
v -36.052910 2.935022 -22.811537
v -33.449795 2.898300 -22.541079
v -31.017712 3.051074 -22.308992
v -28.598148 3.166790 -22.141161
v -26.209335 3.317751 -22.037582
v -23.785900 3.436528 -22.016827
v -21.381798 3.645528 -21.918501
v -19.053480 3.924456 -21.763834
v -16.892351 4.113163 -21.583424
v -14.594015 4.156390 -21.481421
v -12.202028 4.393347 -21.499363
v -9.879221 4.668174 -21.626574
v -7.617773 4.875445 -21.762016
v -5.342596 4.905919 -21.866636
v -2.937548 5.022004 -22.064186
v -0.649461 5.183503 -22.225492
v 1.674704 5.218361 -22.402254
v 4.083671 5.329747 -22.573505
v 6.452410 5.480742 -22.720444
v 8.808878 5.638065 -22.811768
v 11.073406 5.740701 -22.956676
v 13.381596 5.698782 -23.166435
v 15.744762 5.688606 -23.418924
v 18.097029 5.650531 -23.634529
v 20.555479 5.681080 -23.771807
v 22.884285 5.806472 -23.935261
v 25.154308 5.710791 -24.128836
v 27.600962 5.650848 -24.334965
v 29.973949 5.719470 -24.562143
v 32.240929 5.700541 -24.751526
v 34.545425 5.604892 -24.901697
v 36.880981 5.560071 -25.041491
v 39.081886 5.532785 -25.113184
v 41.156113 5.335034 -25.172421
v 43.311176 4.879048 -25.192034
v 45.663506 4.417622 -25.170507
v 48.053501 3.960415 -25.123188
v 50.629951 3.628421 -24.958918
v 53.033054 3.496621 -24.821072
v 55.511875 3.268224 -24.730984
v 57.947914 3.281264 -24.600605
v 60.288788 3.171187 -24.447466
v 62.721870 3.129320 -24.236725
v 65.097534 3.126505 -23.993677
v 64.666565 0.019460 -23.639904
v 62.390800 -3.532628 -23.246742
v -37.834686 -3.433976 -25.504824
v -40.143204 0.141764 -25.831656
v -40.614716 3.311589 -25.951736
v -38.416126 3.159808 -25.704786
v -36.102619 2.854161 -25.527662
v -33.538410 2.693724 -25.272131
v -31.029961 2.810174 -25.016895
v -28.627026 2.926992 -24.808952
v -26.128845 3.050306 -24.658272
v -23.707497 3.377167 -24.611843
v -21.407841 3.590106 -24.525925
v -19.109795 3.841729 -24.428509
v -16.964329 3.951621 -24.286865
v -14.594841 3.963882 -24.224421
v -12.209562 4.129551 -24.172775
v -9.809471 4.348873 -24.157625
v -7.534533 4.628416 -24.256290
v -5.222784 4.755506 -24.444239
v -2.862918 4.964869 -24.631245
v -0.589587 5.118993 -24.784012
v 1.734073 5.230047 -24.966696
v 4.077837 5.355171 -25.085506
v 6.406990 5.466054 -25.164145
v 8.758205 5.517012 -25.270927
v 11.104723 5.602334 -25.422293
v 13.453894 5.641738 -25.653563
v 15.819517 5.763259 -25.877110
v 18.086092 5.799315 -26.075275
v 20.490704 5.742898 -26.196964
v 22.902340 5.851715 -26.311457
v 25.190857 5.900877 -26.528227
v 27.596508 5.852733 -26.683613
v 30.029961 5.987705 -26.845858
v 32.253094 6.066458 -27.051590
v 34.550056 5.965416 -27.227543
v 36.844643 5.952040 -27.338964
v 39.037003 5.881597 -27.394335
v 41.156555 5.700716 -27.479736
v 43.324371 5.280980 -27.621262
v 45.650188 4.863003 -27.693573
v 48.027786 4.409404 -27.680672
v 50.565819 4.066202 -27.660343
v 53.012344 3.839365 -27.559385
v 55.523365 3.683218 -27.457756
v 57.898670 3.649037 -27.306870
v 60.261059 3.473030 -27.131298
v 62.672997 3.399462 -26.946476
v 65.061920 3.349226 -26.751257
v 64.651657 0.160974 -26.243679
v 62.396107 -3.424920 -25.666073
v -37.832985 -3.300244 -27.886673
v -40.147491 0.276227 -28.402752
v -40.659210 3.455965 -28.696388
v -38.410275 3.211870 -28.501335
v -36.079281 2.993228 -28.318310
v -33.611698 2.809147 -28.098770
v -31.107769 2.784125 -27.807175
v -28.645584 2.801210 -27.550213
v -26.082127 2.950592 -27.399780
v -23.677597 3.286709 -27.246111
v -21.370983 3.535890 -27.152222
v -19.157904 3.799323 -27.012472
v -16.977959 3.789093 -26.904934
v -14.572346 3.833591 -26.855356
v -12.204449 3.954561 -26.828819
v -9.759428 4.159789 -26.852621
v -7.459267 4.449445 -26.891457
v -5.097349 4.646301 -26.979437
v -2.765635 4.976563 -27.136658
v -0.525777 5.169486 -27.284222
v 1.779704 5.337024 -27.411970
v 4.033406 5.411391 -27.526205
v 6.402838 5.438531 -27.625103
v 8.761505 5.537028 -27.784313
v 11.152164 5.599255 -27.937078
v 13.534202 5.767760 -28.166031
v 15.819623 5.884894 -28.333836
v 18.112692 5.953194 -28.492420
v 20.424809 5.909700 -28.661461
v 22.874573 5.935544 -28.758972
v 25.196318 6.077971 -28.857815
v 27.562321 6.066798 -29.006802
v 29.995569 6.186010 -29.106096
v 32.274227 6.304636 -29.227432
v 34.554977 6.324586 -29.412155
v 36.781868 6.310853 -29.554249
v 38.960533 6.148609 -29.636860
v 41.182667 5.940872 -29.729404
v 43.379547 5.686160 -29.869560
v 45.646324 5.301651 -29.969700
v 48.045929 4.871108 -30.076660
v 50.539169 4.563756 -30.090233
v 52.972149 4.321101 -30.038601
v 55.454796 4.103323 -29.928711
v 57.862411 3.992928 -29.797501
v 60.241318 3.846394 -29.702255
v 62.624763 3.731423 -29.562071
v 65.021202 3.626370 -29.375731
v 64.636673 0.361897 -28.780180
v 62.391380 -3.268459 -28.035576
v -37.830067 -3.149264 -30.223749
v -40.136688 0.440338 -30.930523
v -40.639744 3.653433 -31.323551
v -38.415833 3.381645 -31.161156
v -36.092056 3.110197 -30.945145
v -33.637856 2.915522 -30.748896
v -31.176609 2.825079 -30.518276
v -28.642773 2.800181 -30.310591
v -26.102009 2.951701 -30.094097
v -23.657860 3.224070 -29.903759
v -21.375301 3.504381 -29.751274
v -19.161556 3.633026 -29.628387
v -16.908627 3.671489 -29.599857
v -14.539494 3.716088 -29.566105
v -12.140408 3.870174 -29.540432
v -9.739502 4.079105 -29.499537
v -7.401878 4.332198 -29.489183
v -5.034971 4.550252 -29.538624
v -2.694649 4.913298 -29.578213
v -0.488156 5.129794 -29.654755
v 1.847534 5.303095 -29.789661
v 4.062718 5.449570 -29.972059
v 6.416619 5.461351 -30.097679
v 8.791406 5.603796 -30.210773
v 11.214721 5.697682 -30.394772
v 13.597934 5.977084 -30.597591
v 15.807980 6.091937 -30.775021
v 18.129467 6.129265 -30.932043
v 20.428028 6.188613 -31.094063
v 22.781139 6.231923 -31.190075
v 25.121048 6.261241 -31.237957
v 27.508167 6.298606 -31.290125
v 29.897413 6.368962 -31.355873
v 32.237663 6.457764 -31.428696
v 34.528763 6.514841 -31.529799
v 36.761711 6.525950 -31.668619
v 38.936455 6.376842 -31.844570
v 41.188446 6.167199 -32.008621
v 43.384888 5.920203 -32.131618
v 45.685566 5.557533 -32.246899
v 48.085274 5.242528 -32.342674
v 50.517117 4.962142 -32.405445
v 52.939732 4.681236 -32.416138
v 55.408546 4.446078 -32.396652
v 57.811832 4.296202 -32.298077
v 60.221100 4.135681 -32.172676
v 62.589291 4.030912 -32.040581
v 65.004913 3.898701 -31.927540
v 64.623352 0.573568 -31.257069
v 62.382816 -3.097198 -30.354889
v -37.814075 -2.987640 -32.548580
v -40.097393 0.623937 -33.445354
v -40.551018 3.824761 -33.976471
v -38.427250 3.572034 -33.887993
v -36.077984 3.222992 -33.721584
v -33.671509 3.071009 -33.515362
v -31.231644 2.903708 -33.215958
v -28.672829 2.878561 -32.932846
v -26.128967 2.983577 -32.716885
v -23.678772 3.200385 -32.525848
v -21.354248 3.394752 -32.377480
v -19.077044 3.564979 -32.319504
v -16.810347 3.682187 -32.287209
v -14.492886 3.775139 -32.253529
v -12.115425 3.877665 -32.160515
v -9.702997 4.057794 -32.140827
v -7.346758 4.293641 -32.149460
v -5.009966 4.532224 -32.156952
v -2.692711 4.809269 -32.130150
v -0.425886 5.030073 -32.187279
v 1.922075 5.259430 -32.269405
v 4.160848 5.526030 -32.406654
v 6.416678 5.571612 -32.564735
v 8.813750 5.645344 -32.665058
v 11.261643 5.821479 -32.781929
v 13.626341 6.146233 -32.900761
v 15.854828 6.315267 -33.078148
v 18.162022 6.456052 -33.309658
v 20.352402 6.520126 -33.422653
v 22.684019 6.486053 -33.440445
v 25.010239 6.549202 -33.464485
v 27.386463 6.486580 -33.498802
v 29.810747 6.540528 -33.554756
v 32.132748 6.572531 -33.619965
v 34.490063 6.584458 -33.715004
v 36.757912 6.633857 -33.874184
v 38.978069 6.561733 -34.044567
v 41.209618 6.448460 -34.246567
v 43.376472 6.193668 -34.386932
v 45.699051 5.808363 -34.496155
v 48.103569 5.506364 -34.638466
v 50.507370 5.220637 -34.689167
v 52.977131 5.014063 -34.741940
v 55.363892 4.857579 -34.760174
v 57.765186 4.623814 -34.693558
v 60.169617 4.471283 -34.631088
v 62.557198 4.259184 -34.520752
v 64.998489 4.172300 -34.429550
v 64.619377 0.797565 -33.701080
v 62.382740 -2.920934 -32.650841
v -37.794434 -2.786558 -34.860046
v -40.055824 0.850547 -35.940777
v -40.470581 4.090137 -36.631485
v -38.373859 3.897597 -36.545959
v -36.078186 3.567496 -36.415596
v -33.745914 3.341195 -36.181046
v -31.338490 3.014725 -35.916832
v -28.748363 2.831018 -35.621445
v -26.140587 2.914119 -35.345005
v -23.660347 3.129575 -35.158585
v -21.271194 3.372085 -35.065933
v -19.005737 3.581486 -34.986107
v -16.720257 3.708353 -34.914612
v -14.455761 3.805807 -34.859581
v -12.067436 3.835860 -34.827362
v -9.636557 4.053951 -34.789001
v -7.277428 4.343377 -34.763527
v -5.002934 4.624940 -34.747669
v -2.690795 4.818796 -34.711815
v -0.383777 5.087516 -34.704082
v 1.936884 5.289009 -34.724556
v 4.254867 5.564579 -34.798378
v 6.491047 5.737945 -34.967564
v 8.815273 5.832398 -35.087666
v 11.245778 5.975109 -35.161072
v 13.612967 6.244144 -35.249527
v 15.910535 6.468333 -35.368149
v 18.181936 6.751650 -35.485939
v 20.312664 6.859506 -35.658546
v 22.499004 6.767690 -35.727455
v 24.853107 6.592770 -35.631508
v 27.320932 6.586399 -35.693497
v 29.703585 6.634767 -35.764023
v 32.062386 6.679392 -35.821911
v 34.431580 6.703611 -35.908150
v 36.742386 6.787336 -36.005955
v 38.986580 6.719124 -36.174530
v 41.250336 6.666825 -36.368027
v 43.379021 6.388710 -36.577454
v 45.768784 5.998287 -36.814129
v 48.127789 5.797664 -36.968487
v 50.488762 5.490619 -37.063957
v 52.948978 5.257898 -37.069973
v 55.347580 5.101580 -37.055405
v 57.716961 4.881642 -37.053127
v 60.133469 4.668246 -36.965797
v 62.571564 4.487111 -36.952877
v 64.992432 4.417379 -36.926971
v 64.622147 1.026628 -36.121910
v 62.387451 -2.717847 -34.935669
v -37.782127 -2.545787 -37.130951
v -40.030125 1.120944 -38.384182
v -40.422859 4.415732 -39.174213
v -38.310684 4.246500 -39.107567
v -36.099949 3.930423 -39.006420
v -33.786537 3.582924 -38.815704
v -31.361977 3.246888 -38.648319
v -28.835739 2.993384 -38.421104
v -26.213570 2.899719 -38.123669
v -23.631504 3.077566 -37.868401
v -21.209610 3.379683 -37.681728
v -18.909863 3.625127 -37.593643
v -16.632290 3.771443 -37.585632
v -14.353628 3.886503 -37.563423
v -11.990498 3.990449 -37.526154
v -9.595776 4.220922 -37.466457
v -7.270374 4.486053 -37.366852
v -4.983492 4.744267 -37.280575
v -2.712929 4.943298 -37.217033
v -0.390955 5.132297 -37.141037
v 1.944387 5.309138 -37.135765
v 4.332399 5.568110 -37.177299
v 6.584874 5.884946 -37.309536
v 8.812384 6.004548 -37.414936
v 11.226153 6.121365 -37.464783
v 13.611019 6.435895 -37.525871
v 15.848886 6.670429 -37.587830
v 18.156435 6.842128 -37.645912
v 20.319077 7.105603 -37.753242
v 22.362427 7.025363 -37.831081
v 24.723921 6.720121 -37.938377
v 27.233704 6.702716 -37.951756
v 29.584475 6.768697 -37.964127
v 31.946411 6.722111 -37.972389
v 34.347603 6.721950 -38.029640
v 36.685127 6.734021 -38.120163
v 39.015614 6.728969 -38.259541
v 41.293335 6.698454 -38.483650
v 43.526203 6.525217 -38.792271
v 45.853745 6.336628 -39.076481
v 48.139912 6.119359 -39.275547
v 50.470211 5.812764 -39.371956
v 52.890980 5.517297 -39.428852
v 55.324474 5.297361 -39.457001
v 57.690601 5.095793 -39.461163
v 60.117462 4.841290 -39.478928
v 62.602497 4.712506 -39.454086
v 65.027390 4.701407 -39.425148
v 64.632759 1.281662 -38.519180
v 62.392445 -2.481083 -37.184914
v -37.764721 -2.288431 -39.353470
v -40.016563 1.391863 -40.776901
v -40.437107 4.678738 -41.679935
v -38.253918 4.511426 -41.546257
v -36.091972 4.258805 -41.454372
v -33.764652 3.864072 -41.354538
v -31.336330 3.570319 -41.250843
v -28.858711 3.281947 -41.111271
v -26.269230 3.109676 -40.930901
v -23.693958 3.158563 -40.661598
v -21.223984 3.323304 -40.383659
v -18.784019 3.588408 -40.217178
v -16.493242 3.931794 -40.166023
v -14.253241 4.102471 -40.128151
v -11.927588 4.242485 -40.106449
v -9.616840 4.427139 -39.963596
v -7.289900 4.606374 -39.806374
v -4.986134 4.851593 -39.704597
v -2.753651 4.991063 -39.609169
v -0.381067 5.091306 -39.552917
v 1.986249 5.316119 -39.579613
v 4.371679 5.582086 -39.601646
v 6.658223 5.981352 -39.629951
v 8.835992 6.194209 -39.711273
v 11.182974 6.302269 -39.781021
v 13.537569 6.537982 -39.769485
v 15.807866 6.748047 -39.783775
v 18.112093 6.972338 -39.861046
v 20.229179 7.172564 -39.892174
v 22.354378 7.073101 -39.986603
v 24.672344 6.945727 -40.104958
v 27.068867 6.831980 -40.128761
v 29.465887 6.781265 -40.143543
v 31.841789 6.690643 -40.200790
v 34.290188 6.684705 -40.282848
v 36.608715 6.695752 -40.367908
v 39.001030 6.590162 -40.461510
v 41.429352 6.659293 -40.692448
v 43.661156 6.698714 -41.013332
v 45.935490 6.557388 -41.284157
v 48.188858 6.437951 -41.493134
v 50.452263 6.101899 -41.669945
v 52.903820 5.805831 -41.792885
v 55.301933 5.621504 -41.878319
v 57.682400 5.396866 -41.907356
v 60.112122 5.189240 -41.899433
v 62.568214 5.042506 -41.862885
v 65.023346 4.978346 -41.798603
v 64.642616 1.537011 -40.855705
v 62.406738 -2.232901 -39.386959
v -37.737011 -2.020977 -41.536133
v -40.002640 1.686290 -43.139717
v -40.445736 5.035814 -44.176575
v -38.282871 4.745872 -44.097580
v -36.060112 4.425637 -43.979935
v -33.705486 4.068524 -43.907585
v -31.276756 3.820155 -43.815727
v -28.796448 3.598981 -43.723362
v -26.265961 3.479922 -43.599121
v -23.755856 3.431114 -43.410599
v -21.255146 3.463889 -43.201378
v -18.773212 3.656235 -42.978447
v -16.440536 3.952187 -42.755322
v -14.136391 4.192976 -42.644646
v -11.870579 4.468308 -42.553509
v -9.646555 4.567833 -42.474567
v -7.320601 4.653418 -42.351112
v -5.011126 4.820402 -42.178757
v -2.715580 4.953963 -42.108936
v -0.332107 5.106925 -42.116844
v 2.028255 5.406457 -42.067558
v 4.353362 5.716680 -42.002571
v 6.631929 6.051998 -41.924294
v 8.860771 6.279980 -41.908539
v 11.170967 6.502928 -41.947853
v 13.445657 6.714828 -41.966537
v 15.745117 6.870791 -41.962616
v 18.038675 7.100278 -41.969845
v 20.170048 7.259288 -42.025742
v 22.346354 7.194897 -42.135281
v 24.606413 7.087631 -42.259647
v 26.968124 6.891790 -42.334740
v 29.400761 6.844508 -42.423195
v 31.753401 6.734292 -42.499676
v 34.225189 6.689781 -42.547005
v 36.556805 6.653812 -42.667618
v 39.009239 6.533907 -42.830902
v 41.485310 6.635664 -42.986176
v 43.793262 6.781955 -43.186539
v 46.008129 6.807407 -43.453060
v 48.234879 6.656425 -43.679337
v 50.517796 6.417619 -43.896465
v 52.909653 6.167317 -44.064041
v 55.290089 5.975035 -44.148949
v 57.662167 5.725717 -44.218628
v 60.081707 5.488639 -44.274284
v 62.509838 5.272264 -44.249832
v 65.011520 5.143324 -44.215420
v 64.647461 1.773233 -43.186337
v 62.429546 -1.982545 -41.558197
v -37.713585 -1.766383 -43.679085
v -39.977207 1.968839 -45.440231
v -40.398003 5.339677 -46.545319
v -38.272350 5.111320 -46.517525
v -36.000065 4.759928 -46.502953
v -33.651901 4.456392 -46.500134
v -31.250458 4.147246 -46.396610
v -28.735874 3.919394 -46.289162
v -26.223080 3.831684 -46.200127
v -23.744537 3.795761 -46.060692
v -21.241066 3.854231 -45.899658
v -18.827072 4.002132 -45.708717
v -16.463497 4.157455 -45.470100
v -14.139790 4.355095 -45.237885
v -11.841431 4.532563 -45.053154
v -9.572853 4.743412 -44.936050
v -7.332787 4.860290 -44.846237
v -5.029001 4.892507 -44.749870
v -2.635521 5.021011 -44.665535
v -0.289141 5.322811 -44.603657
v 1.965816 5.572462 -44.474396
v 4.273983 5.783494 -44.302437
v 6.581933 6.043403 -44.181190
v 8.848403 6.303252 -44.147884
v 11.105250 6.516081 -44.086296
v 13.387755 6.710192 -44.020363
v 15.673095 6.878019 -44.039566
v 17.944952 7.067898 -44.028610
v 20.141264 7.210029 -44.042286
v 22.364748 7.224098 -44.192955
v 24.604429 7.189202 -44.351334
v 26.924126 7.035330 -44.500881
v 29.361269 6.959816 -44.607960
v 31.697378 6.872752 -44.744171
v 34.169239 6.709752 -44.872990
v 36.593830 6.739153 -45.031929
v 38.986031 6.661622 -45.181847
v 41.489456 6.718298 -45.311264
v 43.804131 6.824755 -45.476807
v 46.075531 6.829691 -45.636993
v 48.307003 6.792933 -45.848774
v 50.582008 6.613015 -46.068443
v 52.923302 6.409813 -46.250717
v 55.290215 6.186057 -46.381729
v 57.690834 5.987555 -46.500130
v 60.081608 5.808067 -46.578346
v 62.495449 5.581441 -46.649582
v 64.984734 5.447872 -46.666702
v 64.643471 2.047620 -45.502274
v 62.443420 -1.732091 -43.703228
v -37.701584 -1.525919 -45.817276
v -39.972149 2.222807 -47.729683
v -40.401058 5.588521 -48.930435
v -38.229279 5.335513 -48.911118
v -35.917191 5.051494 -48.899246
v -33.574223 4.842442 -48.871620
v -31.213638 4.517738 -48.877308
v -28.665413 4.288196 -48.820564
v -26.179810 4.283759 -48.724400
v -23.743233 4.238360 -48.574345
v -21.246010 4.292754 -48.393761
v -18.867388 4.435050 -48.179539
v -16.535336 4.494725 -47.944942
v -14.164085 4.574440 -47.743828
v -11.849867 4.730579 -47.568344
v -9.573837 4.829656 -47.392151
v -7.255896 4.938717 -47.286621
v -4.951605 5.087344 -47.264580
v -2.617788 5.246248 -47.188339
v -0.328341 5.493831 -47.026146
v 1.880556 5.656629 -46.833595
v 4.186452 5.790847 -46.670238
v 6.511302 5.998425 -46.501556
v 8.814448 6.278828 -46.369064
v 10.999886 6.456830 -46.292545
v 13.337082 6.536525 -46.224304
v 15.630651 6.807182 -46.211395
v 17.817707 6.926845 -46.152016
v 20.117262 6.984483 -46.147339
v 22.417341 7.123965 -46.240978
v 24.614656 7.181314 -46.405914
v 26.920858 7.042888 -46.525787
v 29.353439 7.005014 -46.695930
v 31.724113 6.929892 -46.874786
v 34.201973 6.882328 -47.117142
v 36.590675 6.899132 -47.307144
v 38.971237 6.828355 -47.478683
v 41.451397 6.810917 -47.587662
v 43.858742 6.954306 -47.752968
v 46.078964 6.999146 -47.983063
v 48.348495 6.878176 -48.149017
v 50.643745 6.750629 -48.356815
v 52.962875 6.565222 -48.543427
v 55.316021 6.366529 -48.713043
v 57.696400 6.155983 -48.820312
v 60.110481 5.967399 -48.924412
v 62.540031 5.836609 -49.030083
v 64.937836 5.751688 -49.058941
v 64.621895 2.332175 -47.798851
v 62.443939 -1.480928 -45.843575
v -37.707935 -1.253366 -47.937309
v -39.980801 2.484498 -50.002960
v -40.432262 5.791893 -51.306885
v -38.146503 5.642813 -51.296204
v -35.918068 5.358081 -51.272320
v -33.466999 5.067269 -51.262451
v -31.089905 4.926008 -51.316383
v -28.641159 4.725199 -51.280914
v -26.183029 4.678302 -51.135201
v -23.768501 4.623803 -50.952904
v -21.297558 4.658821 -50.727364
v -18.929916 4.718901 -50.506870
v -16.549774 4.714241 -50.338570
v -14.178854 4.789392 -50.187958
v -11.862410 4.863211 -50.010895
v -9.535555 4.966614 -49.885925
v -7.190121 5.107034 -49.787315
v -4.885086 5.332033 -49.674183
v -2.628091 5.484477 -49.560448
v -0.379691 5.660291 -49.421204
v 1.808026 5.746224 -49.270042
v 4.090803 5.852426 -49.064217
v 6.377266 5.960976 -48.813271
v 8.753282 6.167023 -48.634354
v 10.962965 6.363452 -48.552917
v 13.301634 6.478461 -48.528786
v 15.518747 6.702819 -48.424400
v 17.747141 6.721606 -48.351120
v 20.073120 6.778651 -48.359447
v 22.425579 6.863566 -48.395706
v 24.652891 6.995963 -48.503151
v 26.938345 6.859979 -48.690948
v 29.397839 6.862013 -48.851151
v 31.793238 6.884005 -49.061462
v 34.268993 6.964962 -49.270172
v 36.633110 7.089661 -49.489342
v 38.965881 7.071606 -49.702507
v 41.405937 6.979435 -49.876202
v 43.866943 7.075345 -50.021133
v 46.103882 7.155396 -50.164570
v 48.402901 7.066732 -50.389534
v 50.719528 6.988081 -50.659332
v 53.022064 6.824647 -50.921860
v 55.370567 6.668615 -51.127205
v 57.718811 6.475776 -51.311562
v 60.158588 6.312507 -51.435364
v 62.542366 6.268816 -51.517342
v 64.876137 6.149853 -51.494129
v 64.582054 2.664255 -50.073940
v 62.424068 -1.186114 -47.961132
v -37.733429 -0.966750 -49.995495
v -39.988289 2.779196 -52.245514
v -40.412712 6.122323 -53.718048
v -38.184406 5.869102 -53.646217
v -35.830303 5.546593 -53.626274
v -33.367256 5.376263 -53.686966
v -30.986916 5.308362 -53.663315
v -28.617691 5.193347 -53.632645
v -26.224380 5.091896 -53.497650
v -23.850410 4.961841 -53.311874
v -21.402657 4.840951 -53.051086
v -18.943815 4.840010 -52.823616
v -16.505066 4.889270 -52.709579
v -14.143209 5.016956 -52.638466
v -11.866398 5.079166 -52.510368
v -9.512030 5.147526 -52.339066
v -7.184031 5.297262 -52.176651
v -4.866922 5.455338 -52.024086
v -2.587843 5.662223 -51.947006
v -0.401400 5.835414 -51.845825
v 1.762560 5.933498 -51.675758
v 3.939110 5.961154 -51.458717
v 6.230579 5.880697 -51.206718
v 8.656260 6.000830 -50.956512
v 10.961678 6.222361 -50.804356
v 13.253496 6.439419 -50.718552
v 15.425808 6.561898 -50.646049
v 17.699932 6.509971 -50.604691
v 20.078449 6.546790 -50.623451
v 22.430058 6.654391 -50.712250
v 24.717915 6.759919 -50.807533
v 27.045181 6.804819 -50.998779
v 29.422792 6.848890 -51.182526
v 31.851141 6.918131 -51.318405
v 34.262955 7.046365 -51.459351
v 36.660576 7.137092 -51.578262
v 39.014080 7.206721 -51.797676
v 41.430664 7.176688 -52.036003
v 43.852581 7.272474 -52.257385
v 46.105988 7.265462 -52.465752
v 48.470676 7.169738 -52.684486
v 50.842369 7.207750 -52.929100
v 53.111904 7.215904 -53.191956
v 55.414268 7.089724 -53.393425
v 57.777969 6.970763 -53.568153
v 60.154842 6.863304 -53.713707
v 62.482090 6.799936 -53.742523
v 64.765457 6.576618 -53.711685
v 64.515488 3.000694 -52.256264
v 62.376247 -0.884702 -50.001808
v -37.766819 -0.718848 -52.014511
v -39.992348 3.070121 -54.429070
v -40.368694 6.487713 -55.976784
v -38.203663 6.144401 -56.011070
v -35.723854 5.849772 -56.057953
v -33.328262 5.763335 -56.065361
v -30.963528 5.638682 -56.000778
v -28.624908 5.546894 -55.888794
v -26.257885 5.385316 -55.763168
v -23.886211 5.283413 -55.637169
v -21.505238 5.079263 -55.472466
v -18.965263 4.940889 -55.275894
v -16.434668 5.042577 -55.147987
v -14.094593 5.287184 -55.016388
v -11.858599 5.348432 -54.894699
v -9.517807 5.397417 -54.766106
v -7.210140 5.476600 -54.597672
v -4.860855 5.597738 -54.429665
v -2.558393 5.833433 -54.249321
v -0.385241 6.096230 -54.140068
v 1.660304 6.134208 -53.989250
v 3.866045 6.044511 -53.771416
v 6.116523 5.967507 -53.621124
v 8.514641 5.908216 -53.388565
v 10.879091 6.029710 -53.167679
v 13.189896 6.155703 -52.993416
v 15.423796 6.284225 -52.909210
v 17.724144 6.255754 -52.936874
v 20.140516 6.356386 -53.007759
v 22.464016 6.533201 -53.056946
v 24.772511 6.636728 -53.133720
v 27.134892 6.755546 -53.258255
v 29.456827 6.897195 -53.384224
v 31.832165 6.977507 -53.470024
v 34.237999 7.068772 -53.549942
v 36.682442 7.142859 -53.727859
v 39.078743 7.268149 -53.939796
v 41.496017 7.311134 -54.193710
v 43.897507 7.473415 -54.434875
v 46.175297 7.530734 -54.674515
v 48.539074 7.540876 -54.954956
v 50.873844 7.554673 -55.183739
v 53.154854 7.540206 -55.368568
v 55.447437 7.422997 -55.566887
v 57.805794 7.343991 -55.751915
v 60.115601 7.254037 -55.841118
v 62.401291 7.136841 -55.899025
v 64.681145 6.838468 -55.915970
v 64.448380 3.281429 -54.404266
v 62.318970 -0.633577 -52.006317
v -37.799030 -0.487377 -54.029015
v -39.996613 3.330027 -56.599327
v -40.344650 6.738228 -58.266411
v -38.125908 6.448602 -58.357475
v -35.690258 6.204678 -58.383377
v -33.290180 6.131186 -58.374908
v -31.008625 5.980072 -58.332405
v -28.641731 5.777587 -58.225822
v -26.291504 5.659112 -58.116501
v -23.929520 5.512833 -57.912666
v -21.524796 5.328801 -57.758591
v -18.937231 5.205602 -57.665604
v -16.437485 5.359004 -57.568718
v -14.119671 5.470695 -57.374977
v -11.823324 5.581584 -57.215530
v -9.535440 5.632213 -57.047325
v -7.196161 5.706578 -56.917618
v -4.908981 5.807615 -56.774384
v -2.604812 5.921130 -56.580116
v -0.397204 6.156210 -56.370636
v 1.630331 6.208967 -56.224251
v 3.817620 6.066997 -56.113304
v 6.064351 6.012055 -55.915306
v 8.403500 5.892387 -55.730713
v 10.819269 5.920230 -55.569817
v 13.127445 5.989384 -55.462006
v 15.448664 6.025893 -55.363159
v 17.824570 6.112400 -55.392517
v 20.171946 6.267442 -55.409676
v 22.495518 6.392894 -55.418877
v 24.847099 6.551139 -55.492271
v 27.189327 6.750767 -55.594765
v 29.434021 6.907474 -55.652367
v 31.763235 6.880342 -55.644646
v 34.245361 6.945632 -55.718369
v 36.710716 7.099787 -55.823074
v 39.166786 7.289302 -56.017258
v 41.581867 7.472839 -56.303787
v 43.928719 7.671244 -56.532074
v 46.221989 7.747045 -56.747940
v 48.599491 7.794037 -56.976814
v 50.930225 7.874588 -57.243210
v 53.190376 7.877637 -57.523315
v 55.480099 7.784939 -57.743141
v 57.789619 7.731905 -57.889854
v 60.066509 7.582080 -58.025246
v 62.352974 7.445230 -58.102913
v 64.629517 7.150403 -58.176353
v 64.396576 3.567843 -56.553139
v 62.266277 -0.392691 -54.011612
v -37.830856 -0.236439 -56.008392
v -40.000568 3.609655 -58.723351
v -40.286091 7.044299 -60.508949
v -38.041630 6.907992 -60.641335
v -35.705734 6.638612 -60.697357
v -33.279346 6.498304 -60.664551
v -30.996151 6.361063 -60.664680
v -28.667675 6.160092 -60.633293
v -26.383034 5.964033 -60.458832
v -24.010586 5.669052 -60.281509
v -21.524132 5.447067 -60.120872
v -18.905657 5.408766 -59.977966
v -16.431953 5.641404 -59.818764
v -14.153202 5.736126 -59.694527
v -11.856960 5.746222 -59.531303
v -9.545935 5.729122 -59.378296
v -7.178144 5.836853 -59.211563
v -4.933271 5.977685 -59.046028
v -2.666161 6.059252 -58.845322
v -0.454108 6.171754 -58.658554
v 1.686050 6.212253 -58.560905
v 3.784978 6.179516 -58.448936
v 5.981557 5.955811 -58.259460
v 8.374389 5.784288 -58.110527
v 10.806987 5.794279 -57.982498
v 13.127995 5.888836 -57.877090
v 15.480266 5.880789 -57.811523
v 17.922615 6.031783 -57.808212
v 20.224262 6.214388 -57.867882
v 22.533134 6.365829 -57.891518
v 24.863436 6.522034 -57.842186
v 27.221233 6.780793 -57.826836
v 29.396450 6.936171 -57.853157
v 31.743305 6.859679 -57.932281
v 34.206219 6.918843 -57.970284
v 36.696247 6.990821 -58.032127
v 39.244709 7.215250 -58.161903
v 41.673546 7.582792 -58.361641
v 43.930286 7.822935 -58.563744
v 46.268181 7.883182 -58.758705
v 48.653515 8.005729 -59.030205
v 51.000996 8.112483 -59.288132
v 53.270744 8.230838 -59.562851
v 55.479687 8.173646 -59.818581
v 57.780540 8.041163 -60.020111
v 60.068031 7.954618 -60.209312
v 62.288292 7.793520 -60.329865
v 64.622406 7.520919 -60.413368
v 64.352654 3.890610 -58.661247
v 62.218006 -0.121977 -55.982697
v -37.865982 0.032647 -57.922890
v -40.016891 3.883661 -60.775581
v -40.280586 7.342854 -62.665939
v -37.978329 7.282304 -62.726707
v -35.694725 7.058140 -62.805962
v -33.276299 6.865419 -62.863327
v -30.943470 6.782484 -62.886391
v -28.700672 6.647469 -62.865959
v -26.449566 6.330155 -62.806648
v -24.047791 6.003109 -62.695999
v -21.556877 5.770153 -62.561218
v -18.988703 5.683820 -62.354012
v -16.488535 5.764635 -62.108002
v -14.130480 5.885880 -61.938377
v -11.831133 5.968480 -61.845566
v -9.556160 5.990497 -61.731529
v -7.234446 5.993138 -61.543129
v -4.975479 6.067983 -61.337265
v -2.739961 6.047190 -61.134621
v -0.436198 6.114519 -60.945564
v 1.729716 6.259107 -60.823372
v 3.774913 6.182962 -60.732628
v 5.993063 5.894568 -60.647926
v 8.402060 5.751930 -60.580017
v 10.797781 5.747824 -60.457954
v 13.156282 5.812525 -60.337532
v 15.540255 5.813648 -60.295631
v 18.030771 6.002543 -60.298874
v 20.307323 6.332854 -60.288231
v 22.522255 6.497017 -60.223625
v 24.821934 6.563252 -60.186066
v 27.163727 6.701604 -60.104126
v 29.420290 6.840187 -60.057068
v 31.755280 6.881114 -60.095123
v 34.184776 6.908553 -60.158279
v 36.703453 7.010141 -60.242691
v 39.227741 7.239959 -60.305496
v 41.672569 7.574181 -60.364815
v 43.951176 7.831340 -60.491745
v 46.313599 7.934140 -60.719719
v 48.713509 8.108732 -60.938545
v 51.065247 8.296671 -61.204063
v 53.340343 8.460411 -61.481750
v 55.557777 8.501265 -61.799698
v 57.825298 8.465824 -62.096985
v 60.062149 8.460192 -62.309097
v 62.231064 8.274945 -62.426392
v 64.567566 8.007681 -62.531441
v 64.302689 4.241997 -60.680809
v 62.168354 0.172276 -57.881287
v -37.906048 0.297175 -59.743729
v -40.048336 4.143503 -62.740494
v -40.310329 7.622890 -64.705322
v -37.954018 7.541099 -64.789009
v -35.637527 7.366524 -64.922394
v -33.247204 7.262059 -64.994270
v -30.973206 7.163759 -64.993477
v -28.698471 6.978297 -64.952599
v -26.435974 6.766944 -64.946274
v -24.081398 6.447489 -64.905945
v -21.629845 6.213427 -64.760803
v -19.107996 6.021509 -64.545479
v -16.545837 6.022215 -64.366417
v -14.159121 6.102567 -64.221008
v -11.832014 6.150103 -64.039604
v -9.547470 6.181554 -63.906639
v -7.266811 6.180521 -63.797218
v -5.019979 6.167137 -63.616348
v -2.755279 6.117257 -63.469742
v -0.482512 6.084618 -63.314781
v 1.763052 6.116563 -63.147339
v 3.878779 6.119531 -63.083427
v 6.099679 5.910936 -63.114014
v 8.448595 5.825965 -63.058075
v 10.765533 5.754593 -62.905167
v 13.191718 5.715168 -62.736328
v 15.660826 5.823781 -62.710930
v 18.079002 6.113078 -62.655396
v 20.294174 6.382136 -62.547340
v 22.512703 6.444300 -62.461967
v 24.847368 6.560872 -62.404892
v 27.106258 6.691098 -62.382828
v 29.393848 6.702705 -62.319481
v 31.772202 6.752807 -62.313927
v 34.203987 6.853572 -62.323486
v 36.681507 6.996496 -62.342720
v 39.183472 7.167343 -62.382591
v 41.628078 7.436710 -62.446587
v 43.975235 7.637281 -62.562813
v 46.378746 7.836909 -62.733604
v 48.755947 8.073721 -62.951141
v 51.121971 8.304481 -63.162628
v 53.423222 8.551890 -63.414803
v 55.664085 8.754951 -63.690269
v 57.850628 8.868963 -63.943886
v 60.015099 8.839888 -64.091461
v 62.203640 8.649721 -64.292557
v 64.499054 8.402255 -64.419098
v 64.243423 4.553837 -62.572815
v 62.116631 0.457011 -59.676437
v -37.939251 0.480386 -61.475853
v -40.073448 4.311122 -64.626945
v -40.346489 7.816859 -66.693726
v -37.901836 7.729874 -66.781570
v -35.602142 7.702367 -66.903671
v -33.271729 7.518566 -66.948685
v -30.970108 7.412317 -67.023659
v -28.744541 7.186015 -67.039032
v -26.424038 6.945918 -66.977058
v -24.105968 6.732077 -66.944527
v -21.754757 6.418224 -66.804871
v -19.211695 6.117814 -66.619972
v -16.604258 6.076454 -66.424774
v -14.169241 6.210253 -66.283348
v -11.870871 6.231060 -66.190735
v -9.517193 6.250515 -66.085136
v -7.290014 6.278367 -65.972214
v -5.023338 6.163129 -65.864174
v -2.732271 6.108169 -65.778145
v -0.444487 6.100436 -65.694916
v 1.752404 6.093268 -65.597412
v 4.013180 6.000031 -65.489517
v 6.265788 6.028787 -65.525261
v 8.480139 5.935416 -65.493546
v 10.762014 5.771852 -65.407806
v 13.231916 5.626469 -65.315887
v 15.722445 5.834501 -65.192467
v 18.038174 6.053589 -65.011909
v 20.319662 6.280353 -64.874466
v 22.527908 6.387150 -64.822266
v 24.850376 6.461711 -64.769783
v 27.117130 6.596483 -64.677727
v 29.406881 6.661113 -64.674805
v 31.745575 6.715069 -64.621895
v 34.148125 6.738401 -64.549675
v 36.674847 6.828846 -64.517029
v 39.176888 7.077774 -64.571037
v 41.617069 7.312334 -64.603157
v 44.034897 7.593066 -64.734634
v 46.392780 7.814865 -64.900200
v 48.784527 8.049927 -65.011978
v 51.150799 8.325835 -65.175957
v 53.452774 8.623738 -65.343513
v 55.680279 8.841646 -65.514885
v 57.838852 8.975833 -65.698387
v 60.006058 8.908161 -65.925880
v 62.214649 8.878599 -66.106239
v 64.395287 8.599160 -66.228523
v 64.180450 4.730191 -64.376274
v 62.071720 0.644403 -61.375298
v -37.913342 0.482103 -63.168030
v -40.054188 4.353750 -66.477921
v -40.334461 7.908569 -68.596001
v -37.914101 7.802128 -68.738411
v -35.575806 7.739356 -68.841599
v -33.240047 7.594617 -69.013596
v -30.926510 7.572634 -69.102821
v -28.772785 7.380316 -69.177460
v -26.459030 7.056115 -69.189217
v -24.158768 6.840708 -69.113731
v -21.837467 6.461903 -69.017517
v -19.290209 6.136444 -68.900963
v -16.697861 6.033884 -68.746323
v -14.217541 6.102344 -68.554047
v -11.872530 6.166824 -68.382690
v -9.523422 6.199453 -68.272690
v -7.250803 6.199434 -68.204552
v -4.940218 6.166247 -68.207039
v -2.681643 6.171684 -68.184921
v -0.416991 6.142864 -68.088722
v 1.812259 6.118969 -68.013168
v 4.110877 6.034140 -68.020554
v 6.394065 6.108730 -67.968735
v 8.575418 6.084289 -67.962944
v 10.859938 5.972945 -67.944717
v 13.259191 5.920697 -67.877403
v 15.657190 5.996785 -67.677681
v 17.989433 6.102344 -67.485153
v 20.287182 6.234633 -67.289238
v 22.590315 6.360258 -67.154755
v 24.863419 6.532005 -67.105240
v 27.101847 6.585089 -67.041840
v 29.410772 6.670563 -66.918274
v 31.713533 6.705233 -66.870270
v 34.110809 6.713967 -66.821953
v 36.630363 6.783882 -66.746834
v 39.162003 7.030191 -66.683243
v 41.598846 7.232244 -66.726471
v 44.087318 7.518784 -66.781967
v 46.420494 7.847397 -66.900764
v 48.773827 8.067768 -67.046730
v 51.120163 8.318529 -67.137039
v 53.435783 8.581248 -67.246269
v 55.662830 8.812125 -67.398338
v 57.873875 8.965235 -67.597069
v 59.995838 9.045118 -67.787987
v 62.127312 8.900848 -67.888481
v 64.369484 8.606623 -68.033577
v 64.134949 4.748477 -66.157669
v 62.011887 0.639559 -63.037041
v -37.890980 0.392955 -64.938545
v -39.878174 4.107161 -68.293053
v -40.270325 7.775826 -70.622231
v -37.887211 7.749851 -70.826263
v -35.511204 7.704685 -70.995468
v -33.207642 7.715833 -71.116058
v -30.945587 7.625795 -71.163345
v -28.696651 7.527766 -71.263908
v -26.503868 7.314614 -71.348289
v -24.221157 6.963871 -71.297440
v -21.850925 6.614233 -71.305779
v -19.379585 6.272665 -71.211136
v -16.771143 6.141787 -71.036026
v -14.331764 6.170856 -70.866623
v -11.920130 6.097647 -70.692757
v -9.503222 6.125765 -70.611382
v -7.171442 6.149483 -70.565056
v -4.831688 6.215383 -70.559875
v -2.613358 6.295815 -70.549393
v -0.405505 6.244380 -70.478767
v 1.931084 6.218029 -70.418633
v 4.210871 6.310357 -70.411613
v 6.447732 6.334170 -70.342270
v 8.683388 6.350765 -70.283180
v 10.931522 6.280179 -70.242699
v 13.263563 6.212688 -70.159157
v 15.608694 6.188533 -70.036011
v 17.931854 6.229977 -69.851570
v 20.232338 6.247939 -69.656075
v 22.590157 6.301999 -69.517227
v 24.904329 6.480455 -69.397324
v 27.091036 6.627643 -69.299759
v 29.364399 6.584126 -69.200409
v 31.725271 6.677972 -69.091431
v 34.027321 6.684070 -68.969269
v 36.539635 6.638921 -68.827065
v 39.122921 6.762838 -68.755363
v 41.655766 7.033421 -68.800125
v 44.070396 7.327247 -68.895973
v 46.453484 7.635979 -68.945404
v 48.757339 7.931338 -69.016266
v 51.092430 8.174167 -69.102043
v 53.376865 8.446726 -69.179062
v 55.639858 8.647852 -69.242294
v 57.868000 8.868571 -69.365982
v 59.968430 8.948279 -69.540123
v 62.093288 8.777332 -69.747673
v 64.378250 8.493654 -69.952980
v 63.991051 4.484207 -67.893723
v 61.994446 0.540175 -64.774345
v -37.549507 -0.042116 -66.552956
v -39.617779 3.675953 -70.054871
v -40.193832 7.718325 -72.831406
v -37.819561 7.786820 -73.026268
v -35.496456 7.789326 -73.177399
v -33.224689 7.755191 -73.278564
v -30.962952 7.623926 -73.369705
v -28.674244 7.541482 -73.412048
v -26.516903 7.367311 -73.456642
v -24.213764 6.988584 -73.536308
v -21.823849 6.770101 -73.554482
v -19.466913 6.448418 -73.539452
v -16.909298 6.201851 -73.370041
v -14.441271 6.133392 -73.128387
v -11.938095 6.023732 -72.997841
v -9.456335 6.113159 -72.934158
v -7.101107 6.169952 -72.917671
v -4.722376 6.323333 -72.919083
v -2.576519 6.482423 -72.884689
v -0.389431 6.375111 -72.776726
v 1.989399 6.364265 -72.701523
v 4.250783 6.482581 -72.598152
v 6.470501 6.463607 -72.515244
v 8.753639 6.447834 -72.456314
v 11.013257 6.424822 -72.450516
v 13.307287 6.398214 -72.425728
v 15.586856 6.391979 -72.310844
v 17.874514 6.337475 -72.155861
v 20.217546 6.268427 -72.031517
v 22.600552 6.352067 -71.914009
v 24.846363 6.482770 -71.756386
v 27.078697 6.519019 -71.573746
v 29.341284 6.560956 -71.451248
v 31.634289 6.546391 -71.287987
v 33.965988 6.470982 -71.153152
v 36.477932 6.362451 -71.079224
v 39.132637 6.460562 -71.034927
v 41.726501 6.804191 -71.081871
v 44.093773 7.220683 -71.134789
v 46.415787 7.484544 -71.147163
v 48.739445 7.770268 -71.191811
v 51.009117 7.981890 -71.192299
v 53.309536 8.181370 -71.194427
v 55.565990 8.327156 -71.283272
v 57.830643 8.492392 -71.359970
v 59.968876 8.615093 -71.462097
v 62.144627 8.523455 -71.652107
v 64.425522 8.333011 -71.915268
v 63.813351 3.985703 -69.556557
v 61.714016 0.082349 -66.330009
v -37.412083 -0.278611 -68.293823
v -38.062489 1.640191 -70.320320
v -37.595531 3.657696 -72.003014
v -35.605385 4.051449 -72.401291
v -33.504559 4.256702 -72.695366
v -31.339886 4.235859 -72.830269
v -29.169449 4.169427 -72.917679
v -27.004559 4.055575 -72.976540
v -24.848675 3.895805 -73.029732
v -22.658337 3.652351 -73.075813
v -20.406769 3.417668 -73.089417
v -18.132450 3.153755 -73.053215
v -15.766972 2.914953 -72.946754
v -13.379606 2.763666 -72.802544
v -10.972919 2.686195 -72.685806
v -8.605564 2.721031 -72.601143
v -6.314436 2.800631 -72.536575
v -4.084532 2.906515 -72.479195
v -1.937867 2.996475 -72.412079
v 0.196589 2.993363 -72.329163
v 2.396692 2.987699 -72.242874
v 4.577937 3.018511 -72.156967
v 6.751495 3.021280 -72.076973
v 8.934790 3.022575 -72.019836
v 11.112779 3.024589 -71.978447
v 13.285577 3.012005 -71.927643
v 15.473408 2.987185 -71.845703
v 17.672649 2.958154 -71.744598
v 19.894276 2.939662 -71.636475
v 22.114426 2.973445 -71.529114
v 24.293299 3.028471 -71.403412
v 26.443577 3.047268 -71.275299
v 28.618958 3.028028 -71.153397
v 30.835443 2.982293 -71.022682
v 33.119484 2.914813 -70.906578
v 35.510269 2.884412 -70.818466
v 37.971138 2.987583 -70.755829
v 40.394264 3.237792 -70.729019
v 42.709927 3.550710 -70.723114
v 44.954388 3.820622 -70.723541
v 47.177826 4.063361 -70.747375
v 49.362156 4.264098 -70.769814
v 51.553215 4.425524 -70.807434
v 53.715527 4.561380 -70.872330
v 55.870544 4.648307 -70.953491
v 57.976696 4.688155 -71.052063
v 60.005119 4.444846 -71.077232
v 61.939495 3.971768 -71.070755
v 62.363754 1.828245 -69.760773
v 61.699192 -0.191726 -68.022369
v -35.966499 -1.576890 -67.959129
v -36.165222 -0.282074 -69.496803
v -34.232964 -0.068488 -69.752876
v -32.400772 0.314503 -70.222404
v -30.355259 0.351528 -70.383507
v -28.348969 0.369895 -70.532799
v -26.333126 0.305634 -70.610733
v -24.315933 0.204729 -70.666161
v -22.293453 0.062459 -70.718582
v -20.252228 -0.122236 -70.761192
v -18.181652 -0.336145 -70.773209
v -16.078938 -0.581166 -70.742844
v -13.910830 -0.840739 -70.663002
v -11.664204 -1.037029 -70.555450
v -9.392265 -1.114908 -70.453773
v -7.167824 -1.074709 -70.363914
v -5.032076 -0.984582 -70.275856
v -2.960237 -0.886292 -70.185738
v -0.954473 -0.806872 -70.105270
v 1.036885 -0.794551 -70.029060
v 3.064998 -0.809171 -69.947212
v 5.108078 -0.809868 -69.861191
v 7.150595 -0.805134 -69.786316
v 9.196827 -0.790451 -69.730064
v 11.222666 -0.764455 -69.682335
v 13.229787 -0.769578 -69.626167
v 15.259160 -0.804363 -69.565041
v 17.313913 -0.829371 -69.493095
v 19.371691 -0.834795 -69.406189
v 21.427364 -0.817487 -69.309586
v 23.454117 -0.782803 -69.212440
v 25.449148 -0.785676 -69.117599
v 27.464876 -0.839778 -69.013901
v 29.532316 -0.917765 -68.897675
v 31.670113 -0.999500 -68.790222
v 33.901764 -1.033878 -68.700424
v 36.192467 -0.942519 -68.619553
v 38.447861 -0.712854 -68.553101
v 40.603642 -0.427511 -68.509598
v 42.693542 -0.175128 -68.496490
v 44.754856 0.039044 -68.512550
v 46.793854 0.213585 -68.548965
v 48.825256 0.354544 -68.594887
v 50.842125 0.462763 -68.651199
v 52.849892 0.534174 -68.728065
v 54.834122 0.519742 -68.807983
v 56.852875 0.468503 -68.944656
v 58.652729 0.058511 -68.829361
v 60.557060 -0.194729 -68.957726
v 60.353165 -1.524717 -67.689613
v -33.637856 -3.979628 26.348799
v -33.040676 -2.885704 26.916601
v -33.623100 -4.757287 -50.505409
v -33.680756 -4.513403 -52.298447
v -18.740492 -4.175823 25.344511
v -16.953602 -4.336865 25.300573
v -18.634604 -5.705800 -50.449913
v -18.707951 -5.461466 -52.326828
v -3.210557 -5.175371 25.735411
v -1.366448 -5.091249 25.856672
v -3.333497 -5.667766 -49.489250
v -3.319057 -5.563376 -51.327385
v 11.381977 -4.943583 26.315878
v 13.105201 -4.943583 26.381720
v 11.102278 -5.496567 -48.409252
v 11.092437 -5.597490 -50.342529
v 25.853626 -5.091249 26.840921
v 27.697735 -5.175371 26.962191
v 26.018290 -4.705487 -48.475403
v 25.988184 -4.682491 -50.238892
v 41.440784 -4.336865 27.397028
v 43.227665 -4.175823 27.353090
v 41.375587 -3.995083 -49.536682
v 41.418884 -3.825455 -51.182064
v -22.404442 -5.143326 -52.491768
v -20.538631 -5.304364 -52.466621
v 57.591297 -2.940095 27.388754
v 58.125031 -3.979628 26.348799
v -34.287758 -2.882615 25.936106
v -22.423695 -3.801917 23.692251
v -20.617298 -3.914375 23.641916
v -18.784616 -4.046871 23.606737
v -7.193321 -5.227046 23.672800
v -5.186918 -5.183560 23.745756
v -3.280454 -5.112177 23.843828
v 56.183834 -4.633062 -50.486862
v 58.139782 -4.757287 -50.505409
v 7.702248 -5.113579 24.433634
v 9.546959 -5.088053 24.510828
v 11.374086 -5.054902 24.574762
v 22.321209 -5.073276 24.918688
v 24.094780 -5.067224 24.984201
v 25.882755 -5.150613 25.043875
v -3.408701 -5.209592 -56.744698
v -1.592411 -5.301931 -56.658127
v 37.660057 -4.922954 25.540613
v 39.547852 -4.698786 25.569147
v 41.425053 -4.505956 25.554968
v 52.404160 -3.973164 25.174868
v 54.506416 -3.857457 25.222960
v 56.883511 -3.422771 25.474794
v -25.998707 -3.337171 22.078459
v -24.285347 -3.435493 21.996618
v -22.470673 -3.567895 21.935171
v -18.740807 -4.674681 -57.549873
v -16.883331 -4.846033 -57.523811
v -11.381086 -4.788248 21.773783
v -9.302618 -5.063599 21.736170
v -7.175398 -5.142215 21.771658
v 14.922548 -5.118552 -61.823853
v 16.755650 -5.162229 -61.699654
v 3.944550 -5.150535 22.440573
v 5.854054 -5.217556 22.534731
v 7.731524 -5.162229 22.634367
v 18.648230 -5.045953 22.988775
v 20.460278 -5.140759 23.071608
v 22.366432 -5.132071 23.131868
v 33.626190 -5.325759 23.413660
v 35.603813 -5.270904 23.607298
v 37.653229 -5.073328 23.743048
v 0.368226 -5.046080 -62.283661
v 2.120741 -5.132071 -62.197151
v 48.677341 -4.026211 23.533995
v 50.497707 -3.998857 23.452936
v 52.359215 -4.000867 23.331823
v -3.377280 -5.272841 -58.533470
v -29.531937 -3.434481 20.869207
v -27.701004 -3.207169 20.704691
v -25.998356 -3.070189 20.538382
v -15.054670 -4.815565 -62.820366
v -15.060677 -4.698785 -64.634430
v -15.168816 -4.121737 20.061831
v -13.259251 -4.369123 20.022226
v -11.324406 -4.604567 19.945417
v 0.346323 -4.929715 20.345774
v 2.098530 -5.047656 20.423960
v 3.952881 -5.190655 20.520041
v 15.096381 -5.151578 21.133787
v 16.887810 -5.164876 21.181135
v 18.680212 -5.183958 21.236712
v -29.774548 -4.055753 -62.240974
v -30.019238 -3.857457 -64.288239
v 29.669319 -5.331870 21.396780
v 31.605991 -5.354403 21.461985
v 33.538437 -5.295738 21.601305
v 45.049026 -4.208447 21.919645
v 46.851097 -4.129897 21.839064
v 48.663677 -4.057749 21.801180
v 56.004543 -3.626898 -57.045624
v 55.998085 -3.596259 -58.551407
v -33.452511 -3.714508 19.546522
v -31.510910 -3.596260 19.486124
v -29.524918 -3.343957 19.331182
v -18.908228 -3.574808 18.612791
v -17.028107 -3.775743 18.540422
v -15.142385 -3.952327 18.423460
v -3.357685 -4.867543 18.399035
v -1.512483 -4.895323 18.437494
v 0.337661 -4.963814 18.536509
v 45.240845 -3.387815 -54.695442
v 47.036449 -3.225102 -54.916176
v 11.429788 -5.496191 19.206041
v 13.352310 -5.454326 19.259985
v 15.182898 -5.365106 19.274591
v 26.012983 -5.299432 19.470179
v 27.864456 -5.272841 19.468187
v 29.685509 -5.272823 19.522783
v 41.412819 -4.758986 20.196711
v 43.256016 -4.586380 20.257196
v 45.110031 -4.326599 20.247778
v 56.346138 -3.877908 19.714380
v 58.310371 -3.714508 19.546522
v -33.460896 -3.707746 18.077913
v 7.225817 -5.468056 -50.564461
v 9.143194 -5.605497 -50.445122
v -22.562256 -3.155634 17.312956
v -20.777355 -3.330242 17.175646
v -18.932779 -3.568952 17.041376
v -7.333187 -4.768492 16.513372
v -5.308527 -4.840965 16.539534
v -3.383361 -4.859662 16.597406
v -18.768843 -4.586380 -59.322487
v 7.600383 -5.389705 16.909922
v 9.455981 -5.565259 17.054602
v 11.451643 -5.731956 17.153498
v -7.068195 -5.635999 -51.583595
v -5.216372 -5.649702 -51.460991
v -22.381062 -3.954871 -66.325623
v -20.598972 -4.081317 -66.355736
v 22.410549 -5.352166 17.457220
v 24.243755 -5.345970 17.523909
v 26.079588 -5.301931 17.592844
v 37.448723 -5.338242 18.198458
v 39.486481 -5.097523 18.346628
v 41.370510 -4.846030 18.458532
v 25.996540 -4.902895 -55.705078
v 27.870541 -4.859660 -55.662689
v -22.362228 -4.805642 -54.272026
v 52.425144 -4.046498 18.327948
v 54.384045 -3.976796 18.257563
v 56.330017 -3.926908 18.159674
v -26.035748 -3.157043 16.172361
v -24.301361 -3.133744 16.054110
v -22.549274 -3.225102 15.850885
v -11.302217 -4.281409 14.854330
v -9.343349 -4.497254 14.803045
v -7.338526 -4.634152 14.771093
v 11.056400 -5.615462 -56.292442
v 13.035534 -5.731956 -56.218781
v 56.146397 -4.369695 -52.259239
v 41.523861 -3.790039 -55.975258
v 41.515285 -3.775743 -57.605705
v 4.014944 -5.076628 14.866648
v 5.792652 -5.126440 14.935057
v 7.567667 -5.342036 15.021643
v 45.149750 -3.684712 -60.929260
v 46.957848 -3.567895 -61.000450
v 18.946316 -5.336865 15.364622
v 20.641651 -5.339245 15.415838
v 22.441017 -5.364841 15.550005
v 33.400097 -5.350460 16.276171
v 35.312569 -5.414845 16.392691
v 37.365627 -5.415411 16.536169
v 48.695385 -4.421358 16.895784
v 50.610752 -4.337649 16.838186
v 52.466953 -4.197763 16.731314
v 29.649755 -5.055248 -60.896187
v 31.662577 -5.142215 -60.836945
v -29.683636 -3.823891 14.922323
v -27.811401 -3.609732 14.838144
v -26.073448 -3.461292 14.744154
v -3.257076 -5.243645 -64.169182
v -1.395579 -5.150613 -64.109161
v -15.056728 -3.882819 13.470583
v -13.163721 -3.965192 13.287905
v -11.337870 -4.171253 13.186197
v 14.940218 -5.088053 -63.576118
v 0.288077 -4.870450 12.977312
v 2.164554 -4.981312 13.042971
v 4.007290 -5.034387 13.073061
v 15.321811 -5.631425 13.358637
v 17.252136 -5.517130 13.413057
v 19.029545 -5.286038 13.480932
v 29.711740 -5.440262 14.281351
v 31.534679 -5.457904 14.372725
v 33.377151 -5.524091 14.447096
v 0.392397 -5.067224 -64.049484
v 45.052250 -4.913830 15.190367
v 46.849403 -4.805642 15.206743
v 48.718697 -4.739186 15.188261
v -33.594948 -4.513403 13.233160
v -31.659218 -4.369695 13.193956
v -29.727585 -4.213934 13.225111
v -18.812742 -3.739910 12.323448
v -16.931704 -3.825455 12.116774
v -15.020338 -3.923652 11.899220
v -3.381540 -4.743786 11.237005
v -1.501005 -4.682491 11.173605
v 0.241995 -4.806996 11.152519
v 11.534915 -5.521723 11.192787
v 13.394740 -5.597490 11.277248
v 15.343983 -5.605497 11.379833
v 26.007416 -5.450527 12.129452
v 27.806236 -5.563376 12.262098
v 29.703547 -5.649702 12.395699
v 41.294083 -5.697837 13.119452
v 43.195129 -5.461466 13.261534
v 45.025806 -5.304364 13.401331
v 56.254440 -4.570356 13.238115
v 58.167938 -4.513403 13.233160
v -33.652607 -4.757287 11.440119
v -22.401848 -4.002374 11.085449
v -20.567093 -3.928094 10.909306
v -18.756029 -3.930538 10.684855
v 37.634155 -3.971928 -50.808281
v 39.507515 -3.923652 -50.964508
v -7.361929 -4.551387 9.546902
v -5.386442 -4.674911 9.462996
v -3.397512 -4.727227 9.403923
v 7.771544 -5.342580 9.201895
v 9.675362 -5.411899 9.178368
v 11.535356 -5.441153 9.257574
v 11.134867 -5.454326 -58.325264
v 22.372662 -5.307474 9.985664
v 24.141621 -5.495844 10.153519
v 25.987953 -5.586804 10.309183
v 22.355877 -5.014339 -50.230103
v 24.245182 -4.806996 -50.217804
v 37.228790 -6.069198 11.023323
v 39.302212 -5.970479 11.097834
v 41.229122 -5.823013 11.221296
v 52.604694 -5.073181 11.577715
v 54.382576 -4.841105 11.504744
v 56.244923 -4.802997 11.454948
v 57.948074 -3.707746 -57.143204
v 7.235037 -5.517130 -52.478348
v -26.116283 -4.427787 9.561361
v -24.265434 -4.355706 9.489883
v -22.375675 -4.292398 9.341619
v -11.196400 -4.382033 8.241289
v -9.259428 -4.416476 8.037828
v -7.339273 -4.516873 7.868008
v 4.053957 -5.005393 7.330404
v 5.915778 -5.147075 7.290989
v 7.852014 -5.227710 7.234188
v 43.419952 -3.568954 -56.106659
v -7.047503 -5.457904 -53.438011
v 18.956520 -5.396978 7.902908
v 20.723982 -5.325106 8.077456
v 22.363075 -5.355536 8.198307
v 33.348389 -6.003825 8.900503
v 35.223488 -6.199831 9.005953
v 37.251255 -6.281312 9.108446
v 48.760338 -5.622286 9.741043
v 50.679920 -5.553025 9.735111
v 52.666996 -5.316939 9.697544
v -29.842205 -4.970603 7.855047
v -28.012550 -4.791656 7.879757
v -26.147728 -4.740879 7.856665
v -14.890368 -4.418631 6.856682
v -13.084711 -4.413013 6.689714
v -11.144030 -4.489764 6.512325
v 0.383065 -4.787744 5.681192
v 2.247905 -4.823723 5.527950
v 4.081166 -4.908284 5.451595
v 45.104469 -3.914374 -62.707207
v 15.118119 -5.431981 5.647326
v 17.061815 -5.528243 5.847816
v 18.897974 -5.463773 6.049744
v 29.676380 -6.115733 6.755167
v 31.562935 -6.170509 6.892431
v 33.387352 -6.220359 6.995077
v 44.985752 -6.079019 7.791712
v 46.884216 -5.986856 7.816290
v 48.791580 -5.932446 7.835238
v 29.674095 -5.183560 -62.811043
v -33.803963 -5.419489 6.042366
v -31.854282 -5.376167 6.012615
v -29.930897 -5.312571 6.078115
v -18.587200 -4.640897 5.409193
v -16.730885 -4.577873 5.193003
v -14.888681 -4.506825 5.012741
v -3.421555 -4.724294 4.128822
v -1.502118 -4.741914 3.960297
v 0.468674 -4.743544 3.831926
v 11.395779 -5.049255 3.701986
v 13.269754 -5.141413 3.721323
v 15.040376 -5.298812 3.786579
v 25.968807 -5.967888 4.619793
v 27.815830 -6.148183 4.710447
v 29.695230 -6.260699 4.789461
v 41.100098 -6.535393 5.644436
v 43.034851 -6.491725 5.790508
v 45.004559 -6.454145 5.907267
v 56.208416 -5.506276 5.960804
v 57.958923 -5.419489 6.042366
v -33.796455 -5.723897 4.082544
v -22.270374 -5.138947 3.849625
v -20.384796 -4.979734 3.713713
v -18.526478 -4.831167 3.564182
v -7.265743 -4.712172 2.723080
v -5.351675 -4.725637 2.570829
v -3.366163 -4.687524 2.376629
v -26.169407 -4.584758 -54.207581
v -24.231525 -4.739186 -54.253540
v 7.777044 -4.689964 1.797474
v 9.529535 -4.785851 1.845053
v 11.367373 -5.002728 1.855394
v 22.317482 -5.838240 2.497911
v 24.152020 -6.036629 2.627880
v 26.022108 -6.163957 2.688971
v 37.172829 -6.686641 3.422129
v 39.078823 -6.800663 3.593782
v 41.079849 -6.844250 3.738487
v 52.344437 -3.995498 -52.223480
v 54.214760 -4.213934 -52.290390
v 52.687523 -5.965101 4.008343
v 54.427776 -5.762365 4.023823
v 56.202736 -5.738657 4.049469
v -26.089039 -5.586442 2.139091
v -24.173317 -5.442620 2.076416
v -22.249695 -5.283559 1.981544
v -7.080671 -5.298971 -58.676216
v -5.198330 -5.272823 -58.588074
v 37.650890 -3.965192 -52.353195
v -11.191139 -4.857074 1.123779
v -9.185141 -4.902489 1.020075
v -7.268269 -4.840363 0.899948
v 4.133500 -4.451777 0.227676
v 5.915180 -4.463049 0.106947
v 7.675082 -4.576941 0.095989
v 18.629639 -5.606133 0.315405
v 20.479176 -5.775233 0.453197
v 22.286070 -5.975278 0.556772
v -22.348637 -4.172494 -59.253258
v -20.622856 -4.326599 -59.313057
v 22.322620 -4.981312 -52.108253
v 33.384613 -6.750710 1.064981
v 35.246590 -6.909078 1.251055
v 37.140526 -7.033539 1.442261
v 49.019669 -6.669540 2.076422
v 50.901253 -6.426318 2.078680
v 52.722034 -6.144747 2.090359
v -30.039375 -6.119102 0.245682
v -28.034786 -6.015782 0.273256
v -26.089123 -5.842401 0.292849
v -14.811953 -4.785671 -0.365198
v -13.037182 -4.806066 -0.578758
v -11.187820 -4.923289 -0.739315
v 0.444812 -4.718054 -1.261309
v 2.337249 -4.561126 -1.321480
v 4.148240 -4.475174 -1.421135
v 14.954245 -5.208299 -1.602825
v 16.740213 -5.390981 -1.590199
v 18.566034 -5.659669 -1.527477
v -18.766720 -4.308753 -64.578140
v -18.740492 -4.175823 -66.418381
v 29.784174 -6.580242 -1.149265
v 31.566286 -6.659990 -1.086010
v 33.381882 -6.880615 -1.012983
v 45.128994 -7.356585 -0.148605
v 47.116467 -7.179357 -0.074594
v 49.062607 -6.980339 -0.000988
v -33.707115 -6.368374 -1.703491
v -31.879898 -6.322789 -1.700838
v -30.048851 -6.251299 -1.690916
v -34.475117 -2.935672 -65.179237
v -33.637856 -3.979628 -65.414078
v -18.373039 -5.350996 -1.794010
v -16.559372 -5.081716 -1.935688
v -14.753748 -4.986011 -2.103140
v -3.460459 -4.879233 -2.971243
v -1.556648 -4.806618 -3.017115
v 0.364088 -4.765980 -3.028959
v 11.206723 -5.001562 -3.316851
v 13.093462 -5.190438 -3.307604
v 14.974100 -5.277028 -3.363493
v 26.049776 -6.352866 -3.368843
v 27.895784 -6.549358 -3.287289
v 29.760363 -6.692982 -3.161308
v 41.040367 -7.709491 -2.601999
v 43.103931 -7.748665 -2.386208
v 45.178886 -7.610625 -2.241678
v 56.251507 -6.426857 -1.756674
v 58.055767 -6.368374 -1.703491
v -33.682365 -6.603150 -3.665356
v -22.277145 -5.995671 -3.567243
v -20.327187 -5.819436 -3.589798
v -18.387424 -5.582679 -3.635389
v -7.341427 -4.844476 -4.638450
v -5.468367 -4.854147 -4.710990
v -3.544291 -4.854018 -4.756864
v 7.505621 -4.757848 -5.018468
v 9.354663 -4.895432 -5.065012
v 11.147868 -5.083362 -5.114657
v -29.867897 -4.132223 -55.729538
v -27.979782 -4.197763 -55.796593
v 3.818815 -5.225023 -52.618935
v 5.457633 -5.286038 -52.546211
v 22.367653 -6.127936 -5.423025
v 24.228256 -6.279382 -5.362131
v 26.047659 -6.438867 -5.311214
v 37.206863 -7.335633 -5.060350
v 39.049656 -7.532307 -4.989770
v 40.990318 -7.774393 -4.840190
v 52.752750 -6.837728 -3.847246
v 54.445244 -6.702121 -3.793840
v 56.263409 -6.657312 -3.753222
v -10.779480 -5.621246 -53.648300
v -8.889967 -5.524091 -53.512390
v -26.130596 -6.499783 -5.563444
v -24.194256 -6.328787 -5.493468
v -22.295658 -6.152551 -5.491642
v -10.999538 -4.898319 -6.042439
v -9.185577 -4.856412 -6.197486
v -7.387304 -4.801754 -6.332567
v 22.355864 -5.006350 -57.652596
v 24.149517 -4.963814 -57.601791
v -26.123577 -4.337649 -55.903481
v 4.025920 -4.817495 -6.555730
v 5.777836 -4.743923 -6.610945
v 7.485186 -4.830348 -6.749259
v 29.840464 -4.748679 -53.820976
v 31.825705 -4.634152 -53.836388
v 18.644958 -5.781550 -7.300199
v 20.502357 -6.002364 -7.359354
v 22.361900 -6.163819 -7.375759
v 33.637802 -7.190854 -7.251158
v 35.452332 -7.268946 -7.207060
v 37.283688 -7.370603 -7.149774
v 7.556360 -5.345520 -58.344513
v 9.304278 -5.365106 -58.339874
v 52.298576 -3.609732 -53.903427
v 49.094997 -7.563148 -6.192269
v 50.963852 -7.381812 -6.004322
v 52.803375 -7.117302 -5.899861
v -30.028934 -6.897182 -7.595737
v -28.072735 -6.827561 -7.522657
v -26.159565 -6.657608 -7.434246
v -7.118813 -5.354403 -60.527275
v -14.564289 -5.586205 -7.542367
v -12.703211 -5.277461 -7.629887
v -10.966909 -5.073295 -7.742364
v 0.109598 -5.042748 -8.341548
v 2.013665 -4.992570 -8.369045
v 3.877668 -5.043172 -8.388309
v 14.991922 -5.716833 -9.009626
v 16.912693 -5.775915 -9.090015
v 18.720295 -5.812440 -9.216686
v -22.363926 -4.129897 -60.904358
v 29.829403 -6.988936 -9.429693
v 31.762484 -7.133276 -9.413918
v 33.667545 -7.215429 -9.339384
v 11.310670 -5.045806 -63.685822
v 11.381977 -4.943583 -65.446999
v 45.029934 -7.933857 -8.795047
v 47.080318 -7.913707 -8.568192
v 49.035381 -7.779649 -8.328277
v 48.768230 -3.456779 -53.639473
v 50.560623 -3.461292 -53.809441
v -33.675835 -7.132229 -9.881355
v -31.862274 -7.124885 -9.751042
v -30.034088 -7.116418 -9.600604
v -18.425007 -6.264284 -9.217657
v -16.476372 -6.039608 -9.267959
v -14.553486 -5.787196 -9.344703
v -3.210557 -5.175371 -66.027473
v -3.777672 -5.065840 -10.000329
v -1.902429 -5.136996 -10.058681
v 0.012076 -5.193374 -10.111364
v 11.158353 -5.451008 -10.666293
v 13.068024 -5.674893 -10.828813
v 15.009827 -5.750125 -10.976250
v 26.088909 -6.594330 -11.514845
v 27.985512 -6.769056 -11.554461
v 29.858652 -6.971860 -11.546165
v 41.011440 -7.657001 -11.222261
v 42.969936 -7.875249 -11.069742
v 45.005852 -7.996662 -10.896266
v 14.981820 -5.573853 -54.131432
v 16.919506 -5.342036 -54.086937
v 56.340103 -7.220265 -9.984218
v 58.087051 -7.132229 -9.881355
v -33.701546 -7.260809 -11.935350
v -22.381573 -6.952455 -11.202266
v -20.392227 -6.777948 -11.114213
v -18.442678 -6.583509 -11.072839
v -7.418941 -5.183558 -11.502324
v -5.634537 -5.172556 -11.616182
v -3.806971 -5.188540 -11.764201
v 7.540671 -5.470151 -12.353167
v 9.378113 -5.524881 -12.480241
v 11.209421 -5.618741 -12.614702
v 22.475685 -6.098137 -13.321297
v 24.270489 -6.252727 -13.439541
v 26.138893 -6.517366 -13.565521
v 33.866001 -4.439066 -52.203949
v 35.825043 -4.171253 -52.251488
v 37.405621 -7.196051 -13.539050
v 39.178963 -7.407139 -13.427069
v 41.027260 -7.606807 -13.351835
v 52.832554 -7.666776 -12.346024
v 54.634632 -7.471183 -12.189726
v 56.343910 -7.358714 -12.086347
v -26.232838 -7.457507 -13.443832
v -24.339855 -7.316473 -13.303146
v -22.436520 -7.289084 -13.182240
v 18.705061 -5.165931 -52.190117
v 20.479887 -5.034387 -52.138351
v -10.924387 -5.672462 -13.164629
v -9.225986 -5.527522 -13.233061
v -7.469244 -5.471075 -13.277430
v 3.702727 -5.551468 -14.100771
v 5.635173 -5.638661 -14.192513
v 7.561985 -5.593456 -14.290022
v 52.215439 -3.108194 -58.280197
v 54.012096 -3.343957 -58.396469
v 3.845527 -5.339245 -54.481125
v 18.786812 -5.949348 -15.083125
v 20.664871 -6.049609 -15.178329
v 22.526817 -6.138597 -15.324713
v 33.749245 -7.064190 -15.773113
v 35.647911 -7.074015 -15.723076
v 37.367069 -7.162070 -15.609577
v 48.928730 -8.081966 -14.933582
v 50.983429 -7.953410 -14.728825
v 52.837242 -7.708492 -14.586895
v 37.759987 -4.215644 -57.393555
v 39.629562 -3.952327 -57.488739
v -10.825392 -5.414845 -55.457977
v -30.108303 -7.735180 -15.958013
v -28.204689 -7.732924 -15.763258
v -26.255054 -7.699375 -15.594392
v -14.535807 -6.700606 -15.015018
v -12.650885 -6.330866 -14.997769
v -10.924028 -5.965484 -15.013485
v 22.388645 -5.047656 -59.489243
v -0.062281 -5.712423 -15.684539
v 1.898221 -5.664390 -15.849710
v 3.717194 -5.587720 -16.004822
v 14.995826 -5.722665 -16.905077
v 16.884062 -5.848729 -16.978254
v 18.782137 -5.969721 -17.095997
v 29.970608 -6.499838 -17.854773
v 31.831877 -6.720057 -17.956709
v 33.748581 -6.909932 -17.971085
v 7.599364 -5.164876 -60.246422
v 13.113091 -5.054902 -63.640053
v 44.970097 -7.702899 -17.442434
v 46.908890 -7.795622 -17.307951
v 48.857719 -7.918040 -17.121981
v 25.999659 -4.895323 -57.502777
v 41.447784 -4.212049 -62.647240
v 41.440784 -4.336865 -64.365860
v -33.645439 -7.526907 -18.448925
v -31.894455 -7.622421 -18.320999
v -30.153473 -7.776768 -18.204004
v -18.584553 -7.450898 -17.381523
v -16.537481 -7.353622 -17.215790
v -14.575752 -7.001238 -17.063316
v -3.731602 -5.948223 -17.256701
v -1.926748 -5.893051 -17.433117
v -0.002422 -5.868105 -17.583838
v 25.917583 -5.062483 -63.021667
v 25.853626 -5.091249 -64.921959
v 11.341796 -5.638763 -18.522472
v 13.178653 -5.596441 -18.634741
v 14.975866 -5.668548 -18.778767
v 26.379507 -6.076962 -19.680338
v 28.147369 -6.223973 -19.780697
v 30.078703 -6.375209 -19.883730
v -16.937872 -4.505956 -64.620255
v 41.119041 -7.465998 -19.655014
v 43.085197 -7.501404 -19.550760
v 44.969086 -7.593772 -19.444092
v 56.368900 -7.603796 -18.557383
v 58.117443 -7.526907 -18.448925
v -33.630264 -7.526907 -20.616362
v -22.389961 -7.701044 -19.751320
v -20.481907 -7.593772 -19.621195
v -18.598026 -7.501407 -19.514526
v -7.428801 -6.423354 -19.042955
v -5.591524 -6.375209 -19.181557
v -3.660195 -6.223973 -19.284590
v 7.602550 -5.823477 -20.128187
v 9.511311 -5.668548 -20.286522
v 11.308524 -5.596441 -20.430546
v 45.264526 -3.330244 -56.240929
v 22.591820 -5.742146 -21.331087
v 24.489599 -5.868105 -21.481449
v 26.413925 -5.893051 -21.632170
v 43.271790 -4.046871 -62.672020
v 37.183502 -6.695907 -22.100061
v 39.062927 -7.001238 -22.001970
v 41.024658 -7.353622 -21.849499
v 52.734638 -7.864035 -21.042393
v 54.640652 -7.776768 -20.861282
v 56.381638 -7.622421 -20.744289
v -26.456421 -7.888615 -22.160025
v -24.370544 -7.918040 -21.943306
v -22.421715 -7.795622 -21.757336
v -11.103058 -6.944570 -21.175936
v -9.261398 -6.909932 -21.094202
v -7.344700 -6.720057 -21.108578
v 3.774733 -6.058973 -21.832066
v 5.705040 -5.969721 -21.969290
v 7.603111 -5.848729 -22.087032
v 18.903908 -5.688197 -22.929489
v 20.769981 -5.587720 -23.060465
v 22.588953 -5.664390 -23.215576
v -11.005934 -5.319032 -60.802330
v -9.051260 -5.295738 -60.666595
v 33.830528 -4.497254 -53.868332
v 33.749130 -5.807025 -24.004335
v 35.411209 -5.965484 -24.051802
v 37.138062 -6.330866 -24.067518
v 48.866486 -7.611172 -23.593607
v 50.742229 -7.699375 -23.470896
v 52.691864 -7.732924 -23.302029
v -30.111797 -7.586871 -24.676270
v -28.350067 -7.708492 -24.478388
v -26.496254 -7.953408 -24.336458
v -26.022354 -4.066683 -60.769829
v -24.176510 -4.057749 -60.866470
v 18.694527 -5.126440 -54.000351
v -32.556213 -3.345860 -64.708725
v -14.721325 -7.363696 -23.533766
v -12.879900 -7.162070 -23.455706
v -11.160730 -7.074013 -23.342207
v 0.138735 -6.262097 -23.618158
v 1.960356 -6.138597 -23.740570
v 3.822306 -6.049609 -23.886955
v 7.684813 -5.048656 -65.519653
v 9.546375 -5.035673 -65.487434
v 52.188179 -3.207169 -59.769974
v 15.108980 -5.622347 -24.616470
v 16.925188 -5.593456 -24.775261
v 18.852003 -5.638661 -24.872768
v 30.117773 -5.460359 -25.698572
v 31.956423 -5.471077 -25.787855
v 33.713165 -5.527524 -25.832222
v 44.911610 -7.163964 -25.964478
v 46.923695 -7.289086 -25.883043
v 48.827026 -7.316475 -25.762136
v -7.140476 -5.404962 -66.201660
v -5.112617 -5.307902 -66.126450
v 37.746422 -4.369123 -59.087517
v -33.574162 -7.260809 -27.129936
v -31.856731 -7.358714 -26.978939
v -30.147453 -7.471183 -26.875561
v 27.767632 -5.112177 -62.909119
v -18.466827 -7.876138 -25.836586
v -16.540081 -7.606807 -25.713451
v -14.691784 -7.407139 -25.638218
v -3.544324 -6.675106 -25.429266
v -1.651715 -6.517366 -25.499763
v 0.216688 -6.252727 -25.625746
v 11.369027 -5.753764 -26.267124
v 13.277756 -5.618741 -26.450584
v 15.109065 -5.524881 -26.585045
v 26.468258 -5.283596 -27.203857
v 28.294147 -5.188540 -27.301086
v 30.121714 -5.172556 -27.449104
v 0.224986 -5.338688 -54.739464
v 2.046156 -5.364841 -54.615295
v 40.932022 -6.337229 -27.981571
v 42.929855 -6.583509 -27.992449
v 44.879402 -6.777948 -27.951075
v 56.362328 -7.297137 -27.247656
v 58.188721 -7.260809 -27.129936
v -33.599873 -7.132229 -29.183931
v -22.549042 -7.976711 -28.335438
v -20.518677 -7.996662 -28.169022
v -18.482763 -7.875249 -27.995544
v -7.295322 -7.139276 -27.551893
v -5.371477 -6.971860 -27.519123
v -3.498338 -6.769056 -27.510826
v 7.574433 -5.864265 -27.998413
v 9.477350 -5.750125 -28.089037
v 11.419154 -5.674893 -28.236475
v 22.562302 -5.223313 -28.912117
v 24.475101 -5.193374 -28.953922
v 26.389606 -5.136996 -29.006605
v 37.197128 -5.496589 -29.628212
v 39.040661 -5.787196 -29.720585
v 40.963547 -6.039608 -29.797329
v 52.585625 -7.010477 -29.555264
v 54.521267 -7.116418 -29.464684
v 56.349449 -7.124886 -29.314243
v -26.476517 -7.657864 -30.902252
v -24.548206 -7.779649 -30.737007
v -22.593140 -7.913707 -30.497093
v -11.037348 -7.289910 -29.752884
v -9.180363 -7.215429 -29.725899
v -7.275305 -7.133276 -29.651363
v 3.972952 -6.026066 -29.738621
v 5.766882 -5.812440 -29.848597
v 7.574480 -5.775915 -29.975267
v 18.741182 -5.015869 -30.662718
v 20.609509 -5.043172 -30.676975
v 22.473511 -4.992570 -30.696239
v 33.665939 -4.982531 -31.161058
v 35.454086 -5.073295 -31.322922
v 37.190380 -5.277461 -31.435396
v 18.644976 -5.233973 -59.696571
v 20.534296 -5.190655 -59.585320
v -29.896870 -3.976796 -57.322845
v 48.720066 -6.535384 -31.681093
v 50.646740 -6.657608 -31.631037
v 52.559906 -6.827561 -31.542625
v -29.996304 -6.963020 -33.233955
v -28.316204 -7.117302 -33.165424
v -26.476677 -7.381812 -33.060966
v -14.611828 -7.538397 -31.979479
v -12.796518 -7.370603 -31.915512
v -10.965158 -7.268946 -31.858227
v 3.980170 -5.257940 -60.307617
v 5.806965 -5.183958 -60.301994
v 48.788528 -3.133744 -55.119400
v 0.276657 -6.379145 -31.695724
v 2.125272 -6.163819 -31.689528
v 3.984818 -6.002364 -31.705933
v 15.181912 -5.057372 -32.221645
v 17.001987 -4.830348 -32.316029
v 18.709341 -4.743923 -32.454342
v 37.743134 -4.735866 -64.365486
v 39.564140 -4.516435 -64.338089
v -11.116636 -5.270904 -62.672577
v 30.022835 -4.868843 -32.654346
v 31.874487 -4.801754 -32.732719
v 33.672760 -4.856412 -32.867802
v 44.860836 -6.027293 -33.585316
v 46.782837 -6.152551 -33.573643
v 48.681423 -6.328787 -33.571819
v -33.593342 -6.603150 -35.399933
v -31.776226 -6.657312 -35.312065
v -29.958065 -6.702121 -35.271446
v 22.342474 -4.977308 -65.050346
v 24.058418 -4.969131 -65.007545
v -26.010532 -3.998857 -62.518219
v -18.572155 -7.916903 -34.429646
v -16.503141 -7.774393 -34.225098
v -14.562481 -7.532307 -34.075516
v -3.392963 -6.645771 -33.823204
v -1.560481 -6.438867 -33.754070
v 0.258922 -6.279382 -33.703156
v 11.428315 -5.335398 -33.901680
v 13.339309 -5.083362 -33.950630
v 15.132514 -4.895432 -34.000275
v 26.138847 -4.816689 -34.301804
v 28.031467 -4.854018 -34.308422
v 29.955544 -4.854147 -34.354298
v 56.888142 -3.211603 -64.262314
v 57.546505 -2.879984 -66.011620
v 41.007332 -5.337004 -35.352646
v 42.874599 -5.582679 -35.429893
v 44.814358 -5.819436 -35.475487
v 56.357426 -6.542886 -35.408497
v 58.169544 -6.603150 -35.399933
v -33.568592 -6.368374 -37.361794
v -22.677029 -7.379552 -36.935448
v -20.691708 -7.610623 -36.823612
v -18.616758 -7.748665 -36.679081
v -7.124788 -6.840944 -36.018448
v -5.273188 -6.692982 -35.903976
v -3.408609 -6.549358 -35.778000
v 7.768030 -5.447590 -35.636631
v 9.513077 -5.277026 -35.701794
v 11.393715 -5.190438 -35.757683
v 22.202755 -4.674833 -36.017250
v 24.123089 -4.765980 -36.036331
v 26.043823 -4.806618 -36.048172
v 37.418499 -4.872766 -36.745132
v 39.240921 -4.986011 -36.962147
v 41.046551 -5.081716 -37.129601
v -33.814808 -3.707746 -57.143204
v -33.823193 -3.714508 -58.611801
v 52.568737 -6.199885 -37.425880
v 54.536030 -6.251299 -37.374371
v 56.367077 -6.322789 -37.364449
v -26.462196 -6.694183 -39.122272
v -24.575432 -6.980339 -39.064301
v -22.629288 -7.179358 -38.990692
v -10.741020 -7.073561 -38.140991
v -8.894707 -6.880615 -38.052303
v -7.079107 -6.659990 -37.979279
v 4.058035 -5.908252 -37.589886
v 5.921144 -5.659671 -37.537811
v 7.746960 -5.390981 -37.475090
v 18.595062 -4.423577 -37.556377
v 20.338936 -4.475174 -37.644150
v 22.149923 -4.561126 -37.743805
v 33.690918 -5.004826 -38.201553
v 35.674988 -4.923289 -38.325974
v 37.524357 -4.806066 -38.486526
v 48.637516 -5.652431 -39.313538
v 50.576298 -5.842401 -39.358135
v 52.521957 -6.015782 -39.338543
v 48.802448 -3.134059 -59.464134
v 50.485527 -3.070189 -59.603661
v 0.243423 -5.345970 -56.589188
v -29.938145 -5.961763 -41.177917
v -28.234863 -6.144747 -41.155647
v -26.414078 -6.426315 -41.143967
v -14.587683 -7.152051 -40.660545
v -12.653349 -7.033539 -40.507545
v -10.759418 -6.909078 -40.316345
v 0.320948 -6.217111 -39.671646
v 2.201104 -5.975280 -39.622063
v 4.008002 -5.775233 -39.518486
v 33.782013 -4.821383 -58.974831
v 35.811577 -4.604567 -59.010712
v -14.899214 -5.261627 -55.773994
v -14.999304 -5.097523 -57.411911
v 14.991652 -4.729088 -39.170059
v 16.812092 -4.576941 -39.161278
v 18.571999 -4.463049 -39.172234
v 29.812620 -4.863922 -39.837879
v 31.755451 -4.840363 -39.965237
v 33.672318 -4.902489 -40.085365
v 18.633121 -5.217556 -61.600021
v 44.840260 -5.104263 -40.941856
v 46.736870 -5.283559 -41.046833
v 48.660484 -5.442620 -41.141708
v -33.479252 -5.723897 -43.147835
v -31.715565 -5.738656 -43.114754
v -29.940598 -5.762363 -43.089111
v -18.545101 -6.807871 -42.924019
v -16.592672 -6.844250 -42.803776
v -14.591646 -6.800663 -42.659073
v 52.316425 -3.944398 -64.804108
v 54.214909 -3.943731 -64.963409
v 4.026898 -5.140762 -62.136902
v -3.381363 -6.283053 -41.771923
v -1.534931 -6.163957 -41.754261
v 0.335157 -6.036629 -41.693169
v 11.247006 -5.066589 -40.975368
v 13.119803 -5.002728 -40.920685
v 14.957642 -4.785851 -40.910347
v 25.953718 -4.627329 -41.298599
v 27.853342 -4.687524 -41.441917
v 29.838854 -4.725637 -41.636124
v 41.174469 -4.728964 -42.462963
v 43.013653 -4.831167 -42.629471
v 44.871971 -4.979734 -42.779003
v 56.368862 -5.660392 -43.164352
v 58.283634 -5.723897 -43.147835
v -33.471745 -5.419489 -45.107651
v -22.479565 -6.293236 -45.000973
v -20.517384 -6.454145 -44.972549
v -18.547684 -6.491725 -44.855793
v -7.072563 -6.343556 -43.954884
v -5.208054 -6.260699 -43.854744
v -3.328655 -6.148180 -43.775730
v 7.542900 -5.463917 -42.995224
v 9.446801 -5.298812 -42.851860
v 11.217422 -5.141413 -42.786606
v 22.187168 -4.634581 -42.746727
v 24.018501 -4.743544 -42.897209
v 25.989296 -4.741914 -43.025581
v 37.583397 -4.570972 -43.963089
v 39.375854 -4.506825 -44.078026
v 41.218063 -4.577873 -44.258286
v 52.548019 -5.217243 -45.162003
v 54.418076 -5.312569 -45.143402
v 56.341454 -5.376165 -45.077904
v -26.278046 -5.795961 -46.851891
v -24.304409 -5.932446 -46.900520
v -22.397041 -5.986856 -46.881573
v -10.792725 -6.322676 -46.117344
v -8.900167 -6.220359 -46.060360
v -7.075758 -6.170512 -45.957714
v 3.845132 -5.485934 -45.288940
v 5.589203 -5.463773 -45.115028
v 7.425359 -5.528243 -44.913101
v 18.521664 -4.994503 -44.445724
v 20.406010 -4.908281 -44.516876
v 22.239269 -4.823723 -44.593231
v 58.774940 -2.882615 -65.001389
v 33.694794 -4.465698 -45.386631
v 35.631210 -4.489767 -45.577606
v 37.571892 -4.413013 -45.754997
v 48.730309 -4.654774 -46.805321
v 50.634899 -4.740881 -46.921951
v 52.499722 -4.791656 -46.945038
v -29.914661 -5.041842 -48.735355
v -28.179825 -5.316939 -48.762825
v -26.192749 -5.553023 -48.800392
v -13.166054 -5.073328 -62.808327
v 29.795704 -4.840965 -55.604820
v -14.799368 -6.170433 -48.331245
v -12.764086 -6.281312 -48.173729
v -10.736315 -6.199831 -48.071236
v -31.842834 -3.926908 -57.224960
v 0.382751 -5.566118 -47.351135
v 2.124098 -5.355536 -47.263596
v 3.763195 -5.325106 -47.142738
v 14.791888 -5.204896 -46.277306
v 16.635159 -5.227710 -46.299473
v 18.571400 -5.147075 -46.356274
v -27.872040 -4.000867 -62.397110
v 15.031195 -5.565259 -56.119888
v 29.867718 -4.576239 -46.790726
v 31.826452 -4.516873 -46.933296
v 33.746605 -4.416476 -47.103115
v 45.025803 -4.198478 -48.247990
v 46.862854 -4.292398 -48.406906
v 48.752605 -4.355706 -48.555168
v 48.772514 -3.435493 -61.061920
v -31.757748 -4.802997 -50.520241
v -29.895397 -4.841103 -50.570034
v -16.741945 -5.823013 -50.286579
v -14.815037 -5.970479 -50.163116
v -1.500776 -5.586804 -49.374474
v 0.345555 -5.495844 -49.218803
v 33.789795 -5.063599 -60.801460
v 12.951821 -5.441153 -48.322861
v 14.811815 -5.411899 -48.243652
v 27.884689 -4.727227 -48.469208
v 29.873617 -4.674911 -48.528282
v 43.243210 -3.930538 -49.750137
v 45.054268 -3.928094 -49.974594
v -12.878454 -5.415411 -55.601456
v -17.036682 -3.790039 16.909975
v -1.509365 -4.902895 16.639795
v 43.395401 -3.574808 -57.678070
v 13.430778 -5.615462 17.227160
v 27.895874 -5.209590 17.679419
v 43.227982 -4.674681 18.484594
v 58.301991 -3.707746 18.077913
v -20.753674 -3.387815 15.630159
v -5.353285 -4.748679 14.755686
v 9.505358 -5.573853 15.066141
v 24.262192 -5.338688 15.674173
v 39.386387 -5.261627 16.708704
v 54.019115 -3.434481 -59.934486
v 54.355076 -4.132223 16.664251
v -24.281059 -3.456779 14.574190
v 16.784927 -5.113579 -63.498924
v -9.378822 -4.439066 13.138666
v 39.655991 -4.121737 -59.127121
v 5.782115 -5.165929 13.124834
v 20.668362 -5.225023 13.553640
v 35.266655 -5.621246 14.583014
v 50.656582 -4.584758 15.142290
v -27.857262 -3.995496 13.158186
v 58.125031 -3.979628 -65.414078
v -13.146980 -3.971926 11.743000
v 2.131297 -5.014339 11.164812
v 17.261356 -5.468056 11.499178
v 31.555374 -5.635999 12.518309
v 35.868263 -4.788246 -60.839073
v 46.891617 -5.143326 13.426485
v -31.696655 -4.633062 11.421576
v -16.888416 -3.995083 10.471397
v -1.531112 -4.705487 9.410114
v 13.384899 -5.496567 9.343967
v 27.820671 -5.667766 10.423958
v 43.121777 -5.705800 11.384628
v 58.110279 -4.757287 11.440119
v -20.538628 -4.198478 9.182705
v -29.727730 -3.943731 25.898130
v -31.767262 -4.570356 -52.303406
v -15.076963 -4.516435 25.272806
v -16.806904 -5.697837 -52.184731
v 0.428758 -4.969131 25.942266
v -1.520240 -5.450527 -51.194744
v 14.940803 -5.035673 26.422155
v 12.952262 -5.521721 -50.258072
v 29.599796 -5.307902 27.061163
v 27.868721 -4.743786 -50.302299
v -9.139006 -5.325759 -62.478943
v 45.086147 -4.081317 27.290445
v 43.299915 -3.739913 -51.388741
v -32.237408 -3.286204 25.022673
v -16.960606 -4.212050 23.581961
v -24.190170 -4.026211 -62.599274
v -1.430408 -5.062483 23.956381
v 13.176507 -5.045806 24.620539
v 5.540860 -5.336865 -54.429909
v 27.744255 -5.243645 25.103891
v 43.253899 -4.308753 25.512854
v 58.962292 -2.935672 26.113951
v -20.662575 -3.684714 21.863974
v -5.162580 -5.055248 21.830896
v 9.564629 -5.118552 22.758554
v 24.118950 -5.046080 23.218382
v 39.541847 -4.815565 23.755087
v 54.261723 -4.055753 23.175684
v -24.315277 -3.134058 20.398844
v 24.199100 -4.870450 -52.042603
v -9.294830 -4.821383 19.909552
v 5.842201 -5.233973 20.631289
v 20.507006 -5.257940 21.242338
v 35.493107 -5.319032 21.737051
v 50.509529 -4.066683 21.704550
v -27.728264 -3.108194 19.214918
v -13.272810 -4.215644 18.328272
v 2.131310 -5.006350 18.587317
v 16.930813 -5.345520 19.279234
v 31.567850 -5.298971 19.610922
v 46.835815 -4.172494 20.187967
v -31.517365 -3.626898 17.980341
v 5.892115 -4.423577 -1.508911
v 20.429142 -5.908252 -1.475401
v 35.228188 -7.073561 -0.924297
v 50.949371 -6.694185 0.056984
v -28.081562 -6.199888 -1.639408
v -12.931326 -4.872766 -2.320152
v 2.284419 -4.674836 -3.048037
v 16.719143 -5.447587 -3.428658
v 31.611967 -6.840944 -3.046839
v 35.789391 -4.281409 -53.919609
v 47.164204 -7.379552 -2.129837
v -31.870243 -6.542887 -3.656790
v -16.520151 -5.337004 -3.712643
v 20.472233 -5.076628 -53.931931
v -1.651670 -4.816689 -4.763483
v 13.058862 -5.335398 -5.163608
v 27.880138 -6.645774 -5.242080
v 43.059330 -7.916903 -4.635644
v 58.080517 -6.603150 -3.665356
v -20.373661 -6.027293 -5.479971
v -5.535660 -4.868843 -6.410940
v 9.305264 -5.057372 -6.843641
v 24.210522 -6.379145 -7.369563
v 39.098999 -7.538397 -7.085807
v 54.483482 -6.963022 -5.831332
v -24.232895 -6.535386 -7.384190
v -9.178759 -4.982529 -7.904225
v 5.745995 -5.015869 -8.402566
v 20.514225 -6.026066 -9.326664
v 35.524521 -7.289910 -9.312399
v 50.963692 -7.657864 -8.163031
v -28.098450 -7.010477 -9.510023
v -12.709951 -5.496589 -9.437076
v 1.924872 -5.223313 -10.153168
v -5.380541 -4.576239 7.725443
v 9.695289 -5.204896 7.212023
v 24.104427 -5.566118 8.285851
v -27.937969 -4.046498 -57.393227
v 39.286541 -6.170433 9.265959
v 54.401840 -5.041844 9.670071
v -24.243137 -4.654774 7.740036
v 50.522923 -3.157043 -55.237656
v -9.207613 -4.465698 6.321348
v 5.965513 -4.994503 5.380444
v 20.642044 -5.485934 6.223656
v 35.279900 -6.322676 7.052061
v 50.765221 -5.795961 7.786610
v -28.060848 -5.217243 6.096720
v -13.096222 -4.570972 4.897806
v 2.300007 -4.634581 3.681444
v 16.944275 -5.463915 3.929939
v 31.559742 -6.343556 4.889601
v 46.966743 -6.293236 5.935688
v -31.881687 -5.660392 4.099066
v -16.687290 -4.728964 3.397673
v -1.466541 -4.627329 2.233311
v 13.240170 -5.066589 1.910078
v 27.868538 -6.283053 2.706633
v 43.032280 -6.807871 3.858723
v 57.966431 -5.723897 4.082544
v -20.353085 -5.104263 1.876564
v -5.325445 -4.863922 0.772589
v 9.495526 -4.729088 0.104767
v 24.166229 -6.217111 0.606358
v 39.074860 -7.152051 1.595261
v 2.076625 -5.352166 -56.522499
v 54.425323 -5.961763 2.112629
v -24.150345 -5.652431 0.248255
v -9.203737 -5.004826 -0.863733
v -12.961552 -5.338242 -57.263741
v 28.218777 -5.948223 -21.808586
v 43.071724 -7.450898 -21.683765
v 58.132614 -7.526907 -20.616362
v -20.482922 -7.702899 -21.622852
v -5.483433 -6.499840 -21.210514
v 20.542625 -5.150535 -61.505859
v 9.491351 -5.722665 -22.160210
v 24.549458 -5.712423 -23.380749
v 39.022980 -6.700606 -24.050270
v 54.595482 -7.735180 -23.107275
v -24.441555 -8.081966 -24.131701
v -9.262062 -7.064188 -23.292170
v -13.172886 -4.922952 -64.605896
v 5.700366 -5.949348 -23.982159
v 20.784451 -5.551468 -24.964512
v 35.411568 -5.672462 -25.900656
v 50.720013 -7.457509 -25.621452
v -28.345379 -7.666776 -26.719263
v 2.165966 -5.073276 -63.983971
v 46.910870 -3.801917 -62.757538
v -12.918442 -7.196051 -25.526236
v 2.011487 -6.098137 -25.743988
v 16.946503 -5.470151 -26.712120
v 31.906120 -5.183560 -27.562963
v 5.838947 -5.045955 -62.054070
v 46.868748 -6.952455 -27.863022
v -31.852936 -7.220265 -29.081070
v -16.524263 -7.657001 -27.843025
v 31.820366 -4.768492 -55.578659
v -1.601733 -6.594330 -27.550442
v 13.328824 -5.451008 -28.398994
v 28.264847 -5.065840 -29.064957
v 16.886791 -5.389705 -55.975204
v -27.916977 -3.973164 -64.240150
v 42.912186 -6.264281 -29.847630
v 58.163013 -7.132229 -29.183931
v -20.542763 -7.933857 -30.270237
v -5.342224 -6.988936 -29.635590
v 9.495255 -5.716833 -30.055656
v 24.377579 -5.042750 -30.723736
v 16.912741 -5.864265 -11.066873
v 31.782499 -7.139276 -11.513394
v 9.165367 -5.631425 -52.423927
v -8.912918 -5.350460 -55.341454
v 47.036217 -7.976711 -10.729848
v -31.875153 -7.297137 -11.817630
v -16.444843 -6.337227 -11.083714
v -1.981081 -5.283596 -11.861429
v 13.118150 -5.753764 -12.798162
v 28.031498 -6.675108 -13.636021
v -24.208210 -4.421356 -55.961067
v 42.954002 -7.876138 -13.228701
v 58.061340 -7.260809 -11.935350
v -20.424435 -7.163962 -13.100804
v 31.680500 -5.227046 -62.738091
v -5.630592 -5.460357 -13.366711
v 9.378197 -5.622347 -14.448812
v 24.348442 -6.262097 -15.447124
v 39.208496 -7.363696 -15.531517
v 54.598976 -7.586871 -14.389013
v -24.379318 -7.611172 -15.471681
v -31.858963 -3.877908 -58.779671
v -5.224562 -5.440262 -53.346634
v -9.261948 -5.807025 -15.060951
v 5.583269 -5.688197 -16.135798
v 20.712444 -6.058973 -17.233221
v 47.049427 -3.155634 -56.378242
v 35.590233 -6.944570 -17.889351
v 50.943596 -7.888615 -16.905262
v -28.247463 -7.864035 -18.022894
v 54.170815 -3.823891 -53.987602
v -12.696331 -6.695907 -16.965225
v 39.543900 -3.882819 -52.535866
v 1.895355 -5.742146 -17.734200
v 16.884623 -5.823477 -18.937099
v 31.915979 -6.423354 -20.022331
v 46.877136 -7.701044 -19.313969
v -31.881725 -7.603796 -20.507904
v -16.631863 -7.465998 -19.410273
v -1.892330 -6.076962 -19.384949
v 13.145381 -5.638763 -20.542816
v 50.576214 -5.586442 -41.204384
v -28.200352 -5.965101 -43.073635
v -16.953602 -4.336865 -66.462318
v -12.685654 -6.686641 -42.487419
v 2.169692 -5.838240 -41.563202
v 16.710131 -4.689966 -40.862762
v -33.122456 -2.933082 -66.484909
v 31.752920 -4.712172 -41.788368
v -20.565075 -4.913830 -54.255661
v 46.757549 -5.138947 -42.914917
v -31.721237 -5.506276 -45.026093
v -16.612921 -6.535393 -44.709717
v 58.082123 -4.513403 -52.298447
v -1.481629 -5.967888 -43.685074
v 13.091398 -5.049255 -42.767269
v -1.525806 -5.299432 -58.535469
v 27.908730 -4.724294 -43.194107
v 43.074375 -4.640897 -44.474476
v 58.291142 -5.419489 -45.107651
v -16.925644 -4.758986 -59.261993
v -20.498577 -6.079019 -46.856995
v -5.189199 -6.115733 -45.820450
v 9.369058 -5.431981 -44.712608
v 24.104111 -4.787744 -44.746475
v 39.377541 -4.418631 -45.921967
v 54.329384 -4.970603 -46.920330
v -24.273163 -5.622286 -48.806328
v -8.861214 -6.003825 -47.965790
v 50.485886 -3.337171 -61.143745
v 5.530656 -5.396978 -46.968193
v -5.182144 -5.331870 -60.462059
v 20.433220 -5.005393 -46.395691
v 35.683571 -4.382033 -47.306572
v 50.603455 -4.427787 -48.626644
v -20.561852 -4.208447 -60.984924
v -28.117519 -5.073181 -50.643005
v -12.741623 -6.069198 -50.088608
v 13.105201 -4.943583 -65.381172
v 2.114512 -5.307474 -49.050953
v 16.715630 -5.342580 -48.267181
v 31.849106 -4.551387 -48.612190
v -1.366448 -5.091249 -65.906212
v 46.889023 -4.002374 -50.150742
v 39.051468 -5.586206 -31.522915
v 54.516113 -6.897182 -31.469547
v -24.607822 -7.563148 -32.873016
v -9.150618 -7.190854 -31.814129
v 5.842220 -5.781550 -31.765089
v 27.844864 -4.867543 -57.464317
v 20.461258 -4.817495 -32.509560
v 35.486710 -4.898319 -33.022846
v 50.617771 -6.499781 -33.501842
v 13.057389 -5.496194 -58.271324
v -28.265575 -6.837728 -35.218040
v -12.719688 -7.335633 -34.004936
v 2.119520 -6.127936 -33.642262
v 16.981552 -4.757848 -34.046818
v 31.828606 -4.844476 -34.426838
v 46.764324 -5.995671 -35.498043
v -31.764332 -6.426857 -37.308613
v -16.553186 -7.709491 -36.463287
v -1.562599 -6.352866 -35.696445
v 24.140854 -4.929715 -59.411064
v 13.280453 -5.001562 -35.748436
v 27.947636 -4.879233 -36.094044
v 42.860214 -5.350996 -37.271278
v 9.390796 -5.151578 -60.199081
v 58.194294 -6.368374 -37.361794
v -20.641815 -7.356585 -38.916679
v 43.227665 -4.175823 -64.409798
v -5.296997 -6.580242 -37.916023
v 9.532932 -5.208299 -37.462463
v 24.042366 -4.718054 -37.803978
v 27.697735 -5.175371 -64.800690
v 39.299126 -4.785671 -38.700089
v 54.526554 -6.119102 -39.310966
v -24.532494 -6.669540 -41.141708
v -8.897432 -6.750710 -40.130268
v 5.857537 -5.606133 -39.380695
v 20.353676 -4.451777 -39.292965
v 57.939690 -3.714508 -58.611801
v 35.678314 -4.857074 -40.189064
v -3.452747 -4.649370 7.661406
v 11.485314 -5.307880 7.279495
v 25.949390 -5.754979 8.430365
v 41.194416 -6.006848 9.397934
v -26.095222 -4.068540 -57.491066
v 56.234898 -5.009066 9.635822
v -22.349098 -4.559448 7.600023
v -7.321756 -4.521493 6.145533
v 52.276604 -3.309423 -55.398788
v 7.871415 -5.024005 5.365410
v 22.376022 -5.564528 6.359930
v -7.133211 -5.413631 -62.374336
v 37.234070 -6.362146 7.143436
v 52.651566 -5.537535 7.802586
v -26.150726 -5.182234 6.031029
v -22.377838 -4.131393 -62.672310
v -11.124220 -4.647823 4.781672
v 4.084757 -4.740669 3.595348
v 18.776423 -5.550898 4.131023
v 33.415909 -6.402706 5.031483
v 48.871502 -6.180044 5.892473
v -29.980335 -5.631618 4.126793
v -14.868713 -4.632031 3.264692
v 0.482687 -4.596980 2.096975
v 14.991363 -5.209221 1.971394
v 29.725904 -6.370445 2.791195
v 45.023994 -6.804317 3.935783
v -33.781075 -5.873195 2.140369
v -18.477005 -4.941439 1.730509
v -3.344740 -4.733308 0.669367
v 11.326770 -4.863570 0.089380
v 26.084126 -6.320081 0.673931
v 41.080894 -7.198903 1.724295
v 56.210014 -5.942254 2.129490
v 3.836994 -5.357911 -56.444374
v -22.249592 -5.452650 0.192417
v -7.238602 -4.908747 -0.994576
v 7.599982 -4.550991 -1.553701
v -10.872210 -5.371384 -57.107338
v 22.320499 -6.148268 -1.435909
v 37.097366 -7.310706 -0.745506
v 22.342197 -5.045802 -61.379562
v 52.730465 -6.437580 0.151255
v -26.113491 -6.082310 -1.610121
v -11.142977 -4.904354 -2.577278
v 7.617609 -5.061157 -61.987633
v 4.141809 -4.572770 -3.142872
v 18.551355 -5.767521 -3.451342
v 33.475513 -6.953138 -3.029453
v 49.110016 -7.144168 -2.046747
v -30.052094 -6.473209 -3.592769
v -14.688246 -5.162906 -3.872153
v 0.232004 -4.869559 -4.773396
v 14.993017 -5.429002 -5.203551
v 29.743483 -6.858222 -5.162267
v 45.160480 -7.841849 -4.397305
v -33.704472 -6.846608 -5.720130
v -18.402287 -5.840816 -5.484788
v -3.637222 -4.888250 -6.480042
v 11.146307 -5.237013 -6.938693
v 26.063240 -6.534482 -7.340834
v 41.013435 -7.732720 -7.011567
v 56.278435 -6.887365 -5.797332
v -22.308731 -6.348067 -7.330808
v 33.825249 -4.569027 -55.621933
v -7.399746 -4.924735 -8.040754
v 7.501145 -5.067212 -8.493110
v 22.395645 -6.209850 -9.392472
v 18.714949 -5.207999 -55.865074
v 37.340828 -7.383830 -9.286519
v 52.846157 -7.378176 -8.029689
v 52.229313 -3.410603 -61.296005
v -26.200817 -6.926526 -9.404176
v -10.949942 -5.298670 -9.535633
v 3.799845 -5.246807 -10.191535
v 37.765156 -4.454513 -60.881470
v -27.829250 -3.944398 25.738817
v -29.848473 -4.595849 -52.366982
v -13.255966 -4.735864 25.300196
v -14.814505 -5.875710 -52.056015
v 2.144700 -4.977308 25.985064
v 0.296397 -5.385168 -51.033920
v 16.802361 -5.048656 26.454359
v 14.837137 -5.528171 -50.205536
v 31.627655 -5.404962 27.136362
v 29.842253 -4.696377 -50.332745
v 46.868240 -3.954871 27.260340
v 45.118668 -3.645075 -51.608871
v -29.913353 -3.630683 24.419428
v -15.103563 -4.411592 23.560320
v 0.379803 -5.031478 24.054766
v 14.996689 -5.062957 24.654745
v 29.655550 -5.322651 25.164755
v 45.059818 -4.177795 25.466433
v -33.444511 -3.959779 22.840342
v -18.819250 -3.844556 21.862268
v -3.294186 -4.994823 21.938944
v 11.391249 -5.113557 22.850615
v 25.838427 -5.173558 23.245939
v 41.456886 -4.640493 23.740522
v 56.521156 -3.848230 23.279379
v -22.529861 -3.310920 20.299730
v -7.224846 -4.920677 19.967009
v 7.685577 -5.248366 20.787943
v 22.379313 -5.236825 21.290514
v -11.206841 -5.149070 -64.517746
v 37.583252 -5.214161 21.877367
v 52.413422 -4.030490 21.568968
v -26.020313 -2.992592 19.134398
v -26.029758 -3.982900 -64.335556
v -11.278793 -4.445250 18.283800
v 3.952753 -5.143970 18.626989
v 18.760336 -5.405290 19.320749
v 33.446907 -5.350637 19.748243
v 48.689644 -4.154878 20.116472
v -29.545593 -3.349937 17.884790
v -15.120176 -3.978394 16.820406
v 0.325413 -4.954683 16.642141
v 15.259245 -5.484399 17.295858
v 29.680517 -5.231909 17.769899
v 45.087402 -4.482292 18.534266
v -29.887230 -3.903310 -58.847145
v -33.507114 -3.934404 16.625303
v -18.909679 -3.586063 15.428091
v -3.404696 -4.829422 14.748026
v -18.761259 -5.168094 -54.208130
v 11.483854 -5.660884 15.086493
v -33.841648 -3.837846 -60.186928
v 26.076897 -5.298720 15.791651
v 41.350822 -5.074073 16.825014
v -33.714176 -4.274970 -54.040184
v 56.302711 -4.091555 16.602915
v -22.464096 -3.428382 14.335970
v -7.356110 -4.623219 13.088346
v 7.606314 -5.430607 13.133360
v 22.403908 -5.340882 13.651552
v 37.270042 -5.686003 14.780142
v 18.641535 -5.126688 -63.409653
v 52.486435 -4.405136 15.078787
v -15.065578 -5.062525 -59.184906
v -26.078167 -3.866409 13.061594
v -11.338655 -4.164353 11.581053
v 4.005774 -5.090015 -63.910942
v 3.998571 -5.139508 11.204348
v 19.021481 -5.288799 11.651001
v 33.395355 -5.644087 12.649096
v 48.721138 -5.033356 13.426378
v 45.250912 -3.364290 -57.765602
v -29.733280 -4.510827 11.432585
v -14.983320 -4.032737 10.287992
v 0.267563 -4.831056 9.363956
v 15.320656 -5.518877 9.472893
v 29.695137 -5.727354 10.527895
v 45.005016 -5.610867 11.472225
v -33.689457 -4.917925 9.595169
v -18.710855 -4.186886 9.034599
v 40.978210 -5.828197 -31.636951
v 56.348465 -6.949390 -31.360371
v 11.085060 -5.634714 -52.326118
v -22.678753 -7.824749 -32.661308
v -7.236849 -7.166773 -31.788311
v 7.634071 -5.642632 -31.900656
v -3.364171 -5.438145 -53.195671
v 22.347599 -4.957661 -32.432674
v 37.192425 -5.121171 -33.190659
v 52.571419 -6.644926 -33.491489
v -26.494118 -7.091000 -35.136993
v -10.894669 -7.218390 -33.998516
v 3.990830 -5.986234 -33.638039
v 48.713097 -3.727466 -62.824188
v 18.714478 -4.546727 -34.132820
v 33.696030 -4.848523 -34.538521
v 48.660301 -6.157188 -35.501377
v 33.757370 -5.144490 -62.679733
v -29.969486 -6.491373 -37.279282
v -14.573997 -7.577483 -36.240574
v 0.226292 -6.241109 -35.619980
v 15.099644 -4.833235 -35.759888
v 29.909538 -4.883990 -36.159798
v 44.824650 -5.588233 -37.369789
v -33.524395 -6.117458 -39.332726
v -18.614138 -7.451985 -38.817123
v -3.433208 -6.511662 -37.817097
v 11.384094 -5.029650 -37.493965
v 25.991638 -4.755941 -37.874855
v 41.083427 -4.906652 -38.881405
v 56.378586 -6.115486 -39.311859
v -22.608215 -6.917258 -41.058758
v 41.466953 -3.742918 -52.711220
v -7.055754 -6.608503 -39.982246
v 7.706899 -5.397867 -39.283539
v 22.148335 -4.479739 -39.419876
v 26.007286 -4.759403 -52.004883
v 37.533066 -4.771770 -40.321716
v 52.510426 -5.768039 -41.261459
v -26.347672 -6.192684 -43.064117
v -10.816978 -6.638824 -42.299438
v 3.939683 -5.707790 -41.408913
v 18.552765 -4.643781 -40.859016
v -15.076963 -4.516435 -66.490082
v 33.660461 -4.768886 -41.925823
v 48.664944 -5.307656 -43.000870
v -29.965603 -5.599403 -44.993362
v -29.727730 -3.943731 -65.864754
v -14.632950 -6.507334 -44.528988
v 0.326901 -5.845735 -43.593941
v 14.867973 -4.869476 -42.683624
v 29.892555 -4.659422 -43.361343
v 44.919399 -4.771855 -44.684841
v -33.521393 -5.096470 -46.898949
v -18.580818 -6.160312 -46.748825
v -3.323776 -5.995750 -45.690304
v 11.216391 -5.254470 -44.590683
v 26.009293 -4.752431 -44.893711
v 41.272369 -4.495335 -46.097233
v 56.285477 -5.082993 -46.895233
v -22.378296 -5.722171 -48.754581
v -7.069510 -5.954748 -47.868279
v -22.386051 -4.500127 -55.960442
v 7.333966 -5.458683 -46.847763
v 22.283020 -4.922436 -46.457207
v 37.607887 -4.251999 -47.499825
v 56.105022 -4.076791 -53.959747
v 52.434978 -4.521694 -48.673050
v -26.165829 -5.268639 -50.663761
v -3.313686 -5.312865 -60.424950
v -10.738573 -5.946278 -50.010971
v 3.739178 -5.265201 -48.933647
v 18.596582 -5.218344 -48.280930
v -18.804773 -4.379244 -61.052544
v 33.817162 -4.399529 -48.767788
v 14.940803 -5.035673 -65.340729
v 48.739643 -4.044870 -50.268299
v 18.798927 -5.873706 -11.167532
v 33.704891 -7.262747 -11.492824
v 0.428758 -4.969131 -65.820610
v 49.008411 -7.904241 -10.545053
v -30.047138 -7.334637 -11.645370
v -14.522041 -5.992231 -11.169423
v -0.031317 -5.379120 -11.940992
v 15.033786 -5.803626 -12.920573
v 29.874619 -6.907208 -13.667139
v 45.008102 -7.995839 -13.108158
v -33.691818 -7.430291 -14.071653
v -18.464031 -6.982198 -13.019907
v -3.790035 -5.379393 -13.507702
v 11.273772 -5.719721 -14.627941
v 14.978907 -5.435223 -58.111290
v 26.239403 -6.429861 -15.596972
v 41.051216 -7.534323 -15.462671
v 56.339649 -7.481253 -14.235291
v 7.320468 -5.504013 -54.454422
v -22.427307 -7.621618 -15.367208
v -7.498365 -5.785163 -15.118400
v 7.553222 -5.712676 -16.245798
v -7.048204 -5.312369 -55.196098
v 22.574795 -6.086905 -17.374859
v 37.321941 -7.095780 -17.744787
v 25.962502 -4.964585 -59.331451
v 52.807514 -7.664198 -16.674124
v -26.291702 -7.884844 -17.834953
v -10.917917 -6.296724 -16.957745
v 11.192227 -5.208139 -60.166641
v 3.714217 -5.703404 -17.835621
v 45.086147 -4.081317 -64.472443
v 18.823643 -5.899097 -19.113462
v 33.767555 -6.525065 -20.122803
v 48.824142 -7.879471 -19.188753
v 29.599796 -5.307902 -64.701721
v -30.143082 -7.718317 -20.423819
v -14.653740 -7.266401 -19.264444
v 0.024769 -6.066965 -19.516497
v 15.004004 -5.695052 -20.691195
v 30.102114 -6.069040 -21.949900
v 44.928719 -7.564347 -21.574722
v -33.595016 -7.505605 -22.790831
v -18.568762 -7.581933 -21.539856
v -3.671334 -6.333752 -21.319042
v 11.305919 -5.640422 -22.276325
v 29.765802 -4.860545 -57.425591
v 26.450935 -5.657436 -23.562788
v 40.938087 -7.066966 -24.012352
v 56.380630 -7.582129 -22.941883
v -22.431530 -7.988655 -23.927179
v 37.670174 -4.120692 -54.012749
v -7.350737 -6.931438 -23.250786
v 7.566717 -5.860497 -24.045170
v 22.618240 -5.512075 -25.138210
v 22.343002 -4.983219 -53.886200
v 37.148636 -6.008797 -26.014059
v 52.652699 -7.516458 -25.473354
v 56.026352 -3.650874 -60.142570
v -26.477558 -7.841974 -26.572605
v 48.779095 -3.048110 -56.525284
v -11.171652 -7.204247 -25.440065
v 0.283992 -5.295076 -58.517738
v 3.858870 -5.963889 -25.846355
v 41.502075 -3.885065 -59.183891
v 18.799202 -5.505005 -26.847572
v 33.651886 -5.313566 -27.629160
v 48.797970 -7.040915 -27.757881
v -30.131859 -7.312952 -28.980707
v -14.695250 -7.432386 -27.720840
v 0.273569 -6.303421 -27.582165
v 15.099735 -5.358977 -28.541168
v 30.100706 -5.020104 -29.145973
v 44.853428 -6.489372 -29.856197
v -33.589222 -7.008033 -31.259563
v -18.504366 -7.849709 -30.097185
v -3.454169 -6.799953 -29.642506
v 11.456753 -5.575696 -30.149307
v 26.320160 -4.999519 -30.768574
v 9.437814 -4.734880 -1.559494
v -1.554062 -5.378172 -53.030708
v 24.230381 -6.270837 -1.442245
v 39.086143 -7.464833 -0.566874
v 54.463573 -6.205248 0.214552
v -24.166557 -5.915938 -1.603771
v -13.255966 -4.735864 -66.462685
v 54.056999 -3.563203 -61.506866
v -9.197159 -4.959749 -2.762331
v 5.844732 -4.493072 -3.218540
v 58.048706 -4.274970 -54.040184
v 20.462803 -5.980639 -3.468994
v -27.829250 -3.944398 -66.024063
v 35.270428 -7.089901 -2.999104
v -16.836716 -5.430155 -54.119461
v 50.974899 -6.827868 -1.966747
v -28.109032 -6.464315 -3.569577
v -12.823187 -5.011788 -4.099891
v -31.784698 -4.333220 -54.026924
v 2.243091 -4.855613 -4.784117
v 16.777920 -5.524837 -5.288008
v 2.098658 -5.318169 -58.440659
v 31.662380 -7.042900 -5.114430
v 47.184750 -7.638717 -4.215240
v -31.865463 -6.761839 -5.668867
v -13.024462 -5.323313 -59.091507
v -16.510437 -5.594777 -5.561291
v -1.747114 -4.924008 -6.526426
v 13.043137 -5.452592 -7.009573
v 27.885792 -6.760099 -7.328128
v 43.000854 -7.905363 -6.862189
v 58.058407 -6.846608 -5.720130
v -20.396217 -6.222678 -7.345422
v -5.582521 -4.964318 -8.168305
v 9.349903 -5.180021 -8.678617
v -1.438841 -5.260059 -60.420799
v 24.212055 -6.386779 -9.438250
v 39.165558 -7.520232 -9.240061
v 54.547935 -7.175668 -7.958791
v -16.975634 -4.660295 -61.011803
v -24.270271 -6.797902 -9.303693
v -9.145414 -5.130682 -9.667088
v 16.802361 -5.048656 -65.308517
v 5.685396 -5.281510 -10.268469
v -1.549387 -4.713724 7.592649
v 5.835119 -5.069242 -63.834930
v 13.336964 -5.408839 7.419130
v 2.144700 -4.977308 -65.777824
v 27.831875 -5.852047 8.564985
v 43.094841 -5.925193 9.498898
v 58.073425 -4.917925 9.595169
v -20.504215 -4.458342 7.438585
v -5.400537 -4.594193 6.050247
v 9.693676 -4.982397 5.398548
v 31.784719 -4.804522 -57.365402
v 24.128025 -5.703306 6.441006
v 39.204346 -6.361393 7.325710
v 54.437111 -5.334629 7.860146
v 16.847734 -5.350637 -57.957016
v -24.195732 -5.051407 5.931831
v 24.130966 -5.016756 -61.233208
v -9.168995 -4.573967 4.642490
v 5.969783 -4.808713 3.566296
v 20.605612 -5.635996 4.295956
v 35.315727 -6.462926 5.152166
v 50.835548 -5.947018 5.900381
v -28.058983 -5.563571 4.103668
v -13.089653 -4.667960 3.080317
v 2.330645 -4.486058 2.000917
v 27.854269 -4.889385 -59.244133
v 16.836872 -5.433908 2.077559
v 31.549690 -6.449834 2.932379
v 47.065887 -6.620384 3.981251
v 13.060892 -5.262219 -60.099693
v -31.893616 -5.886254 2.174213
v -16.654047 -4.797267 1.554487
v 46.868240 -3.954871 -64.502541
v -1.472816 -4.663546 0.560223
v 13.155742 -5.019111 0.142214
v 27.930149 -6.345896 0.751154
v 31.627655 -5.404962 -64.626518
v 43.066952 -7.170119 1.836025
v 57.981808 -5.873195 2.140369
v -20.342152 -5.298573 0.124382
v -5.370279 -4.879926 -1.091225
v -13.230806 -4.156121 16.687738
v 2.141762 -5.062677 16.715910
v -31.872025 -3.920161 -60.424408
v 17.033602 -5.409579 17.321272
v 31.566523 -5.247498 17.854517
v 46.870747 -4.300954 18.521936
v 47.035450 -3.179288 -57.887444
v -31.567467 -3.797362 16.483740
v -17.013783 -3.770972 15.258627
v -1.498921 -4.869568 14.752478
v 13.427957 -5.629291 15.221788
v 43.351398 -3.592323 -52.923981
v 27.877285 -5.287995 15.936586
v 43.237541 -4.818094 16.857328
v 58.255768 -3.934404 16.625303
v -20.687263 -3.461118 14.081198
v -5.337896 -4.704622 13.020700
v 57.921238 -3.837846 -60.186928
v 9.601971 -5.581971 13.130762
v 24.249916 -5.394834 13.803045
v 39.327919 -5.616823 14.946173
v 43.373184 -3.690485 -59.252625
v 54.331242 -4.356617 15.030088
v -24.245201 -3.797061 12.909986
v -9.392418 -4.458866 11.421005
v 5.848671 -5.260857 11.185410
v 20.703350 -5.262568 11.740725
v 35.221317 -5.719989 12.748652
v 50.665405 -4.920924 13.452669
v -27.909088 -4.274581 11.373735
v -13.145721 -4.093479 10.115019
v 2.144386 -4.991018 9.281830
v 17.195015 -5.422986 9.620808
v 31.528419 -5.767922 10.662676
v 20.499773 -5.099850 -63.318787
v 46.901611 -5.448614 11.557629
v -31.740108 -4.857770 9.617411
v -16.840000 -4.197943 8.851280
v -25.986874 -3.890580 25.607477
v -28.049988 -4.705072 -52.473061
v -11.343145 -5.068052 25.368002
v -12.716322 -5.906404 -51.941505
v 3.994909 -5.046204 26.075228
v 2.068915 -5.295020 -50.884258
v 18.649073 -5.045367 26.543215
v 16.794193 -5.407179 -50.202885
v 33.763157 -5.336750 27.226343
v 31.837513 -4.638701 -50.382305
v 48.676727 -3.941785 27.207872
v 46.888695 -3.690903 -51.813789
v -27.855354 -3.692505 24.044462
v 39.625786 -4.243080 -60.891388
v -13.236727 -4.638733 23.563585
v -5.144573 -5.341972 -62.323303
v 2.164622 -5.046453 24.152220
v 16.830326 -5.068100 24.700289
v 31.645920 -5.368563 25.235434
v -20.543896 -4.197455 -62.706245
v 46.868629 -4.081715 25.421705
v -31.763512 -3.624366 22.913420
v -17.000555 -4.014130 21.861876
v -1.456801 -4.983151 22.069765
v 13.229456 -5.092237 22.870474
v 27.744505 -5.296464 23.244810
v 43.302391 -4.337020 23.676687
v 58.318375 -3.959779 22.840342
v -20.716526 -3.472082 20.249063
v -5.211727 -4.884501 20.080957
v 9.547131 -5.281573 20.935728
v 24.148470 -5.195608 21.347113
v 39.563538 -4.940462 21.953203
v -5.217600 -5.287168 -55.089554
v 54.323013 -4.009676 21.405474
v -24.319984 -3.056602 18.981405
v 9.202656 -5.572101 -54.409592
v -9.326143 -4.607153 18.249166
v 5.798256 -5.244636 18.734743
v 20.602219 -5.337316 19.314837
v 35.434387 -5.405495 19.902311
v 50.561291 -4.038899 19.978655
v -27.798248 -3.126022 17.786806
v 54.505093 -5.875067 -41.275181
v -24.470249 -6.360199 -43.041981
v -8.916899 -6.574947 -42.138283
v 5.787398 -5.600240 -41.278015
v 27.878315 -4.726609 -52.035385
v 20.395821 -4.532012 -40.934052
v 35.647820 -4.782858 -42.013145
v 50.599354 -5.458771 -43.084286
v -28.134018 -5.718860 -44.984802
v -12.735756 -6.459190 -44.352310
v 2.128547 -5.704855 -43.482368
v 16.653585 -4.854424 -42.624908
v 31.786921 -4.559501 -43.536964
v 39.596107 -3.960730 -54.149597
v 46.801254 -4.896884 -44.849384
v -31.734589 -5.243320 -46.888191
v -16.678553 -6.264524 -46.599960
v 24.153051 -4.878868 -53.868523
v -1.467075 -5.869083 -45.568054
v 13.052826 -5.080540 -44.521935
v 27.955128 -4.696947 -45.002594
v 43.172810 -4.464875 -46.293243
v 58.241486 -5.096470 -46.898949
v -20.504364 -5.795719 -48.664848
v -5.193832 -5.915497 -47.765236
v 9.255579 -5.506193 -46.661411
v 24.175995 -4.827227 -46.556995
v 39.433083 -4.206068 -47.691841
v 54.261829 -4.760781 -48.686626
v -24.242649 -5.327528 -50.656971
v -8.881308 -5.856778 -49.855728
v 5.491854 -5.378963 -48.844749
v 20.458462 -5.117821 -48.288300
v 35.752365 -4.252460 -48.997383
v 50.564117 -4.164924 -50.376785
v 42.904373 -6.057150 -31.677578
v 58.173656 -7.008033 -31.259563
v -20.603287 -7.971952 -32.424610
v -5.288986 -6.992016 -31.757572
v 9.496475 -5.566946 -31.996895
v 24.325069 -4.962766 -32.482346
v -24.227863 -4.215818 -57.527153
v 39.107342 -5.434019 -33.380310
v 54.511265 -6.700801 -33.470730
v -24.640377 -7.369450 -34.984177
v 54.115913 -3.507718 -55.500183
v -9.068777 -7.126192 -33.980717
v 5.904346 -5.778719 -33.671318
v 20.351818 -4.611023 -34.195194
v 35.521164 -4.872975 -34.718098
v 50.604946 -6.361122 -35.515617
v -28.220093 -6.625441 -37.172165
v -12.618851 -7.365057 -36.107174
v 2.127443 -6.160784 -35.574902
v 16.946022 -4.653511 -35.821808
v 31.767376 -4.875140 -36.227955
v 46.746258 -5.735936 -37.438248
v -31.746483 -6.176600 -39.279236
v -16.602787 -7.491095 -38.666061
v -1.582624 -6.377858 -37.678986
v 13.206804 -4.859855 -37.508938
v 27.876808 -4.844257 -37.936142
v 42.912727 -5.098007 -39.055389
v 58.238487 -6.117458 -39.332726
v -20.593277 -7.099837 -40.972656
v -5.237942 -6.439552 -39.888409
v 9.523022 -5.189650 -39.256851
v 24.007107 -4.603035 -39.539707
v 39.353142 -4.767815 -40.450073
v 5.648555 -5.432621 -56.357918
v 31.976177 -6.120558 -22.026075
v 46.903179 -7.731801 -21.451910
v -31.855610 -7.549952 -22.669153
v -8.921026 -5.264170 -56.994011
v -16.626862 -7.486756 -21.523222
v -1.848233 -6.309334 -21.402876
v 13.155472 -5.674013 -22.444405
v 28.267466 -5.672605 -23.714540
v 43.002594 -7.332994 -23.880722
v 58.167866 -7.505605 -22.790831
v -20.506058 -7.895049 -23.760555
v -5.427542 -6.755695 -23.238646
v 9.450747 -5.819665 -24.130735
v 24.545887 -5.550652 -25.262722
v 39.012314 -6.343722 -26.072002
v 54.566948 -7.556714 -25.316925
v -24.500278 -7.989478 -26.396687
v -9.244038 -7.168591 -25.400339
v 5.664763 -5.904298 -25.937891
v 20.762199 -5.484296 -26.925709
v 35.432487 -5.480025 -27.703316
v 50.704193 -7.158333 -27.681562
v -28.349834 -7.530736 -28.850578
v -12.921373 -7.329303 -27.622372
v 2.041633 -6.129944 -27.643499
v 16.959944 -5.329066 -28.666990
v 31.889975 -5.011204 -29.257210
v 35.780571 -4.381072 -55.647675
v 46.831688 -6.677803 -29.840582
v -9.195568 -5.302808 -64.397346
v -31.823185 -7.074067 -31.178631
v -16.541019 -7.675980 -29.944107
v 20.484417 -5.122423 -55.823242
v -1.581696 -6.608777 -29.648510
v 13.351587 -5.315469 -30.244526
v 28.180779 -4.973877 -30.820824
v 20.573956 -5.991076 -11.313688
v 35.603271 -7.298483 -11.465777
v 50.974960 -7.748248 -10.387798
v -28.126877 -7.250458 -11.496056
v 9.447088 -5.073797 -61.940414
v -12.705675 -5.684126 -11.249663
v 1.864558 -5.370167 -12.060376
v 16.923784 -5.882552 -13.048149
v 31.833817 -7.071658 -13.686211
v 46.981056 -8.009530 -12.902254
v -31.886047 -7.467040 -13.940218
v -24.194145 -4.021810 -64.420113
v -16.430309 -6.707191 -13.003616
v 50.506382 -3.673978 -62.939240
v -2.008637 -5.442498 -13.672555
v 13.156164 -5.751296 -14.813259
v 28.091808 -6.531699 -15.747576
v 35.795250 -4.918248 -62.644623
v 42.991440 -7.796238 -15.425467
v 58.071068 -7.430291 -14.071653
v -20.441032 -7.438605 -15.295021
v -5.626886 -5.749248 -15.230415
v 12.974929 -5.582869 -52.229622
v 9.438098 -5.682167 -16.418562
v 24.408243 -6.216315 -17.504114
v -27.947800 -3.988600 -58.961258
v 39.187630 -7.319286 -17.620852
v 54.578506 -7.609410 -16.516933
v -24.349018 -7.782787 -17.671474
v 50.515678 -3.102335 -56.707581
v -9.289705 -6.132842 -16.973106
v -20.563313 -4.648736 -55.927681
v 5.596570 -5.762859 -18.011528
v 20.755896 -5.943429 -19.291008
v 35.464348 -6.650614 -20.066811
v 50.859112 -7.882311 -18.996571
v -28.267399 -7.811383 -20.287857
v -12.751194 -7.005661 -19.151676
v 1.886115 -5.934969 -19.637947
v 16.920532 -5.775269 -20.870104
v 22.445541 -6.129944 -11.421787
v -15.076365 -4.940462 -61.018486
v 37.408546 -7.329303 -11.442916
v 18.649073 -5.045367 -65.219666
v 52.837009 -7.530736 -10.214708
v -26.217018 -7.158333 -11.383724
v -10.945312 -5.480025 -11.361970
v 3.994909 -5.046204 -65.687660
v 3.724977 -5.484296 -12.139580
v 18.822414 -5.904298 -13.127396
v 33.731216 -7.168591 -13.664948
v 48.987453 -7.989478 -12.668600
v -30.079769 -7.556711 -13.748358
v -14.525139 -6.343720 -12.993280
v -0.058711 -5.550652 -13.802561
v 15.036430 -5.819665 -14.934547
v 29.914721 -6.755695 -15.826636
v 44.993237 -7.895049 -15.304728
v -33.680687 -7.505605 -16.274456
v -18.515423 -7.332994 -15.184565
v -3.780291 -5.672605 -15.350747
v 11.331705 -5.674013 -16.620882
v 11.059220 -5.629291 -54.287071
v 26.335411 -6.309334 -17.662411
v 41.114037 -7.486756 -17.542065
v 56.342789 -7.549952 -16.396133
v -3.390106 -5.287995 -55.001877
v -22.416000 -7.731801 -17.613377
v -7.488998 -6.120558 -17.039211
v 29.698902 -4.884501 -59.146248
v 7.566640 -5.775269 -18.195181
v 22.601059 -5.934969 -19.427340
v 37.238369 -7.005661 -19.913610
v 14.940046 -5.281573 -60.001022
v 52.754574 -7.811383 -18.777430
v 48.676727 -3.941785 -64.555008
v -26.371941 -7.882311 -20.068716
v -10.977175 -6.650614 -18.998476
v 3.731281 -5.943429 -19.774279
v 33.763157 -5.336750 -64.536537
v 18.890606 -5.762859 -21.053759
v 33.776886 -6.132842 -22.092178
v 48.836185 -7.782787 -21.393812
v -30.091328 -7.609410 -22.548351
v -14.700451 -7.319286 -21.444435
v 0.078935 -6.216315 -21.561172
v 15.049078 -5.682167 -22.646725
v 30.114061 -5.749248 -23.834871
v 44.928207 -7.438605 -23.770266
v -33.583889 -7.430291 -24.993629
v -18.504265 -7.796238 -23.639816
v -3.604633 -6.531697 -23.317707
v 11.331013 -5.751296 -24.252026
v 26.495815 -5.442498 -25.392729
v 41.500961 -3.770972 -54.323906
v 40.917484 -6.707192 -26.061666
v 56.373226 -7.467043 -25.125067
v -22.493885 -8.009530 -26.163033
v 25.986099 -4.869568 -53.817764
v -7.346638 -7.071658 -25.379076
v -26.074116 -4.038899 -59.043938
v 7.563390 -5.882552 -26.017138
v -33.831196 -3.959779 -61.905632
v 22.622616 -5.370169 -27.004910
v 37.192848 -5.684126 -27.815624
v 52.614052 -7.250458 -27.569231
v 45.203701 -3.472082 -59.314354
v -26.487793 -7.748246 -28.677488
v 33.813324 -4.607153 -57.314445
v -11.116098 -7.298483 -27.599510
v 3.913222 -5.991076 -27.751598
v 18.801781 -5.281510 -28.796818
v 33.632599 -5.130682 -29.398201
v 48.757442 -6.797899 -29.761593
v -30.060757 -7.175668 -31.106491
v -14.678377 -7.520232 -29.825222
v 0.275122 -6.386779 -29.627033
v 15.137274 -5.180024 -30.386665
v 30.069696 -4.964318 -30.896976
v 52.285423 -3.126024 -56.852097
v 44.883392 -6.222678 -31.719864
v -33.571228 -6.846608 -33.345158
v -18.513674 -7.905365 -32.203098
v -3.398616 -6.760099 -31.737160
v 11.444040 -5.452592 -32.055714
v 26.234291 -4.924008 -32.538860
v 40.997612 -5.594777 -33.503998
v -22.383572 -4.300956 -57.587227
v 56.352646 -6.761839 -33.396420
v -22.697578 -7.638717 -34.850048
v -7.175198 -7.042900 -33.950859
v 56.054646 -3.797362 -55.549026
v 7.709255 -5.524839 -33.777279
v 22.244083 -4.855613 -34.281170
v -3.257330 -5.296464 -62.310089
v 37.310364 -5.011788 -34.965397
v 52.596207 -6.464315 -35.495708
v -26.487728 -6.827866 -37.098541
v -18.815218 -4.337020 -62.741966
v -10.783255 -7.089901 -36.066185
v 4.024375 -5.980639 -35.596291
v 18.642445 -4.493072 -35.846748
v 33.684341 -4.959749 -36.302956
v 48.653728 -5.915938 -37.461517
v -29.976395 -6.205248 -39.279839
v -14.598967 -7.464833 -38.498413
v 0.256797 -6.270837 -37.623039
v 15.049363 -4.734880 -37.505795
v 29.857456 -4.879926 -37.974064
v 44.829327 -5.298576 -39.189667
v -33.494633 -5.873195 -41.205658
v -18.579775 -7.170119 -40.901314
v -3.442973 -6.345896 -39.816441
v 11.331435 -5.019111 -39.207504
v 25.959991 -4.663546 -39.625511
v 18.688921 -5.244636 -57.800034
v 41.141220 -4.797267 -40.619774
v 56.380787 -5.886254 -41.239502
v 7.453571 -5.409579 -56.386551
v -22.578712 -6.620384 -43.046539
v -7.062511 -6.449834 -41.997669
v 7.650303 -5.433908 -41.142853
v -7.079344 -5.247499 -56.919800
v 22.156528 -4.486058 -41.066208
v 37.576828 -4.667960 -42.145607
v 25.943979 -4.983151 -61.135056
v 52.546154 -5.563571 -43.168961
v -26.348377 -5.947016 -44.965668
v -10.828550 -6.462926 -44.217453
v 11.257721 -5.092237 -61.935760
v 3.881565 -5.635996 -43.361240
v 18.517395 -4.808713 -42.631577
v 33.656178 -4.573967 -43.707771
v 48.682903 -5.051407 -44.997112
v -29.949932 -5.334629 -46.925430
v -14.717169 -6.361393 -46.390991
v 0.359153 -5.703306 -45.506287
v 14.793501 -4.982397 -44.463833
v 29.887718 -4.594193 -45.115532
v 44.991386 -4.458342 -46.503868
v -33.586250 -4.917925 -48.660454
v -18.607668 -5.925193 -48.564186
v -3.344698 -5.852047 -47.630272
v 11.150214 -5.408839 -46.484413
v 26.036564 -4.713724 -46.657936
v 41.327179 -4.197943 -47.916565
v 56.227283 -4.857770 -48.682701
v -22.414433 -5.448614 -50.622917
v 37.717979 -4.156121 -55.753021
v -7.041241 -5.767922 -49.727966
v 7.292160 -5.422986 -48.686092
v 22.342789 -4.991018 -48.347115
v 22.345411 -5.062677 -55.781189
v 37.632900 -4.093479 -49.180309
v 52.396263 -4.274581 -50.439018
v 56.250687 -3.624366 -61.978706
v -24.189552 -3.941785 25.489729
v -26.178230 -4.920926 -52.517952
v -9.275980 -5.336750 25.471258
v -10.734138 -5.719989 -51.813934
v 5.838104 -5.045367 26.154387
v 3.783826 -5.262568 -50.806015
v 41.487732 -4.014130 -60.927155
v 20.492268 -5.046204 26.622374
v 18.638504 -5.260857 -50.250694
v 35.830322 -5.068052 27.329596
v 33.879593 -4.458866 -50.486298
v 50.474049 -3.890580 27.090124
v 48.732368 -3.797061 -51.975273
v -26.019207 -3.673979 23.873953
v -11.308077 -4.918248 23.579336
v 3.987404 -5.099850 24.253504
v 18.652058 -5.069241 24.769648
v 33.682747 -5.302808 25.332067
v 48.681320 -4.021809 25.354830
v -29.569820 -3.563205 22.441584
v -15.138611 -4.243080 21.826097
v 0.356211 -5.016756 22.167925
v 15.040090 -5.073795 22.875124
v 29.631748 -5.341972 23.258020
v 45.031071 -4.197455 23.640955
v -33.434059 -3.837846 21.121645
v -18.886005 -3.690485 20.187346
v -3.367090 -4.889385 20.178846
v 11.426285 -5.262219 21.034414
v 25.926018 -5.260059 21.355509
v 41.462811 -4.660295 21.946520
v 56.359207 -3.920161 21.359118
v -22.548271 -3.179288 18.822165
v -7.158743 -5.368563 -64.300720
v -7.297541 -4.804522 18.300123
v 7.639438 -5.350637 18.891737
v 22.388515 -5.318169 19.375376
v -22.381454 -4.081715 -64.486992
v 37.511635 -5.323315 20.026228
v 52.434975 -3.988600 19.895975
v -26.028507 -3.102335 17.642286
v -11.293398 -4.381072 16.582388
v 4.002760 -5.122423 16.757959
v 18.838623 -5.432621 17.292635
v 33.408211 -5.264170 17.928728
v 48.715034 -4.215818 18.461863
v -29.628738 -3.507718 16.434900
v -15.108932 -3.960730 15.084311
v 0.334126 -4.878868 14.803236
v 15.284521 -5.572101 15.344313
v 29.704779 -5.287168 16.024267
v 45.050484 -4.648736 16.862398
v -14.840746 -5.616823 -54.011467
v -33.561527 -4.274970 14.974894
v -18.864223 -3.592321 13.858686
v -3.391139 -4.726609 12.970091
v -29.844063 -4.356617 -54.095375
v 11.512248 -5.582869 13.164331
v 26.041239 -5.378172 13.965425
v 41.323891 -5.430155 15.054178
v 56.271877 -4.333220 14.961637
v -22.401516 -3.690903 12.748499
v 3.884956 -5.337316 -58.380119
v -7.350334 -4.638701 11.317019
v 22.322554 -5.046453 -63.217506
v 7.692979 -5.407179 11.137592
v 22.418259 -5.295020 11.818974
v 37.203491 -5.906404 12.876215
v 7.656848 -5.068100 -63.765572
v 52.537159 -4.705070 13.407778
v -26.076942 -4.164924 11.311504
v -29.835838 -4.009676 -60.470764
v -11.265190 -4.252460 9.932100
v 4.028714 -5.117821 9.223017
v 18.995323 -5.378963 9.779463
v 33.368492 -5.856778 10.790443
v 48.729816 -5.327528 11.591688
v -29.774651 -4.760781 9.621340
v -14.945908 -4.206068 8.626558
v 0.311183 -4.827227 7.491711
v 15.231599 -5.506193 7.596127
v 29.681007 -5.915497 8.699951
v 44.991535 -5.795719 9.599566
v -33.754311 -5.096470 7.833666
v 14.885206 -5.581971 -52.196045
v -18.685631 -4.464875 7.227962
v -3.467951 -4.696947 5.937309
v 11.434351 -5.080540 5.456648
v 0.237261 -5.394834 -52.868332
v 48.807156 -3.056602 -58.046692
v 25.954252 -5.869083 6.502771
v 41.165733 -6.264524 7.534678
v 56.221767 -5.243320 7.822906
v -22.314079 -4.896884 5.784101
v -7.299744 -4.559501 4.471680
v 7.833588 -4.854423 3.559620
v 52.342525 -3.692504 -63.109749
v 22.358627 -5.704855 4.417082
v -10.947212 -5.405495 -58.967590
v 37.222935 -6.459190 5.287025
v 52.621193 -5.718860 5.919519
v 37.723900 -4.638733 -62.628868
v -26.112179 -5.458771 4.018993
v -11.160645 -4.782858 2.947855
v 4.091357 -4.532012 1.868757
v 18.699778 -5.600240 2.212725
v 33.404076 -6.574947 3.072994
v 48.957424 -6.360199 3.976692
v -30.017914 -5.875067 2.209892
v -14.865965 -4.767815 1.384783
v 0.480069 -4.603035 0.474421
v 14.964155 -5.189650 0.191563
v 29.725117 -6.439552 0.823120
v 45.080456 -7.099837 1.907368
v -33.751312 -6.117458 0.267439
v -18.425549 -5.098007 -0.009895
v 45.174435 -3.461118 -53.146492
v -3.389634 -4.844257 -1.129145
v 11.280373 -4.859855 -1.556351
v 26.069801 -6.377858 -1.386301
v 29.825071 -4.704622 -52.085991
v 41.089966 -7.491095 -0.399223
v 56.233658 -6.176600 0.213947
v -22.259087 -5.735936 -1.627039
v -7.280193 -4.875140 -2.837330
v 7.541152 -4.653511 -3.243481
v 22.359730 -6.160784 -3.490385
v -11.343145 -5.068052 -66.394875
v 37.106026 -7.365055 -2.958113
v 52.707264 -6.625443 -1.893122
v -26.117771 -6.361122 -3.549672
v -25.986874 -3.890580 -66.155403
v -11.033987 -4.872975 -4.347191
v 4.135359 -4.611023 -4.870093
v 18.582830 -5.778719 -5.393970
v 33.555954 -7.126192 -5.084569
v 49.127552 -7.369452 -4.081113
v -30.024086 -6.700801 -5.594558
v -14.620167 -5.434019 -5.684978
v 0.162107 -4.962766 -6.582940
v 14.990702 -5.566946 -7.068393
v 29.776161 -6.992016 -7.307714
v 45.090466 -7.971952 -6.640676
v -33.686485 -7.008031 -7.805722
v -18.417200 -6.057150 -7.387705
v -3.693604 -4.973877 -8.244459
v -18.750368 -4.818094 -55.922615
v 11.135591 -5.315469 -8.820758
v 26.068872 -6.608777 -9.416773
v 41.028194 -7.675980 -9.121177
v -33.768593 -3.934404 -55.690598
v 56.310368 -7.074067 -7.886654
v -22.344513 -6.677803 -9.224706
v 0.338707 -5.195608 -60.412392
v -7.402792 -5.011204 -9.808078
v 7.527231 -5.329066 -10.398296
v 35.405090 -6.296724 -22.107542
v 50.778877 -7.884844 -21.230333
v -28.320339 -7.664198 -22.391163
v 9.227932 -5.484399 -56.361145
v -12.834772 -7.095780 -21.320499
v 1.912379 -6.086905 -21.690428
v 16.933952 -5.712676 -22.819489
v -5.193338 -5.231909 -56.835182
v 2.083266 -5.340882 -52.716843
v 31.985544 -5.785163 -23.946888
v 46.914486 -7.621618 -23.698078
v -31.852470 -7.481253 -24.829994
v -16.564037 -7.534323 -23.602612
v 13.095928 -5.113557 -61.915909
v -1.752228 -6.429861 -23.468311
v 13.213405 -5.719721 -24.437342
v 28.277214 -5.379393 -25.557581
v 42.951210 -6.982200 -26.045376
v 58.178997 -7.430291 -24.993629
v -20.520927 -7.995839 -25.957129
v -5.387442 -6.907208 -25.398148
v 9.453391 -5.803626 -26.144714
v 24.518494 -5.379122 -27.124294
v 39.009216 -5.992233 -27.895864
v 54.534313 -7.334637 -27.419916
v -24.521236 -7.904241 -28.520233
v -9.217712 -7.262747 -27.572464
v 5.688251 -5.873706 -27.897755
v 20.687332 -5.246807 -28.873753
v 35.437119 -5.298670 -29.529652
v 50.687992 -6.926526 -29.661110
v -28.358982 -7.378178 -31.035595
v -12.853653 -7.383830 -29.778767
v 39.607353 -3.978394 -55.885689
v 2.091529 -6.209850 -29.672812
v 16.986029 -5.067212 -30.572174
v 31.886925 -4.924735 -31.024529
v 24.161762 -4.954683 -55.707420
v 24.213608 -6.303421 -11.483122
v 39.182423 -7.432386 -11.344446
v 54.619034 -7.312952 -10.084580
v -24.310802 -7.040915 -11.307405
v -9.164705 -5.313566 -11.436127
v 27.781364 -4.994823 -61.004227
v 5.687974 -5.505005 -12.217714
v 20.628307 -5.963889 -13.218931
v 35.658829 -7.204248 -13.625221
v 50.964729 -7.841974 -12.492682
v -28.165524 -7.516458 -13.591928
v -12.661461 -6.008797 -13.051224
v -5.168373 -5.322651 -64.230034
v 1.868934 -5.512073 -13.927073
v 16.920456 -5.860497 -15.020113
v 31.837915 -6.931438 -15.814497
v 54.400532 -3.630682 -63.484711
v 46.918705 -7.988657 -15.138103
v -31.893452 -7.582130 -16.123402
v -16.450911 -7.066966 -15.052936
v 39.590736 -4.411592 -62.625603
v -1.963758 -5.657436 -15.502500
v 13.181258 -5.640422 -16.788961
v 28.158508 -6.333752 -17.746244
v 43.055939 -7.581933 -17.525431
v 58.082195 -7.505605 -16.274456
v -20.441544 -7.564347 -17.490564
v -24.202477 -4.154878 -59.181763
v -5.614935 -6.069040 -17.115387
v 9.483173 -5.695052 -18.374092
v 24.462410 -6.066965 -19.548790
v 54.032772 -3.349937 -56.950081
v -20.572643 -4.177795 -64.531723
v 39.140915 -7.266401 -19.800842
v 54.630260 -7.718317 -18.641468
v -24.336967 -7.879473 -19.876534
v -9.280371 -6.525065 -18.942486
v 5.663535 -5.899097 -19.951824
v 20.772961 -5.703404 -21.229666
v 58.268253 -5.873195 -41.205658
v -20.536816 -6.804315 -43.001072
v 16.880859 -5.430610 -52.198654
v -5.238729 -6.370445 -41.856483
v -1.589720 -5.298720 -54.856941
v 9.495814 -5.209221 -41.036686
v 24.004490 -4.596980 -41.162266
v 39.355888 -4.632031 -42.329983
v 54.467510 -5.631618 -43.192085
v -24.384331 -6.180044 -44.957756
v -9.275980 -5.336750 -66.291626
v -16.863647 -5.074073 -55.890297
v -8.928732 -6.402706 -44.096767
v 5.710755 -5.550898 -43.196312
v 20.402420 -4.740669 -42.660633
v -24.189552 -3.941785 -66.273155
v 35.611393 -4.647823 -43.846954
v -12.782862 -5.686003 -53.845428
v 50.637901 -5.182234 -45.096313
v -28.164394 -5.537535 -46.867867
v -12.746897 -6.362146 -46.208717
v -27.999260 -4.405136 -54.144066
v 2.111150 -5.564528 -45.425213
v 16.615757 -5.024005 -44.430695
v 5.726840 -5.405290 -58.386040
v 31.808933 -4.521493 -45.210815
v 46.836273 -4.559451 -46.665306
v -31.747719 -5.009065 -48.701107
v -8.959730 -5.350637 -58.813522
v -16.707241 -6.006848 -48.463219
v -1.462214 -5.754979 -47.495651
v 13.001863 -5.307880 -46.344780
v -31.815533 -4.091555 -55.668205
v 27.939922 -4.649370 -46.726692
v 43.198029 -4.186886 -48.099884
v 58.176632 -4.917925 -48.660454
v -20.517845 -5.610867 -50.537514
v -5.207960 -5.727354 -49.593178
v 9.166521 -5.518877 -48.538177
v 2.107861 -5.236825 -60.355797
v 24.219612 -4.831056 -48.429245
v 39.470493 -4.032737 -49.353279
v 54.220459 -4.510827 -50.497875
v -13.096079 -5.214159 -60.942650
v 46.795906 -6.348067 -31.734474
v -31.791260 -6.887365 -33.267952
v 20.492268 -5.046204 -65.140511
v -16.526255 -7.732720 -32.053719
v -1.576061 -6.534482 -31.724453
v 13.340870 -5.237013 -32.126595
v 5.838104 -5.045367 -65.608498
v 28.124397 -4.888250 -32.585243
v 42.889462 -5.840813 -33.580498
v 58.191650 -6.846608 -33.345158
v -20.673302 -7.841849 -34.667980
v -5.256308 -6.858222 -33.903019
v 9.494160 -5.429002 -33.861736
v 35.765968 -4.445250 -57.349083
v 24.255173 -4.869559 -34.291889
v 39.175423 -5.162906 -35.193134
v 54.539272 -6.473209 -35.472519
v 20.534424 -5.143970 -57.692268
v -24.622841 -7.144166 -37.018543
v -8.988337 -6.953138 -36.035835
v 5.935821 -5.767521 -35.613945
v 20.345367 -4.572770 -35.922413
v 35.630157 -4.904354 -36.488007
v 50.600666 -6.082308 -37.455166
v -28.243294 -6.437580 -39.216541
v 9.490488 -5.062957 -63.720032
v -12.610193 -7.310706 -38.319782
v 2.166675 -6.148268 -37.629379
v 31.712019 -4.920677 -59.032288
v 16.887192 -4.550993 -37.511589
v 31.725780 -4.908747 -38.070713
v 46.736771 -5.452650 -39.257702
v 16.801596 -5.248366 -59.853226
v -31.722836 -5.942254 -41.194778
v -16.593718 -7.198903 -40.789581
v 50.474049 -3.890580 -64.672760
v -1.596950 -6.320081 -39.739220
v 13.160408 -4.863570 -39.154671
v 27.831919 -4.733308 -39.734653
v 35.830322 -5.068052 -64.433281
v 42.964180 -4.941436 -40.795795
v -9.338074 -4.569027 16.556650
v 5.772229 -5.207999 16.799788
v 20.650183 -5.357911 17.379087
v 35.359383 -5.371384 18.042048
v 50.582394 -4.068537 18.425787
v -27.926250 -4.030490 -60.634247
v -27.789429 -3.309423 16.333506
v -13.182999 -4.120692 14.947454
v 2.144173 -4.983219 14.820913
v 50.507488 -2.992593 -58.199677
v 17.166706 -5.504013 15.389132
v 31.535383 -5.312369 16.130812
v 46.873230 -4.500127 16.895147
v -31.617840 -4.076791 14.894457
v -16.979778 -3.742918 13.645929
v -1.520109 -4.759403 12.939604
v 13.402117 -5.634714 13.260828
v 27.851349 -5.438145 14.130388
v 43.248432 -5.168094 15.142836
v -32.033978 -3.848230 -62.344666
v 58.201355 -4.274970 14.974894
v -20.631489 -3.645075 12.543589
v -5.355078 -4.696377 11.267460
v 47.017036 -3.310920 -59.365021
v 9.650040 -5.528171 11.140245
v 24.190781 -5.385168 11.968626
v 39.301682 -5.875710 12.990725
v 54.335648 -4.595847 13.301691
v -24.252472 -4.044870 11.203016
v -9.329979 -4.399529 9.702499
v 5.890594 -5.218344 9.215645
v 20.748001 -5.265201 9.868361
v 35.225746 -5.946278 10.945683
v 50.653004 -5.268639 11.598473
v -27.947803 -4.521694 9.607763
v -13.120712 -4.251999 8.434538
v -22.381062 -3.954871 25.437262
v -24.233963 -5.033356 -52.491661
v -7.140476 -5.404962 25.561232
v -8.908178 -5.644089 -51.714386
v 7.684813 -5.048656 26.243231
v 5.465697 -5.288799 -50.716293
v 22.342474 -4.977308 26.712538
v 20.488605 -5.139508 -50.269630
v 37.743134 -4.735866 27.397394
v 35.825825 -4.164353 -50.646339
v 52.316425 -3.944398 26.958773
v 50.565342 -3.866409 -52.126877
v -24.225922 -3.727467 23.758894
v -9.270191 -5.144490 23.614447
v 57.931686 -3.959779 -61.905632
v 5.845641 -5.126688 24.344370
v 20.481403 -5.090014 24.845655
v 35.694016 -5.149070 25.452459
v -1.351249 -5.173558 -62.311226
v 50.516933 -3.982900 25.270273
v -27.742138 -3.410603 22.230719
v 24.107376 -5.031478 -63.120049
v -13.277983 -4.454513 21.816191
v -16.969709 -4.640493 -62.805809
v 2.144978 -5.045802 22.314268
v 16.869564 -5.061157 22.922346
v 31.620390 -5.413631 23.309053
v 46.865013 -4.131393 23.607019
v -31.539173 -3.650875 21.077288
v -17.014896 -3.885065 20.118612
v -1.475323 -4.964585 20.266172
v 13.294950 -5.208139 21.101358
v 27.800865 -5.312865 21.359667
v 43.306427 -3.844556 -60.927559
v 43.291946 -4.379246 21.987261
v 58.328827 -3.837846 21.121645
v -20.763737 -3.364290 18.700319
v -5.278627 -4.860545 18.360312
v 9.508270 -5.435223 19.046000
v 24.203186 -5.295074 19.452459
v 39.552757 -5.062525 20.119616
v 54.374409 -3.903308 19.781855
v -24.291920 -3.048109 17.459990
v 13.103084 -5.029650 -1.571323
v 27.920387 -6.511662 -1.248188
v 43.101311 -7.451985 -0.248161
v 58.011574 -6.117458 0.267439
v -20.337479 -5.588236 -1.695498
v 46.951267 -3.428382 -53.401260
v -5.422359 -4.883990 -2.905493
v 9.387533 -4.833235 -3.305399
v 24.260887 -6.241109 -3.445309
v 39.061172 -7.577483 -2.824713
v 54.456661 -6.491376 -1.786005
v 13.003323 -5.660884 -54.151787
v -24.173126 -6.157188 -3.563908
v -9.208845 -4.848523 -4.526769
v 5.772699 -4.546725 -4.932467
v 20.496346 -5.986234 -5.427251
v 35.381844 -7.218390 -5.066770
v 43.396851 -3.586065 -54.493378
v 50.981293 -7.091000 -3.928294
v -28.084244 -6.644926 -5.573798
v -12.705252 -5.121174 -5.874626
v 27.891876 -4.829422 -53.813309
v 2.139574 -4.957661 -6.632614
v 16.853102 -5.642632 -7.164630
v 31.843288 -4.623219 -52.153625
v 31.724028 -7.166773 -7.276976
v 47.165932 -7.824749 -6.403981
v -31.861294 -6.949389 -7.704913
v -16.491032 -5.828197 -7.428333
v -1.832984 -4.999519 -8.296710
v 13.030424 -5.575696 -8.915976
v 27.941347 -6.799953 -9.422776
v 42.991535 -7.849707 -8.968099
v 58.076401 -7.008031 -7.805722
v -20.366253 -6.489372 -9.209088
v -5.613529 -5.020104 -9.919313
v 9.387442 -5.358977 -10.524119
v 2.204154 -4.922436 7.391922
v 17.153208 -5.458683 7.782473
v 31.556688 -5.954748 8.802996
v 46.865475 -5.722171 9.689297
v -31.798298 -5.082993 7.829952
v -16.785192 -4.495335 7.031950
v -1.522115 -4.752431 5.828428
v 13.270787 -5.254470 5.525402
v 27.810951 -5.995750 6.625021
v -20.600224 -4.482292 -57.599548
v 43.067993 -6.160312 7.683540
v 58.008572 -5.096470 7.833666
v -20.432224 -4.771855 5.619558
v 57.994293 -3.934404 -55.690598
v -5.405380 -4.659422 4.296059
v 9.619205 -4.869476 3.618340
v 24.160275 -5.845735 4.528658
v 39.120125 -6.507334 5.463705
v 54.452782 -5.599403 5.928080
v -24.177780 -5.307658 3.935577
v -9.173285 -4.768886 2.860531
v 5.934412 -4.643781 1.793724
v 20.547493 -5.707790 2.343622
v 35.304153 -6.638824 3.234146
v 50.834846 -6.192686 3.998829
v -28.023251 -5.768039 2.196173
v -13.045893 -4.771770 1.256426
v 2.338840 -4.479739 0.354588
v 16.780273 -5.397867 0.218252
v 31.542933 -6.608503 0.916958
v 47.095394 -6.917258 1.993467
v -31.891407 -6.115486 0.246574
v -16.596247 -4.906652 -0.183884
v -1.504461 -4.755941 -1.190430
v -20.598972 -4.081317 25.407152
v -5.112617 -5.307902 25.636431
v 9.546375 -5.035673 26.275446
v 24.058418 -4.969131 26.755331
v 39.564140 -4.516435 27.424795
v 54.214909 -3.943731 26.799471
vt 0.000000 0.000000
vt 0.000000 0.020408
vt 0.020408 0.020408
vt 0.020408 0.000000
vt 0.040816 0.020408
vt 0.040816 0.000000
vt 0.061224 0.020408
vt 0.061224 0.000000
vt 0.081633 0.020408
vt 0.081633 0.000000
vt 0.102041 0.020408
vt 0.102041 0.000000
vt 0.122449 0.020408
vt 0.122449 0.000000
vt 0.142857 0.020408
vt 0.142857 0.000000
vt 0.163265 0.020408
vt 0.163265 0.000000
vt 0.183673 0.020408
vt 0.183673 0.000000
vt 0.204082 0.020408
vt 0.204082 0.000000
vt 0.224490 0.020408
vt 0.224490 0.000000
vt 0.244898 0.020408
vt 0.244898 0.000000
vt 0.265306 0.020408
vt 0.265306 0.000000
vt 0.285714 0.020408
vt 0.285714 0.000000
vt 0.306122 0.020408
vt 0.306122 0.000000
vt 0.326531 0.020408
vt 0.326531 0.000000
vt 0.346939 0.020408
vt 0.346939 0.000000
vt 0.367347 0.020408
vt 0.367347 0.000000
vt 0.387755 0.020408
vt 0.387755 0.000000
vt 0.408163 0.020408
vt 0.408163 0.000000
vt 0.428571 0.020408
vt 0.428571 0.000000
vt 0.448980 0.020408
vt 0.448980 0.000000
vt 0.469388 0.020408
vt 0.469388 0.000000
vt 0.489796 0.020408
vt 0.489796 0.000000
vt 0.510204 0.020408
vt 0.510204 0.000000
vt 0.530612 0.020408
vt 0.530612 0.000000
vt 0.551020 0.020408
vt 0.551020 0.000000
vt 0.571429 0.020408
vt 0.571429 0.000000
vt 0.591837 0.020408
vt 0.591837 0.000000
vt 0.612245 0.020408
vt 0.612245 0.000000
vt 0.632653 0.020408
vt 0.632653 0.000000
vt 0.653061 0.020408
vt 0.653061 0.000000
vt 0.673469 0.020408
vt 0.673469 0.000000
vt 0.693878 0.020408
vt 0.693878 0.000000
vt 0.714286 0.020408
vt 0.714286 0.000000
vt 0.734694 0.020408
vt 0.734694 0.000000
vt 0.755102 0.020408
vt 0.755102 0.000000
vt 0.775510 0.020408
vt 0.775510 0.000000
vt 0.795918 0.020408
vt 0.795918 0.000000
vt 0.816326 0.020408
vt 0.816326 0.000000
vt 0.836735 0.020408
vt 0.836735 0.000000
vt 0.857143 0.020408
vt 0.857143 0.000000
vt 0.877551 0.020408
vt 0.877551 0.000000
vt 0.897959 0.020408
vt 0.897959 0.000000
vt 0.918367 0.020408
vt 0.918367 0.000000
vt 0.938775 0.020408
vt 0.938775 0.000000
vt 0.959184 0.020408
vt 0.959184 0.000000
vt 0.979592 0.020408
vt 0.979592 0.000000
vt 1.000000 0.020408
vt 1.000000 0.000000
vt 0.000000 0.040816
vt 0.020408 0.040816
vt 0.040816 0.040816
vt 0.061224 0.040816
vt 0.081633 0.040816
vt 0.102041 0.040816
vt 0.122449 0.040816
vt 0.142857 0.040816
vt 0.163265 0.040816
vt 0.183673 0.040816
vt 0.204082 0.040816
vt 0.224490 0.040816
vt 0.244898 0.040816
vt 0.265306 0.040816
vt 0.285714 0.040816
vt 0.306122 0.040816
vt 0.326531 0.040816
vt 0.346939 0.040816
vt 0.367347 0.040816
vt 0.387755 0.040816
vt 0.408163 0.040816
vt 0.428571 0.040816
vt 0.448980 0.040816
vt 0.469388 0.040816
vt 0.489796 0.040816
vt 0.510204 0.040816
vt 0.530612 0.040816
vt 0.551020 0.040816
vt 0.571429 0.040816
vt 0.591837 0.040816
vt 0.612245 0.040816
vt 0.632653 0.040816
vt 0.653061 0.040816
vt 0.673469 0.040816
vt 0.693878 0.040816
vt 0.714286 0.040816
vt 0.734694 0.040816
vt 0.755102 0.040816
vt 0.775510 0.040816
vt 0.795918 0.040816
vt 0.816326 0.040816
vt 0.836735 0.040816
vt 0.857143 0.040816
vt 0.877551 0.040816
vt 0.897959 0.040816
vt 0.918367 0.040816
vt 0.938775 0.040816
vt 0.959184 0.040816
vt 0.979592 0.040816
vt 1.000000 0.040816
vt 0.000000 0.061224
vt 0.020408 0.061224
vt 0.040816 0.061224
vt 0.061224 0.061224
vt 0.081633 0.061224
vt 0.102041 0.061224
vt 0.122449 0.061224
vt 0.142857 0.061224
vt 0.163265 0.061224
vt 0.183673 0.061224
vt 0.204082 0.061224
vt 0.224490 0.061224
vt 0.244898 0.061224
vt 0.265306 0.061224
vt 0.285714 0.061224
vt 0.306122 0.061224
vt 0.326531 0.061224
vt 0.346939 0.061224
vt 0.367347 0.061224
vt 0.387755 0.061224
vt 0.408163 0.061224
vt 0.428571 0.061224
vt 0.448980 0.061224
vt 0.469388 0.061224
vt 0.489796 0.061224
vt 0.510204 0.061224
vt 0.530612 0.061224
vt 0.551020 0.061224
vt 0.571429 0.061224
vt 0.591837 0.061224
vt 0.612245 0.061224
vt 0.632653 0.061224
vt 0.653061 0.061224
vt 0.673469 0.061224
vt 0.693878 0.061224
vt 0.714286 0.061224
vt 0.734694 0.061224
vt 0.755102 0.061224
vt 0.775510 0.061224
vt 0.795918 0.061224
vt 0.816326 0.061224
vt 0.836735 0.061224
vt 0.857143 0.061224
vt 0.877551 0.061224
vt 0.897959 0.061224
vt 0.918367 0.061224
vt 0.938775 0.061224
vt 0.959184 0.061224
vt 0.979592 0.061224
vt 1.000000 0.061224
vt 0.000000 0.081633
vt 0.020408 0.081633
vt 0.040816 0.081633
vt 0.061224 0.081633
vt 0.081633 0.081633
vt 0.102041 0.081633
vt 0.122449 0.081633
vt 0.142857 0.081633
vt 0.163265 0.081633
vt 0.183673 0.081633
vt 0.204082 0.081633
vt 0.224490 0.081633
vt 0.244898 0.081633
vt 0.265306 0.081633
vt 0.285714 0.081633
vt 0.306122 0.081633
vt 0.326531 0.081633
vt 0.346939 0.081633
vt 0.367347 0.081633
vt 0.387755 0.081633
vt 0.408163 0.081633
vt 0.428571 0.081633
vt 0.448980 0.081633
vt 0.469388 0.081633
vt 0.489796 0.081633
vt 0.510204 0.081633
vt 0.530612 0.081633
vt 0.551020 0.081633
vt 0.571429 0.081633
vt 0.591837 0.081633
vt 0.612245 0.081633
vt 0.632653 0.081633
vt 0.653061 0.081633
vt 0.673469 0.081633
vt 0.693878 0.081633
vt 0.714286 0.081633
vt 0.734694 0.081633
vt 0.755102 0.081633
vt 0.775510 0.081633
vt 0.795918 0.081633
vt 0.816326 0.081633
vt 0.836735 0.081633
vt 0.857143 0.081633
vt 0.877551 0.081633
vt 0.897959 0.081633
vt 0.918367 0.081633
vt 0.938775 0.081633
vt 0.959184 0.081633
vt 0.979592 0.081633
vt 1.000000 0.081633
vt 0.000000 0.102041
vt 0.020408 0.102041
vt 0.040816 0.102041
vt 0.061224 0.102041
vt 0.081633 0.102041
vt 0.102041 0.102041
vt 0.122449 0.102041
vt 0.142857 0.102041
vt 0.163265 0.102041
vt 0.183673 0.102041
vt 0.204082 0.102041
vt 0.224490 0.102041
vt 0.244898 0.102041
vt 0.265306 0.102041
vt 0.285714 0.102041
vt 0.306122 0.102041
vt 0.326531 0.102041
vt 0.346939 0.102041
vt 0.367347 0.102041
vt 0.387755 0.102041
vt 0.408163 0.102041
vt 0.428571 0.102041
vt 0.448980 0.102041
vt 0.469388 0.102041
vt 0.489796 0.102041
vt 0.510204 0.102041
vt 0.530612 0.102041
vt 0.551020 0.102041
vt 0.571429 0.102041
vt 0.591837 0.102041
vt 0.612245 0.102041
vt 0.632653 0.102041
vt 0.653061 0.102041
vt 0.673469 0.102041
vt 0.693878 0.102041
vt 0.714286 0.102041
vt 0.734694 0.102041
vt 0.755102 0.102041
vt 0.775510 0.102041
vt 0.795918 0.102041
vt 0.816326 0.102041
vt 0.836735 0.102041
vt 0.857143 0.102041
vt 0.877551 0.102041
vt 0.897959 0.102041
vt 0.918367 0.102041
vt 0.938775 0.102041
vt 0.959184 0.102041
vt 0.979592 0.102041
vt 1.000000 0.102041
vt 0.000000 0.122449
vt 0.020408 0.122449
vt 0.040816 0.122449
vt 0.061224 0.122449
vt 0.081633 0.122449
vt 0.102041 0.122449
vt 0.122449 0.122449
vt 0.142857 0.122449
vt 0.163265 0.122449
vt 0.183673 0.122449
vt 0.204082 0.122449
vt 0.224490 0.122449
vt 0.244898 0.122449
vt 0.265306 0.122449
vt 0.285714 0.122449
vt 0.306122 0.122449
vt 0.326531 0.122449
vt 0.346939 0.122449
vt 0.367347 0.122449
vt 0.387755 0.122449
vt 0.408163 0.122449
vt 0.428571 0.122449
vt 0.448980 0.122449
vt 0.469388 0.122449
vt 0.489796 0.122449
vt 0.510204 0.122449
vt 0.530612 0.122449
vt 0.551020 0.122449
vt 0.571429 0.122449
vt 0.591837 0.122449
vt 0.612245 0.122449
vt 0.632653 0.122449
vt 0.653061 0.122449
vt 0.673469 0.122449
vt 0.693878 0.122449
vt 0.714286 0.122449
vt 0.734694 0.122449
vt 0.755102 0.122449
vt 0.775510 0.122449
vt 0.795918 0.122449
vt 0.816326 0.122449
vt 0.836735 0.122449
vt 0.857143 0.122449
vt 0.877551 0.122449
vt 0.897959 0.122449
vt 0.918367 0.122449
vt 0.938775 0.122449
vt 0.959184 0.122449
vt 0.979592 0.122449
vt 1.000000 0.122449
vt 0.000000 0.142857
vt 0.020408 0.142857
vt 0.040816 0.142857
vt 0.061224 0.142857
vt 0.081633 0.142857
vt 0.102041 0.142857
vt 0.122449 0.142857
vt 0.142857 0.142857
vt 0.163265 0.142857
vt 0.183673 0.142857
vt 0.204082 0.142857
vt 0.224490 0.142857
vt 0.244898 0.142857
vt 0.265306 0.142857
vt 0.285714 0.142857
vt 0.306122 0.142857
vt 0.326531 0.142857
vt 0.346939 0.142857
vt 0.367347 0.142857
vt 0.387755 0.142857
vt 0.408163 0.142857
vt 0.428571 0.142857
vt 0.448980 0.142857
vt 0.469388 0.142857
vt 0.489796 0.142857
vt 0.510204 0.142857
vt 0.530612 0.142857
vt 0.551020 0.142857
vt 0.571429 0.142857
vt 0.591837 0.142857
vt 0.612245 0.142857
vt 0.632653 0.142857
vt 0.653061 0.142857
vt 0.673469 0.142857
vt 0.693878 0.142857
vt 0.714286 0.142857
vt 0.734694 0.142857
vt 0.755102 0.142857
vt 0.775510 0.142857
vt 0.795918 0.142857
vt 0.816326 0.142857
vt 0.836735 0.142857
vt 0.857143 0.142857
vt 0.877551 0.142857
vt 0.897959 0.142857
vt 0.918367 0.142857
vt 0.938775 0.142857
vt 0.959184 0.142857
vt 0.979592 0.142857
vt 1.000000 0.142857
vt 0.000000 0.163265
vt 0.020408 0.163265
vt 0.040816 0.163265
vt 0.061224 0.163265
vt 0.081633 0.163265
vt 0.102041 0.163265
vt 0.122449 0.163265
vt 0.142857 0.163265
vt 0.163265 0.163265
vt 0.183673 0.163265
vt 0.204082 0.163265
vt 0.224490 0.163265
vt 0.244898 0.163265
vt 0.265306 0.163265
vt 0.285714 0.163265
vt 0.306122 0.163265
vt 0.326531 0.163265
vt 0.346939 0.163265
vt 0.367347 0.163265
vt 0.387755 0.163265
vt 0.408163 0.163265
vt 0.428571 0.163265
vt 0.448980 0.163265
vt 0.469388 0.163265
vt 0.489796 0.163265
vt 0.510204 0.163265
vt 0.530612 0.163265
vt 0.551020 0.163265
vt 0.571429 0.163265
vt 0.591837 0.163265
vt 0.612245 0.163265
vt 0.632653 0.163265
vt 0.653061 0.163265
vt 0.673469 0.163265
vt 0.693878 0.163265
vt 0.714286 0.163265
vt 0.734694 0.163265
vt 0.755102 0.163265
vt 0.775510 0.163265
vt 0.795918 0.163265
vt 0.816326 0.163265
vt 0.836735 0.163265
vt 0.857143 0.163265
vt 0.877551 0.163265
vt 0.897959 0.163265
vt 0.918367 0.163265
vt 0.938775 0.163265
vt 0.959184 0.163265
vt 0.979592 0.163265
vt 1.000000 0.163265
vt 0.000000 0.183673
vt 0.020408 0.183673
vt 0.040816 0.183673
vt 0.061224 0.183673
vt 0.081633 0.183673
vt 0.102041 0.183673
vt 0.122449 0.183673
vt 0.142857 0.183673
vt 0.163265 0.183673
vt 0.183673 0.183673
vt 0.204082 0.183673
vt 0.224490 0.183673
vt 0.244898 0.183673
vt 0.265306 0.183673
vt 0.285714 0.183673
vt 0.306122 0.183673
vt 0.326531 0.183673
vt 0.346939 0.183673
vt 0.367347 0.183673
vt 0.387755 0.183673
vt 0.408163 0.183673
vt 0.428571 0.183673
vt 0.448980 0.183673
vt 0.469388 0.183673
vt 0.489796 0.183673
vt 0.510204 0.183673
vt 0.530612 0.183673
vt 0.551020 0.183673
vt 0.571429 0.183673
vt 0.591837 0.183673
vt 0.612245 0.183673
vt 0.632653 0.183673
vt 0.653061 0.183673
vt 0.673469 0.183673
vt 0.693878 0.183673
vt 0.714286 0.183673
vt 0.734694 0.183673
vt 0.755102 0.183673
vt 0.775510 0.183673
vt 0.795918 0.183673
vt 0.816326 0.183673
vt 0.836735 0.183673
vt 0.857143 0.183673
vt 0.877551 0.183673
vt 0.897959 0.183673
vt 0.918367 0.183673
vt 0.938775 0.183673
vt 0.959184 0.183673
vt 0.979592 0.183673
vt 1.000000 0.183673
vt 0.000000 0.204082
vt 0.020408 0.204082
vt 0.040816 0.204082
vt 0.061224 0.204082
vt 0.081633 0.204082
vt 0.102041 0.204082
vt 0.122449 0.204082
vt 0.142857 0.204082
vt 0.163265 0.204082
vt 0.183673 0.204082
vt 0.204082 0.204082
vt 0.224490 0.204082
vt 0.244898 0.204082
vt 0.265306 0.204082
vt 0.285714 0.204082
vt 0.306122 0.204082
vt 0.326531 0.204082
vt 0.346939 0.204082
vt 0.367347 0.204082
vt 0.387755 0.204082
vt 0.408163 0.204082
vt 0.428571 0.204082
vt 0.448980 0.204082
vt 0.469388 0.204082
vt 0.489796 0.204082
vt 0.510204 0.204082
vt 0.530612 0.204082
vt 0.551020 0.204082
vt 0.571429 0.204082
vt 0.591837 0.204082
vt 0.612245 0.204082
vt 0.632653 0.204082
vt 0.653061 0.204082
vt 0.673469 0.204082
vt 0.693878 0.204082
vt 0.714286 0.204082
vt 0.734694 0.204082
vt 0.755102 0.204082
vt 0.775510 0.204082
vt 0.795918 0.204082
vt 0.816326 0.204082
vt 0.836735 0.204082
vt 0.857143 0.204082
vt 0.877551 0.204082
vt 0.897959 0.204082
vt 0.918367 0.204082
vt 0.938775 0.204082
vt 0.959184 0.204082
vt 0.979592 0.204082
vt 1.000000 0.204082
vt 0.000000 0.224490
vt 0.020408 0.224490
vt 0.040816 0.224490
vt 0.061224 0.224490
vt 0.081633 0.224490
vt 0.102041 0.224490
vt 0.122449 0.224490
vt 0.142857 0.224490
vt 0.163265 0.224490
vt 0.183673 0.224490
vt 0.204082 0.224490
vt 0.224490 0.224490
vt 0.244898 0.224490
vt 0.265306 0.224490
vt 0.285714 0.224490
vt 0.306122 0.224490
vt 0.326531 0.224490
vt 0.346939 0.224490
vt 0.367347 0.224490
vt 0.387755 0.224490
vt 0.408163 0.224490
vt 0.428571 0.224490
vt 0.448980 0.224490
vt 0.469388 0.224490
vt 0.489796 0.224490
vt 0.510204 0.224490
vt 0.530612 0.224490
vt 0.551020 0.224490
vt 0.571429 0.224490
vt 0.591837 0.224490
vt 0.612245 0.224490
vt 0.632653 0.224490
vt 0.653061 0.224490
vt 0.673469 0.224490
vt 0.693878 0.224490
vt 0.714286 0.224490
vt 0.734694 0.224490
vt 0.755102 0.224490
vt 0.775510 0.224490
vt 0.795918 0.224490
vt 0.816326 0.224490
vt 0.836735 0.224490
vt 0.857143 0.224490
vt 0.877551 0.224490
vt 0.897959 0.224490
vt 0.918367 0.224490
vt 0.938775 0.224490
vt 0.959184 0.224490
vt 0.979592 0.224490
vt 1.000000 0.224490
vt 0.000000 0.244898
vt 0.020408 0.244898
vt 0.040816 0.244898
vt 0.061224 0.244898
vt 0.081633 0.244898
vt 0.102041 0.244898
vt 0.122449 0.244898
vt 0.142857 0.244898
vt 0.163265 0.244898
vt 0.183673 0.244898
vt 0.204082 0.244898
vt 0.224490 0.244898
vt 0.244898 0.244898
vt 0.265306 0.244898
vt 0.285714 0.244898
vt 0.306122 0.244898
vt 0.326531 0.244898
vt 0.346939 0.244898
vt 0.367347 0.244898
vt 0.387755 0.244898
vt 0.408163 0.244898
vt 0.428571 0.244898
vt 0.448980 0.244898
vt 0.469388 0.244898
vt 0.489796 0.244898
vt 0.510204 0.244898
vt 0.530612 0.244898
vt 0.551020 0.244898
vt 0.571429 0.244898
vt 0.591837 0.244898
vt 0.612245 0.244898
vt 0.632653 0.244898
vt 0.653061 0.244898
vt 0.673469 0.244898
vt 0.693878 0.244898
vt 0.714286 0.244898
vt 0.734694 0.244898
vt 0.755102 0.244898
vt 0.775510 0.244898
vt 0.795918 0.244898
vt 0.816326 0.244898
vt 0.836735 0.244898
vt 0.857143 0.244898
vt 0.877551 0.244898
vt 0.897959 0.244898
vt 0.918367 0.244898
vt 0.938775 0.244898
vt 0.959184 0.244898
vt 0.979592 0.244898
vt 1.000000 0.244898
vt 0.000000 0.265306
vt 0.020408 0.265306
vt 0.040816 0.265306
vt 0.061224 0.265306
vt 0.081633 0.265306
vt 0.102041 0.265306
vt 0.122449 0.265306
vt 0.142857 0.265306
vt 0.163265 0.265306
vt 0.183673 0.265306
vt 0.204082 0.265306
vt 0.224490 0.265306
vt 0.244898 0.265306
vt 0.265306 0.265306
vt 0.285714 0.265306
vt 0.306122 0.265306
vt 0.326531 0.265306
vt 0.346939 0.265306
vt 0.367347 0.265306
vt 0.387755 0.265306
vt 0.408163 0.265306
vt 0.428571 0.265306
vt 0.448980 0.265306
vt 0.469388 0.265306
vt 0.489796 0.265306
vt 0.510204 0.265306
vt 0.530612 0.265306
vt 0.551020 0.265306
vt 0.571429 0.265306
vt 0.591837 0.265306
vt 0.612245 0.265306
vt 0.632653 0.265306
vt 0.653061 0.265306
vt 0.673469 0.265306
vt 0.693878 0.265306
vt 0.714286 0.265306
vt 0.734694 0.265306
vt 0.755102 0.265306
vt 0.775510 0.265306
vt 0.795918 0.265306
vt 0.816326 0.265306
vt 0.836735 0.265306
vt 0.857143 0.265306
vt 0.877551 0.265306
vt 0.897959 0.265306
vt 0.918367 0.265306
vt 0.938775 0.265306
vt 0.959184 0.265306
vt 0.979592 0.265306
vt 1.000000 0.265306
vt 0.000000 0.285714
vt 0.020408 0.285714
vt 0.040816 0.285714
vt 0.061224 0.285714
vt 0.081633 0.285714
vt 0.102041 0.285714
vt 0.122449 0.285714
vt 0.142857 0.285714
vt 0.163265 0.285714
vt 0.183673 0.285714
vt 0.204082 0.285714
vt 0.224490 0.285714
vt 0.244898 0.285714
vt 0.265306 0.285714
vt 0.285714 0.285714
vt 0.306122 0.285714
vt 0.326531 0.285714
vt 0.346939 0.285714
vt 0.367347 0.285714
vt 0.387755 0.285714
vt 0.408163 0.285714
vt 0.428571 0.285714
vt 0.448980 0.285714
vt 0.469388 0.285714
vt 0.489796 0.285714
vt 0.510204 0.285714
vt 0.530612 0.285714
vt 0.551020 0.285714
vt 0.571429 0.285714
vt 0.591837 0.285714
vt 0.612245 0.285714
vt 0.632653 0.285714
vt 0.653061 0.285714
vt 0.673469 0.285714
vt 0.693878 0.285714
vt 0.714286 0.285714
vt 0.734694 0.285714
vt 0.755102 0.285714
vt 0.775510 0.285714
vt 0.795918 0.285714
vt 0.816326 0.285714
vt 0.836735 0.285714
vt 0.857143 0.285714
vt 0.877551 0.285714
vt 0.897959 0.285714
vt 0.918367 0.285714
vt 0.938775 0.285714
vt 0.959184 0.285714
vt 0.979592 0.285714
vt 1.000000 0.285714
vt 0.000000 0.306122
vt 0.020408 0.306122
vt 0.040816 0.306122
vt 0.061224 0.306122
vt 0.081633 0.306122
vt 0.102041 0.306122
vt 0.122449 0.306122
vt 0.142857 0.306122
vt 0.163265 0.306122
vt 0.183673 0.306122
vt 0.204082 0.306122
vt 0.224490 0.306122
vt 0.244898 0.306122
vt 0.265306 0.306122
vt 0.285714 0.306122
vt 0.306122 0.306122
vt 0.326531 0.306122
vt 0.346939 0.306122
vt 0.367347 0.306122
vt 0.387755 0.306122
vt 0.408163 0.306122
vt 0.428571 0.306122
vt 0.448980 0.306122
vt 0.469388 0.306122
vt 0.489796 0.306122
vt 0.510204 0.306122
vt 0.530612 0.306122
vt 0.551020 0.306122
vt 0.571429 0.306122
vt 0.591837 0.306122
vt 0.612245 0.306122
vt 0.632653 0.306122
vt 0.653061 0.306122
vt 0.673469 0.306122
vt 0.693878 0.306122
vt 0.714286 0.306122
vt 0.734694 0.306122
vt 0.755102 0.306122
vt 0.775510 0.306122
vt 0.795918 0.306122
vt 0.816326 0.306122
vt 0.836735 0.306122
vt 0.857143 0.306122
vt 0.877551 0.306122
vt 0.897959 0.306122
vt 0.918367 0.306122
vt 0.938775 0.306122
vt 0.959184 0.306122
vt 0.979592 0.306122
vt 1.000000 0.306122
vt 0.000000 0.326531
vt 0.020408 0.326531
vt 0.040816 0.326531
vt 0.061224 0.326531
vt 0.081633 0.326531
vt 0.102041 0.326531
vt 0.122449 0.326531
vt 0.142857 0.326531
vt 0.163265 0.326531
vt 0.183673 0.326531
vt 0.204082 0.326531
vt 0.224490 0.326531
vt 0.244898 0.326531
vt 0.265306 0.326531
vt 0.285714 0.326531
vt 0.306122 0.326531
vt 0.326531 0.326531
vt 0.346939 0.326531
vt 0.367347 0.326531
vt 0.387755 0.326531
vt 0.408163 0.326531
vt 0.428571 0.326531
vt 0.448980 0.326531
vt 0.469388 0.326531
vt 0.489796 0.326531
vt 0.510204 0.326531
vt 0.530612 0.326531
vt 0.551020 0.326531
vt 0.571429 0.326531
vt 0.591837 0.326531
vt 0.612245 0.326531
vt 0.632653 0.326531
vt 0.653061 0.326531
vt 0.673469 0.326531
vt 0.693878 0.326531
vt 0.714286 0.326531
vt 0.734694 0.326531
vt 0.755102 0.326531
vt 0.775510 0.326531
vt 0.795918 0.326531
vt 0.816326 0.326531
vt 0.836735 0.326531
vt 0.857143 0.326531
vt 0.877551 0.326531
vt 0.897959 0.326531
vt 0.918367 0.326531
vt 0.938775 0.326531
vt 0.959184 0.326531
vt 0.979592 0.326531
vt 1.000000 0.326531
vt 0.000000 0.346939
vt 0.020408 0.346939
vt 0.040816 0.346939
vt 0.061224 0.346939
vt 0.081633 0.346939
vt 0.102041 0.346939
vt 0.122449 0.346939
vt 0.142857 0.346939
vt 0.163265 0.346939
vt 0.183673 0.346939
vt 0.204082 0.346939
vt 0.224490 0.346939
vt 0.244898 0.346939
vt 0.265306 0.346939
vt 0.285714 0.346939
vt 0.306122 0.346939
vt 0.326531 0.346939
vt 0.346939 0.346939
vt 0.367347 0.346939
vt 0.387755 0.346939
vt 0.408163 0.346939
vt 0.428571 0.346939
vt 0.448980 0.346939
vt 0.469388 0.346939
vt 0.489796 0.346939
vt 0.510204 0.346939
vt 0.530612 0.346939
vt 0.551020 0.346939
vt 0.571429 0.346939
vt 0.591837 0.346939
vt 0.612245 0.346939
vt 0.632653 0.346939
vt 0.653061 0.346939
vt 0.673469 0.346939
vt 0.693878 0.346939
vt 0.714286 0.346939
vt 0.734694 0.346939
vt 0.755102 0.346939
vt 0.775510 0.346939
vt 0.795918 0.346939
vt 0.816326 0.346939
vt 0.836735 0.346939
vt 0.857143 0.346939
vt 0.877551 0.346939
vt 0.897959 0.346939
vt 0.918367 0.346939
vt 0.938775 0.346939
vt 0.959184 0.346939
vt 0.979592 0.346939
vt 1.000000 0.346939
vt 0.000000 0.367347
vt 0.020408 0.367347
vt 0.040816 0.367347
vt 0.061224 0.367347
vt 0.081633 0.367347
vt 0.102041 0.367347
vt 0.122449 0.367347
vt 0.142857 0.367347
vt 0.163265 0.367347
vt 0.183673 0.367347
vt 0.204082 0.367347
vt 0.224490 0.367347
vt 0.244898 0.367347
vt 0.265306 0.367347
vt 0.285714 0.367347
vt 0.306122 0.367347
vt 0.326531 0.367347
vt 0.346939 0.367347
vt 0.367347 0.367347
vt 0.387755 0.367347
vt 0.408163 0.367347
vt 0.428571 0.367347
vt 0.448980 0.367347
vt 0.469388 0.367347
vt 0.489796 0.367347
vt 0.510204 0.367347
vt 0.530612 0.367347
vt 0.551020 0.367347
vt 0.571429 0.367347
vt 0.591837 0.367347
vt 0.612245 0.367347
vt 0.632653 0.367347
vt 0.653061 0.367347
vt 0.673469 0.367347
vt 0.693878 0.367347
vt 0.714286 0.367347
vt 0.734694 0.367347
vt 0.755102 0.367347
vt 0.775510 0.367347
vt 0.795918 0.367347
vt 0.816326 0.367347
vt 0.836735 0.367347
vt 0.857143 0.367347
vt 0.877551 0.367347
vt 0.897959 0.367347
vt 0.918367 0.367347
vt 0.938775 0.367347
vt 0.959184 0.367347
vt 0.979592 0.367347
vt 1.000000 0.367347
vt 0.000000 0.387755
vt 0.020408 0.387755
vt 0.040816 0.387755
vt 0.061224 0.387755
vt 0.081633 0.387755
vt 0.102041 0.387755
vt 0.122449 0.387755
vt 0.142857 0.387755
vt 0.163265 0.387755
vt 0.183673 0.387755
vt 0.204082 0.387755
vt 0.224490 0.387755
vt 0.244898 0.387755
vt 0.265306 0.387755
vt 0.285714 0.387755
vt 0.306122 0.387755
vt 0.326531 0.387755
vt 0.346939 0.387755
vt 0.367347 0.387755
vt 0.387755 0.387755
vt 0.408163 0.387755
vt 0.428571 0.387755
vt 0.448980 0.387755
vt 0.469388 0.387755
vt 0.489796 0.387755
vt 0.510204 0.387755
vt 0.530612 0.387755
vt 0.551020 0.387755
vt 0.571429 0.387755
vt 0.591837 0.387755
vt 0.612245 0.387755
vt 0.632653 0.387755
vt 0.653061 0.387755
vt 0.673469 0.387755
vt 0.693878 0.387755
vt 0.714286 0.387755
vt 0.734694 0.387755
vt 0.755102 0.387755
vt 0.775510 0.387755
vt 0.795918 0.387755
vt 0.816326 0.387755
vt 0.836735 0.387755
vt 0.857143 0.387755
vt 0.877551 0.387755
vt 0.897959 0.387755
vt 0.918367 0.387755
vt 0.938775 0.387755
vt 0.959184 0.387755
vt 0.979592 0.387755
vt 1.000000 0.387755
vt 0.000000 0.408163
vt 0.020408 0.408163
vt 0.040816 0.408163
vt 0.061224 0.408163
vt 0.081633 0.408163
vt 0.102041 0.408163
vt 0.122449 0.408163
vt 0.142857 0.408163
vt 0.163265 0.408163
vt 0.183673 0.408163
vt 0.204082 0.408163
vt 0.224490 0.408163
vt 0.244898 0.408163
vt 0.265306 0.408163
vt 0.285714 0.408163
vt 0.306122 0.408163
vt 0.326531 0.408163
vt 0.346939 0.408163
vt 0.367347 0.408163
vt 0.387755 0.408163
vt 0.408163 0.408163
vt 0.428571 0.408163
vt 0.448980 0.408163
vt 0.469388 0.408163
vt 0.489796 0.408163
vt 0.510204 0.408163
vt 0.530612 0.408163
vt 0.551020 0.408163
vt 0.571429 0.408163
vt 0.591837 0.408163
vt 0.612245 0.408163
vt 0.632653 0.408163
vt 0.653061 0.408163
vt 0.673469 0.408163
vt 0.693878 0.408163
vt 0.714286 0.408163
vt 0.734694 0.408163
vt 0.755102 0.408163
vt 0.775510 0.408163
vt 0.795918 0.408163
vt 0.816326 0.408163
vt 0.836735 0.408163
vt 0.857143 0.408163
vt 0.877551 0.408163
vt 0.897959 0.408163
vt 0.918367 0.408163
vt 0.938775 0.408163
vt 0.959184 0.408163
vt 0.979592 0.408163
vt 1.000000 0.408163
vt 0.000000 0.428571
vt 0.020408 0.428571
vt 0.040816 0.428571
vt 0.061224 0.428571
vt 0.081633 0.428571
vt 0.102041 0.428571
vt 0.122449 0.428571
vt 0.142857 0.428571
vt 0.163265 0.428571
vt 0.183673 0.428571
vt 0.204082 0.428571
vt 0.224490 0.428571
vt 0.244898 0.428571
vt 0.265306 0.428571
vt 0.285714 0.428571
vt 0.306122 0.428571
vt 0.326531 0.428571
vt 0.346939 0.428571
vt 0.367347 0.428571
vt 0.387755 0.428571
vt 0.408163 0.428571
vt 0.428571 0.428571
vt 0.448980 0.428571
vt 0.469388 0.428571
vt 0.489796 0.428571
vt 0.510204 0.428571
vt 0.530612 0.428571
vt 0.551020 0.428571
vt 0.571429 0.428571
vt 0.591837 0.428571
vt 0.612245 0.428571
vt 0.632653 0.428571
vt 0.653061 0.428571
vt 0.673469 0.428571
vt 0.693878 0.428571
vt 0.714286 0.428571
vt 0.734694 0.428571
vt 0.755102 0.428571
vt 0.775510 0.428571
vt 0.795918 0.428571
vt 0.816326 0.428571
vt 0.836735 0.428571
vt 0.857143 0.428571
vt 0.877551 0.428571
vt 0.897959 0.428571
vt 0.918367 0.428571
vt 0.938775 0.428571
vt 0.959184 0.428571
vt 0.979592 0.428571
vt 1.000000 0.428571
vt 0.000000 0.448980
vt 0.020408 0.448980
vt 0.040816 0.448980
vt 0.061224 0.448980
vt 0.081633 0.448980
vt 0.102041 0.448980
vt 0.122449 0.448980
vt 0.142857 0.448980
vt 0.163265 0.448980
vt 0.183673 0.448980
vt 0.204082 0.448980
vt 0.224490 0.448980
vt 0.244898 0.448980
vt 0.265306 0.448980
vt 0.285714 0.448980
vt 0.306122 0.448980
vt 0.326531 0.448980
vt 0.346939 0.448980
vt 0.367347 0.448980
vt 0.387755 0.448980
vt 0.408163 0.448980
vt 0.428571 0.448980
vt 0.448980 0.448980
vt 0.469388 0.448980
vt 0.489796 0.448980
vt 0.510204 0.448980
vt 0.530612 0.448980
vt 0.551020 0.448980
vt 0.571429 0.448980
vt 0.591837 0.448980
vt 0.612245 0.448980
vt 0.632653 0.448980
vt 0.653061 0.448980
vt 0.673469 0.448980
vt 0.693878 0.448980
vt 0.714286 0.448980
vt 0.734694 0.448980
vt 0.755102 0.448980
vt 0.775510 0.448980
vt 0.795918 0.448980
vt 0.816326 0.448980
vt 0.836735 0.448980
vt 0.857143 0.448980
vt 0.877551 0.448980
vt 0.897959 0.448980
vt 0.918367 0.448980
vt 0.938775 0.448980
vt 0.959184 0.448980
vt 0.979592 0.448980
vt 1.000000 0.448980
vt 0.000000 0.469388
vt 0.020408 0.469388
vt 0.040816 0.469388
vt 0.061224 0.469388
vt 0.081633 0.469388
vt 0.102041 0.469388
vt 0.122449 0.469388
vt 0.142857 0.469388
vt 0.163265 0.469388
vt 0.183673 0.469388
vt 0.204082 0.469388
vt 0.224490 0.469388
vt 0.244898 0.469388
vt 0.265306 0.469388
vt 0.285714 0.469388
vt 0.306122 0.469388
vt 0.326531 0.469388
vt 0.346939 0.469388
vt 0.367347 0.469388
vt 0.387755 0.469388
vt 0.408163 0.469388
vt 0.428571 0.469388
vt 0.448980 0.469388
vt 0.469388 0.469388
vt 0.489796 0.469388
vt 0.510204 0.469388
vt 0.530612 0.469388
vt 0.551020 0.469388
vt 0.571429 0.469388
vt 0.591837 0.469388
vt 0.612245 0.469388
vt 0.632653 0.469388
vt 0.653061 0.469388
vt 0.673469 0.469388
vt 0.693878 0.469388
vt 0.714286 0.469388
vt 0.734694 0.469388
vt 0.755102 0.469388
vt 0.775510 0.469388
vt 0.795918 0.469388
vt 0.816326 0.469388
vt 0.836735 0.469388
vt 0.857143 0.469388
vt 0.877551 0.469388
vt 0.897959 0.469388
vt 0.918367 0.469388
vt 0.938775 0.469388
vt 0.959184 0.469388
vt 0.979592 0.469388
vt 1.000000 0.469388
vt 0.000000 0.489796
vt 0.020408 0.489796
vt 0.040816 0.489796
vt 0.061224 0.489796
vt 0.081633 0.489796
vt 0.102041 0.489796
vt 0.122449 0.489796
vt 0.142857 0.489796
vt 0.163265 0.489796
vt 0.183673 0.489796
vt 0.204082 0.489796
vt 0.224490 0.489796
vt 0.244898 0.489796
vt 0.265306 0.489796
vt 0.285714 0.489796
vt 0.306122 0.489796
vt 0.326531 0.489796
vt 0.346939 0.489796
vt 0.367347 0.489796
vt 0.387755 0.489796
vt 0.408163 0.489796
vt 0.428571 0.489796
vt 0.448980 0.489796
vt 0.469388 0.489796
vt 0.489796 0.489796
vt 0.510204 0.489796
vt 0.530612 0.489796
vt 0.551020 0.489796
vt 0.571429 0.489796
vt 0.591837 0.489796
vt 0.612245 0.489796
vt 0.632653 0.489796
vt 0.653061 0.489796
vt 0.673469 0.489796
vt 0.693878 0.489796
vt 0.714286 0.489796
vt 0.734694 0.489796
vt 0.755102 0.489796
vt 0.775510 0.489796
vt 0.795918 0.489796
vt 0.816326 0.489796
vt 0.836735 0.489796
vt 0.857143 0.489796
vt 0.877551 0.489796
vt 0.897959 0.489796
vt 0.918367 0.489796
vt 0.938775 0.489796
vt 0.959184 0.489796
vt 0.979592 0.489796
vt 1.000000 0.489796
vt 0.000000 0.510204
vt 0.020408 0.510204
vt 0.040816 0.510204
vt 0.061224 0.510204
vt 0.081633 0.510204
vt 0.102041 0.510204
vt 0.122449 0.510204
vt 0.142857 0.510204
vt 0.163265 0.510204
vt 0.183673 0.510204
vt 0.204082 0.510204
vt 0.224490 0.510204
vt 0.244898 0.510204
vt 0.265306 0.510204
vt 0.285714 0.510204
vt 0.306122 0.510204
vt 0.326531 0.510204
vt 0.346939 0.510204
vt 0.367347 0.510204
vt 0.387755 0.510204
vt 0.408163 0.510204
vt 0.428571 0.510204
vt 0.448980 0.510204
vt 0.469388 0.510204
vt 0.489796 0.510204
vt 0.510204 0.510204
vt 0.530612 0.510204
vt 0.551020 0.510204
vt 0.571429 0.510204
vt 0.591837 0.510204
vt 0.612245 0.510204
vt 0.632653 0.510204
vt 0.653061 0.510204
vt 0.673469 0.510204
vt 0.693878 0.510204
vt 0.714286 0.510204
vt 0.734694 0.510204
vt 0.755102 0.510204
vt 0.775510 0.510204
vt 0.795918 0.510204
vt 0.816326 0.510204
vt 0.836735 0.510204
vt 0.857143 0.510204
vt 0.877551 0.510204
vt 0.897959 0.510204
vt 0.918367 0.510204
vt 0.938775 0.510204
vt 0.959184 0.510204
vt 0.979592 0.510204
vt 1.000000 0.510204
vt 0.000000 0.530612
vt 0.020408 0.530612
vt 0.040816 0.530612
vt 0.061224 0.530612
vt 0.081633 0.530612
vt 0.102041 0.530612
vt 0.122449 0.530612
vt 0.142857 0.530612
vt 0.163265 0.530612
vt 0.183673 0.530612
vt 0.204082 0.530612
vt 0.224490 0.530612
vt 0.244898 0.530612
vt 0.265306 0.530612
vt 0.285714 0.530612
vt 0.306122 0.530612
vt 0.326531 0.530612
vt 0.346939 0.530612
vt 0.367347 0.530612
vt 0.387755 0.530612
vt 0.408163 0.530612
vt 0.428571 0.530612
vt 0.448980 0.530612
vt 0.469388 0.530612
vt 0.489796 0.530612
vt 0.510204 0.530612
vt 0.530612 0.530612
vt 0.551020 0.530612
vt 0.571429 0.530612
vt 0.591837 0.530612
vt 0.612245 0.530612
vt 0.632653 0.530612
vt 0.653061 0.530612
vt 0.673469 0.530612
vt 0.693878 0.530612
vt 0.714286 0.530612
vt 0.734694 0.530612
vt 0.755102 0.530612
vt 0.775510 0.530612
vt 0.795918 0.530612
vt 0.816326 0.530612
vt 0.836735 0.530612
vt 0.857143 0.530612
vt 0.877551 0.530612
vt 0.897959 0.530612
vt 0.918367 0.530612
vt 0.938775 0.530612
vt 0.959184 0.530612
vt 0.979592 0.530612
vt 1.000000 0.530612
vt 0.000000 0.551020
vt 0.020408 0.551020
vt 0.040816 0.551020
vt 0.061224 0.551020
vt 0.081633 0.551020
vt 0.102041 0.551020
vt 0.122449 0.551020
vt 0.142857 0.551020
vt 0.163265 0.551020
vt 0.183673 0.551020
vt 0.204082 0.551020
vt 0.224490 0.551020
vt 0.244898 0.551020
vt 0.265306 0.551020
vt 0.285714 0.551020
vt 0.306122 0.551020
vt 0.326531 0.551020
vt 0.346939 0.551020
vt 0.367347 0.551020
vt 0.387755 0.551020
vt 0.408163 0.551020
vt 0.428571 0.551020
vt 0.448980 0.551020
vt 0.469388 0.551020
vt 0.489796 0.551020
vt 0.510204 0.551020
vt 0.530612 0.551020
vt 0.551020 0.551020
vt 0.571429 0.551020
vt 0.591837 0.551020
vt 0.612245 0.551020
vt 0.632653 0.551020
vt 0.653061 0.551020
vt 0.673469 0.551020
vt 0.693878 0.551020
vt 0.714286 0.551020
vt 0.734694 0.551020
vt 0.755102 0.551020
vt 0.775510 0.551020
vt 0.795918 0.551020
vt 0.816326 0.551020
vt 0.836735 0.551020
vt 0.857143 0.551020
vt 0.877551 0.551020
vt 0.897959 0.551020
vt 0.918367 0.551020
vt 0.938775 0.551020
vt 0.959184 0.551020
vt 0.979592 0.551020
vt 1.000000 0.551020
vt 0.000000 0.571429
vt 0.020408 0.571429
vt 0.040816 0.571429
vt 0.061224 0.571429
vt 0.081633 0.571429
vt 0.102041 0.571429
vt 0.122449 0.571429
vt 0.142857 0.571429
vt 0.163265 0.571429
vt 0.183673 0.571429
vt 0.204082 0.571429
vt 0.224490 0.571429
vt 0.244898 0.571429
vt 0.265306 0.571429
vt 0.285714 0.571429
vt 0.306122 0.571429
vt 0.326531 0.571429
vt 0.346939 0.571429
vt 0.367347 0.571429
vt 0.387755 0.571429
vt 0.408163 0.571429
vt 0.428571 0.571429
vt 0.448980 0.571429
vt 0.469388 0.571429
vt 0.489796 0.571429
vt 0.510204 0.571429
vt 0.530612 0.571429
vt 0.551020 0.571429
vt 0.571429 0.571429
vt 0.591837 0.571429
vt 0.612245 0.571429
vt 0.632653 0.571429
vt 0.653061 0.571429
vt 0.673469 0.571429
vt 0.693878 0.571429
vt 0.714286 0.571429
vt 0.734694 0.571429
vt 0.755102 0.571429
vt 0.775510 0.571429
vt 0.795918 0.571429
vt 0.816326 0.571429
vt 0.836735 0.571429
vt 0.857143 0.571429
vt 0.877551 0.571429
vt 0.897959 0.571429
vt 0.918367 0.571429
vt 0.938775 0.571429
vt 0.959184 0.571429
vt 0.979592 0.571429
vt 1.000000 0.571429
vt 0.000000 0.591837
vt 0.020408 0.591837
vt 0.040816 0.591837
vt 0.061224 0.591837
vt 0.081633 0.591837
vt 0.102041 0.591837
vt 0.122449 0.591837
vt 0.142857 0.591837
vt 0.163265 0.591837
vt 0.183673 0.591837
vt 0.204082 0.591837
vt 0.224490 0.591837
vt 0.244898 0.591837
vt 0.265306 0.591837
vt 0.285714 0.591837
vt 0.306122 0.591837
vt 0.326531 0.591837
vt 0.346939 0.591837
vt 0.367347 0.591837
vt 0.387755 0.591837
vt 0.408163 0.591837
vt 0.428571 0.591837
vt 0.448980 0.591837
vt 0.469388 0.591837
vt 0.489796 0.591837
vt 0.510204 0.591837
vt 0.530612 0.591837
vt 0.551020 0.591837
vt 0.571429 0.591837
vt 0.591837 0.591837
vt 0.612245 0.591837
vt 0.632653 0.591837
vt 0.653061 0.591837
vt 0.673469 0.591837
vt 0.693878 0.591837
vt 0.714286 0.591837
vt 0.734694 0.591837
vt 0.755102 0.591837
vt 0.775510 0.591837
vt 0.795918 0.591837
vt 0.816326 0.591837
vt 0.836735 0.591837
vt 0.857143 0.591837
vt 0.877551 0.591837
vt 0.897959 0.591837
vt 0.918367 0.591837
vt 0.938775 0.591837
vt 0.959184 0.591837
vt 0.979592 0.591837
vt 1.000000 0.591837
vt 0.000000 0.612245
vt 0.020408 0.612245
vt 0.040816 0.612245
vt 0.061224 0.612245
vt 0.081633 0.612245
vt 0.102041 0.612245
vt 0.122449 0.612245
vt 0.142857 0.612245
vt 0.163265 0.612245
vt 0.183673 0.612245
vt 0.204082 0.612245
vt 0.224490 0.612245
vt 0.244898 0.612245
vt 0.265306 0.612245
vt 0.285714 0.612245
vt 0.306122 0.612245
vt 0.326531 0.612245
vt 0.346939 0.612245
vt 0.367347 0.612245
vt 0.387755 0.612245
vt 0.408163 0.612245
vt 0.428571 0.612245
vt 0.448980 0.612245
vt 0.469388 0.612245
vt 0.489796 0.612245
vt 0.510204 0.612245
vt 0.530612 0.612245
vt 0.551020 0.612245
vt 0.571429 0.612245
vt 0.591837 0.612245
vt 0.612245 0.612245
vt 0.632653 0.612245
vt 0.653061 0.612245
vt 0.673469 0.612245
vt 0.693878 0.612245
vt 0.714286 0.612245
vt 0.734694 0.612245
vt 0.755102 0.612245
vt 0.775510 0.612245
vt 0.795918 0.612245
vt 0.816326 0.612245
vt 0.836735 0.612245
vt 0.857143 0.612245
vt 0.877551 0.612245
vt 0.897959 0.612245
vt 0.918367 0.612245
vt 0.938775 0.612245
vt 0.959184 0.612245
vt 0.979592 0.612245
vt 1.000000 0.612245
vt 0.000000 0.632653
vt 0.020408 0.632653
vt 0.040816 0.632653
vt 0.061224 0.632653
vt 0.081633 0.632653
vt 0.102041 0.632653
vt 0.122449 0.632653
vt 0.142857 0.632653
vt 0.163265 0.632653
vt 0.183673 0.632653
vt 0.204082 0.632653
vt 0.224490 0.632653
vt 0.244898 0.632653
vt 0.265306 0.632653
vt 0.285714 0.632653
vt 0.306122 0.632653
vt 0.326531 0.632653
vt 0.346939 0.632653
vt 0.367347 0.632653
vt 0.387755 0.632653
vt 0.408163 0.632653
vt 0.428571 0.632653
vt 0.448980 0.632653
vt 0.469388 0.632653
vt 0.489796 0.632653
vt 0.510204 0.632653
vt 0.530612 0.632653
vt 0.551020 0.632653
vt 0.571429 0.632653
vt 0.591837 0.632653
vt 0.612245 0.632653
vt 0.632653 0.632653
vt 0.653061 0.632653
vt 0.673469 0.632653
vt 0.693878 0.632653
vt 0.714286 0.632653
vt 0.734694 0.632653
vt 0.755102 0.632653
vt 0.775510 0.632653
vt 0.795918 0.632653
vt 0.816326 0.632653
vt 0.836735 0.632653
vt 0.857143 0.632653
vt 0.877551 0.632653
vt 0.897959 0.632653
vt 0.918367 0.632653
vt 0.938775 0.632653
vt 0.959184 0.632653
vt 0.979592 0.632653
vt 1.000000 0.632653
vt 0.000000 0.653061
vt 0.020408 0.653061
vt 0.040816 0.653061
vt 0.061224 0.653061
vt 0.081633 0.653061
vt 0.102041 0.653061
vt 0.122449 0.653061
vt 0.142857 0.653061
vt 0.163265 0.653061
vt 0.183673 0.653061
vt 0.204082 0.653061
vt 0.224490 0.653061
vt 0.244898 0.653061
vt 0.265306 0.653061
vt 0.285714 0.653061
vt 0.306122 0.653061
vt 0.326531 0.653061
vt 0.346939 0.653061
vt 0.367347 0.653061
vt 0.387755 0.653061
vt 0.408163 0.653061
vt 0.428571 0.653061
vt 0.448980 0.653061
vt 0.469388 0.653061
vt 0.489796 0.653061
vt 0.510204 0.653061
vt 0.530612 0.653061
vt 0.551020 0.653061
vt 0.571429 0.653061
vt 0.591837 0.653061
vt 0.612245 0.653061
vt 0.632653 0.653061
vt 0.653061 0.653061
vt 0.673469 0.653061
vt 0.693878 0.653061
vt 0.714286 0.653061
vt 0.734694 0.653061
vt 0.755102 0.653061
vt 0.775510 0.653061
vt 0.795918 0.653061
vt 0.816326 0.653061
vt 0.836735 0.653061
vt 0.857143 0.653061
vt 0.877551 0.653061
vt 0.897959 0.653061
vt 0.918367 0.653061
vt 0.938775 0.653061
vt 0.959184 0.653061
vt 0.979592 0.653061
vt 1.000000 0.653061
vt 0.000000 0.673469
vt 0.020408 0.673469
vt 0.040816 0.673469
vt 0.061224 0.673469
vt 0.081633 0.673469
vt 0.102041 0.673469
vt 0.122449 0.673469
vt 0.142857 0.673469
vt 0.163265 0.673469
vt 0.183673 0.673469
vt 0.204082 0.673469
vt 0.224490 0.673469
vt 0.244898 0.673469
vt 0.265306 0.673469
vt 0.285714 0.673469
vt 0.306122 0.673469
vt 0.326531 0.673469
vt 0.346939 0.673469
vt 0.367347 0.673469
vt 0.387755 0.673469
vt 0.408163 0.673469
vt 0.428571 0.673469
vt 0.448980 0.673469
vt 0.469388 0.673469
vt 0.489796 0.673469
vt 0.510204 0.673469
vt 0.530612 0.673469
vt 0.551020 0.673469
vt 0.571429 0.673469
vt 0.591837 0.673469
vt 0.612245 0.673469
vt 0.632653 0.673469
vt 0.653061 0.673469
vt 0.673469 0.673469
vt 0.693878 0.673469
vt 0.714286 0.673469
vt 0.734694 0.673469
vt 0.755102 0.673469
vt 0.775510 0.673469
vt 0.795918 0.673469
vt 0.816326 0.673469
vt 0.836735 0.673469
vt 0.857143 0.673469
vt 0.877551 0.673469
vt 0.897959 0.673469
vt 0.918367 0.673469
vt 0.938775 0.673469
vt 0.959184 0.673469
vt 0.979592 0.673469
vt 1.000000 0.673469
vt 0.000000 0.693878
vt 0.020408 0.693878
vt 0.040816 0.693878
vt 0.061224 0.693878
vt 0.081633 0.693878
vt 0.102041 0.693878
vt 0.122449 0.693878
vt 0.142857 0.693878
vt 0.163265 0.693878
vt 0.183673 0.693878
vt 0.204082 0.693878
vt 0.224490 0.693878
vt 0.244898 0.693878
vt 0.265306 0.693878
vt 0.285714 0.693878
vt 0.306122 0.693878
vt 0.326531 0.693878
vt 0.346939 0.693878
vt 0.367347 0.693878
vt 0.387755 0.693878
vt 0.408163 0.693878
vt 0.428571 0.693878
vt 0.448980 0.693878
vt 0.469388 0.693878
vt 0.489796 0.693878
vt 0.510204 0.693878
vt 0.530612 0.693878
vt 0.551020 0.693878
vt 0.571429 0.693878
vt 0.591837 0.693878
vt 0.612245 0.693878
vt 0.632653 0.693878
vt 0.653061 0.693878
vt 0.673469 0.693878
vt 0.693878 0.693878
vt 0.714286 0.693878
vt 0.734694 0.693878
vt 0.755102 0.693878
vt 0.775510 0.693878
vt 0.795918 0.693878
vt 0.816326 0.693878
vt 0.836735 0.693878
vt 0.857143 0.693878
vt 0.877551 0.693878
vt 0.897959 0.693878
vt 0.918367 0.693878
vt 0.938775 0.693878
vt 0.959184 0.693878
vt 0.979592 0.693878
vt 1.000000 0.693878
vt 0.000000 0.714286
vt 0.020408 0.714286
vt 0.040816 0.714286
vt 0.061224 0.714286
vt 0.081633 0.714286
vt 0.102041 0.714286
vt 0.122449 0.714286
vt 0.142857 0.714286
vt 0.163265 0.714286
vt 0.183673 0.714286
vt 0.204082 0.714286
vt 0.224490 0.714286
vt 0.244898 0.714286
vt 0.265306 0.714286
vt 0.285714 0.714286
vt 0.306122 0.714286
vt 0.326531 0.714286
vt 0.346939 0.714286
vt 0.367347 0.714286
vt 0.387755 0.714286
vt 0.408163 0.714286
vt 0.428571 0.714286
vt 0.448980 0.714286
vt 0.469388 0.714286
vt 0.489796 0.714286
vt 0.510204 0.714286
vt 0.530612 0.714286
vt 0.551020 0.714286
vt 0.571429 0.714286
vt 0.591837 0.714286
vt 0.612245 0.714286
vt 0.632653 0.714286
vt 0.653061 0.714286
vt 0.673469 0.714286
vt 0.693878 0.714286
vt 0.714286 0.714286
vt 0.734694 0.714286
vt 0.755102 0.714286
vt 0.775510 0.714286
vt 0.795918 0.714286
vt 0.816326 0.714286
vt 0.836735 0.714286
vt 0.857143 0.714286
vt 0.877551 0.714286
vt 0.897959 0.714286
vt 0.918367 0.714286
vt 0.938775 0.714286
vt 0.959184 0.714286
vt 0.979592 0.714286
vt 1.000000 0.714286
vt 0.000000 0.734694
vt 0.020408 0.734694
vt 0.040816 0.734694
vt 0.061224 0.734694
vt 0.081633 0.734694
vt 0.102041 0.734694
vt 0.122449 0.734694
vt 0.142857 0.734694
vt 0.163265 0.734694
vt 0.183673 0.734694
vt 0.204082 0.734694
vt 0.224490 0.734694
vt 0.244898 0.734694
vt 0.265306 0.734694
vt 0.285714 0.734694
vt 0.306122 0.734694
vt 0.326531 0.734694
vt 0.346939 0.734694
vt 0.367347 0.734694
vt 0.387755 0.734694
vt 0.408163 0.734694
vt 0.428571 0.734694
vt 0.448980 0.734694
vt 0.469388 0.734694
vt 0.489796 0.734694
vt 0.510204 0.734694
vt 0.530612 0.734694
vt 0.551020 0.734694
vt 0.571429 0.734694
vt 0.591837 0.734694
vt 0.612245 0.734694
vt 0.632653 0.734694
vt 0.653061 0.734694
vt 0.673469 0.734694
vt 0.693878 0.734694
vt 0.714286 0.734694
vt 0.734694 0.734694
vt 0.755102 0.734694
vt 0.775510 0.734694
vt 0.795918 0.734694
vt 0.816326 0.734694
vt 0.836735 0.734694
vt 0.857143 0.734694
vt 0.877551 0.734694
vt 0.897959 0.734694
vt 0.918367 0.734694
vt 0.938775 0.734694
vt 0.959184 0.734694
vt 0.979592 0.734694
vt 1.000000 0.734694
vt 0.000000 0.755102
vt 0.020408 0.755102
vt 0.040816 0.755102
vt 0.061224 0.755102
vt 0.081633 0.755102
vt 0.102041 0.755102
vt 0.122449 0.755102
vt 0.142857 0.755102
vt 0.163265 0.755102
vt 0.183673 0.755102
vt 0.204082 0.755102
vt 0.224490 0.755102
vt 0.244898 0.755102
vt 0.265306 0.755102
vt 0.285714 0.755102
vt 0.306122 0.755102
vt 0.326531 0.755102
vt 0.346939 0.755102
vt 0.367347 0.755102
vt 0.387755 0.755102
vt 0.408163 0.755102
vt 0.428571 0.755102
vt 0.448980 0.755102
vt 0.469388 0.755102
vt 0.489796 0.755102
vt 0.510204 0.755102
vt 0.530612 0.755102
vt 0.551020 0.755102
vt 0.571429 0.755102
vt 0.591837 0.755102
vt 0.612245 0.755102
vt 0.632653 0.755102
vt 0.653061 0.755102
vt 0.673469 0.755102
vt 0.693878 0.755102
vt 0.714286 0.755102
vt 0.734694 0.755102
vt 0.755102 0.755102
vt 0.775510 0.755102
vt 0.795918 0.755102
vt 0.816326 0.755102
vt 0.836735 0.755102
vt 0.857143 0.755102
vt 0.877551 0.755102
vt 0.897959 0.755102
vt 0.918367 0.755102
vt 0.938775 0.755102
vt 0.959184 0.755102
vt 0.979592 0.755102
vt 1.000000 0.755102
vt 0.000000 0.775510
vt 0.020408 0.775510
vt 0.040816 0.775510
vt 0.061224 0.775510
vt 0.081633 0.775510
vt 0.102041 0.775510
vt 0.122449 0.775510
vt 0.142857 0.775510
vt 0.163265 0.775510
vt 0.183673 0.775510
vt 0.204082 0.775510
vt 0.224490 0.775510
vt 0.244898 0.775510
vt 0.265306 0.775510
vt 0.285714 0.775510
vt 0.306122 0.775510
vt 0.326531 0.775510
vt 0.346939 0.775510
vt 0.367347 0.775510
vt 0.387755 0.775510
vt 0.408163 0.775510
vt 0.428571 0.775510
vt 0.448980 0.775510
vt 0.469388 0.775510
vt 0.489796 0.775510
vt 0.510204 0.775510
vt 0.530612 0.775510
vt 0.551020 0.775510
vt 0.571429 0.775510
vt 0.591837 0.775510
vt 0.612245 0.775510
vt 0.632653 0.775510
vt 0.653061 0.775510
vt 0.673469 0.775510
vt 0.693878 0.775510
vt 0.714286 0.775510
vt 0.734694 0.775510
vt 0.755102 0.775510
vt 0.775510 0.775510
vt 0.795918 0.775510
vt 0.816326 0.775510
vt 0.836735 0.775510
vt 0.857143 0.775510
vt 0.877551 0.775510
vt 0.897959 0.775510
vt 0.918367 0.775510
vt 0.938775 0.775510
vt 0.959184 0.775510
vt 0.979592 0.775510
vt 1.000000 0.775510
vt 0.000000 0.795918
vt 0.020408 0.795918
vt 0.040816 0.795918
vt 0.061224 0.795918
vt 0.081633 0.795918
vt 0.102041 0.795918
vt 0.122449 0.795918
vt 0.142857 0.795918
vt 0.163265 0.795918
vt 0.183673 0.795918
vt 0.204082 0.795918
vt 0.224490 0.795918
vt 0.244898 0.795918
vt 0.265306 0.795918
vt 0.285714 0.795918
vt 0.306122 0.795918
vt 0.326531 0.795918
vt 0.346939 0.795918
vt 0.367347 0.795918
vt 0.387755 0.795918
vt 0.408163 0.795918
vt 0.428571 0.795918
vt 0.448980 0.795918
vt 0.469388 0.795918
vt 0.489796 0.795918
vt 0.510204 0.795918
vt 0.530612 0.795918
vt 0.551020 0.795918
vt 0.571429 0.795918
vt 0.591837 0.795918
vt 0.612245 0.795918
vt 0.632653 0.795918
vt 0.653061 0.795918
vt 0.673469 0.795918
vt 0.693878 0.795918
vt 0.714286 0.795918
vt 0.734694 0.795918
vt 0.755102 0.795918
vt 0.775510 0.795918
vt 0.795918 0.795918
vt 0.816326 0.795918
vt 0.836735 0.795918
vt 0.857143 0.795918
vt 0.877551 0.795918
vt 0.897959 0.795918
vt 0.918367 0.795918
vt 0.938775 0.795918
vt 0.959184 0.795918
vt 0.979592 0.795918
vt 1.000000 0.795918
vt 0.000000 0.816326
vt 0.020408 0.816326
vt 0.040816 0.816326
vt 0.061224 0.816326
vt 0.081633 0.816326
vt 0.102041 0.816326
vt 0.122449 0.816326
vt 0.142857 0.816326
vt 0.163265 0.816326
vt 0.183673 0.816326
vt 0.204082 0.816326
vt 0.224490 0.816326
vt 0.244898 0.816326
vt 0.265306 0.816326
vt 0.285714 0.816326
vt 0.306122 0.816326
vt 0.326531 0.816326
vt 0.346939 0.816326
vt 0.367347 0.816326
vt 0.387755 0.816326
vt 0.408163 0.816326
vt 0.428571 0.816326
vt 0.448980 0.816326
vt 0.469388 0.816326
vt 0.489796 0.816326
vt 0.510204 0.816326
vt 0.530612 0.816326
vt 0.551020 0.816326
vt 0.571429 0.816326
vt 0.591837 0.816326
vt 0.612245 0.816326
vt 0.632653 0.816326
vt 0.653061 0.816326
vt 0.673469 0.816326
vt 0.693878 0.816326
vt 0.714286 0.816326
vt 0.734694 0.816326
vt 0.755102 0.816326
vt 0.775510 0.816326
vt 0.795918 0.816326
vt 0.816326 0.816326
vt 0.836735 0.816326
vt 0.857143 0.816326
vt 0.877551 0.816326
vt 0.897959 0.816326
vt 0.918367 0.816326
vt 0.938775 0.816326
vt 0.959184 0.816326
vt 0.979592 0.816326
vt 1.000000 0.816326
vt 0.000000 0.836735
vt 0.020408 0.836735
vt 0.040816 0.836735
vt 0.061224 0.836735
vt 0.081633 0.836735
vt 0.102041 0.836735
vt 0.122449 0.836735
vt 0.142857 0.836735
vt 0.163265 0.836735
vt 0.183673 0.836735
vt 0.204082 0.836735
vt 0.224490 0.836735
vt 0.244898 0.836735
vt 0.265306 0.836735
vt 0.285714 0.836735
vt 0.306122 0.836735
vt 0.326531 0.836735
vt 0.346939 0.836735
vt 0.367347 0.836735
vt 0.387755 0.836735
vt 0.408163 0.836735
vt 0.428571 0.836735
vt 0.448980 0.836735
vt 0.469388 0.836735
vt 0.489796 0.836735
vt 0.510204 0.836735
vt 0.530612 0.836735
vt 0.551020 0.836735
vt 0.571429 0.836735
vt 0.591837 0.836735
vt 0.612245 0.836735
vt 0.632653 0.836735
vt 0.653061 0.836735
vt 0.673469 0.836735
vt 0.693878 0.836735
vt 0.714286 0.836735
vt 0.734694 0.836735
vt 0.755102 0.836735
vt 0.775510 0.836735
vt 0.795918 0.836735
vt 0.816326 0.836735
vt 0.836735 0.836735
vt 0.857143 0.836735
vt 0.877551 0.836735
vt 0.897959 0.836735
vt 0.918367 0.836735
vt 0.938775 0.836735
vt 0.959184 0.836735
vt 0.979592 0.836735
vt 1.000000 0.836735
vt 0.000000 0.857143
vt 0.020408 0.857143
vt 0.040816 0.857143
vt 0.061224 0.857143
vt 0.081633 0.857143
vt 0.102041 0.857143
vt 0.122449 0.857143
vt 0.142857 0.857143
vt 0.163265 0.857143
vt 0.183673 0.857143
vt 0.204082 0.857143
vt 0.224490 0.857143
vt 0.244898 0.857143
vt 0.265306 0.857143
vt 0.285714 0.857143
vt 0.306122 0.857143
vt 0.326531 0.857143
vt 0.346939 0.857143
vt 0.367347 0.857143
vt 0.387755 0.857143
vt 0.408163 0.857143
vt 0.428571 0.857143
vt 0.448980 0.857143
vt 0.469388 0.857143
vt 0.489796 0.857143
vt 0.510204 0.857143
vt 0.530612 0.857143
vt 0.551020 0.857143
vt 0.571429 0.857143
vt 0.591837 0.857143
vt 0.612245 0.857143
vt 0.632653 0.857143
vt 0.653061 0.857143
vt 0.673469 0.857143
vt 0.693878 0.857143
vt 0.714286 0.857143
vt 0.734694 0.857143
vt 0.755102 0.857143
vt 0.775510 0.857143
vt 0.795918 0.857143
vt 0.816326 0.857143
vt 0.836735 0.857143
vt 0.857143 0.857143
vt 0.877551 0.857143
vt 0.897959 0.857143
vt 0.918367 0.857143
vt 0.938775 0.857143
vt 0.959184 0.857143
vt 0.979592 0.857143
vt 1.000000 0.857143
vt 0.000000 0.877551
vt 0.020408 0.877551
vt 0.040816 0.877551
vt 0.061224 0.877551
vt 0.081633 0.877551
vt 0.102041 0.877551
vt 0.122449 0.877551
vt 0.142857 0.877551
vt 0.163265 0.877551
vt 0.183673 0.877551
vt 0.204082 0.877551
vt 0.224490 0.877551
vt 0.244898 0.877551
vt 0.265306 0.877551
vt 0.285714 0.877551
vt 0.306122 0.877551
vt 0.326531 0.877551
vt 0.346939 0.877551
vt 0.367347 0.877551
vt 0.387755 0.877551
vt 0.408163 0.877551
vt 0.428571 0.877551
vt 0.448980 0.877551
vt 0.469388 0.877551
vt 0.489796 0.877551
vt 0.510204 0.877551
vt 0.530612 0.877551
vt 0.551020 0.877551
vt 0.571429 0.877551
vt 0.591837 0.877551
vt 0.612245 0.877551
vt 0.632653 0.877551
vt 0.653061 0.877551
vt 0.673469 0.877551
vt 0.693878 0.877551
vt 0.714286 0.877551
vt 0.734694 0.877551
vt 0.755102 0.877551
vt 0.775510 0.877551
vt 0.795918 0.877551
vt 0.816326 0.877551
vt 0.836735 0.877551
vt 0.857143 0.877551
vt 0.877551 0.877551
vt 0.897959 0.877551
vt 0.918367 0.877551
vt 0.938775 0.877551
vt 0.959184 0.877551
vt 0.979592 0.877551
vt 1.000000 0.877551
vt 0.000000 0.897959
vt 0.020408 0.897959
vt 0.040816 0.897959
vt 0.061224 0.897959
vt 0.081633 0.897959
vt 0.102041 0.897959
vt 0.122449 0.897959
vt 0.142857 0.897959
vt 0.163265 0.897959
vt 0.183673 0.897959
vt 0.204082 0.897959
vt 0.224490 0.897959
vt 0.244898 0.897959
vt 0.265306 0.897959
vt 0.285714 0.897959
vt 0.306122 0.897959
vt 0.326531 0.897959
vt 0.346939 0.897959
vt 0.367347 0.897959
vt 0.387755 0.897959
vt 0.408163 0.897959
vt 0.428571 0.897959
vt 0.448980 0.897959
vt 0.469388 0.897959
vt 0.489796 0.897959
vt 0.510204 0.897959
vt 0.530612 0.897959
vt 0.551020 0.897959
vt 0.571429 0.897959
vt 0.591837 0.897959
vt 0.612245 0.897959
vt 0.632653 0.897959
vt 0.653061 0.897959
vt 0.673469 0.897959
vt 0.693878 0.897959
vt 0.714286 0.897959
vt 0.734694 0.897959
vt 0.755102 0.897959
vt 0.775510 0.897959
vt 0.795918 0.897959
vt 0.816326 0.897959
vt 0.836735 0.897959
vt 0.857143 0.897959
vt 0.877551 0.897959
vt 0.897959 0.897959
vt 0.918367 0.897959
vt 0.938775 0.897959
vt 0.959184 0.897959
vt 0.979592 0.897959
vt 1.000000 0.897959
vt 0.000000 0.918367
vt 0.020408 0.918367
vt 0.040816 0.918367
vt 0.061224 0.918367
vt 0.081633 0.918367
vt 0.102041 0.918367
vt 0.122449 0.918367
vt 0.142857 0.918367
vt 0.163265 0.918367
vt 0.183673 0.918367
vt 0.204082 0.918367
vt 0.224490 0.918367
vt 0.244898 0.918367
vt 0.265306 0.918367
vt 0.285714 0.918367
vt 0.306122 0.918367
vt 0.326531 0.918367
vt 0.346939 0.918367
vt 0.367347 0.918367
vt 0.387755 0.918367
vt 0.408163 0.918367
vt 0.428571 0.918367
vt 0.448980 0.918367
vt 0.469388 0.918367
vt 0.489796 0.918367
vt 0.510204 0.918367
vt 0.530612 0.918367
vt 0.551020 0.918367
vt 0.571429 0.918367
vt 0.591837 0.918367
vt 0.612245 0.918367
vt 0.632653 0.918367
vt 0.653061 0.918367
vt 0.673469 0.918367
vt 0.693878 0.918367
vt 0.714286 0.918367
vt 0.734694 0.918367
vt 0.755102 0.918367
vt 0.775510 0.918367
vt 0.795918 0.918367
vt 0.816326 0.918367
vt 0.836735 0.918367
vt 0.857143 0.918367
vt 0.877551 0.918367
vt 0.897959 0.918367
vt 0.918367 0.918367
vt 0.938775 0.918367
vt 0.959184 0.918367
vt 0.979592 0.918367
vt 1.000000 0.918367
vt 0.000000 0.938775
vt 0.020408 0.938775
vt 0.040816 0.938775
vt 0.061224 0.938775
vt 0.081633 0.938775
vt 0.102041 0.938775
vt 0.122449 0.938775
vt 0.142857 0.938775
vt 0.163265 0.938775
vt 0.183673 0.938775
vt 0.204082 0.938775
vt 0.224490 0.938775
vt 0.244898 0.938775
vt 0.265306 0.938775
vt 0.285714 0.938775
vt 0.306122 0.938775
vt 0.326531 0.938775
vt 0.346939 0.938775
vt 0.367347 0.938775
vt 0.387755 0.938775
vt 0.408163 0.938775
vt 0.428571 0.938775
vt 0.448980 0.938775
vt 0.469388 0.938775
vt 0.489796 0.938775
vt 0.510204 0.938775
vt 0.530612 0.938775
vt 0.551020 0.938775
vt 0.571429 0.938775
vt 0.591837 0.938775
vt 0.612245 0.938775
vt 0.632653 0.938775
vt 0.653061 0.938775
vt 0.673469 0.938775
vt 0.693878 0.938775
vt 0.714286 0.938775
vt 0.734694 0.938775
vt 0.755102 0.938775
vt 0.775510 0.938775
vt 0.795918 0.938775
vt 0.816326 0.938775
vt 0.836735 0.938775
vt 0.857143 0.938775
vt 0.877551 0.938775
vt 0.897959 0.938775
vt 0.918367 0.938775
vt 0.938775 0.938775
vt 0.959184 0.938775
vt 0.979592 0.938775
vt 1.000000 0.938775
vt 0.000000 0.959184
vt 0.020408 0.959184
vt 0.040816 0.959184
vt 0.061224 0.959184
vt 0.081633 0.959184
vt 0.102041 0.959184
vt 0.122449 0.959184
vt 0.142857 0.959184
vt 0.163265 0.959184
vt 0.183673 0.959184
vt 0.204082 0.959184
vt 0.224490 0.959184
vt 0.244898 0.959184
vt 0.265306 0.959184
vt 0.285714 0.959184
vt 0.306122 0.959184
vt 0.326531 0.959184
vt 0.346939 0.959184
vt 0.367347 0.959184
vt 0.387755 0.959184
vt 0.408163 0.959184
vt 0.428571 0.959184
vt 0.448980 0.959184
vt 0.469388 0.959184
vt 0.489796 0.959184
vt 0.510204 0.959184
vt 0.530612 0.959184
vt 0.551020 0.959184
vt 0.571429 0.959184
vt 0.591837 0.959184
vt 0.612245 0.959184
vt 0.632653 0.959184
vt 0.653061 0.959184
vt 0.673469 0.959184
vt 0.693878 0.959184
vt 0.714286 0.959184
vt 0.734694 0.959184
vt 0.755102 0.959184
vt 0.775510 0.959184
vt 0.795918 0.959184
vt 0.816326 0.959184
vt 0.836735 0.959184
vt 0.857143 0.959184
vt 0.877551 0.959184
vt 0.897959 0.959184
vt 0.918367 0.959184
vt 0.938775 0.959184
vt 0.959184 0.959184
vt 0.979592 0.959184
vt 1.000000 0.959184
vt 0.000000 0.979592
vt 0.020408 0.979592
vt 0.040816 0.979592
vt 0.061224 0.979592
vt 0.081633 0.979592
vt 0.102041 0.979592
vt 0.122449 0.979592
vt 0.142857 0.979592
vt 0.163265 0.979592
vt 0.183673 0.979592
vt 0.204082 0.979592
vt 0.224490 0.979592
vt 0.244898 0.979592
vt 0.265306 0.979592
vt 0.285714 0.979592
vt 0.306122 0.979592
vt 0.326531 0.979592
vt 0.346939 0.979592
vt 0.367347 0.979592
vt 0.387755 0.979592
vt 0.408163 0.979592
vt 0.428571 0.979592
vt 0.448980 0.979592
vt 0.469388 0.979592
vt 0.489796 0.979592
vt 0.510204 0.979592
vt 0.530612 0.979592
vt 0.551020 0.979592
vt 0.571429 0.979592
vt 0.591837 0.979592
vt 0.612245 0.979592
vt 0.632653 0.979592
vt 0.653061 0.979592
vt 0.673469 0.979592
vt 0.693878 0.979592
vt 0.714286 0.979592
vt 0.734694 0.979592
vt 0.755102 0.979592
vt 0.775510 0.979592
vt 0.795918 0.979592
vt 0.816326 0.979592
vt 0.836735 0.979592
vt 0.857143 0.979592
vt 0.877551 0.979592
vt 0.897959 0.979592
vt 0.918367 0.979592
vt 0.938775 0.979592
vt 0.959184 0.979592
vt 0.979592 0.979592
vt 1.000000 0.979592
vt 0.000000 1.000000
vt 0.020408 1.000000
vt 0.040816 1.000000
vt 0.061224 1.000000
vt 0.081633 1.000000
vt 0.102041 1.000000
vt 0.122449 1.000000
vt 0.142857 1.000000
vt 0.163265 1.000000
vt 0.183673 1.000000
vt 0.204082 1.000000
vt 0.224490 1.000000
vt 0.244898 1.000000
vt 0.265306 1.000000
vt 0.285714 1.000000
vt 0.306122 1.000000
vt 0.326531 1.000000
vt 0.346939 1.000000
vt 0.367347 1.000000
vt 0.387755 1.000000
vt 0.408163 1.000000
vt 0.428571 1.000000
vt 0.448980 1.000000
vt 0.469388 1.000000
vt 0.489796 1.000000
vt 0.510204 1.000000
vt 0.530612 1.000000
vt 0.551020 1.000000
vt 0.571429 1.000000
vt 0.591837 1.000000
vt 0.612245 1.000000
vt 0.632653 1.000000
vt 0.653061 1.000000
vt 0.673469 1.000000
vt 0.693878 1.000000
vt 0.714286 1.000000
vt 0.734694 1.000000
vt 0.755102 1.000000
vt 0.775510 1.000000
vt 0.795918 1.000000
vt 0.816326 1.000000
vt 0.836735 1.000000
vt 0.857143 1.000000
vt 0.877551 1.000000
vt 0.897959 1.000000
vt 0.918367 1.000000
vt 0.938775 1.000000
vt 0.959184 1.000000
vt 0.979592 1.000000
vt 1.000000 1.000000
vt 0.000000 0.000000
vt 0.020408 0.000000
vt 0.020408 0.020408
vt 0.000000 0.020408
vt 0.040816 0.000000
vt 0.040816 0.020408
vt 0.061224 0.000000
vt 0.061224 0.020408
vt 0.081633 0.000000
vt 0.081633 0.020408
vt 0.102041 0.000000
vt 0.102041 0.020408
vt 0.122449 0.000000
vt 0.122449 0.020408
vt 0.142857 0.000000
vt 0.142857 0.020408
vt 0.163265 0.000000
vt 0.163265 0.020408
vt 0.183673 0.000000
vt 0.183673 0.020408
vt 0.204082 0.000000
vt 0.204082 0.020408
vt 0.224490 0.000000
vt 0.224490 0.020408
vt 0.244898 0.000000
vt 0.244898 0.020408
vt 0.265306 0.000000
vt 0.265306 0.020408
vt 0.285714 0.000000
vt 0.285714 0.020408
vt 0.306122 0.000000
vt 0.306122 0.020408
vt 0.326531 0.000000
vt 0.326531 0.020408
vt 0.346939 0.000000
vt 0.346939 0.020408
vt 0.367347 0.000000
vt 0.367347 0.020408
vt 0.387755 0.000000
vt 0.387755 0.020408
vt 0.408163 0.000000
vt 0.408163 0.020408
vt 0.428571 0.000000
vt 0.428571 0.020408
vt 0.448980 0.000000
vt 0.448980 0.020408
vt 0.469388 0.000000
vt 0.469388 0.020408
vt 0.489796 0.000000
vt 0.489796 0.020408
vt 0.510204 0.000000
vt 0.510204 0.020408
vt 0.530612 0.000000
vt 0.530612 0.020408
vt 0.551020 0.000000
vt 0.551020 0.020408
vt 0.571429 0.000000
vt 0.571429 0.020408
vt 0.591837 0.000000
vt 0.591837 0.020408
vt 0.612245 0.000000
vt 0.612245 0.020408
vt 0.632653 0.000000
vt 0.632653 0.020408
vt 0.653061 0.000000
vt 0.653061 0.020408
vt 0.673469 0.000000
vt 0.673469 0.020408
vt 0.693878 0.000000
vt 0.693878 0.020408
vt 0.714286 0.000000
vt 0.714286 0.020408
vt 0.734694 0.000000
vt 0.734694 0.020408
vt 0.755102 0.000000
vt 0.755102 0.020408
vt 0.775510 0.000000
vt 0.775510 0.020408
vt 0.795918 0.000000
vt 0.795918 0.020408
vt 0.816326 0.000000
vt 0.816326 0.020408
vt 0.836735 0.000000
vt 0.836735 0.020408
vt 0.857143 0.000000
vt 0.857143 0.020408
vt 0.877551 0.000000
vt 0.877551 0.020408
vt 0.897959 0.000000
vt 0.897959 0.020408
vt 0.918367 0.000000
vt 0.918367 0.020408
vt 0.938775 0.000000
vt 0.938775 0.020408
vt 0.959184 0.000000
vt 0.959184 0.020408
vt 0.979592 0.000000
vt 0.979592 0.020408
vt 1.000000 0.000000
vt 1.000000 0.020408
vt 0.020408 0.040816
vt 0.000000 0.040816
vt 0.040816 0.040816
vt 0.061224 0.040816
vt 0.081633 0.040816
vt 0.102041 0.040816
vt 0.122449 0.040816
vt 0.142857 0.040816
vt 0.163265 0.040816
vt 0.183673 0.040816
vt 0.204082 0.040816
vt 0.224490 0.040816
vt 0.244898 0.040816
vt 0.265306 0.040816
vt 0.285714 0.040816
vt 0.306122 0.040816
vt 0.326531 0.040816
vt 0.346939 0.040816
vt 0.367347 0.040816
vt 0.387755 0.040816
vt 0.408163 0.040816
vt 0.428571 0.040816
vt 0.448980 0.040816
vt 0.469388 0.040816
vt 0.489796 0.040816
vt 0.510204 0.040816
vt 0.530612 0.040816
vt 0.551020 0.040816
vt 0.571429 0.040816
vt 0.591837 0.040816
vt 0.612245 0.040816
vt 0.632653 0.040816
vt 0.653061 0.040816
vt 0.673469 0.040816
vt 0.693878 0.040816
vt 0.714286 0.040816
vt 0.734694 0.040816
vt 0.755102 0.040816
vt 0.775510 0.040816
vt 0.795918 0.040816
vt 0.816326 0.040816
vt 0.836735 0.040816
vt 0.857143 0.040816
vt 0.877551 0.040816
vt 0.897959 0.040816
vt 0.918367 0.040816
vt 0.938775 0.040816
vt 0.959184 0.040816
vt 0.979592 0.040816
vt 1.000000 0.040816
vt 0.020408 0.061224
vt 0.000000 0.061224
vt 0.040816 0.061224
vt 0.061224 0.061224
vt 0.081633 0.061224
vt 0.102041 0.061224
vt 0.122449 0.061224
vt 0.142857 0.061224
vt 0.163265 0.061224
vt 0.183673 0.061224
vt 0.204082 0.061224
vt 0.224490 0.061224
vt 0.244898 0.061224
vt 0.265306 0.061224
vt 0.285714 0.061224
vt 0.306122 0.061224
vt 0.326531 0.061224
vt 0.346939 0.061224
vt 0.367347 0.061224
vt 0.387755 0.061224
vt 0.408163 0.061224
vt 0.428571 0.061224
vt 0.448980 0.061224
vt 0.469388 0.061224
vt 0.489796 0.061224
vt 0.510204 0.061224
vt 0.530612 0.061224
vt 0.551020 0.061224
vt 0.571429 0.061224
vt 0.591837 0.061224
vt 0.612245 0.061224
vt 0.632653 0.061224
vt 0.653061 0.061224
vt 0.673469 0.061224
vt 0.693878 0.061224
vt 0.714286 0.061224
vt 0.734694 0.061224
vt 0.755102 0.061224
vt 0.775510 0.061224
vt 0.795918 0.061224
vt 0.816326 0.061224
vt 0.836735 0.061224
vt 0.857143 0.061224
vt 0.877551 0.061224
vt 0.897959 0.061224
vt 0.918367 0.061224
vt 0.938775 0.061224
vt 0.959184 0.061224
vt 0.979592 0.061224
vt 1.000000 0.061224
vt 0.020408 0.081633
vt 0.000000 0.081633
vt 0.040816 0.081633
vt 0.061224 0.081633
vt 0.081633 0.081633
vt 0.102041 0.081633
vt 0.122449 0.081633
vt 0.142857 0.081633
vt 0.163265 0.081633
vt 0.183673 0.081633
vt 0.204082 0.081633
vt 0.224490 0.081633
vt 0.244898 0.081633
vt 0.265306 0.081633
vt 0.285714 0.081633
vt 0.306122 0.081633
vt 0.326531 0.081633
vt 0.346939 0.081633
vt 0.367347 0.081633
vt 0.387755 0.081633
vt 0.408163 0.081633
vt 0.428571 0.081633
vt 0.448980 0.081633
vt 0.469388 0.081633
vt 0.489796 0.081633
vt 0.510204 0.081633
vt 0.530612 0.081633
vt 0.551020 0.081633
vt 0.571429 0.081633
vt 0.591837 0.081633
vt 0.612245 0.081633
vt 0.632653 0.081633
vt 0.653061 0.081633
vt 0.673469 0.081633
vt 0.693878 0.081633
vt 0.714286 0.081633
vt 0.734694 0.081633
vt 0.755102 0.081633
vt 0.775510 0.081633
vt 0.795918 0.081633
vt 0.816326 0.081633
vt 0.836735 0.081633
vt 0.857143 0.081633
vt 0.877551 0.081633
vt 0.897959 0.081633
vt 0.918367 0.081633
vt 0.938775 0.081633
vt 0.959184 0.081633
vt 0.979592 0.081633
vt 1.000000 0.081633
vt 0.020408 0.102041
vt 0.000000 0.102041
vt 0.040816 0.102041
vt 0.061224 0.102041
vt 0.081633 0.102041
vt 0.102041 0.102041
vt 0.122449 0.102041
vt 0.142857 0.102041
vt 0.163265 0.102041
vt 0.183673 0.102041
vt 0.204082 0.102041
vt 0.224490 0.102041
vt 0.244898 0.102041
vt 0.265306 0.102041
vt 0.285714 0.102041
vt 0.306122 0.102041
vt 0.326531 0.102041
vt 0.346939 0.102041
vt 0.367347 0.102041
vt 0.387755 0.102041
vt 0.408163 0.102041
vt 0.428571 0.102041
vt 0.448980 0.102041
vt 0.469388 0.102041
vt 0.489796 0.102041
vt 0.510204 0.102041
vt 0.530612 0.102041
vt 0.551020 0.102041
vt 0.571429 0.102041
vt 0.591837 0.102041
vt 0.612245 0.102041
vt 0.632653 0.102041
vt 0.653061 0.102041
vt 0.673469 0.102041
vt 0.693878 0.102041
vt 0.714286 0.102041
vt 0.734694 0.102041
vt 0.755102 0.102041
vt 0.775510 0.102041
vt 0.795918 0.102041
vt 0.816326 0.102041
vt 0.836735 0.102041
vt 0.857143 0.102041
vt 0.877551 0.102041
vt 0.897959 0.102041
vt 0.918367 0.102041
vt 0.938775 0.102041
vt 0.959184 0.102041
vt 0.979592 0.102041
vt 1.000000 0.102041
vt 0.020408 0.122449
vt 0.000000 0.122449
vt 0.040816 0.122449
vt 0.061224 0.122449
vt 0.081633 0.122449
vt 0.102041 0.122449
vt 0.122449 0.122449
vt 0.142857 0.122449
vt 0.163265 0.122449
vt 0.183673 0.122449
vt 0.204082 0.122449
vt 0.224490 0.122449
vt 0.244898 0.122449
vt 0.265306 0.122449
vt 0.285714 0.122449
vt 0.306122 0.122449
vt 0.326531 0.122449
vt 0.346939 0.122449
vt 0.367347 0.122449
vt 0.387755 0.122449
vt 0.408163 0.122449
vt 0.428571 0.122449
vt 0.448980 0.122449
vt 0.469388 0.122449
vt 0.489796 0.122449
vt 0.510204 0.122449
vt 0.530612 0.122449
vt 0.551020 0.122449
vt 0.571429 0.122449
vt 0.591837 0.122449
vt 0.612245 0.122449
vt 0.632653 0.122449
vt 0.653061 0.122449
vt 0.673469 0.122449
vt 0.693878 0.122449
vt 0.714286 0.122449
vt 0.734694 0.122449
vt 0.755102 0.122449
vt 0.775510 0.122449
vt 0.795918 0.122449
vt 0.816326 0.122449
vt 0.836735 0.122449
vt 0.857143 0.122449
vt 0.877551 0.122449
vt 0.897959 0.122449
vt 0.918367 0.122449
vt 0.938775 0.122449
vt 0.959184 0.122449
vt 0.979592 0.122449
vt 1.000000 0.122449
vt 0.020408 0.142857
vt 0.000000 0.142857
vt 0.040816 0.142857
vt 0.061224 0.142857
vt 0.081633 0.142857
vt 0.102041 0.142857
vt 0.122449 0.142857
vt 0.142857 0.142857
vt 0.163265 0.142857
vt 0.183673 0.142857
vt 0.204082 0.142857
vt 0.224490 0.142857
vt 0.244898 0.142857
vt 0.265306 0.142857
vt 0.285714 0.142857
vt 0.306122 0.142857
vt 0.326531 0.142857
vt 0.346939 0.142857
vt 0.367347 0.142857
vt 0.387755 0.142857
vt 0.408163 0.142857
vt 0.428571 0.142857
vt 0.448980 0.142857
vt 0.469388 0.142857
vt 0.489796 0.142857
vt 0.510204 0.142857
vt 0.530612 0.142857
vt 0.551020 0.142857
vt 0.571429 0.142857
vt 0.591837 0.142857
vt 0.612245 0.142857
vt 0.632653 0.142857
vt 0.653061 0.142857
vt 0.673469 0.142857
vt 0.693878 0.142857
vt 0.714286 0.142857
vt 0.734694 0.142857
vt 0.755102 0.142857
vt 0.775510 0.142857
vt 0.795918 0.142857
vt 0.816326 0.142857
vt 0.836735 0.142857
vt 0.857143 0.142857
vt 0.877551 0.142857
vt 0.897959 0.142857
vt 0.918367 0.142857
vt 0.938775 0.142857
vt 0.959184 0.142857
vt 0.979592 0.142857
vt 1.000000 0.142857
vt 0.020408 0.163265
vt 0.000000 0.163265
vt 0.040816 0.163265
vt 0.061224 0.163265
vt 0.081633 0.163265
vt 0.102041 0.163265
vt 0.122449 0.163265
vt 0.142857 0.163265
vt 0.163265 0.163265
vt 0.183673 0.163265
vt 0.204082 0.163265
vt 0.224490 0.163265
vt 0.244898 0.163265
vt 0.265306 0.163265
vt 0.285714 0.163265
vt 0.306122 0.163265
vt 0.326531 0.163265
vt 0.346939 0.163265
vt 0.367347 0.163265
vt 0.387755 0.163265
vt 0.408163 0.163265
vt 0.428571 0.163265
vt 0.448980 0.163265
vt 0.469388 0.163265
vt 0.489796 0.163265
vt 0.510204 0.163265
vt 0.530612 0.163265
vt 0.551020 0.163265
vt 0.571429 0.163265
vt 0.591837 0.163265
vt 0.612245 0.163265
vt 0.632653 0.163265
vt 0.653061 0.163265
vt 0.673469 0.163265
vt 0.693878 0.163265
vt 0.714286 0.163265
vt 0.734694 0.163265
vt 0.755102 0.163265
vt 0.775510 0.163265
vt 0.795918 0.163265
vt 0.816326 0.163265
vt 0.836735 0.163265
vt 0.857143 0.163265
vt 0.877551 0.163265
vt 0.897959 0.163265
vt 0.918367 0.163265
vt 0.938775 0.163265
vt 0.959184 0.163265
vt 0.979592 0.163265
vt 1.000000 0.163265
vt 0.020408 0.183673
vt 0.000000 0.183673
vt 0.040816 0.183673
vt 0.061224 0.183673
vt 0.081633 0.183673
vt 0.102041 0.183673
vt 0.122449 0.183673
vt 0.142857 0.183673
vt 0.163265 0.183673
vt 0.183673 0.183673
vt 0.204082 0.183673
vt 0.224490 0.183673
vt 0.244898 0.183673
vt 0.265306 0.183673
vt 0.285714 0.183673
vt 0.306122 0.183673
vt 0.326531 0.183673
vt 0.346939 0.183673
vt 0.367347 0.183673
vt 0.387755 0.183673
vt 0.408163 0.183673
vt 0.428571 0.183673
vt 0.448980 0.183673
vt 0.469388 0.183673
vt 0.489796 0.183673
vt 0.510204 0.183673
vt 0.530612 0.183673
vt 0.551020 0.183673
vt 0.571429 0.183673
vt 0.591837 0.183673
vt 0.612245 0.183673
vt 0.632653 0.183673
vt 0.653061 0.183673
vt 0.673469 0.183673
vt 0.693878 0.183673
vt 0.714286 0.183673
vt 0.734694 0.183673
vt 0.755102 0.183673
vt 0.775510 0.183673
vt 0.795918 0.183673
vt 0.816326 0.183673
vt 0.836735 0.183673
vt 0.857143 0.183673
vt 0.877551 0.183673
vt 0.897959 0.183673
vt 0.918367 0.183673
vt 0.938775 0.183673
vt 0.959184 0.183673
vt 0.979592 0.183673
vt 1.000000 0.183673
vt 0.020408 0.204082
vt 0.000000 0.204082
vt 0.040816 0.204082
vt 0.061224 0.204082
vt 0.081633 0.204082
vt 0.102041 0.204082
vt 0.122449 0.204082
vt 0.142857 0.204082
vt 0.163265 0.204082
vt 0.183673 0.204082
vt 0.204082 0.204082
vt 0.224490 0.204082
vt 0.244898 0.204082
vt 0.265306 0.204082
vt 0.285714 0.204082
vt 0.306122 0.204082
vt 0.326531 0.204082
vt 0.346939 0.204082
vt 0.367347 0.204082
vt 0.387755 0.204082
vt 0.408163 0.204082
vt 0.428571 0.204082
vt 0.448980 0.204082
vt 0.469388 0.204082
vt 0.489796 0.204082
vt 0.510204 0.204082
vt 0.530612 0.204082
vt 0.551020 0.204082
vt 0.571429 0.204082
vt 0.591837 0.204082
vt 0.612245 0.204082
vt 0.632653 0.204082
vt 0.653061 0.204082
vt 0.673469 0.204082
vt 0.693878 0.204082
vt 0.714286 0.204082
vt 0.734694 0.204082
vt 0.755102 0.204082
vt 0.775510 0.204082
vt 0.795918 0.204082
vt 0.816326 0.204082
vt 0.836735 0.204082
vt 0.857143 0.204082
vt 0.877551 0.204082
vt 0.897959 0.204082
vt 0.918367 0.204082
vt 0.938775 0.204082
vt 0.959184 0.204082
vt 0.979592 0.204082
vt 1.000000 0.204082
vt 0.020408 0.224490
vt 0.000000 0.224490
vt 0.040816 0.224490
vt 0.061224 0.224490
vt 0.081633 0.224490
vt 0.102041 0.224490
vt 0.122449 0.224490
vt 0.142857 0.224490
vt 0.163265 0.224490
vt 0.183673 0.224490
vt 0.204082 0.224490
vt 0.224490 0.224490
vt 0.244898 0.224490
vt 0.265306 0.224490
vt 0.285714 0.224490
vt 0.306122 0.224490
vt 0.326531 0.224490
vt 0.346939 0.224490
vt 0.367347 0.224490
vt 0.387755 0.224490
vt 0.408163 0.224490
vt 0.428571 0.224490
vt 0.448980 0.224490
vt 0.469388 0.224490
vt 0.489796 0.224490
vt 0.510204 0.224490
vt 0.530612 0.224490
vt 0.551020 0.224490
vt 0.571429 0.224490
vt 0.591837 0.224490
vt 0.612245 0.224490
vt 0.632653 0.224490
vt 0.653061 0.224490
vt 0.673469 0.224490
vt 0.693878 0.224490
vt 0.714286 0.224490
vt 0.734694 0.224490
vt 0.755102 0.224490
vt 0.775510 0.224490
vt 0.795918 0.224490
vt 0.816326 0.224490
vt 0.836735 0.224490
vt 0.857143 0.224490
vt 0.877551 0.224490
vt 0.897959 0.224490
vt 0.918367 0.224490
vt 0.938775 0.224490
vt 0.959184 0.224490
vt 0.979592 0.224490
vt 1.000000 0.224490
vt 0.020408 0.244898
vt 0.000000 0.244898
vt 0.040816 0.244898
vt 0.061224 0.244898
vt 0.081633 0.244898
vt 0.102041 0.244898
vt 0.122449 0.244898
vt 0.142857 0.244898
vt 0.163265 0.244898
vt 0.183673 0.244898
vt 0.204082 0.244898
vt 0.224490 0.244898
vt 0.244898 0.244898
vt 0.265306 0.244898
vt 0.285714 0.244898
vt 0.306122 0.244898
vt 0.326531 0.244898
vt 0.346939 0.244898
vt 0.367347 0.244898
vt 0.387755 0.244898
vt 0.408163 0.244898
vt 0.428571 0.244898
vt 0.448980 0.244898
vt 0.469388 0.244898
vt 0.489796 0.244898
vt 0.510204 0.244898
vt 0.530612 0.244898
vt 0.551020 0.244898
vt 0.571429 0.244898
vt 0.591837 0.244898
vt 0.612245 0.244898
vt 0.632653 0.244898
vt 0.653061 0.244898
vt 0.673469 0.244898
vt 0.693878 0.244898
vt 0.714286 0.244898
vt 0.734694 0.244898
vt 0.755102 0.244898
vt 0.775510 0.244898
vt 0.795918 0.244898
vt 0.816326 0.244898
vt 0.836735 0.244898
vt 0.857143 0.244898
vt 0.877551 0.244898
vt 0.897959 0.244898
vt 0.918367 0.244898
vt 0.938775 0.244898
vt 0.959184 0.244898
vt 0.979592 0.244898
vt 1.000000 0.244898
vt 0.020408 0.265306
vt 0.000000 0.265306
vt 0.040816 0.265306
vt 0.061224 0.265306
vt 0.081633 0.265306
vt 0.102041 0.265306
vt 0.122449 0.265306
vt 0.142857 0.265306
vt 0.163265 0.265306
vt 0.183673 0.265306
vt 0.204082 0.265306
vt 0.224490 0.265306
vt 0.244898 0.265306
vt 0.265306 0.265306
vt 0.285714 0.265306
vt 0.306122 0.265306
vt 0.326531 0.265306
vt 0.346939 0.265306
vt 0.367347 0.265306
vt 0.387755 0.265306
vt 0.408163 0.265306
vt 0.428571 0.265306
vt 0.448980 0.265306
vt 0.469388 0.265306
vt 0.489796 0.265306
vt 0.510204 0.265306
vt 0.530612 0.265306
vt 0.551020 0.265306
vt 0.571429 0.265306
vt 0.591837 0.265306
vt 0.612245 0.265306
vt 0.632653 0.265306
vt 0.653061 0.265306
vt 0.673469 0.265306
vt 0.693878 0.265306
vt 0.714286 0.265306
vt 0.734694 0.265306
vt 0.755102 0.265306
vt 0.775510 0.265306
vt 0.795918 0.265306
vt 0.816326 0.265306
vt 0.836735 0.265306
vt 0.857143 0.265306
vt 0.877551 0.265306
vt 0.897959 0.265306
vt 0.918367 0.265306
vt 0.938775 0.265306
vt 0.959184 0.265306
vt 0.979592 0.265306
vt 1.000000 0.265306
vt 0.020408 0.285714
vt 0.000000 0.285714
vt 0.040816 0.285714
vt 0.061224 0.285714
vt 0.081633 0.285714
vt 0.102041 0.285714
vt 0.122449 0.285714
vt 0.142857 0.285714
vt 0.163265 0.285714
vt 0.183673 0.285714
vt 0.204082 0.285714
vt 0.224490 0.285714
vt 0.244898 0.285714
vt 0.265306 0.285714
vt 0.285714 0.285714
vt 0.306122 0.285714
vt 0.326531 0.285714
vt 0.346939 0.285714
vt 0.367347 0.285714
vt 0.387755 0.285714
vt 0.408163 0.285714
vt 0.428571 0.285714
vt 0.448980 0.285714
vt 0.469388 0.285714
vt 0.489796 0.285714
vt 0.510204 0.285714
vt 0.530612 0.285714
vt 0.551020 0.285714
vt 0.571429 0.285714
vt 0.591837 0.285714
vt 0.612245 0.285714
vt 0.632653 0.285714
vt 0.653061 0.285714
vt 0.673469 0.285714
vt 0.693878 0.285714
vt 0.714286 0.285714
vt 0.734694 0.285714
vt 0.755102 0.285714
vt 0.775510 0.285714
vt 0.795918 0.285714
vt 0.816326 0.285714
vt 0.836735 0.285714
vt 0.857143 0.285714
vt 0.877551 0.285714
vt 0.897959 0.285714
vt 0.918367 0.285714
vt 0.938775 0.285714
vt 0.959184 0.285714
vt 0.979592 0.285714
vt 1.000000 0.285714
vt 0.020408 0.306122
vt 0.000000 0.306122
vt 0.040816 0.306122
vt 0.061224 0.306122
vt 0.081633 0.306122
vt 0.102041 0.306122
vt 0.122449 0.306122
vt 0.142857 0.306122
vt 0.163265 0.306122
vt 0.183673 0.306122
vt 0.204082 0.306122
vt 0.224490 0.306122
vt 0.244898 0.306122
vt 0.265306 0.306122
vt 0.285714 0.306122
vt 0.306122 0.306122
vt 0.326531 0.306122
vt 0.346939 0.306122
vt 0.367347 0.306122
vt 0.387755 0.306122
vt 0.408163 0.306122
vt 0.428571 0.306122
vt 0.448980 0.306122
vt 0.469388 0.306122
vt 0.489796 0.306122
vt 0.510204 0.306122
vt 0.530612 0.306122
vt 0.551020 0.306122
vt 0.571429 0.306122
vt 0.591837 0.306122
vt 0.612245 0.306122
vt 0.632653 0.306122
vt 0.653061 0.306122
vt 0.673469 0.306122
vt 0.693878 0.306122
vt 0.714286 0.306122
vt 0.734694 0.306122
vt 0.755102 0.306122
vt 0.775510 0.306122
vt 0.795918 0.306122
vt 0.816326 0.306122
vt 0.836735 0.306122
vt 0.857143 0.306122
vt 0.877551 0.306122
vt 0.897959 0.306122
vt 0.918367 0.306122
vt 0.938775 0.306122
vt 0.959184 0.306122
vt 0.979592 0.306122
vt 1.000000 0.306122
vt 0.020408 0.326531
vt 0.000000 0.326531
vt 0.040816 0.326531
vt 0.061224 0.326531
vt 0.081633 0.326531
vt 0.102041 0.326531
vt 0.122449 0.326531
vt 0.142857 0.326531
vt 0.163265 0.326531
vt 0.183673 0.326531
vt 0.204082 0.326531
vt 0.224490 0.326531
vt 0.244898 0.326531
vt 0.265306 0.326531
vt 0.285714 0.326531
vt 0.306122 0.326531
vt 0.326531 0.326531
vt 0.346939 0.326531
vt 0.367347 0.326531
vt 0.387755 0.326531
vt 0.408163 0.326531
vt 0.428571 0.326531
vt 0.448980 0.326531
vt 0.469388 0.326531
vt 0.489796 0.326531
vt 0.510204 0.326531
vt 0.530612 0.326531
vt 0.551020 0.326531
vt 0.571429 0.326531
vt 0.591837 0.326531
vt 0.612245 0.326531
vt 0.632653 0.326531
vt 0.653061 0.326531
vt 0.673469 0.326531
vt 0.693878 0.326531
vt 0.714286 0.326531
vt 0.734694 0.326531
vt 0.755102 0.326531
vt 0.775510 0.326531
vt 0.795918 0.326531
vt 0.816326 0.326531
vt 0.836735 0.326531
vt 0.857143 0.326531
vt 0.877551 0.326531
vt 0.897959 0.326531
vt 0.918367 0.326531
vt 0.938775 0.326531
vt 0.959184 0.326531
vt 0.979592 0.326531
vt 1.000000 0.326531
vt 0.020408 0.346939
vt 0.000000 0.346939
vt 0.040816 0.346939
vt 0.061224 0.346939
vt 0.081633 0.346939
vt 0.102041 0.346939
vt 0.122449 0.346939
vt 0.142857 0.346939
vt 0.163265 0.346939
vt 0.183673 0.346939
vt 0.204082 0.346939
vt 0.224490 0.346939
vt 0.244898 0.346939
vt 0.265306 0.346939
vt 0.285714 0.346939
vt 0.306122 0.346939
vt 0.326531 0.346939
vt 0.346939 0.346939
vt 0.367347 0.346939
vt 0.387755 0.346939
vt 0.408163 0.346939
vt 0.428571 0.346939
vt 0.448980 0.346939
vt 0.469388 0.346939
vt 0.489796 0.346939
vt 0.510204 0.346939
vt 0.530612 0.346939
vt 0.551020 0.346939
vt 0.571429 0.346939
vt 0.591837 0.346939
vt 0.612245 0.346939
vt 0.632653 0.346939
vt 0.653061 0.346939
vt 0.673469 0.346939
vt 0.693878 0.346939
vt 0.714286 0.346939
vt 0.734694 0.346939
vt 0.755102 0.346939
vt 0.775510 0.346939
vt 0.795918 0.346939
vt 0.816326 0.346939
vt 0.836735 0.346939
vt 0.857143 0.346939
vt 0.877551 0.346939
vt 0.897959 0.346939
vt 0.918367 0.346939
vt 0.938775 0.346939
vt 0.959184 0.346939
vt 0.979592 0.346939
vt 1.000000 0.346939
vt 0.020408 0.367347
vt 0.000000 0.367347
vt 0.040816 0.367347
vt 0.061224 0.367347
vt 0.081633 0.367347
vt 0.102041 0.367347
vt 0.122449 0.367347
vt 0.142857 0.367347
vt 0.163265 0.367347
vt 0.183673 0.367347
vt 0.204082 0.367347
vt 0.224490 0.367347
vt 0.244898 0.367347
vt 0.265306 0.367347
vt 0.285714 0.367347
vt 0.306122 0.367347
vt 0.326531 0.367347
vt 0.346939 0.367347
vt 0.367347 0.367347
vt 0.387755 0.367347
vt 0.408163 0.367347
vt 0.428571 0.367347
vt 0.448980 0.367347
vt 0.469388 0.367347
vt 0.489796 0.367347
vt 0.510204 0.367347
vt 0.530612 0.367347
vt 0.551020 0.367347
vt 0.571429 0.367347
vt 0.591837 0.367347
vt 0.612245 0.367347
vt 0.632653 0.367347
vt 0.653061 0.367347
vt 0.673469 0.367347
vt 0.693878 0.367347
vt 0.714286 0.367347
vt 0.734694 0.367347
vt 0.755102 0.367347
vt 0.775510 0.367347
vt 0.795918 0.367347
vt 0.816326 0.367347
vt 0.836735 0.367347
vt 0.857143 0.367347
vt 0.877551 0.367347
vt 0.897959 0.367347
vt 0.918367 0.367347
vt 0.938775 0.367347
vt 0.959184 0.367347
vt 0.979592 0.367347
vt 1.000000 0.367347
vt 0.020408 0.387755
vt 0.000000 0.387755
vt 0.040816 0.387755
vt 0.061224 0.387755
vt 0.081633 0.387755
vt 0.102041 0.387755
vt 0.122449 0.387755
vt 0.142857 0.387755
vt 0.163265 0.387755
vt 0.183673 0.387755
vt 0.204082 0.387755
vt 0.224490 0.387755
vt 0.244898 0.387755
vt 0.265306 0.387755
vt 0.285714 0.387755
vt 0.306122 0.387755
vt 0.326531 0.387755
vt 0.346939 0.387755
vt 0.367347 0.387755
vt 0.387755 0.387755
vt 0.408163 0.387755
vt 0.428571 0.387755
vt 0.448980 0.387755
vt 0.469388 0.387755
vt 0.489796 0.387755
vt 0.510204 0.387755
vt 0.530612 0.387755
vt 0.551020 0.387755
vt 0.571429 0.387755
vt 0.591837 0.387755
vt 0.612245 0.387755
vt 0.632653 0.387755
vt 0.653061 0.387755
vt 0.673469 0.387755
vt 0.693878 0.387755
vt 0.714286 0.387755
vt 0.734694 0.387755
vt 0.755102 0.387755
vt 0.775510 0.387755
vt 0.795918 0.387755
vt 0.816326 0.387755
vt 0.836735 0.387755
vt 0.857143 0.387755
vt 0.877551 0.387755
vt 0.897959 0.387755
vt 0.918367 0.387755
vt 0.938775 0.387755
vt 0.959184 0.387755
vt 0.979592 0.387755
vt 1.000000 0.387755
vt 0.020408 0.408163
vt 0.000000 0.408163
vt 0.040816 0.408163
vt 0.061224 0.408163
vt 0.081633 0.408163
vt 0.102041 0.408163
vt 0.122449 0.408163
vt 0.142857 0.408163
vt 0.163265 0.408163
vt 0.183673 0.408163
vt 0.204082 0.408163
vt 0.224490 0.408163
vt 0.244898 0.408163
vt 0.265306 0.408163
vt 0.285714 0.408163
vt 0.306122 0.408163
vt 0.326531 0.408163
vt 0.346939 0.408163
vt 0.367347 0.408163
vt 0.387755 0.408163
vt 0.408163 0.408163
vt 0.428571 0.408163
vt 0.448980 0.408163
vt 0.469388 0.408163
vt 0.489796 0.408163
vt 0.510204 0.408163
vt 0.530612 0.408163
vt 0.551020 0.408163
vt 0.571429 0.408163
vt 0.591837 0.408163
vt 0.612245 0.408163
vt 0.632653 0.408163
vt 0.653061 0.408163
vt 0.673469 0.408163
vt 0.693878 0.408163
vt 0.714286 0.408163
vt 0.734694 0.408163
vt 0.755102 0.408163
vt 0.775510 0.408163
vt 0.795918 0.408163
vt 0.816326 0.408163
vt 0.836735 0.408163
vt 0.857143 0.408163
vt 0.877551 0.408163
vt 0.897959 0.408163
vt 0.918367 0.408163
vt 0.938775 0.408163
vt 0.959184 0.408163
vt 0.979592 0.408163
vt 1.000000 0.408163
vt 0.020408 0.428571
vt 0.000000 0.428571
vt 0.040816 0.428571
vt 0.061224 0.428571
vt 0.081633 0.428571
vt 0.102041 0.428571
vt 0.122449 0.428571
vt 0.142857 0.428571
vt 0.163265 0.428571
vt 0.183673 0.428571
vt 0.204082 0.428571
vt 0.224490 0.428571
vt 0.244898 0.428571
vt 0.265306 0.428571
vt 0.285714 0.428571
vt 0.306122 0.428571
vt 0.326531 0.428571
vt 0.346939 0.428571
vt 0.367347 0.428571
vt 0.387755 0.428571
vt 0.408163 0.428571
vt 0.428571 0.428571
vt 0.448980 0.428571
vt 0.469388 0.428571
vt 0.489796 0.428571
vt 0.510204 0.428571
vt 0.530612 0.428571
vt 0.551020 0.428571
vt 0.571429 0.428571
vt 0.591837 0.428571
vt 0.612245 0.428571
vt 0.632653 0.428571
vt 0.653061 0.428571
vt 0.673469 0.428571
vt 0.693878 0.428571
vt 0.714286 0.428571
vt 0.734694 0.428571
vt 0.755102 0.428571
vt 0.775510 0.428571
vt 0.795918 0.428571
vt 0.816326 0.428571
vt 0.836735 0.428571
vt 0.857143 0.428571
vt 0.877551 0.428571
vt 0.897959 0.428571
vt 0.918367 0.428571
vt 0.938775 0.428571
vt 0.959184 0.428571
vt 0.979592 0.428571
vt 1.000000 0.428571
vt 0.020408 0.448980
vt 0.000000 0.448980
vt 0.040816 0.448980
vt 0.061224 0.448980
vt 0.081633 0.448980
vt 0.102041 0.448980
vt 0.122449 0.448980
vt 0.142857 0.448980
vt 0.163265 0.448980
vt 0.183673 0.448980
vt 0.204082 0.448980
vt 0.224490 0.448980
vt 0.244898 0.448980
vt 0.265306 0.448980
vt 0.285714 0.448980
vt 0.306122 0.448980
vt 0.326531 0.448980
vt 0.346939 0.448980
vt 0.367347 0.448980
vt 0.387755 0.448980
vt 0.408163 0.448980
vt 0.428571 0.448980
vt 0.448980 0.448980
vt 0.469388 0.448980
vt 0.489796 0.448980
vt 0.510204 0.448980
vt 0.530612 0.448980
vt 0.551020 0.448980
vt 0.571429 0.448980
vt 0.591837 0.448980
vt 0.612245 0.448980
vt 0.632653 0.448980
vt 0.653061 0.448980
vt 0.673469 0.448980
vt 0.693878 0.448980
vt 0.714286 0.448980
vt 0.734694 0.448980
vt 0.755102 0.448980
vt 0.775510 0.448980
vt 0.795918 0.448980
vt 0.816326 0.448980
vt 0.836735 0.448980
vt 0.857143 0.448980
vt 0.877551 0.448980
vt 0.897959 0.448980
vt 0.918367 0.448980
vt 0.938775 0.448980
vt 0.959184 0.448980
vt 0.979592 0.448980
vt 1.000000 0.448980
vt 0.020408 0.469388
vt 0.000000 0.469388
vt 0.040816 0.469388
vt 0.061224 0.469388
vt 0.081633 0.469388
vt 0.102041 0.469388
vt 0.122449 0.469388
vt 0.142857 0.469388
vt 0.163265 0.469388
vt 0.183673 0.469388
vt 0.204082 0.469388
vt 0.224490 0.469388
vt 0.244898 0.469388
vt 0.265306 0.469388
vt 0.285714 0.469388
vt 0.306122 0.469388
vt 0.326531 0.469388
vt 0.346939 0.469388
vt 0.367347 0.469388
vt 0.387755 0.469388
vt 0.408163 0.469388
vt 0.428571 0.469388
vt 0.448980 0.469388
vt 0.469388 0.469388
vt 0.489796 0.469388
vt 0.510204 0.469388
vt 0.530612 0.469388
vt 0.551020 0.469388
vt 0.571429 0.469388
vt 0.591837 0.469388
vt 0.612245 0.469388
vt 0.632653 0.469388
vt 0.653061 0.469388
vt 0.673469 0.469388
vt 0.693878 0.469388
vt 0.714286 0.469388
vt 0.734694 0.469388
vt 0.755102 0.469388
vt 0.775510 0.469388
vt 0.795918 0.469388
vt 0.816326 0.469388
vt 0.836735 0.469388
vt 0.857143 0.469388
vt 0.877551 0.469388
vt 0.897959 0.469388
vt 0.918367 0.469388
vt 0.938775 0.469388
vt 0.959184 0.469388
vt 0.979592 0.469388
vt 1.000000 0.469388
vt 0.020408 0.489796
vt 0.000000 0.489796
vt 0.040816 0.489796
vt 0.061224 0.489796
vt 0.081633 0.489796
vt 0.102041 0.489796
vt 0.122449 0.489796
vt 0.142857 0.489796
vt 0.163265 0.489796
vt 0.183673 0.489796
vt 0.204082 0.489796
vt 0.224490 0.489796
vt 0.244898 0.489796
vt 0.265306 0.489796
vt 0.285714 0.489796
vt 0.306122 0.489796
vt 0.326531 0.489796
vt 0.346939 0.489796
vt 0.367347 0.489796
vt 0.387755 0.489796
vt 0.408163 0.489796
vt 0.428571 0.489796
vt 0.448980 0.489796
vt 0.469388 0.489796
vt 0.489796 0.489796
vt 0.510204 0.489796
vt 0.530612 0.489796
vt 0.551020 0.489796
vt 0.571429 0.489796
vt 0.591837 0.489796
vt 0.612245 0.489796
vt 0.632653 0.489796
vt 0.653061 0.489796
vt 0.673469 0.489796
vt 0.693878 0.489796
vt 0.714286 0.489796
vt 0.734694 0.489796
vt 0.755102 0.489796
vt 0.775510 0.489796
vt 0.795918 0.489796
vt 0.816326 0.489796
vt 0.836735 0.489796
vt 0.857143 0.489796
vt 0.877551 0.489796
vt 0.897959 0.489796
vt 0.918367 0.489796
vt 0.938775 0.489796
vt 0.959184 0.489796
vt 0.979592 0.489796
vt 1.000000 0.489796
vt 0.020408 0.510204
vt 0.000000 0.510204
vt 0.040816 0.510204
vt 0.061224 0.510204
vt 0.081633 0.510204
vt 0.102041 0.510204
vt 0.122449 0.510204
vt 0.142857 0.510204
vt 0.163265 0.510204
vt 0.183673 0.510204
vt 0.204082 0.510204
vt 0.224490 0.510204
vt 0.244898 0.510204
vt 0.265306 0.510204
vt 0.285714 0.510204
vt 0.306122 0.510204
vt 0.326531 0.510204
vt 0.346939 0.510204
vt 0.367347 0.510204
vt 0.387755 0.510204
vt 0.408163 0.510204
vt 0.428571 0.510204
vt 0.448980 0.510204
vt 0.469388 0.510204
vt 0.489796 0.510204
vt 0.510204 0.510204
vt 0.530612 0.510204
vt 0.551020 0.510204
vt 0.571429 0.510204
vt 0.591837 0.510204
vt 0.612245 0.510204
vt 0.632653 0.510204
vt 0.653061 0.510204
vt 0.673469 0.510204
vt 0.693878 0.510204
vt 0.714286 0.510204
vt 0.734694 0.510204
vt 0.755102 0.510204
vt 0.775510 0.510204
vt 0.795918 0.510204
vt 0.816326 0.510204
vt 0.836735 0.510204
vt 0.857143 0.510204
vt 0.877551 0.510204
vt 0.897959 0.510204
vt 0.918367 0.510204
vt 0.938775 0.510204
vt 0.959184 0.510204
vt 0.979592 0.510204
vt 1.000000 0.510204
vt 0.020408 0.530612
vt 0.000000 0.530612
vt 0.040816 0.530612
vt 0.061224 0.530612
vt 0.081633 0.530612
vt 0.102041 0.530612
vt 0.122449 0.530612
vt 0.142857 0.530612
vt 0.163265 0.530612
vt 0.183673 0.530612
vt 0.204082 0.530612
vt 0.224490 0.530612
vt 0.244898 0.530612
vt 0.265306 0.530612
vt 0.285714 0.530612
vt 0.306122 0.530612
vt 0.326531 0.530612
vt 0.346939 0.530612
vt 0.367347 0.530612
vt 0.387755 0.530612
vt 0.408163 0.530612
vt 0.428571 0.530612
vt 0.448980 0.530612
vt 0.469388 0.530612
vt 0.489796 0.530612
vt 0.510204 0.530612
vt 0.530612 0.530612
vt 0.551020 0.530612
vt 0.571429 0.530612
vt 0.591837 0.530612
vt 0.612245 0.530612
vt 0.632653 0.530612
vt 0.653061 0.530612
vt 0.673469 0.530612
vt 0.693878 0.530612
vt 0.714286 0.530612
vt 0.734694 0.530612
vt 0.755102 0.530612
vt 0.775510 0.530612
vt 0.795918 0.530612
vt 0.816326 0.530612
vt 0.836735 0.530612
vt 0.857143 0.530612
vt 0.877551 0.530612
vt 0.897959 0.530612
vt 0.918367 0.530612
vt 0.938775 0.530612
vt 0.959184 0.530612
vt 0.979592 0.530612
vt 1.000000 0.530612
vt 0.020408 0.551020
vt 0.000000 0.551020
vt 0.040816 0.551020
vt 0.061224 0.551020
vt 0.081633 0.551020
vt 0.102041 0.551020
vt 0.122449 0.551020
vt 0.142857 0.551020
vt 0.163265 0.551020
vt 0.183673 0.551020
vt 0.204082 0.551020
vt 0.224490 0.551020
vt 0.244898 0.551020
vt 0.265306 0.551020
vt 0.285714 0.551020
vt 0.306122 0.551020
vt 0.326531 0.551020
vt 0.346939 0.551020
vt 0.367347 0.551020
vt 0.387755 0.551020
vt 0.408163 0.551020
vt 0.428571 0.551020
vt 0.448980 0.551020
vt 0.469388 0.551020
vt 0.489796 0.551020
vt 0.510204 0.551020
vt 0.530612 0.551020
vt 0.551020 0.551020
vt 0.571429 0.551020
vt 0.591837 0.551020
vt 0.612245 0.551020
vt 0.632653 0.551020
vt 0.653061 0.551020
vt 0.673469 0.551020
vt 0.693878 0.551020
vt 0.714286 0.551020
vt 0.734694 0.551020
vt 0.755102 0.551020
vt 0.775510 0.551020
vt 0.795918 0.551020
vt 0.816326 0.551020
vt 0.836735 0.551020
vt 0.857143 0.551020
vt 0.877551 0.551020
vt 0.897959 0.551020
vt 0.918367 0.551020
vt 0.938775 0.551020
vt 0.959184 0.551020
vt 0.979592 0.551020
vt 1.000000 0.551020
vt 0.020408 0.571429
vt 0.000000 0.571429
vt 0.040816 0.571429
vt 0.061224 0.571429
vt 0.081633 0.571429
vt 0.102041 0.571429
vt 0.122449 0.571429
vt 0.142857 0.571429
vt 0.163265 0.571429
vt 0.183673 0.571429
vt 0.204082 0.571429
vt 0.224490 0.571429
vt 0.244898 0.571429
vt 0.265306 0.571429
vt 0.285714 0.571429
vt 0.306122 0.571429
vt 0.326531 0.571429
vt 0.346939 0.571429
vt 0.367347 0.571429
vt 0.387755 0.571429
vt 0.408163 0.571429
vt 0.428571 0.571429
vt 0.448980 0.571429
vt 0.469388 0.571429
vt 0.489796 0.571429
vt 0.510204 0.571429
vt 0.530612 0.571429
vt 0.551020 0.571429
vt 0.571429 0.571429
vt 0.591837 0.571429
vt 0.612245 0.571429
vt 0.632653 0.571429
vt 0.653061 0.571429
vt 0.673469 0.571429
vt 0.693878 0.571429
vt 0.714286 0.571429
vt 0.734694 0.571429
vt 0.755102 0.571429
vt 0.775510 0.571429
vt 0.795918 0.571429
vt 0.816326 0.571429
vt 0.836735 0.571429
vt 0.857143 0.571429
vt 0.877551 0.571429
vt 0.897959 0.571429
vt 0.918367 0.571429
vt 0.938775 0.571429
vt 0.959184 0.571429
vt 0.979592 0.571429
vt 1.000000 0.571429
vt 0.020408 0.591837
vt 0.000000 0.591837
vt 0.040816 0.591837
vt 0.061224 0.591837
vt 0.081633 0.591837
vt 0.102041 0.591837
vt 0.122449 0.591837
vt 0.142857 0.591837
vt 0.163265 0.591837
vt 0.183673 0.591837
vt 0.204082 0.591837
vt 0.224490 0.591837
vt 0.244898 0.591837
vt 0.265306 0.591837
vt 0.285714 0.591837
vt 0.306122 0.591837
vt 0.326531 0.591837
vt 0.346939 0.591837
vt 0.367347 0.591837
vt 0.387755 0.591837
vt 0.408163 0.591837
vt 0.428571 0.591837
vt 0.448980 0.591837
vt 0.469388 0.591837
vt 0.489796 0.591837
vt 0.510204 0.591837
vt 0.530612 0.591837
vt 0.551020 0.591837
vt 0.571429 0.591837
vt 0.591837 0.591837
vt 0.612245 0.591837
vt 0.632653 0.591837
vt 0.653061 0.591837
vt 0.673469 0.591837
vt 0.693878 0.591837
vt 0.714286 0.591837
vt 0.734694 0.591837
vt 0.755102 0.591837
vt 0.775510 0.591837
vt 0.795918 0.591837
vt 0.816326 0.591837
vt 0.836735 0.591837
vt 0.857143 0.591837
vt 0.877551 0.591837
vt 0.897959 0.591837
vt 0.918367 0.591837
vt 0.938775 0.591837
vt 0.959184 0.591837
vt 0.979592 0.591837
vt 1.000000 0.591837
vt 0.020408 0.612245
vt 0.000000 0.612245
vt 0.040816 0.612245
vt 0.061224 0.612245
vt 0.081633 0.612245
vt 0.102041 0.612245
vt 0.122449 0.612245
vt 0.142857 0.612245
vt 0.163265 0.612245
vt 0.183673 0.612245
vt 0.204082 0.612245
vt 0.224490 0.612245
vt 0.244898 0.612245
vt 0.265306 0.612245
vt 0.285714 0.612245
vt 0.306122 0.612245
vt 0.326531 0.612245
vt 0.346939 0.612245
vt 0.367347 0.612245
vt 0.387755 0.612245
vt 0.408163 0.612245
vt 0.428571 0.612245
vt 0.448980 0.612245
vt 0.469388 0.612245
vt 0.489796 0.612245
vt 0.510204 0.612245
vt 0.530612 0.612245
vt 0.551020 0.612245
vt 0.571429 0.612245
vt 0.591837 0.612245
vt 0.612245 0.612245
vt 0.632653 0.612245
vt 0.653061 0.612245
vt 0.673469 0.612245
vt 0.693878 0.612245
vt 0.714286 0.612245
vt 0.734694 0.612245
vt 0.755102 0.612245
vt 0.775510 0.612245
vt 0.795918 0.612245
vt 0.816326 0.612245
vt 0.836735 0.612245
vt 0.857143 0.612245
vt 0.877551 0.612245
vt 0.897959 0.612245
vt 0.918367 0.612245
vt 0.938775 0.612245
vt 0.959184 0.612245
vt 0.979592 0.612245
vt 1.000000 0.612245
vt 0.020408 0.632653
vt 0.000000 0.632653
vt 0.040816 0.632653
vt 0.061224 0.632653
vt 0.081633 0.632653
vt 0.102041 0.632653
vt 0.122449 0.632653
vt 0.142857 0.632653
vt 0.163265 0.632653
vt 0.183673 0.632653
vt 0.204082 0.632653
vt 0.224490 0.632653
vt 0.244898 0.632653
vt 0.265306 0.632653
vt 0.285714 0.632653
vt 0.306122 0.632653
vt 0.326531 0.632653
vt 0.346939 0.632653
vt 0.367347 0.632653
vt 0.387755 0.632653
vt 0.408163 0.632653
vt 0.428571 0.632653
vt 0.448980 0.632653
vt 0.469388 0.632653
vt 0.489796 0.632653
vt 0.510204 0.632653
vt 0.530612 0.632653
vt 0.551020 0.632653
vt 0.571429 0.632653
vt 0.591837 0.632653
vt 0.612245 0.632653
vt 0.632653 0.632653
vt 0.653061 0.632653
vt 0.673469 0.632653
vt 0.693878 0.632653
vt 0.714286 0.632653
vt 0.734694 0.632653
vt 0.755102 0.632653
vt 0.775510 0.632653
vt 0.795918 0.632653
vt 0.816326 0.632653
vt 0.836735 0.632653
vt 0.857143 0.632653
vt 0.877551 0.632653
vt 0.897959 0.632653
vt 0.918367 0.632653
vt 0.938775 0.632653
vt 0.959184 0.632653
vt 0.979592 0.632653
vt 1.000000 0.632653
vt 0.020408 0.653061
vt 0.000000 0.653061
vt 0.040816 0.653061
vt 0.061224 0.653061
vt 0.081633 0.653061
vt 0.102041 0.653061
vt 0.122449 0.653061
vt 0.142857 0.653061
vt 0.163265 0.653061
vt 0.183673 0.653061
vt 0.204082 0.653061
vt 0.224490 0.653061
vt 0.244898 0.653061
vt 0.265306 0.653061
vt 0.285714 0.653061
vt 0.306122 0.653061
vt 0.326531 0.653061
vt 0.346939 0.653061
vt 0.367347 0.653061
vt 0.387755 0.653061
vt 0.408163 0.653061
vt 0.428571 0.653061
vt 0.448980 0.653061
vt 0.469388 0.653061
vt 0.489796 0.653061
vt 0.510204 0.653061
vt 0.530612 0.653061
vt 0.551020 0.653061
vt 0.571429 0.653061
vt 0.591837 0.653061
vt 0.612245 0.653061
vt 0.632653 0.653061
vt 0.653061 0.653061
vt 0.673469 0.653061
vt 0.693878 0.653061
vt 0.714286 0.653061
vt 0.734694 0.653061
vt 0.755102 0.653061
vt 0.775510 0.653061
vt 0.795918 0.653061
vt 0.816326 0.653061
vt 0.836735 0.653061
vt 0.857143 0.653061
vt 0.877551 0.653061
vt 0.897959 0.653061
vt 0.918367 0.653061
vt 0.938775 0.653061
vt 0.959184 0.653061
vt 0.979592 0.653061
vt 1.000000 0.653061
vt 0.020408 0.673469
vt 0.000000 0.673469
vt 0.040816 0.673469
vt 0.061224 0.673469
vt 0.081633 0.673469
vt 0.102041 0.673469
vt 0.122449 0.673469
vt 0.142857 0.673469
vt 0.163265 0.673469
vt 0.183673 0.673469
vt 0.204082 0.673469
vt 0.224490 0.673469
vt 0.244898 0.673469
vt 0.265306 0.673469
vt 0.285714 0.673469
vt 0.306122 0.673469
vt 0.326531 0.673469
vt 0.346939 0.673469
vt 0.367347 0.673469
vt 0.387755 0.673469
vt 0.408163 0.673469
vt 0.428571 0.673469
vt 0.448980 0.673469
vt 0.469388 0.673469
vt 0.489796 0.673469
vt 0.510204 0.673469
vt 0.530612 0.673469
vt 0.551020 0.673469
vt 0.571429 0.673469
vt 0.591837 0.673469
vt 0.612245 0.673469
vt 0.632653 0.673469
vt 0.653061 0.673469
vt 0.673469 0.673469
vt 0.693878 0.673469
vt 0.714286 0.673469
vt 0.734694 0.673469
vt 0.755102 0.673469
vt 0.775510 0.673469
vt 0.795918 0.673469
vt 0.816326 0.673469
vt 0.836735 0.673469
vt 0.857143 0.673469
vt 0.877551 0.673469
vt 0.897959 0.673469
vt 0.918367 0.673469
vt 0.938775 0.673469
vt 0.959184 0.673469
vt 0.979592 0.673469
vt 1.000000 0.673469
vt 0.020408 0.693878
vt 0.000000 0.693878
vt 0.040816 0.693878
vt 0.061224 0.693878
vt 0.081633 0.693878
vt 0.102041 0.693878
vt 0.122449 0.693878
vt 0.142857 0.693878
vt 0.163265 0.693878
vt 0.183673 0.693878
vt 0.204082 0.693878
vt 0.224490 0.693878
vt 0.244898 0.693878
vt 0.265306 0.693878
vt 0.285714 0.693878
vt 0.306122 0.693878
vt 0.326531 0.693878
vt 0.346939 0.693878
vt 0.367347 0.693878
vt 0.387755 0.693878
vt 0.408163 0.693878
vt 0.428571 0.693878
vt 0.448980 0.693878
vt 0.469388 0.693878
vt 0.489796 0.693878
vt 0.510204 0.693878
vt 0.530612 0.693878
vt 0.551020 0.693878
vt 0.571429 0.693878
vt 0.591837 0.693878
vt 0.612245 0.693878
vt 0.632653 0.693878
vt 0.653061 0.693878
vt 0.673469 0.693878
vt 0.693878 0.693878
vt 0.714286 0.693878
vt 0.734694 0.693878
vt 0.755102 0.693878
vt 0.775510 0.693878
vt 0.795918 0.693878
vt 0.816326 0.693878
vt 0.836735 0.693878
vt 0.857143 0.693878
vt 0.877551 0.693878
vt 0.897959 0.693878
vt 0.918367 0.693878
vt 0.938775 0.693878
vt 0.959184 0.693878
vt 0.979592 0.693878
vt 1.000000 0.693878
vt 0.020408 0.714286
vt 0.000000 0.714286
vt 0.040816 0.714286
vt 0.061224 0.714286
vt 0.081633 0.714286
vt 0.102041 0.714286
vt 0.122449 0.714286
vt 0.142857 0.714286
vt 0.163265 0.714286
vt 0.183673 0.714286
vt 0.204082 0.714286
vt 0.224490 0.714286
vt 0.244898 0.714286
vt 0.265306 0.714286
vt 0.285714 0.714286
vt 0.306122 0.714286
vt 0.326531 0.714286
vt 0.346939 0.714286
vt 0.367347 0.714286
vt 0.387755 0.714286
vt 0.408163 0.714286
vt 0.428571 0.714286
vt 0.448980 0.714286
vt 0.469388 0.714286
vt 0.489796 0.714286
vt 0.510204 0.714286
vt 0.530612 0.714286
vt 0.551020 0.714286
vt 0.571429 0.714286
vt 0.591837 0.714286
vt 0.612245 0.714286
vt 0.632653 0.714286
vt 0.653061 0.714286
vt 0.673469 0.714286
vt 0.693878 0.714286
vt 0.714286 0.714286
vt 0.734694 0.714286
vt 0.755102 0.714286
vt 0.775510 0.714286
vt 0.795918 0.714286
vt 0.816326 0.714286
vt 0.836735 0.714286
vt 0.857143 0.714286
vt 0.877551 0.714286
vt 0.897959 0.714286
vt 0.918367 0.714286
vt 0.938775 0.714286
vt 0.959184 0.714286
vt 0.979592 0.714286
vt 1.000000 0.714286
vt 0.020408 0.734694
vt 0.000000 0.734694
vt 0.040816 0.734694
vt 0.061224 0.734694
vt 0.081633 0.734694
vt 0.102041 0.734694
vt 0.122449 0.734694
vt 0.142857 0.734694
vt 0.163265 0.734694
vt 0.183673 0.734694
vt 0.204082 0.734694
vt 0.224490 0.734694
vt 0.244898 0.734694
vt 0.265306 0.734694
vt 0.285714 0.734694
vt 0.306122 0.734694
vt 0.326531 0.734694
vt 0.346939 0.734694
vt 0.367347 0.734694
vt 0.387755 0.734694
vt 0.408163 0.734694
vt 0.428571 0.734694
vt 0.448980 0.734694
vt 0.469388 0.734694
vt 0.489796 0.734694
vt 0.510204 0.734694
vt 0.530612 0.734694
vt 0.551020 0.734694
vt 0.571429 0.734694
vt 0.591837 0.734694
vt 0.612245 0.734694
vt 0.632653 0.734694
vt 0.653061 0.734694
vt 0.673469 0.734694
vt 0.693878 0.734694
vt 0.714286 0.734694
vt 0.734694 0.734694
vt 0.755102 0.734694
vt 0.775510 0.734694
vt 0.795918 0.734694
vt 0.816326 0.734694
vt 0.836735 0.734694
vt 0.857143 0.734694
vt 0.877551 0.734694
vt 0.897959 0.734694
vt 0.918367 0.734694
vt 0.938775 0.734694
vt 0.959184 0.734694
vt 0.979592 0.734694
vt 1.000000 0.734694
vt 0.020408 0.755102
vt 0.000000 0.755102
vt 0.040816 0.755102
vt 0.061224 0.755102
vt 0.081633 0.755102
vt 0.102041 0.755102
vt 0.122449 0.755102
vt 0.142857 0.755102
vt 0.163265 0.755102
vt 0.183673 0.755102
vt 0.204082 0.755102
vt 0.224490 0.755102
vt 0.244898 0.755102
vt 0.265306 0.755102
vt 0.285714 0.755102
vt 0.306122 0.755102
vt 0.326531 0.755102
vt 0.346939 0.755102
vt 0.367347 0.755102
vt 0.387755 0.755102
vt 0.408163 0.755102
vt 0.428571 0.755102
vt 0.448980 0.755102
vt 0.469388 0.755102
vt 0.489796 0.755102
vt 0.510204 0.755102
vt 0.530612 0.755102
vt 0.551020 0.755102
vt 0.571429 0.755102
vt 0.591837 0.755102
vt 0.612245 0.755102
vt 0.632653 0.755102
vt 0.653061 0.755102
vt 0.673469 0.755102
vt 0.693878 0.755102
vt 0.714286 0.755102
vt 0.734694 0.755102
vt 0.755102 0.755102
vt 0.775510 0.755102
vt 0.795918 0.755102
vt 0.816326 0.755102
vt 0.836735 0.755102
vt 0.857143 0.755102
vt 0.877551 0.755102
vt 0.897959 0.755102
vt 0.918367 0.755102
vt 0.938775 0.755102
vt 0.959184 0.755102
vt 0.979592 0.755102
vt 1.000000 0.755102
vt 0.020408 0.775510
vt 0.000000 0.775510
vt 0.040816 0.775510
vt 0.061224 0.775510
vt 0.081633 0.775510
vt 0.102041 0.775510
vt 0.122449 0.775510
vt 0.142857 0.775510
vt 0.163265 0.775510
vt 0.183673 0.775510
vt 0.204082 0.775510
vt 0.224490 0.775510
vt 0.244898 0.775510
vt 0.265306 0.775510
vt 0.285714 0.775510
vt 0.306122 0.775510
vt 0.326531 0.775510
vt 0.346939 0.775510
vt 0.367347 0.775510
vt 0.387755 0.775510
vt 0.408163 0.775510
vt 0.428571 0.775510
vt 0.448980 0.775510
vt 0.469388 0.775510
vt 0.489796 0.775510
vt 0.510204 0.775510
vt 0.530612 0.775510
vt 0.551020 0.775510
vt 0.571429 0.775510
vt 0.591837 0.775510
vt 0.612245 0.775510
vt 0.632653 0.775510
vt 0.653061 0.775510
vt 0.673469 0.775510
vt 0.693878 0.775510
vt 0.714286 0.775510
vt 0.734694 0.775510
vt 0.755102 0.775510
vt 0.775510 0.775510
vt 0.795918 0.775510
vt 0.816326 0.775510
vt 0.836735 0.775510
vt 0.857143 0.775510
vt 0.877551 0.775510
vt 0.897959 0.775510
vt 0.918367 0.775510
vt 0.938775 0.775510
vt 0.959184 0.775510
vt 0.979592 0.775510
vt 1.000000 0.775510
vt 0.020408 0.795918
vt 0.000000 0.795918
vt 0.040816 0.795918
vt 0.061224 0.795918
vt 0.081633 0.795918
vt 0.102041 0.795918
vt 0.122449 0.795918
vt 0.142857 0.795918
vt 0.163265 0.795918
vt 0.183673 0.795918
vt 0.204082 0.795918
vt 0.224490 0.795918
vt 0.244898 0.795918
vt 0.265306 0.795918
vt 0.285714 0.795918
vt 0.306122 0.795918
vt 0.326531 0.795918
vt 0.346939 0.795918
vt 0.367347 0.795918
vt 0.387755 0.795918
vt 0.408163 0.795918
vt 0.428571 0.795918
vt 0.448980 0.795918
vt 0.469388 0.795918
vt 0.489796 0.795918
vt 0.510204 0.795918
vt 0.530612 0.795918
vt 0.551020 0.795918
vt 0.571429 0.795918
vt 0.591837 0.795918
vt 0.612245 0.795918
vt 0.632653 0.795918
vt 0.653061 0.795918
vt 0.673469 0.795918
vt 0.693878 0.795918
vt 0.714286 0.795918
vt 0.734694 0.795918
vt 0.755102 0.795918
vt 0.775510 0.795918
vt 0.795918 0.795918
vt 0.816326 0.795918
vt 0.836735 0.795918
vt 0.857143 0.795918
vt 0.877551 0.795918
vt 0.897959 0.795918
vt 0.918367 0.795918
vt 0.938775 0.795918
vt 0.959184 0.795918
vt 0.979592 0.795918
vt 1.000000 0.795918
vt 0.020408 0.816326
vt 0.000000 0.816326
vt 0.040816 0.816326
vt 0.061224 0.816326
vt 0.081633 0.816326
vt 0.102041 0.816326
vt 0.122449 0.816326
vt 0.142857 0.816326
vt 0.163265 0.816326
vt 0.183673 0.816326
vt 0.204082 0.816326
vt 0.224490 0.816326
vt 0.244898 0.816326
vt 0.265306 0.816326
vt 0.285714 0.816326
vt 0.306122 0.816326
vt 0.326531 0.816326
vt 0.346939 0.816326
vt 0.367347 0.816326
vt 0.387755 0.816326
vt 0.408163 0.816326
vt 0.428571 0.816326
vt 0.448980 0.816326
vt 0.469388 0.816326
vt 0.489796 0.816326
vt 0.510204 0.816326
vt 0.530612 0.816326
vt 0.551020 0.816326
vt 0.571429 0.816326
vt 0.591837 0.816326
vt 0.612245 0.816326
vt 0.632653 0.816326
vt 0.653061 0.816326
vt 0.673469 0.816326
vt 0.693878 0.816326
vt 0.714286 0.816326
vt 0.734694 0.816326
vt 0.755102 0.816326
vt 0.775510 0.816326
vt 0.795918 0.816326
vt 0.816326 0.816326
vt 0.836735 0.816326
vt 0.857143 0.816326
vt 0.877551 0.816326
vt 0.897959 0.816326
vt 0.918367 0.816326
vt 0.938775 0.816326
vt 0.959184 0.816326
vt 0.979592 0.816326
vt 1.000000 0.816326
vt 0.020408 0.836735
vt 0.000000 0.836735
vt 0.040816 0.836735
vt 0.061224 0.836735
vt 0.081633 0.836735
vt 0.102041 0.836735
vt 0.122449 0.836735
vt 0.142857 0.836735
vt 0.163265 0.836735
vt 0.183673 0.836735
vt 0.204082 0.836735
vt 0.224490 0.836735
vt 0.244898 0.836735
vt 0.265306 0.836735
vt 0.285714 0.836735
vt 0.306122 0.836735
vt 0.326531 0.836735
vt 0.346939 0.836735
vt 0.367347 0.836735
vt 0.387755 0.836735
vt 0.408163 0.836735
vt 0.428571 0.836735
vt 0.448980 0.836735
vt 0.469388 0.836735
vt 0.489796 0.836735
vt 0.510204 0.836735
vt 0.530612 0.836735
vt 0.551020 0.836735
vt 0.571429 0.836735
vt 0.591837 0.836735
vt 0.612245 0.836735
vt 0.632653 0.836735
vt 0.653061 0.836735
vt 0.673469 0.836735
vt 0.693878 0.836735
vt 0.714286 0.836735
vt 0.734694 0.836735
vt 0.755102 0.836735
vt 0.775510 0.836735
vt 0.795918 0.836735
vt 0.816326 0.836735
vt 0.836735 0.836735
vt 0.857143 0.836735
vt 0.877551 0.836735
vt 0.897959 0.836735
vt 0.918367 0.836735
vt 0.938775 0.836735
vt 0.959184 0.836735
vt 0.979592 0.836735
vt 1.000000 0.836735
vt 0.020408 0.857143
vt 0.000000 0.857143
vt 0.040816 0.857143
vt 0.061224 0.857143
vt 0.081633 0.857143
vt 0.102041 0.857143
vt 0.122449 0.857143
vt 0.142857 0.857143
vt 0.163265 0.857143
vt 0.183673 0.857143
vt 0.204082 0.857143
vt 0.224490 0.857143
vt 0.244898 0.857143
vt 0.265306 0.857143
vt 0.285714 0.857143
vt 0.306122 0.857143
vt 0.326531 0.857143
vt 0.346939 0.857143
vt 0.367347 0.857143
vt 0.387755 0.857143
vt 0.408163 0.857143
vt 0.428571 0.857143
vt 0.448980 0.857143
vt 0.469388 0.857143
vt 0.489796 0.857143
vt 0.510204 0.857143
vt 0.530612 0.857143
vt 0.551020 0.857143
vt 0.571429 0.857143
vt 0.591837 0.857143
vt 0.612245 0.857143
vt 0.632653 0.857143
vt 0.653061 0.857143
vt 0.673469 0.857143
vt 0.693878 0.857143
vt 0.714286 0.857143
vt 0.734694 0.857143
vt 0.755102 0.857143
vt 0.775510 0.857143
vt 0.795918 0.857143
vt 0.816326 0.857143
vt 0.836735 0.857143
vt 0.857143 0.857143
vt 0.877551 0.857143
vt 0.897959 0.857143
vt 0.918367 0.857143
vt 0.938775 0.857143
vt 0.959184 0.857143
vt 0.979592 0.857143
vt 1.000000 0.857143
vt 0.020408 0.877551
vt 0.000000 0.877551
vt 0.040816 0.877551
vt 0.061224 0.877551
vt 0.081633 0.877551
vt 0.102041 0.877551
vt 0.122449 0.877551
vt 0.142857 0.877551
vt 0.163265 0.877551
vt 0.183673 0.877551
vt 0.204082 0.877551
vt 0.224490 0.877551
vt 0.244898 0.877551
vt 0.265306 0.877551
vt 0.285714 0.877551
vt 0.306122 0.877551
vt 0.326531 0.877551
vt 0.346939 0.877551
vt 0.367347 0.877551
vt 0.387755 0.877551
vt 0.408163 0.877551
vt 0.428571 0.877551
vt 0.448980 0.877551
vt 0.469388 0.877551
vt 0.489796 0.877551
vt 0.510204 0.877551
vt 0.530612 0.877551
vt 0.551020 0.877551
vt 0.571429 0.877551
vt 0.591837 0.877551
vt 0.612245 0.877551
vt 0.632653 0.877551
vt 0.653061 0.877551
vt 0.673469 0.877551
vt 0.693878 0.877551
vt 0.714286 0.877551
vt 0.734694 0.877551
vt 0.755102 0.877551
vt 0.775510 0.877551
vt 0.795918 0.877551
vt 0.816326 0.877551
vt 0.836735 0.877551
vt 0.857143 0.877551
vt 0.877551 0.877551
vt 0.897959 0.877551
vt 0.918367 0.877551
vt 0.938775 0.877551
vt 0.959184 0.877551
vt 0.979592 0.877551
vt 1.000000 0.877551
vt 0.020408 0.897959
vt 0.000000 0.897959
vt 0.040816 0.897959
vt 0.061224 0.897959
vt 0.081633 0.897959
vt 0.102041 0.897959
vt 0.122449 0.897959
vt 0.142857 0.897959
vt 0.163265 0.897959
vt 0.183673 0.897959
vt 0.204082 0.897959
vt 0.224490 0.897959
vt 0.244898 0.897959
vt 0.265306 0.897959
vt 0.285714 0.897959
vt 0.306122 0.897959
vt 0.326531 0.897959
vt 0.346939 0.897959
vt 0.367347 0.897959
vt 0.387755 0.897959
vt 0.408163 0.897959
vt 0.428571 0.897959
vt 0.448980 0.897959
vt 0.469388 0.897959
vt 0.489796 0.897959
vt 0.510204 0.897959
vt 0.530612 0.897959
vt 0.551020 0.897959
vt 0.571429 0.897959
vt 0.591837 0.897959
vt 0.612245 0.897959
vt 0.632653 0.897959
vt 0.653061 0.897959
vt 0.673469 0.897959
vt 0.693878 0.897959
vt 0.714286 0.897959
vt 0.734694 0.897959
vt 0.755102 0.897959
vt 0.775510 0.897959
vt 0.795918 0.897959
vt 0.816326 0.897959
vt 0.836735 0.897959
vt 0.857143 0.897959
vt 0.877551 0.897959
vt 0.897959 0.897959
vt 0.918367 0.897959
vt 0.938775 0.897959
vt 0.959184 0.897959
vt 0.979592 0.897959
vt 1.000000 0.897959
vt 0.020408 0.918367
vt 0.000000 0.918367
vt 0.040816 0.918367
vt 0.061224 0.918367
vt 0.081633 0.918367
vt 0.102041 0.918367
vt 0.122449 0.918367
vt 0.142857 0.918367
vt 0.163265 0.918367
vt 0.183673 0.918367
vt 0.204082 0.918367
vt 0.224490 0.918367
vt 0.244898 0.918367
vt 0.265306 0.918367
vt 0.285714 0.918367
vt 0.306122 0.918367
vt 0.326531 0.918367
vt 0.346939 0.918367
vt 0.367347 0.918367
vt 0.387755 0.918367
vt 0.408163 0.918367
vt 0.428571 0.918367
vt 0.448980 0.918367
vt 0.469388 0.918367
vt 0.489796 0.918367
vt 0.510204 0.918367
vt 0.530612 0.918367
vt 0.551020 0.918367
vt 0.571429 0.918367
vt 0.591837 0.918367
vt 0.612245 0.918367
vt 0.632653 0.918367
vt 0.653061 0.918367
vt 0.673469 0.918367
vt 0.693878 0.918367
vt 0.714286 0.918367
vt 0.734694 0.918367
vt 0.755102 0.918367
vt 0.775510 0.918367
vt 0.795918 0.918367
vt 0.816326 0.918367
vt 0.836735 0.918367
vt 0.857143 0.918367
vt 0.877551 0.918367
vt 0.897959 0.918367
vt 0.918367 0.918367
vt 0.938775 0.918367
vt 0.959184 0.918367
vt 0.979592 0.918367
vt 1.000000 0.918367
vt 0.020408 0.938775
vt 0.000000 0.938775
vt 0.040816 0.938775
vt 0.061224 0.938775
vt 0.081633 0.938775
vt 0.102041 0.938775
vt 0.122449 0.938775
vt 0.142857 0.938775
vt 0.163265 0.938775
vt 0.183673 0.938775
vt 0.204082 0.938775
vt 0.224490 0.938775
vt 0.244898 0.938775
vt 0.265306 0.938775
vt 0.285714 0.938775
vt 0.306122 0.938775
vt 0.326531 0.938775
vt 0.346939 0.938775
vt 0.367347 0.938775
vt 0.387755 0.938775
vt 0.408163 0.938775
vt 0.428571 0.938775
vt 0.448980 0.938775
vt 0.469388 0.938775
vt 0.489796 0.938775
vt 0.510204 0.938775
vt 0.530612 0.938775
vt 0.551020 0.938775
vt 0.571429 0.938775
vt 0.591837 0.938775
vt 0.612245 0.938775
vt 0.632653 0.938775
vt 0.653061 0.938775
vt 0.673469 0.938775
vt 0.693878 0.938775
vt 0.714286 0.938775
vt 0.734694 0.938775
vt 0.755102 0.938775
vt 0.775510 0.938775
vt 0.795918 0.938775
vt 0.816326 0.938775
vt 0.836735 0.938775
vt 0.857143 0.938775
vt 0.877551 0.938775
vt 0.897959 0.938775
vt 0.918367 0.938775
vt 0.938775 0.938775
vt 0.959184 0.938775
vt 0.979592 0.938775
vt 1.000000 0.938775
vt 0.020408 0.959184
vt 0.000000 0.959184
vt 0.040816 0.959184
vt 0.061224 0.959184
vt 0.081633 0.959184
vt 0.102041 0.959184
vt 0.122449 0.959184
vt 0.142857 0.959184
vt 0.163265 0.959184
vt 0.183673 0.959184
vt 0.204082 0.959184
vt 0.224490 0.959184
vt 0.244898 0.959184
vt 0.265306 0.959184
vt 0.285714 0.959184
vt 0.306122 0.959184
vt 0.326531 0.959184
vt 0.346939 0.959184
vt 0.367347 0.959184
vt 0.387755 0.959184
vt 0.408163 0.959184
vt 0.428571 0.959184
vt 0.448980 0.959184
vt 0.469388 0.959184
vt 0.489796 0.959184
vt 0.510204 0.959184
vt 0.530612 0.959184
vt 0.551020 0.959184
vt 0.571429 0.959184
vt 0.591837 0.959184
vt 0.612245 0.959184
vt 0.632653 0.959184
vt 0.653061 0.959184
vt 0.673469 0.959184
vt 0.693878 0.959184
vt 0.714286 0.959184
vt 0.734694 0.959184
vt 0.755102 0.959184
vt 0.775510 0.959184
vt 0.795918 0.959184
vt 0.816326 0.959184
vt 0.836735 0.959184
vt 0.857143 0.959184
vt 0.877551 0.959184
vt 0.897959 0.959184
vt 0.918367 0.959184
vt 0.938775 0.959184
vt 0.959184 0.959184
vt 0.979592 0.959184
vt 1.000000 0.959184
vt 0.020408 0.979592
vt 0.000000 0.979592
vt 0.040816 0.979592
vt 0.061224 0.979592
vt 0.081633 0.979592
vt 0.102041 0.979592
vt 0.122449 0.979592
vt 0.142857 0.979592
vt 0.163265 0.979592
vt 0.183673 0.979592
vt 0.204082 0.979592
vt 0.224490 0.979592
vt 0.244898 0.979592
vt 0.265306 0.979592
vt 0.285714 0.979592
vt 0.306122 0.979592
vt 0.326531 0.979592
vt 0.346939 0.979592
vt 0.367347 0.979592
vt 0.387755 0.979592
vt 0.408163 0.979592
vt 0.428571 0.979592
vt 0.448980 0.979592
vt 0.469388 0.979592
vt 0.489796 0.979592
vt 0.510204 0.979592
vt 0.530612 0.979592
vt 0.551020 0.979592
vt 0.571429 0.979592
vt 0.591837 0.979592
vt 0.612245 0.979592
vt 0.632653 0.979592
vt 0.653061 0.979592
vt 0.673469 0.979592
vt 0.693878 0.979592
vt 0.714286 0.979592
vt 0.734694 0.979592
vt 0.755102 0.979592
vt 0.775510 0.979592
vt 0.795918 0.979592
vt 0.816326 0.979592
vt 0.836735 0.979592
vt 0.857143 0.979592
vt 0.877551 0.979592
vt 0.897959 0.979592
vt 0.918367 0.979592
vt 0.938775 0.979592
vt 0.959184 0.979592
vt 0.979592 0.979592
vt 1.000000 0.979592
vt 0.020408 1.000000
vt 0.000000 1.000000
vt 0.040816 1.000000
vt 0.061224 1.000000
vt 0.081633 1.000000
vt 0.102041 1.000000
vt 0.122449 1.000000
vt 0.142857 1.000000
vt 0.163265 1.000000
vt 0.183673 1.000000
vt 0.204082 1.000000
vt 0.224490 1.000000
vt 0.244898 1.000000
vt 0.265306 1.000000
vt 0.285714 1.000000
vt 0.306122 1.000000
vt 0.326531 1.000000
vt 0.346939 1.000000
vt 0.367347 1.000000
vt 0.387755 1.000000
vt 0.408163 1.000000
vt 0.428571 1.000000
vt 0.448980 1.000000
vt 0.469388 1.000000
vt 0.489796 1.000000
vt 0.510204 1.000000
vt 0.530612 1.000000
vt 0.551020 1.000000
vt 0.571429 1.000000
vt 0.591837 1.000000
vt 0.612245 1.000000
vt 0.632653 1.000000
vt 0.653061 1.000000
vt 0.673469 1.000000
vt 0.693878 1.000000
vt 0.714286 1.000000
vt 0.734694 1.000000
vt 0.755102 1.000000
vt 0.775510 1.000000
vt 0.795918 1.000000
vt 0.816326 1.000000
vt 0.836735 1.000000
vt 0.857143 1.000000
vt 0.877551 1.000000
vt 0.897959 1.000000
vt 0.918367 1.000000
vt 0.938775 1.000000
vt 0.959184 1.000000
vt 0.979592 1.000000
vt 1.000000 1.000000
vn 0.4337 0.7574 -0.4880
vn 0.6963 0.6634 -0.2738
vn 0.5125 0.5749 -0.6379
vn 0.0931 0.6013 -0.7936
vn 0.1436 0.3906 -0.9093
vn -0.0554 0.5346 -0.8433
vn -0.0739 0.2982 -0.9516
vn -0.0868 0.5174 -0.8513
vn -0.0578 0.3069 -0.9500
vn -0.0516 0.5358 -0.8428
vn -0.0301 0.3239 -0.9456
vn -0.0266 0.5537 -0.8323
vn -0.0163 0.3356 -0.9419
vn -0.0017 0.5677 -0.8232
vn 0.0031 0.3468 -0.9380
vn 0.0186 0.5790 -0.8151
vn 0.0181 0.3584 -0.9334
vn 0.0273 0.5846 -0.8109
vn 0.0249 0.3647 -0.9308
vn 0.0459 0.5951 -0.8023
vn 0.0354 0.3693 -0.9286
vn 0.0638 0.6027 -0.7954
vn 0.0455 0.3700 -0.9279
vn 0.0871 0.6083 -0.7889
vn 0.0476 0.3658 -0.9295
vn 0.0948 0.6049 -0.7906
vn 0.0429 0.3574 -0.9330
vn 0.0706 0.5915 -0.8032
vn 0.0334 0.3479 -0.9369
vn 0.0353 0.5789 -0.8146
vn 0.0338 0.3432 -0.9387
vn 0.0178 0.5757 -0.8175
vn 0.0445 0.3468 -0.9369
vn 0.0222 0.5796 -0.8146
vn 0.0487 0.3519 -0.9348
vn 0.0263 0.5842 -0.8111
vn 0.0550 0.3591 -0.9317
vn 0.0308 0.5895 -0.8072
vn 0.0631 0.3681 -0.9276
vn 0.0472 0.5966 -0.8011
vn 0.0579 0.3755 -0.9250
vn 0.0488 0.5993 -0.7990
vn 0.0462 0.3784 -0.9245
vn 0.0381 0.5994 -0.7995
vn 0.0410 0.3798 -0.9242
vn 0.0284 0.5998 -0.7997
vn 0.0365 0.3842 -0.9225
vn 0.0155 0.6021 -0.7983
vn 0.0247 0.3876 -0.9215
vn 0.0156 0.6047 -0.7963
vn 0.0162 0.3848 -0.9229
vn 0.0256 0.6034 -0.7970
vn 0.0199 0.3795 -0.9250
vn 0.0258 0.6009 -0.7989
vn 0.0293 0.3762 -0.9261
vn 0.0274 0.5993 -0.8000
vn 0.0392 0.3753 -0.9261
vn 0.0335 0.5983 -0.8006
vn 0.0389 0.3786 -0.9247
vn 0.0301 0.5998 -0.7996
vn 0.0344 0.3787 -0.9249
vn 0.0272 0.6016 -0.7984
vn 0.0404 0.3739 -0.9266
vn 0.0453 0.5976 -0.8005
vn 0.0411 0.3708 -0.9278
vn 0.0602 0.5917 -0.8039
vn 0.0367 0.3651 -0.9302
vn 0.0602 0.5861 -0.8080
vn 0.0358 0.3574 -0.9333
vn 0.0515 0.5834 -0.8106
vn 0.0343 0.3560 -0.9338
vn 0.0297 0.5873 -0.8088
vn 0.0338 0.3601 -0.9323
vn -0.0010 0.5990 -0.8008
vn 0.0223 0.3773 -0.9258
vn -0.0325 0.6156 -0.7874
vn -0.0136 0.3998 -0.9165
vn -0.0525 0.6282 -0.7763
vn -0.0419 0.4104 -0.9109
vn -0.0650 0.6348 -0.7699
vn -0.0565 0.4140 -0.9085
vn -0.0729 0.6377 -0.7668
vn -0.0614 0.4093 -0.9103
vn -0.0694 0.6348 -0.7696
vn -0.0469 0.4005 -0.9151
vn -0.0597 0.6300 -0.7743
vn -0.0457 0.4021 -0.9145
vn -0.0482 0.6232 -0.7806
vn -0.0542 0.4052 -0.9126
vn -0.0505 0.6238 -0.7800
vn -0.0578 0.4108 -0.9099
vn -0.0524 0.6231 -0.7803
vn -0.0791 0.4202 -0.9040
vn -0.0423 0.6216 -0.7822
vn -0.2652 0.4922 -0.8291
vn -0.0817 0.6378 -0.7658
vn -0.5321 0.6223 -0.5742
vn -0.2048 0.6915 -0.6928
vn -0.6684 0.6955 -0.2637
vn -0.4463 0.7866 -0.4267
vn 0.8106 0.5843 -0.0396
vn 0.8291 0.4219 -0.3668
vn 0.6154 -0.3424 -0.7099
vn 0.0095 -0.5909 -0.8067
vn -0.0507 -0.6004 -0.7981
vn -0.0760 -0.5717 -0.8170
vn -0.0788 -0.5707 -0.8174
vn -0.0772 -0.5896 -0.8040
vn -0.0684 -0.5888 -0.8054
vn -0.0762 -0.5937 -0.8010
vn -0.0840 -0.5950 -0.7993
vn -0.0875 -0.6002 -0.7950
vn -0.0845 -0.5782 -0.8115
vn -0.0414 -0.5721 -0.8191
vn 0.0198 -0.5787 -0.8153
vn 0.0467 -0.6049 -0.7949
vn 0.0414 -0.6193 -0.7841
vn 0.0406 -0.6223 -0.7817
vn 0.0332 -0.6234 -0.7812
vn 0.0130 -0.6292 -0.7772
vn 0.0130 -0.6215 -0.7833
vn 0.0332 -0.6199 -0.7840
vn 0.0426 -0.6411 -0.7663
vn 0.0397 -0.6474 -0.7611
vn 0.0328 -0.6392 -0.7684
vn 0.0261 -0.6409 -0.7672
vn 0.0223 -0.6442 -0.7645
vn 0.0230 -0.6465 -0.7626
vn 0.0134 -0.6585 -0.7524
vn 0.0173 -0.6352 -0.7721
vn 0.0467 -0.6403 -0.7667
vn 0.0203 -0.6600 -0.7510
vn -0.0179 -0.6355 -0.7719
vn -0.0070 -0.6267 -0.7792
vn 0.0071 -0.6324 -0.7746
vn 0.0373 -0.6169 -0.7861
vn 0.0631 -0.6373 -0.7680
vn 0.0710 -0.6186 -0.7825
vn 0.0835 -0.6164 -0.7830
vn 0.0845 -0.6294 -0.7725
vn 0.0689 -0.5978 -0.7987
vn 0.0645 -0.6272 -0.7762
vn 0.0247 -0.6232 -0.7816
vn -0.0011 -0.6061 -0.7954
vn -0.0225 -0.6200 -0.7843
vn -0.0433 -0.6145 -0.7877
vn -0.0955 -0.5872 -0.8038
vn -0.6413 -0.3870 -0.6625
vn -0.8221 0.4596 -0.3361
vn -0.7809 0.6203 -0.0741
vn 0.8307 0.5565 0.0155
vn 0.9569 0.2883 -0.0350
vn 0.7841 -0.6123 -0.1009
vn 0.0821 -0.9920 -0.0960
vn 0.0036 -0.9938 -0.1115
vn -0.0702 -0.9907 -0.1169
vn -0.0901 -0.9895 -0.1133
vn -0.1003 -0.9901 -0.0978
vn -0.1071 -0.9909 -0.0811
vn -0.1116 -0.9908 -0.0761
vn -0.1243 -0.9892 -0.0771
vn -0.1319 -0.9880 -0.0808
vn -0.1211 -0.9876 -0.0998
vn -0.0813 -0.9903 -0.1127
vn -0.0192 -0.9955 -0.0929
vn 0.0124 -0.9981 -0.0610
vn -0.0059 -0.9992 -0.0387
vn -0.0121 -0.9996 -0.0244
vn -0.0230 -0.9996 -0.0158
vn -0.0570 -0.9983 -0.0098
vn -0.0528 -0.9986 -0.0016
vn -0.0240 -0.9996 0.0163
vn -0.0161 -0.9987 0.0484
vn -0.0134 -0.9966 0.0816
vn 0.0061 -0.9951 0.0985
vn 0.0244 -0.9951 0.0960
vn 0.0144 -0.9963 0.0843
vn -0.0073 -0.9966 0.0823
vn -0.0195 -0.9966 0.0802
vn -0.0083 -0.9980 0.0628
vn 0.0162 -0.9984 0.0547
vn -0.0063 -0.9986 0.0535
vn -0.0321 -0.9990 0.0305
vn -0.0186 -0.9998 -0.0001
vn -0.0141 -0.9997 -0.0187
vn 0.0009 -0.9998 -0.0183
vn 0.0065 -1.0000 0.0047
vn 0.0238 -0.9991 0.0349
vn 0.0941 -0.9939 0.0567
vn 0.1336 -0.9894 0.0571
vn 0.1367 -0.9893 0.0505
vn 0.1217 -0.9912 0.0525
vn 0.0794 -0.9960 0.0411
vn 0.0458 -0.9986 0.0257
vn 0.0276 -0.9993 0.0251
vn 0.0174 -0.9997 0.0150
vn 0.0115 -0.9999 -0.0105
vn -0.7696 -0.6314 -0.0951
vn -0.9434 0.3256 -0.0627
vn -0.8143 0.5805 0.0016
vn 0.8184 0.5747 -0.0034
vn 0.9633 0.2677 -0.0189
vn 0.7681 -0.6392 -0.0384
vn 0.0904 -0.9957 -0.0193
vn 0.0169 -0.9998 -0.0106
vn -0.0489 -0.9985 -0.0252
vn -0.0887 -0.9951 -0.0438
vn -0.1099 -0.9930 -0.0433
vn -0.1144 -0.9928 -0.0363
vn -0.1069 -0.9936 -0.0355
vn -0.1157 -0.9922 -0.0454
vn -0.1225 -0.9907 -0.0594
vn -0.1054 -0.9921 -0.0681
vn -0.0885 -0.9940 -0.0639
vn -0.0508 -0.9978 -0.0437
vn -0.0108 -0.9998 -0.0194
vn -0.0138 -0.9998 -0.0113
vn -0.0221 -0.9997 -0.0088
vn -0.0319 -0.9995 0.0001
vn -0.0541 -0.9985 -0.0014
vn -0.0547 -0.9985 -0.0102
vn -0.0511 -0.9987 0.0015
vn -0.0558 -0.9978 0.0363
vn -0.0481 -0.9959 0.0769
vn -0.0054 -0.9944 0.1055
vn 0.0386 -0.9936 0.1062
vn 0.0307 -0.9957 0.0872
vn -0.0049 -0.9976 0.0695
vn -0.0028 -0.9985 0.0545
vn 0.0135 -0.9992 0.0365
vn 0.0098 -0.9995 0.0315
vn 0.0035 -0.9995 0.0302
vn 0.0041 -1.0000 0.0085
vn 0.0042 -0.9998 -0.0181
vn -0.0077 -0.9996 -0.0282
vn -0.0092 -0.9997 -0.0245
vn -0.0189 -0.9998 -0.0084
vn 0.0022 -0.9999 0.0137
vn 0.0801 -0.9964 0.0287
vn 0.1371 -0.9898 0.0395
vn 0.1270 -0.9904 0.0550
vn 0.1130 -0.9908 0.0739
vn 0.1005 -0.9922 0.0736
vn 0.0553 -0.9968 0.0583
vn 0.0388 -0.9985 0.0374
vn 0.0366 -0.9992 0.0141
vn 0.0270 -0.9996 0.0010
vn -0.7226 -0.6907 -0.0272
vn -0.9564 0.2913 -0.0209
vn -0.8074 0.5900 0.0029
vn 0.7962 0.6026 -0.0541
vn 0.9580 0.2834 -0.0444
vn 0.7597 -0.6499 0.0196
vn 0.0882 -0.9943 0.0603
vn 0.0314 -0.9982 0.0517
vn -0.0229 -0.9993 0.0306
vn -0.0772 -0.9969 0.0167
vn -0.1068 -0.9942 0.0087
vn -0.1136 -0.9935 0.0035
vn -0.1029 -0.9947 0.0006
vn -0.1006 -0.9949 -0.0075
vn -0.1061 -0.9940 -0.0267
vn -0.1028 -0.9939 -0.0389
vn -0.0939 -0.9948 -0.0390
vn -0.0652 -0.9971 -0.0394
vn -0.0274 -0.9992 -0.0297
vn -0.0180 -0.9997 -0.0143
vn -0.0224 -0.9997 -0.0116
vn -0.0372 -0.9992 -0.0151
vn -0.0482 -0.9987 -0.0133
vn -0.0454 -0.9988 -0.0187
vn -0.0687 -0.9974 -0.0208
vn -0.0915 -0.9958 0.0000
vn -0.0765 -0.9967 0.0266
vn -0.0129 -0.9991 0.0396
vn 0.0460 -0.9979 0.0457
vn 0.0430 -0.9979 0.0486
vn 0.0198 -0.9993 0.0304
vn 0.0200 -0.9998 0.0020
vn 0.0153 -0.9999 -0.0005
vn 0.0043 -0.9999 0.0091
vn 0.0125 -0.9999 0.0088
vn 0.0234 -0.9997 0.0044
vn 0.0116 -0.9999 0.0038
vn -0.0089 -1.0000 0.0042
vn -0.0141 -0.9999 0.0039
vn -0.0298 -0.9995 0.0039
vn -0.0135 -0.9999 0.0093
vn 0.0617 -0.9977 0.0271
vn 0.1160 -0.9917 0.0560
vn 0.1141 -0.9906 0.0754
vn 0.1044 -0.9913 0.0799
vn 0.1008 -0.9910 0.0880
vn 0.0654 -0.9935 0.0935
vn 0.0532 -0.9945 0.0903
vn 0.0515 -0.9951 0.0840
vn 0.0382 -0.9964 0.0753
vn -0.7184 -0.6939 0.0488
vn -0.9569 0.2902 -0.0098
vn -0.7919 0.6100 -0.0273
vn 0.7661 0.6323 -0.1150
vn 0.9505 0.3023 -0.0713
vn 0.7703 -0.6335 0.0728
vn 0.0984 -0.9843 0.1467
vn 0.0520 -0.9894 0.1353
vn 0.0000 -0.9926 0.1214
vn -0.0446 -0.9948 0.0912
vn -0.0831 -0.9955 0.0445
vn -0.0994 -0.9950 0.0084
vn -0.0959 -0.9953 -0.0142
vn -0.0869 -0.9957 -0.0336
vn -0.0907 -0.9945 -0.0524
vn -0.1080 -0.9927 -0.0538
vn -0.0978 -0.9943 -0.0434
vn -0.0650 -0.9971 -0.0393
vn -0.0371 -0.9986 -0.0387
vn -0.0234 -0.9990 -0.0379
vn -0.0226 -0.9992 -0.0343
vn -0.0411 -0.9988 -0.0262
vn -0.0488 -0.9986 -0.0224
vn -0.0419 -0.9989 -0.0200
vn -0.0826 -0.9966 -0.0085
vn -0.1110 -0.9938 0.0022
vn -0.0727 -0.9973 -0.0059
vn -0.0132 -0.9998 -0.0170
vn 0.0249 -0.9997 0.0025
vn 0.0378 -0.9989 0.0276
vn 0.0587 -0.9981 0.0162
vn 0.0488 -0.9986 -0.0189
vn -0.0008 -0.9996 -0.0280
vn -0.0103 -0.9999 -0.0064
vn 0.0093 -0.9999 0.0113
vn 0.0104 -0.9995 0.0298
vn -0.0007 -0.9987 0.0518
vn -0.0107 -0.9981 0.0609
vn -0.0201 -0.9978 0.0634
vn -0.0365 -0.9969 0.0697
vn -0.0300 -0.9964 0.0793
vn 0.0268 -0.9943 0.1035
vn 0.0802 -0.9873 0.1368
vn 0.1066 -0.9823 0.1542
vn 0.1113 -0.9832 0.1446
vn 0.0914 -0.9864 0.1365
vn 0.0609 -0.9875 0.1452
vn 0.0537 -0.9865 0.1547
vn 0.0675 -0.9871 0.1454
vn 0.0542 -0.9909 0.1231
vn -0.7138 -0.6943 0.0912
vn -0.9548 0.2966 -0.0173
vn -0.7712 0.6328 -0.0693
vn 0.7602 0.6369 -0.1281
vn 0.9462 0.3137 -0.0795
vn 0.7792 -0.6167 0.1117
vn 0.1065 -0.9718 0.2105
vn 0.0629 -0.9749 0.2138
vn 0.0302 -0.9801 0.1963
vn 0.0092 -0.9893 0.1454
vn -0.0383 -0.9953 0.0889
vn -0.0698 -0.9964 0.0482
vn -0.0725 -0.9972 0.0173
vn -0.0626 -0.9979 -0.0141
vn -0.0778 -0.9964 -0.0336
vn -0.1193 -0.9924 -0.0302
vn -0.1088 -0.9940 -0.0130
vn -0.0633 -0.9980 -0.0057
vn -0.0320 -0.9994 -0.0134
vn -0.0143 -0.9995 -0.0288
vn -0.0276 -0.9989 -0.0366
vn -0.0601 -0.9980 -0.0198
vn -0.0573 -0.9983 0.0043
vn -0.0523 -0.9985 0.0190
vn -0.0910 -0.9956 0.0244
vn -0.1027 -0.9946 0.0120
vn -0.0462 -0.9989 -0.0123
vn -0.0145 -0.9996 -0.0229
vn -0.0055 -0.9999 -0.0111
vn 0.0322 -0.9995 0.0005
vn 0.0855 -0.9963 -0.0041
vn 0.0674 -0.9977 -0.0122
vn -0.0089 -0.9998 -0.0179
vn -0.0322 -0.9994 -0.0121
vn -0.0122 -0.9999 0.0122
vn -0.0185 -0.9989 0.0431
vn -0.0266 -0.9970 0.0733
vn -0.0145 -0.9958 0.0907
vn -0.0203 -0.9958 0.0893
vn -0.0393 -0.9957 0.0833
vn -0.0499 -0.9941 0.0962
vn -0.0103 -0.9916 0.1292
vn 0.0550 -0.9862 0.1559
vn 0.1022 -0.9807 0.1666
vn 0.1146 -0.9779 0.1749
vn 0.0876 -0.9795 0.1813
vn 0.0562 -0.9819 0.1807
vn 0.0553 -0.9830 0.1751
vn 0.0839 -0.9825 0.1664
vn 0.0715 -0.9857 0.1527
vn -0.7166 -0.6888 0.1094
vn -0.9507 0.3084 -0.0317
vn -0.7659 0.6376 -0.0831
vn 0.7677 0.6311 -0.1109
vn 0.9476 0.3118 -0.0692
vn 0.7887 -0.6063 0.1018
vn 0.1020 -0.9763 0.1908
vn 0.0653 -0.9795 0.1904
vn 0.0527 -0.9823 0.1795
vn 0.0447 -0.9852 0.1658
vn 0.0036 -0.9898 0.1422
vn -0.0346 -0.9936 0.1076
vn -0.0418 -0.9963 0.0757
vn -0.0347 -0.9980 0.0521
vn -0.0639 -0.9973 0.0365
vn -0.1132 -0.9934 0.0187
vn -0.1071 -0.9942 -0.0054
vn -0.0636 -0.9979 -0.0154
vn -0.0310 -0.9995 -0.0088
vn -0.0034 -1.0000 -0.0059
vn -0.0270 -0.9996 -0.0102
vn -0.0792 -0.9968 -0.0081
vn -0.0744 -0.9972 0.0042
vn -0.0614 -0.9980 0.0150
vn -0.0789 -0.9969 0.0044
vn -0.0753 -0.9969 -0.0216
vn -0.0300 -0.9989 -0.0373
vn -0.0171 -0.9991 -0.0379
vn -0.0178 -0.9993 -0.0342
vn 0.0315 -0.9991 -0.0298
vn 0.0763 -0.9970 -0.0134
vn 0.0616 -0.9981 0.0084
vn -0.0000 -1.0000 0.0093
vn -0.0473 -0.9989 0.0063
vn -0.0458 -0.9986 0.0268
vn -0.0429 -0.9978 0.0508
vn -0.0456 -0.9969 0.0639
vn -0.0225 -0.9970 0.0743
vn -0.0190 -0.9963 0.0840
vn -0.0401 -0.9952 0.0888
vn -0.0638 -0.9937 0.0924
vn -0.0277 -0.9951 0.0952
vn 0.0509 -0.9942 0.0948
vn 0.0910 -0.9901 0.1066
vn 0.0909 -0.9860 0.1397
vn 0.0781 -0.9823 0.1703
vn 0.0644 -0.9827 0.1736
vn 0.0547 -0.9836 0.1716
vn 0.0824 -0.9798 0.1823
vn 0.0917 -0.9801 0.1760
vn -0.7100 -0.6946 0.1160
vn -0.9468 0.3192 -0.0419
vn -0.7698 0.6340 -0.0741
vn 0.7706 0.6293 -0.1008
vn 0.9492 0.3081 -0.0636
vn 0.7793 -0.6215 0.0807
vn 0.0970 -0.9842 0.1479
vn 0.0632 -0.9859 0.1549
vn 0.0535 -0.9852 0.1631
vn 0.0506 -0.9844 0.1686
vn 0.0295 -0.9870 0.1583
vn -0.0058 -0.9907 0.1357
vn -0.0148 -0.9936 0.1116
vn -0.0167 -0.9956 0.0920
vn -0.0498 -0.9957 0.0786
vn -0.0792 -0.9957 0.0471
vn -0.0750 -0.9972 -0.0007
vn -0.0613 -0.9977 -0.0293
vn -0.0386 -0.9987 -0.0323
vn -0.0121 -0.9997 -0.0196
vn -0.0311 -0.9995 -0.0009
vn -0.0755 -0.9971 -0.0018
vn -0.0725 -0.9972 -0.0207
vn -0.0624 -0.9975 -0.0321
vn -0.0632 -0.9973 -0.0363
vn -0.0477 -0.9975 -0.0519
vn -0.0250 -0.9975 -0.0667
vn -0.0271 -0.9979 -0.0593
vn -0.0267 -0.9987 -0.0437
vn 0.0171 -0.9995 -0.0259
vn 0.0477 -0.9989 -0.0024
vn 0.0458 -0.9988 0.0173
vn 0.0104 -0.9997 0.0202
vn -0.0613 -0.9978 0.0255
vn -0.0815 -0.9954 0.0507
vn -0.0596 -0.9955 0.0737
vn -0.0482 -0.9958 0.0774
vn -0.0303 -0.9966 0.0768
vn -0.0286 -0.9960 0.0841
vn -0.0533 -0.9935 0.1010
vn -0.0680 -0.9914 0.1122
vn -0.0164 -0.9948 0.1009
vn 0.0561 -0.9948 0.0847
vn 0.0699 -0.9935 0.0897
vn 0.0611 -0.9919 0.1115
vn 0.0619 -0.9894 0.1317
vn 0.0632 -0.9870 0.1478
vn 0.0478 -0.9861 0.1591
vn 0.0731 -0.9836 0.1647
vn 0.1160 -0.9809 0.1558
vn -0.7075 -0.7001 0.0966
vn -0.9440 0.3275 -0.0406
vn -0.7708 0.6337 -0.0659
vn 0.7718 0.6288 -0.0940
vn 0.9487 0.3090 -0.0669
vn 0.7772 -0.6259 0.0654
vn 0.0859 -0.9859 0.1434
vn 0.0526 -0.9855 0.1611
vn 0.0506 -0.9846 0.1673
vn 0.0548 -0.9855 0.1605
vn 0.0400 -0.9873 0.1537
vn 0.0083 -0.9887 0.1497
vn 0.0076 -0.9905 0.1375
vn 0.0037 -0.9933 0.1155
vn -0.0333 -0.9953 0.0911
vn -0.0388 -0.9974 0.0613
vn -0.0359 -0.9991 0.0234
vn -0.0466 -0.9989 -0.0065
vn -0.0399 -0.9991 -0.0156
vn -0.0300 -0.9995 -0.0063
vn -0.0368 -0.9993 0.0015
vn -0.0528 -0.9985 -0.0148
vn -0.0525 -0.9978 -0.0407
vn -0.0582 -0.9968 -0.0544
vn -0.0534 -0.9965 -0.0646
vn -0.0199 -0.9961 -0.0854
vn -0.0202 -0.9946 -0.1014
vn -0.0483 -0.9947 -0.0911
vn -0.0515 -0.9969 -0.0590
vn -0.0184 -0.9997 -0.0186
vn 0.0223 -0.9997 0.0138
vn 0.0289 -0.9990 0.0330
vn -0.0009 -0.9986 0.0535
vn -0.0704 -0.9955 0.0638
vn -0.1002 -0.9929 0.0636
vn -0.0746 -0.9946 0.0724
vn -0.0533 -0.9947 0.0876
vn -0.0384 -0.9943 0.0995
vn -0.0340 -0.9942 0.1023
vn -0.0604 -0.9934 0.0973
vn -0.0635 -0.9939 0.0899
vn -0.0057 -0.9962 0.0874
vn 0.0494 -0.9937 0.1002
vn 0.0538 -0.9920 0.1146
vn 0.0462 -0.9915 0.1218
vn 0.0489 -0.9905 0.1287
vn 0.0470 -0.9887 0.1421
vn 0.0449 -0.9877 0.1499
vn 0.0806 -0.9868 0.1404
vn 0.1286 -0.9832 0.1299
vn -0.6931 -0.7153 0.0895
vn -0.9412 0.3352 -0.0416
vn -0.7689 0.6364 -0.0615
vn 0.7642 0.6358 -0.1084
vn 0.9459 0.3153 -0.0761
vn 0.7612 -0.6424 0.0887
vn 0.0634 -0.9808 0.1842
vn 0.0465 -0.9788 0.1994
vn 0.0625 -0.9798 0.1900
vn 0.0687 -0.9827 0.1722
vn 0.0510 -0.9867 0.1543
vn 0.0224 -0.9912 0.1302
vn 0.0246 -0.9943 0.1042
vn 0.0165 -0.9958 0.0896
vn -0.0230 -0.9962 0.0838
vn -0.0113 -0.9973 0.0719
vn -0.0033 -0.9990 0.0457
vn -0.0302 -0.9993 0.0240
vn -0.0406 -0.9990 0.0205
vn -0.0337 -0.9993 0.0188
vn -0.0250 -0.9997 0.0031
vn -0.0188 -0.9994 -0.0291
vn -0.0308 -0.9976 -0.0627
vn -0.0527 -0.9955 -0.0783
vn -0.0389 -0.9953 -0.0889
vn -0.0057 -0.9953 -0.0963
vn -0.0263 -0.9958 -0.0879
vn -0.0669 -0.9949 -0.0751
vn -0.0743 -0.9951 -0.0659
vn -0.0593 -0.9973 -0.0437
vn -0.0124 -0.9999 -0.0015
vn -0.0010 -0.9991 0.0423
vn -0.0279 -0.9968 0.0744
vn -0.0682 -0.9940 0.0853
vn -0.0917 -0.9931 0.0732
vn -0.0831 -0.9944 0.0649
vn -0.0679 -0.9950 0.0739
vn -0.0487 -0.9950 0.0876
vn -0.0354 -0.9946 0.0971
vn -0.0494 -0.9945 0.0923
vn -0.0435 -0.9966 0.0706
vn -0.0113 -0.9980 0.0621
vn 0.0163 -0.9958 0.0900
vn 0.0331 -0.9911 0.1292
vn 0.0329 -0.9876 0.1535
vn 0.0421 -0.9858 0.1626
vn 0.0457 -0.9867 0.1558
vn 0.0571 -0.9889 0.1369
vn 0.1016 -0.9882 0.1147
vn 0.1182 -0.9862 0.1155
vn -0.7206 -0.6886 0.0810
vn -0.9370 0.3464 -0.0445
vn -0.7610 0.6447 -0.0721
vn 0.7621 0.6378 -0.1110
vn 0.9438 0.3224 -0.0725
vn 0.7680 -0.6331 0.0968
vn 0.0457 -0.9806 0.1906
vn 0.0535 -0.9810 0.1866
vn 0.0793 -0.9820 0.1712
vn 0.0829 -0.9843 0.1556
vn 0.0728 -0.9883 0.1343
vn 0.0511 -0.9936 0.1009
vn 0.0425 -0.9964 0.0728
vn 0.0160 -0.9978 0.0644
vn -0.0277 -0.9971 0.0708
vn -0.0043 -0.9968 0.0802
vn 0.0191 -0.9969 0.0769
vn -0.0116 -0.9982 0.0589
vn -0.0289 -0.9991 0.0325
vn -0.0144 -0.9999 -0.0007
vn -0.0046 -0.9995 -0.0323
vn 0.0147 -0.9981 -0.0602
vn -0.0089 -0.9961 -0.0877
vn -0.0499 -0.9937 -0.1007
vn -0.0347 -0.9946 -0.0978
vn -0.0166 -0.9963 -0.0842
vn -0.0515 -0.9972 -0.0545
vn -0.0738 -0.9966 -0.0357
vn -0.0710 -0.9965 -0.0450
vn -0.0850 -0.9953 -0.0462
vn -0.0612 -0.9980 -0.0160
vn -0.0406 -0.9988 0.0269
vn -0.0497 -0.9972 0.0567
vn -0.0723 -0.9948 0.0724
vn -0.0831 -0.9933 0.0801
vn -0.0805 -0.9938 0.0770
vn -0.0728 -0.9949 0.0705
vn -0.0528 -0.9963 0.0673
vn -0.0450 -0.9963 0.0735
vn -0.0437 -0.9956 0.0833
vn -0.0299 -0.9959 0.0857
vn -0.0273 -0.9952 0.0943
vn -0.0245 -0.9927 0.1177
vn 0.0031 -0.9894 0.1455
vn 0.0142 -0.9858 0.1670
vn 0.0414 -0.9835 0.1760
vn 0.0712 -0.9849 0.1578
vn 0.0853 -0.9885 0.1245
vn 0.1123 -0.9876 0.1093
vn 0.1071 -0.9882 0.1099
vn -0.7337 -0.6752 0.0758
vn -0.9364 0.3488 -0.0392
vn -0.7553 0.6498 -0.0856
vn 0.7700 0.6323 -0.0854
vn 0.9444 0.3238 -0.0571
vn 0.7631 -0.6416 0.0771
vn 0.0513 -0.9900 0.1315
vn 0.0691 -0.9914 0.1113
vn 0.0844 -0.9913 0.1011
vn 0.0894 -0.9911 0.0984
vn 0.0878 -0.9920 0.0912
vn 0.0746 -0.9940 0.0796
vn 0.0550 -0.9961 0.0692
vn 0.0154 -0.9978 0.0647
vn -0.0301 -0.9977 0.0600
vn -0.0180 -0.9977 0.0649
vn 0.0209 -0.9966 0.0792
vn 0.0082 -0.9971 0.0757
vn 0.0024 -0.9988 0.0485
vn 0.0216 -0.9997 0.0103
vn 0.0176 -0.9996 -0.0206
vn 0.0361 -0.9987 -0.0367
vn 0.0146 -0.9984 -0.0544
vn -0.0357 -0.9963 -0.0779
vn -0.0396 -0.9951 -0.0901
vn -0.0421 -0.9965 -0.0727
vn -0.0746 -0.9959 -0.0507
vn -0.0756 -0.9962 -0.0423
vn -0.0673 -0.9971 -0.0351
vn -0.0973 -0.9949 -0.0251
vn -0.0974 -0.9952 -0.0098
vn -0.0750 -0.9971 0.0148
vn -0.0722 -0.9965 0.0415
vn -0.0937 -0.9932 0.0687
vn -0.0883 -0.9923 0.0866
vn -0.0647 -0.9948 0.0792
vn -0.0574 -0.9967 0.0568
vn -0.0568 -0.9971 0.0512
vn -0.0630 -0.9958 0.0665
vn -0.0605 -0.9942 0.0892
vn -0.0476 -0.9921 0.1164
vn -0.0522 -0.9883 0.1430
vn -0.0483 -0.9858 0.1606
vn -0.0124 -0.9859 0.1667
vn 0.0075 -0.9861 0.1659
vn 0.0448 -0.9858 0.1620
vn 0.0980 -0.9835 0.1521
vn 0.1087 -0.9847 0.1364
vn 0.1166 -0.9854 0.1237
vn 0.1141 -0.9872 0.1111
vn -0.7150 -0.6949 0.0768
vn -0.9378 0.3450 -0.0381
vn -0.7596 0.6454 -0.0797
vn 0.7728 0.6309 -0.0685
vn 0.9449 0.3243 -0.0448
vn 0.7619 -0.6440 0.0696
vn 0.0664 -0.9911 0.1151
vn 0.0840 -0.9910 0.1039
vn 0.0884 -0.9916 0.0940
vn 0.0927 -0.9917 0.0887
vn 0.0937 -0.9919 0.0853
vn 0.0899 -0.9932 0.0740
vn 0.0644 -0.9963 0.0564
vn 0.0190 -0.9989 0.0434
vn -0.0283 -0.9989 0.0382
vn -0.0340 -0.9984 0.0441
vn 0.0111 -0.9984 0.0547
vn 0.0196 -0.9984 0.0534
vn 0.0224 -0.9987 0.0452
vn 0.0424 -0.9982 0.0414
vn 0.0330 -0.9987 0.0380
vn 0.0480 -0.9983 0.0318
vn 0.0413 -0.9990 0.0153
vn -0.0003 -0.9998 -0.0199
vn -0.0349 -0.9983 -0.0458
vn -0.0685 -0.9969 -0.0381
vn -0.0812 -0.9964 -0.0249
vn -0.0784 -0.9966 -0.0238
vn -0.0819 -0.9966 -0.0134
vn -0.1017 -0.9948 -0.0035
vn -0.1140 -0.9935 0.0011
vn -0.1053 -0.9942 0.0218
vn -0.1015 -0.9935 0.0517
vn -0.1082 -0.9919 0.0664
vn -0.0845 -0.9946 0.0603
vn -0.0516 -0.9972 0.0545
vn -0.0464 -0.9974 0.0547
vn -0.0602 -0.9968 0.0530
vn -0.0808 -0.9951 0.0572
vn -0.0871 -0.9932 0.0768
vn -0.0838 -0.9905 0.1092
vn -0.0793 -0.9868 0.1415
vn -0.0541 -0.9864 0.1553
vn -0.0122 -0.9877 0.1558
vn 0.0154 -0.9885 0.1503
vn 0.0539 -0.9886 0.1408
vn 0.1007 -0.9848 0.1416
vn 0.1194 -0.9822 0.1447
vn 0.1302 -0.9824 0.1338
vn 0.1257 -0.9845 0.1220
vn -0.7093 -0.7004 0.0801
vn -0.9371 0.3457 -0.0479
vn -0.7610 0.6440 -0.0780
vn 0.7708 0.6334 -0.0682
vn 0.9444 0.3269 -0.0365
vn 0.7671 -0.6385 0.0623
vn 0.0633 -0.9917 0.1119
vn 0.0863 -0.9885 0.1245
vn 0.0948 -0.9874 0.1267
vn 0.0932 -0.9876 0.1267
vn 0.0990 -0.9870 0.1268
vn 0.1136 -0.9871 0.1130
vn 0.0876 -0.9924 0.0864
vn 0.0360 -0.9976 0.0597
vn -0.0143 -0.9993 0.0349
vn -0.0391 -0.9991 0.0171
vn 0.0056 -0.9999 0.0129
vn 0.0239 -0.9997 0.0091
vn 0.0153 -0.9998 0.0144
vn 0.0354 -0.9989 0.0306
vn 0.0340 -0.9986 0.0409
vn 0.0480 -0.9978 0.0464
vn 0.0574 -0.9972 0.0478
vn 0.0347 -0.9988 0.0335
vn -0.0254 -0.9995 0.0197
vn -0.0853 -0.9961 0.0237
vn -0.0847 -0.9959 0.0332
vn -0.0837 -0.9956 0.0416
vn -0.0873 -0.9953 0.0419
vn -0.0927 -0.9953 0.0289
vn -0.1241 -0.9920 0.0252
vn -0.1311 -0.9906 0.0393
vn -0.1167 -0.9920 0.0484
vn -0.0953 -0.9948 0.0364
vn -0.0662 -0.9977 0.0149
vn -0.0635 -0.9978 0.0176
vn -0.0601 -0.9972 0.0437
vn -0.0609 -0.9964 0.0589
vn -0.0823 -0.9950 0.0559
vn -0.0957 -0.9943 0.0478
vn -0.1087 -0.9928 0.0502
vn -0.1045 -0.9919 0.0720
vn -0.0626 -0.9933 0.0972
vn -0.0193 -0.9929 0.1177
vn 0.0207 -0.9915 0.1283
vn 0.0660 -0.9901 0.1239
vn 0.0987 -0.9883 0.1160
vn 0.1266 -0.9857 0.1111
vn 0.1395 -0.9842 0.1087
vn 0.1204 -0.9856 0.1188
vn -0.7194 -0.6899 0.0808
vn -0.9363 0.3474 -0.0507
vn -0.7575 0.6467 -0.0891
vn 0.7713 0.6331 -0.0659
vn 0.9446 0.3266 -0.0326
vn 0.7492 -0.6587 0.0693
vn 0.0440 -0.9926 0.1135
vn 0.0780 -0.9888 0.1273
vn 0.0942 -0.9865 0.1337
vn 0.0899 -0.9863 0.1385
vn 0.1031 -0.9850 0.1383
vn 0.1310 -0.9826 0.1314
vn 0.1086 -0.9866 0.1217
vn 0.0672 -0.9927 0.1005
vn 0.0270 -0.9982 0.0534
vn -0.0116 -0.9999 -0.0021
vn 0.0052 -0.9995 -0.0302
vn 0.0165 -0.9996 -0.0216
vn 0.0027 -1.0000 -0.0075
vn 0.0208 -0.9998 0.0027
vn 0.0222 -0.9996 0.0191
vn 0.0278 -0.9985 0.0462
vn 0.0605 -0.9963 0.0612
vn 0.0587 -0.9971 0.0490
vn -0.0266 -0.9987 0.0438
vn -0.0925 -0.9943 0.0527
vn -0.0895 -0.9944 0.0557
vn -0.0968 -0.9931 0.0665
vn -0.0811 -0.9939 0.0745
vn -0.0715 -0.9956 0.0600
vn -0.1209 -0.9919 0.0401
vn -0.1365 -0.9902 0.0279
vn -0.1067 -0.9942 0.0145
vn -0.0774 -0.9970 0.0018
vn -0.0627 -0.9980 0.0042
vn -0.0840 -0.9963 0.0175
vn -0.0898 -0.9952 0.0388
vn -0.0785 -0.9947 0.0664
vn -0.0754 -0.9941 0.0776
vn -0.0747 -0.9954 0.0593
vn -0.0996 -0.9946 0.0307
vn -0.1117 -0.9937 0.0124
vn -0.0868 -0.9959 0.0240
vn -0.0504 -0.9967 0.0630
vn 0.0087 -0.9951 0.0983
vn 0.0720 -0.9911 0.1116
vn 0.1060 -0.9885 0.1082
vn 0.1333 -0.9859 0.1009
vn 0.1383 -0.9855 0.0988
vn 0.1048 -0.9889 0.1048
vn -0.7284 -0.6811 0.0745
vn -0.9377 0.3444 -0.0450
vn -0.7600 0.6442 -0.0857
vn 0.7713 0.6328 -0.0674
vn 0.9445 0.3272 -0.0306
vn 0.7531 -0.6532 0.0781
vn 0.0358 -0.9932 0.1112
vn 0.0761 -0.9914 0.1067
vn 0.0917 -0.9903 0.1047
vn 0.0853 -0.9905 0.1076
vn 0.0991 -0.9883 0.1159
vn 0.1279 -0.9835 0.1282
vn 0.1154 -0.9842 0.1340
vn 0.0990 -0.9881 0.1177
vn 0.0888 -0.9936 0.0702
vn 0.0384 -0.9992 0.0102
vn 0.0115 -0.9997 -0.0197
vn 0.0026 -0.9998 -0.0186
vn -0.0076 -1.0000 -0.0062
vn 0.0064 -0.9999 0.0087
vn 0.0010 -0.9995 0.0310
vn 0.0015 -0.9985 0.0552
vn 0.0578 -0.9959 0.0690
vn 0.0706 -0.9949 0.0714
vn -0.0237 -0.9974 0.0679
vn -0.0916 -0.9939 0.0612
vn -0.0936 -0.9937 0.0619
vn -0.1068 -0.9920 0.0674
vn -0.0827 -0.9940 0.0718
vn -0.0535 -0.9962 0.0690
vn -0.0949 -0.9945 0.0437
vn -0.1204 -0.9926 0.0133
vn -0.0970 -0.9953 0.0027
vn -0.0819 -0.9966 0.0107
vn -0.0806 -0.9963 0.0292
vn -0.0979 -0.9942 0.0444
vn -0.1118 -0.9922 0.0550
vn -0.1005 -0.9926 0.0674
vn -0.0667 -0.9953 0.0695
vn -0.0482 -0.9972 0.0566
vn -0.0698 -0.9970 0.0324
vn -0.0928 -0.9957 0.0058
vn -0.1034 -0.9946 -0.0046
vn -0.0838 -0.9965 0.0083
vn -0.0214 -0.9990 0.0393
vn 0.0554 -0.9956 0.0757
vn 0.1070 -0.9895 0.0970
vn 0.1269 -0.9859 0.1095
vn 0.1301 -0.9838 0.1232
vn 0.1023 -0.9870 0.1242
vn -0.7198 -0.6896 0.0793
vn -0.9385 0.3422 -0.0462
vn -0.7627 0.6421 -0.0778
vn 0.7732 0.6312 -0.0617
vn 0.9445 0.3270 -0.0301
vn 0.7535 -0.6539 0.0683
vn 0.0465 -0.9947 0.0911
vn 0.0767 -0.9934 0.0850
vn 0.0873 -0.9921 0.0903
vn 0.0808 -0.9920 0.0967
vn 0.0850 -0.9907 0.1064
vn 0.1146 -0.9860 0.1208
vn 0.1175 -0.9850 0.1261
vn 0.1275 -0.9855 0.1116
vn 0.1348 -0.9874 0.0825
vn 0.0754 -0.9954 0.0592
vn 0.0290 -0.9988 0.0403
vn 0.0018 -0.9995 0.0300
vn -0.0142 -0.9994 0.0305
vn -0.0061 -0.9993 0.0381
vn -0.0142 -0.9988 0.0471
vn -0.0057 -0.9989 0.0468
vn 0.0348 -0.9976 0.0593
vn 0.0510 -0.9935 0.1014
vn -0.0100 -0.9930 0.1178
vn -0.0721 -0.9926 0.0977
vn -0.0901 -0.9929 0.0776
vn -0.1052 -0.9922 0.0669
vn -0.0888 -0.9938 0.0666
vn -0.0476 -0.9964 0.0698
vn -0.0580 -0.9970 0.0520
vn -0.0946 -0.9953 0.0210
vn -0.1008 -0.9949 0.0110
vn -0.0944 -0.9954 0.0191
vn -0.0983 -0.9947 0.0286
vn -0.1046 -0.9939 0.0359
vn -0.1151 -0.9928 0.0346
vn -0.1013 -0.9945 0.0275
vn -0.0579 -0.9981 0.0217
vn -0.0364 -0.9992 0.0186
vn -0.0506 -0.9986 0.0148
vn -0.0741 -0.9972 0.0069
vn -0.0964 -0.9953 -0.0065
vn -0.0914 -0.9957 -0.0170
vn -0.0500 -0.9987 -0.0090
vn 0.0203 -0.9996 0.0209
vn 0.0850 -0.9946 0.0594
vn 0.1002 -0.9904 0.0952
vn 0.1132 -0.9861 0.1216
vn 0.1124 -0.9856 0.1265
vn -0.7256 -0.6843 0.0718
vn -0.9363 0.3476 -0.0497
vn -0.7635 0.6421 -0.0686
vn 0.7744 0.6308 -0.0500
vn 0.9443 0.3277 -0.0302
vn 0.7569 -0.6505 0.0630
vn 0.0522 -0.9937 0.0992
vn 0.0678 -0.9919 0.1074
vn 0.0744 -0.9898 0.1216
vn 0.0778 -0.9886 0.1291
vn 0.0834 -0.9888 0.1237
vn 0.1085 -0.9873 0.1163
vn 0.1216 -0.9863 0.1118
vn 0.1442 -0.9840 0.1043
vn 0.1458 -0.9838 0.1046
vn 0.0931 -0.9903 0.1030
vn 0.0545 -0.9950 0.0837
vn 0.0141 -0.9980 0.0610
vn -0.0136 -0.9987 0.0493
vn -0.0145 -0.9986 0.0516
vn -0.0207 -0.9980 0.0599
vn -0.0053 -0.9978 0.0667
vn 0.0065 -0.9966 0.0824
vn 0.0090 -0.9936 0.1127
vn -0.0044 -0.9907 0.1357
vn -0.0413 -0.9915 0.1236
vn -0.0625 -0.9942 0.0877
vn -0.0955 -0.9934 0.0630
vn -0.0903 -0.9944 0.0549
vn -0.0478 -0.9975 0.0518
vn -0.0335 -0.9984 0.0451
vn -0.0662 -0.9975 0.0235
vn -0.0969 -0.9953 0.0004
vn -0.0959 -0.9953 -0.0109
vn -0.1107 -0.9938 -0.0087
vn -0.1117 -0.9937 0.0023
vn -0.1058 -0.9944 0.0015
vn -0.0941 -0.9955 -0.0054
vn -0.0611 -0.9981 -0.0011
vn -0.0381 -0.9992 0.0078
vn -0.0398 -0.9992 0.0042
vn -0.0590 -0.9982 -0.0109
vn -0.0853 -0.9961 -0.0207
vn -0.0943 -0.9954 -0.0167
vn -0.0680 -0.9977 -0.0058
vn -0.0106 -0.9999 0.0096
vn 0.0464 -0.9983 0.0362
vn 0.0703 -0.9953 0.0669
vn 0.0995 -0.9914 0.0850
vn 0.1197 -0.9887 0.0905
vn -0.7253 -0.6870 0.0443
vn -0.9341 0.3541 -0.0462
vn -0.7637 0.6430 -0.0569
vn 0.7720 0.6337 -0.0489
vn 0.9430 0.3312 -0.0315
vn 0.7611 -0.6451 0.0671
vn 0.0453 -0.9928 0.1105
vn 0.0544 -0.9913 0.1200
vn 0.0593 -0.9894 0.1327
vn 0.0720 -0.9869 0.1445
vn 0.0927 -0.9850 0.1457
vn 0.1106 -0.9839 0.1405
vn 0.1317 -0.9824 0.1321
vn 0.1549 -0.9808 0.1182
vn 0.1424 -0.9836 0.1112
vn 0.1042 -0.9888 0.1068
vn 0.0774 -0.9927 0.0926
vn 0.0321 -0.9966 0.0758
vn -0.0071 -0.9979 0.0647
vn -0.0225 -0.9976 0.0662
vn -0.0313 -0.9964 0.0793
vn -0.0137 -0.9956 0.0923
vn -0.0114 -0.9945 0.1041
vn -0.0149 -0.9931 0.1165
vn -0.0062 -0.9928 0.1195
vn -0.0152 -0.9942 0.1064
vn -0.0371 -0.9952 0.0902
vn -0.0783 -0.9943 0.0723
vn -0.0732 -0.9962 0.0468
vn -0.0439 -0.9986 0.0289
vn -0.0280 -0.9993 0.0248
vn -0.0408 -0.9991 0.0130
vn -0.0751 -0.9971 -0.0114
vn -0.0880 -0.9957 -0.0281
vn -0.1186 -0.9925 -0.0308
vn -0.1177 -0.9926 -0.0286
vn -0.1013 -0.9945 -0.0270
vn -0.0964 -0.9951 -0.0220
vn -0.0692 -0.9975 -0.0155
vn -0.0396 -0.9991 -0.0145
vn -0.0216 -0.9995 -0.0243
vn -0.0479 -0.9983 -0.0344
vn -0.0914 -0.9954 -0.0288
vn -0.1096 -0.9939 -0.0134
vn -0.0834 -0.9965 0.0031
vn -0.0259 -0.9996 0.0146
vn 0.0187 -0.9995 0.0265
vn 0.0527 -0.9978 0.0398
vn 0.0914 -0.9946 0.0495
vn 0.1132 -0.9917 0.0614
vn -0.7244 -0.6885 0.0343
vn -0.9328 0.3586 -0.0351
vn -0.7636 0.6441 -0.0455
vn 0.7698 0.6363 -0.0493
vn 0.9413 0.3360 -0.0332
vn 0.7591 -0.6472 0.0702
vn 0.0337 -0.9922 0.1200
vn 0.0467 -0.9908 0.1272
vn 0.0462 -0.9899 0.1342
vn 0.0554 -0.9871 0.1499
vn 0.0864 -0.9821 0.1675
vn 0.1096 -0.9781 0.1772
vn 0.1463 -0.9744 0.1705
vn 0.1705 -0.9733 0.1534
vn 0.1549 -0.9789 0.1335
vn 0.1181 -0.9864 0.1139
vn 0.0812 -0.9904 0.1122
vn 0.0386 -0.9916 0.1233
vn 0.0091 -0.9930 0.1179
vn -0.0148 -0.9951 0.0981
vn -0.0402 -0.9952 0.0893
vn -0.0170 -0.9959 0.0888
vn -0.0134 -0.9965 0.0821
vn -0.0266 -0.9964 0.0810
vn -0.0018 -0.9966 0.0818
vn -0.0016 -0.9973 0.0732
vn -0.0319 -0.9972 0.0672
vn -0.0564 -0.9969 0.0545
vn -0.0467 -0.9985 0.0297
vn -0.0359 -0.9993 0.0130
vn -0.0292 -0.9995 0.0085
vn -0.0323 -0.9994 0.0127
vn -0.0560 -0.9984 0.0114
vn -0.0753 -0.9972 0.0001
vn -0.1084 -0.9939 -0.0179
vn -0.1062 -0.9935 -0.0399
vn -0.1005 -0.9935 -0.0530
vn -0.1036 -0.9932 -0.0528
vn -0.0720 -0.9962 -0.0492
vn -0.0362 -0.9981 -0.0489
vn -0.0136 -0.9988 -0.0479
vn -0.0564 -0.9977 -0.0370
vn -0.1023 -0.9944 -0.0259
vn -0.1178 -0.9927 -0.0240
vn -0.0922 -0.9955 -0.0225
vn -0.0340 -0.9993 -0.0154
vn -0.0063 -1.0000 0.0064
vn 0.0353 -0.9988 0.0328
vn 0.0869 -0.9953 0.0433
vn 0.1004 -0.9938 0.0477
vn -0.7333 -0.6790 0.0358
vn -0.9331 0.3591 -0.0210
vn -0.7634 0.6447 -0.0401
vn 0.7691 0.6381 -0.0378
vn 0.9388 0.3432 -0.0289
vn 0.7593 -0.6480 0.0605
vn 0.0178 -0.9937 0.1111
vn 0.0391 -0.9913 0.1255
vn 0.0318 -0.9897 0.1393
vn 0.0385 -0.9876 0.1519
vn 0.0725 -0.9841 0.1621
vn 0.1011 -0.9797 0.1731
vn 0.1538 -0.9719 0.1781
vn 0.1813 -0.9675 0.1761
vn 0.1802 -0.9702 0.1619
vn 0.1375 -0.9804 0.1408
vn 0.0678 -0.9878 0.1399
vn 0.0299 -0.9876 0.1544
vn 0.0291 -0.9878 0.1529
vn 0.0106 -0.9913 0.1312
vn -0.0291 -0.9938 0.1071
vn -0.0089 -0.9960 0.0894
vn 0.0051 -0.9977 0.0677
vn -0.0231 -0.9987 0.0447
vn -0.0102 -0.9989 0.0457
vn 0.0042 -0.9986 0.0526
vn -0.0210 -0.9990 0.0392
vn -0.0291 -0.9995 0.0093
vn -0.0291 -0.9994 -0.0168
vn -0.0381 -0.9991 -0.0197
vn -0.0404 -0.9992 -0.0049
vn -0.0439 -0.9990 0.0124
vn -0.0458 -0.9988 0.0153
vn -0.0589 -0.9983 0.0008
vn -0.0843 -0.9962 -0.0210
vn -0.0746 -0.9959 -0.0513
vn -0.0868 -0.9929 -0.0809
vn -0.1075 -0.9899 -0.0919
vn -0.0839 -0.9932 -0.0805
vn -0.0404 -0.9970 -0.0654
vn -0.0274 -0.9983 -0.0508
vn -0.0774 -0.9965 -0.0313
vn -0.1029 -0.9944 -0.0234
vn -0.1030 -0.9939 -0.0383
vn -0.0820 -0.9948 -0.0601
vn -0.0423 -0.9971 -0.0636
vn -0.0333 -0.9984 -0.0459
vn 0.0105 -0.9998 -0.0182
vn 0.0871 -0.9962 0.0004
vn 0.0923 -0.9957 0.0091
vn -0.7390 -0.6736 0.0139
vn -0.9349 0.3547 -0.0122
vn -0.7651 0.6431 -0.0330
vn 0.7679 0.6403 -0.0169
vn 0.9363 0.3506 -0.0184
vn 0.7578 -0.6516 0.0346
vn -0.0026 -0.9971 0.0764
vn 0.0271 -0.9952 0.0945
vn 0.0252 -0.9945 0.1020
vn 0.0400 -0.9943 0.0992
vn 0.0691 -0.9930 0.0961
vn 0.0809 -0.9904 0.1120
vn 0.1416 -0.9801 0.1391
vn 0.1777 -0.9716 0.1562
vn 0.1918 -0.9679 0.1626
vn 0.1516 -0.9752 0.1615
vn 0.0589 -0.9850 0.1621
vn 0.0235 -0.9860 0.1648
vn 0.0422 -0.9861 0.1604
vn 0.0364 -0.9887 0.1454
vn -0.0009 -0.9930 0.1179
vn 0.0114 -0.9961 0.0873
vn 0.0321 -0.9976 0.0611
vn -0.0090 -0.9990 0.0435
vn -0.0214 -0.9990 0.0385
vn 0.0085 -0.9993 0.0364
vn 0.0068 -0.9999 0.0153
vn 0.0027 -0.9999 -0.0164
vn -0.0180 -0.9992 -0.0348
vn -0.0521 -0.9982 -0.0312
vn -0.0574 -0.9982 -0.0170
vn -0.0492 -0.9987 -0.0150
vn -0.0327 -0.9990 -0.0289
vn -0.0469 -0.9979 -0.0443
vn -0.0636 -0.9962 -0.0592
vn -0.0483 -0.9959 -0.0762
vn -0.0734 -0.9937 -0.0852
vn -0.0962 -0.9906 -0.0971
vn -0.0871 -0.9895 -0.1153
vn -0.0534 -0.9918 -0.1165
vn -0.0641 -0.9943 -0.0852
vn -0.1090 -0.9931 -0.0437
vn -0.1047 -0.9942 -0.0229
vn -0.0760 -0.9966 -0.0324
vn -0.0568 -0.9967 -0.0581
vn -0.0486 -0.9963 -0.0705
vn -0.0530 -0.9966 -0.0624
vn -0.0179 -0.9989 -0.0443
vn 0.0633 -0.9979 -0.0146
vn 0.0730 -0.9972 0.0144
vn -0.7329 -0.6802 0.0121
vn -0.9363 0.3508 -0.0165
vn -0.7669 0.6414 -0.0230
vn 0.7666 0.6421 0.0009
vn 0.9347 0.3555 -0.0018
vn 0.7540 -0.6569 0.0008
vn -0.0244 -0.9995 0.0178
vn 0.0108 -0.9991 0.0405
vn 0.0340 -0.9984 0.0455
vn 0.0552 -0.9979 0.0326
vn 0.0663 -0.9973 0.0315
vn 0.0543 -0.9973 0.0492
vn 0.1049 -0.9909 0.0842
vn 0.1546 -0.9802 0.1238
vn 0.1802 -0.9721 0.1499
vn 0.1477 -0.9749 0.1666
vn 0.0592 -0.9832 0.1727
vn 0.0303 -0.9857 0.1655
vn 0.0521 -0.9867 0.1541
vn 0.0594 -0.9888 0.1369
vn 0.0288 -0.9933 0.1120
vn 0.0357 -0.9953 0.0903
vn 0.0445 -0.9956 0.0819
vn 0.0036 -0.9970 0.0778
vn -0.0047 -0.9983 0.0587
vn 0.0266 -0.9993 0.0281
vn 0.0361 -0.9993 0.0006
vn 0.0176 -0.9998 -0.0115
vn -0.0152 -0.9999 -0.0076
vn -0.0537 -0.9985 -0.0083
vn -0.0531 -0.9983 -0.0243
vn -0.0293 -0.9981 -0.0534
vn -0.0166 -0.9966 -0.0803
vn -0.0444 -0.9951 -0.0887
vn -0.0504 -0.9944 -0.0925
vn -0.0414 -0.9943 -0.0981
vn -0.0711 -0.9924 -0.1001
vn -0.0707 -0.9909 -0.1145
vn -0.0582 -0.9873 -0.1477
vn -0.0603 -0.9840 -0.1675
vn -0.1150 -0.9831 -0.1425
vn -0.1492 -0.9842 -0.0955
vn -0.1232 -0.9905 -0.0619
vn -0.0709 -0.9967 -0.0384
vn -0.0428 -0.9986 -0.0314
vn -0.0570 -0.9980 -0.0284
vn -0.0625 -0.9977 -0.0246
vn -0.0383 -0.9991 -0.0201
vn 0.0194 -0.9998 0.0025
vn 0.0459 -0.9984 0.0318
vn -0.7494 -0.6618 0.0213
vn -0.9351 0.3539 -0.0158
vn -0.7665 0.6420 -0.0142
vn 0.7665 0.6420 0.0142
vn 0.9351 0.3539 0.0158
vn 0.7494 -0.6618 -0.0213
vn -0.0459 -0.9984 -0.0318
vn -0.0194 -0.9998 -0.0025
vn 0.0383 -0.9991 0.0201
vn 0.0625 -0.9977 0.0246
vn 0.0570 -0.9980 0.0284
vn 0.0428 -0.9986 0.0314
vn 0.0709 -0.9967 0.0384
vn 0.1232 -0.9905 0.0619
vn 0.1492 -0.9842 0.0955
vn 0.1150 -0.9831 0.1425
vn 0.0603 -0.9840 0.1675
vn 0.0582 -0.9873 0.1477
vn 0.0707 -0.9909 0.1145
vn 0.0711 -0.9924 0.1001
vn 0.0414 -0.9943 0.0981
vn 0.0504 -0.9944 0.0925
vn 0.0444 -0.9951 0.0887
vn 0.0166 -0.9966 0.0803
vn 0.0293 -0.9981 0.0534
vn 0.0531 -0.9983 0.0243
vn 0.0537 -0.9985 0.0083
vn 0.0152 -0.9999 0.0076
vn -0.0176 -0.9998 0.0115
vn -0.0361 -0.9993 -0.0006
vn -0.0266 -0.9993 -0.0281
vn 0.0047 -0.9983 -0.0587
vn -0.0036 -0.9970 -0.0778
vn -0.0445 -0.9956 -0.0819
vn -0.0357 -0.9953 -0.0903
vn -0.0288 -0.9933 -0.1120
vn -0.0594 -0.9888 -0.1369
vn -0.0521 -0.9867 -0.1541
vn -0.0303 -0.9857 -0.1655
vn -0.0592 -0.9832 -0.1727
vn -0.1477 -0.9749 -0.1666
vn -0.1802 -0.9721 -0.1499
vn -0.1546 -0.9802 -0.1238
vn -0.1049 -0.9909 -0.0842
vn -0.0543 -0.9973 -0.0492
vn -0.0663 -0.9973 -0.0315
vn -0.0552 -0.9979 -0.0326
vn -0.0340 -0.9984 -0.0455
vn -0.0108 -0.9991 -0.0405
vn 0.0244 -0.9995 -0.0178
vn -0.7540 -0.6569 -0.0008
vn -0.9347 0.3555 0.0018
vn -0.7666 0.6421 -0.0009
vn 0.7669 0.6414 0.0230
vn 0.9363 0.3508 0.0165
vn 0.7329 -0.6802 -0.0121
vn -0.0730 -0.9972 -0.0144
vn -0.0633 -0.9979 0.0146
vn 0.0179 -0.9989 0.0443
vn 0.0530 -0.9966 0.0624
vn 0.0486 -0.9963 0.0705
vn 0.0568 -0.9967 0.0581
vn 0.0760 -0.9966 0.0324
vn 0.1047 -0.9942 0.0229
vn 0.1090 -0.9931 0.0437
vn 0.0641 -0.9943 0.0852
vn 0.0534 -0.9918 0.1165
vn 0.0871 -0.9895 0.1153
vn 0.0962 -0.9906 0.0971
vn 0.0734 -0.9937 0.0852
vn 0.0483 -0.9959 0.0762
vn 0.0636 -0.9962 0.0592
vn 0.0469 -0.9979 0.0443
vn 0.0327 -0.9990 0.0289
vn 0.0492 -0.9987 0.0150
vn 0.0574 -0.9982 0.0170
vn 0.0521 -0.9982 0.0312
vn 0.0180 -0.9992 0.0348
vn -0.0027 -0.9999 0.0164
vn -0.0068 -0.9999 -0.0153
vn -0.0085 -0.9993 -0.0364
vn 0.0214 -0.9990 -0.0385
vn 0.0090 -0.9990 -0.0435
vn -0.0321 -0.9976 -0.0611
vn -0.0114 -0.9961 -0.0873
vn 0.0009 -0.9930 -0.1179
vn -0.0364 -0.9887 -0.1454
vn -0.0422 -0.9861 -0.1604
vn -0.0235 -0.9860 -0.1648
vn -0.0589 -0.9850 -0.1621
vn -0.1516 -0.9752 -0.1615
vn -0.1918 -0.9679 -0.1626
vn -0.1777 -0.9716 -0.1562
vn -0.1416 -0.9801 -0.1391
vn -0.0809 -0.9904 -0.1120
vn -0.0691 -0.9930 -0.0961
vn -0.0400 -0.9943 -0.0992
vn -0.0252 -0.9945 -0.1020
vn -0.0271 -0.9952 -0.0945
vn 0.0026 -0.9971 -0.0764
vn -0.7578 -0.6516 -0.0346
vn -0.9363 0.3506 0.0184
vn -0.7679 0.6403 0.0169
vn 0.7651 0.6431 0.0330
vn 0.9349 0.3547 0.0122
vn 0.7390 -0.6736 -0.0139
vn -0.0923 -0.9957 -0.0091
vn -0.0871 -0.9962 -0.0004
vn -0.0105 -0.9998 0.0182
vn 0.0333 -0.9984 0.0459
vn 0.0423 -0.9971 0.0636
vn 0.0820 -0.9948 0.0601
vn 0.1030 -0.9939 0.0383
vn 0.1029 -0.9944 0.0234
vn 0.0774 -0.9965 0.0313
vn 0.0274 -0.9983 0.0508
vn 0.0404 -0.9970 0.0654
vn 0.0839 -0.9932 0.0805
vn 0.1075 -0.9899 0.0919
vn 0.0868 -0.9929 0.0809
vn 0.0746 -0.9959 0.0513
vn 0.0843 -0.9962 0.0210
vn 0.0589 -0.9983 -0.0008
vn 0.0458 -0.9988 -0.0153
vn 0.0439 -0.9990 -0.0124
vn 0.0404 -0.9992 0.0049
vn 0.0381 -0.9991 0.0197
vn 0.0291 -0.9994 0.0168
vn 0.0291 -0.9995 -0.0093
vn 0.0210 -0.9990 -0.0392
vn -0.0042 -0.9986 -0.0526
vn 0.0102 -0.9989 -0.0457
vn 0.0231 -0.9987 -0.0447
vn -0.0051 -0.9977 -0.0677
vn 0.0089 -0.9960 -0.0894
vn 0.0291 -0.9938 -0.1071
vn -0.0106 -0.9913 -0.1312
vn -0.0291 -0.9878 -0.1529
vn -0.0299 -0.9876 -0.1544
vn -0.0678 -0.9878 -0.1399
vn -0.1375 -0.9804 -0.1408
vn -0.1802 -0.9702 -0.1619
vn -0.1813 -0.9675 -0.1761
vn -0.1538 -0.9719 -0.1781
vn -0.1011 -0.9797 -0.1731
vn -0.0725 -0.9841 -0.1621
vn -0.0385 -0.9876 -0.1519
vn -0.0318 -0.9897 -0.1393
vn -0.0391 -0.9913 -0.1255
vn -0.0178 -0.9937 -0.1111
vn -0.7593 -0.6480 -0.0605
vn -0.9388 0.3432 0.0289
vn -0.7691 0.6381 0.0378
vn 0.7634 0.6447 0.0401
vn 0.9331 0.3591 0.0210
vn 0.7333 -0.6790 -0.0358
vn -0.1004 -0.9938 -0.0477
vn -0.0869 -0.9953 -0.0433
vn -0.0353 -0.9988 -0.0328
vn 0.0063 -1.0000 -0.0064
vn 0.0340 -0.9993 0.0154
vn 0.0922 -0.9955 0.0225
vn 0.1178 -0.9927 0.0240
vn 0.1023 -0.9944 0.0259
vn 0.0564 -0.9977 0.0370
vn 0.0136 -0.9988 0.0479
vn 0.0362 -0.9981 0.0489
vn 0.0720 -0.9962 0.0492
vn 0.1036 -0.9932 0.0528
vn 0.1005 -0.9935 0.0530
vn 0.1062 -0.9935 0.0399
vn 0.1084 -0.9939 0.0179
vn 0.0753 -0.9972 -0.0001
vn 0.0560 -0.9984 -0.0114
vn 0.0323 -0.9994 -0.0127
vn 0.0292 -0.9995 -0.0085
vn 0.0359 -0.9993 -0.0130
vn 0.0467 -0.9985 -0.0297
vn 0.0564 -0.9969 -0.0545
vn 0.0319 -0.9972 -0.0672
vn 0.0016 -0.9973 -0.0732
vn 0.0018 -0.9966 -0.0818
vn 0.0266 -0.9964 -0.0810
vn 0.0134 -0.9965 -0.0821
vn 0.0170 -0.9959 -0.0888
vn 0.0402 -0.9952 -0.0893
vn 0.0148 -0.9951 -0.0981
vn -0.0091 -0.9930 -0.1179
vn -0.0386 -0.9916 -0.1233
vn -0.0812 -0.9904 -0.1122
vn -0.1181 -0.9864 -0.1139
vn -0.1549 -0.9789 -0.1335
vn -0.1705 -0.9733 -0.1534
vn -0.1463 -0.9744 -0.1705
vn -0.1096 -0.9781 -0.1772
vn -0.0864 -0.9821 -0.1675
vn -0.0554 -0.9871 -0.1499
vn -0.0462 -0.9899 -0.1342
vn -0.0467 -0.9908 -0.1272
vn -0.0337 -0.9922 -0.1200
vn -0.7591 -0.6472 -0.0702
vn -0.9413 0.3360 0.0332
vn -0.7698 0.6363 0.0493
vn 0.7636 0.6441 0.0455
vn 0.9328 0.3586 0.0351
vn 0.7244 -0.6885 -0.0343
vn -0.1132 -0.9917 -0.0614
vn -0.0914 -0.9946 -0.0495
vn -0.0527 -0.9978 -0.0398
vn -0.0187 -0.9995 -0.0265
vn 0.0259 -0.9996 -0.0146
vn 0.0834 -0.9965 -0.0031
vn 0.1096 -0.9939 0.0134
vn 0.0914 -0.9954 0.0288
vn 0.0479 -0.9983 0.0344
vn 0.0216 -0.9995 0.0243
vn 0.0396 -0.9991 0.0145
vn 0.0692 -0.9975 0.0155
vn 0.0964 -0.9951 0.0220
vn 0.1013 -0.9945 0.0270
vn 0.1177 -0.9926 0.0286
vn 0.1186 -0.9925 0.0308
vn 0.0880 -0.9957 0.0281
vn 0.0751 -0.9971 0.0114
vn 0.0408 -0.9991 -0.0130
vn 0.0280 -0.9993 -0.0248
vn 0.0439 -0.9986 -0.0289
vn 0.0732 -0.9962 -0.0468
vn 0.0783 -0.9943 -0.0723
vn 0.0371 -0.9952 -0.0902
vn 0.0152 -0.9942 -0.1064
vn 0.0062 -0.9928 -0.1195
vn 0.0149 -0.9931 -0.1165
vn 0.0114 -0.9945 -0.1041
vn 0.0137 -0.9956 -0.0923
vn 0.0313 -0.9964 -0.0793
vn 0.0225 -0.9976 -0.0662
vn 0.0071 -0.9979 -0.0647
vn -0.0321 -0.9966 -0.0758
vn -0.0774 -0.9927 -0.0926
vn -0.1042 -0.9888 -0.1068
vn -0.1424 -0.9836 -0.1112
vn -0.1549 -0.9808 -0.1182
vn -0.1317 -0.9824 -0.1321
vn -0.1106 -0.9839 -0.1405
vn -0.0927 -0.9850 -0.1457
vn -0.0720 -0.9869 -0.1445
vn -0.0593 -0.9894 -0.1327
vn -0.0544 -0.9913 -0.1200
vn -0.0453 -0.9928 -0.1105
vn -0.7611 -0.6451 -0.0671
vn -0.9430 0.3312 0.0315
vn -0.7720 0.6337 0.0489
vn 0.7637 0.6430 0.0569
vn 0.9341 0.3541 0.0462
vn 0.7253 -0.6870 -0.0443
vn -0.1197 -0.9887 -0.0905
vn -0.0995 -0.9914 -0.0850
vn -0.0703 -0.9953 -0.0669
vn -0.0464 -0.9983 -0.0362
vn 0.0106 -0.9999 -0.0096
vn 0.0680 -0.9977 0.0058
vn 0.0943 -0.9954 0.0167
vn 0.0853 -0.9961 0.0207
vn 0.0590 -0.9982 0.0109
vn 0.0398 -0.9992 -0.0042
vn 0.0381 -0.9992 -0.0078
vn 0.0611 -0.9981 0.0011
vn 0.0941 -0.9955 0.0054
vn 0.1058 -0.9944 -0.0015
vn 0.1117 -0.9937 -0.0023
vn 0.1107 -0.9938 0.0087
vn 0.0959 -0.9953 0.0109
vn 0.0969 -0.9953 -0.0004
vn 0.0662 -0.9975 -0.0235
vn 0.0335 -0.9984 -0.0451
vn 0.0478 -0.9975 -0.0518
vn 0.0903 -0.9944 -0.0549
vn 0.0955 -0.9934 -0.0630
vn 0.0625 -0.9942 -0.0877
vn 0.0413 -0.9915 -0.1236
vn 0.0044 -0.9907 -0.1357
vn -0.0090 -0.9936 -0.1127
vn -0.0065 -0.9966 -0.0824
vn 0.0053 -0.9978 -0.0667
vn 0.0207 -0.9980 -0.0599
vn 0.0145 -0.9986 -0.0516
vn 0.0136 -0.9987 -0.0493
vn -0.0141 -0.9980 -0.0610
vn -0.0545 -0.9950 -0.0837
vn -0.0931 -0.9903 -0.1030
vn -0.1458 -0.9838 -0.1046
vn -0.1442 -0.9840 -0.1043
vn -0.1216 -0.9863 -0.1118
vn -0.1085 -0.9873 -0.1163
vn -0.0834 -0.9888 -0.1237
vn -0.0778 -0.9886 -0.1291
vn -0.0744 -0.9898 -0.1216
vn -0.0678 -0.9919 -0.1074
vn -0.0522 -0.9937 -0.0992
vn -0.7569 -0.6505 -0.0630
vn -0.9443 0.3277 0.0302
vn -0.7744 0.6308 0.0500
vn 0.7635 0.6421 0.0686
vn 0.9363 0.3476 0.0497
vn 0.7256 -0.6843 -0.0718
vn -0.1124 -0.9856 -0.1265
vn -0.1132 -0.9861 -0.1216
vn -0.1002 -0.9904 -0.0952
vn -0.0850 -0.9946 -0.0594
vn -0.0203 -0.9996 -0.0209
vn 0.0500 -0.9987 0.0090
vn 0.0914 -0.9957 0.0170
vn 0.0964 -0.9953 0.0065
vn 0.0741 -0.9972 -0.0069
vn 0.0506 -0.9986 -0.0148
vn 0.0364 -0.9992 -0.0186
vn 0.0579 -0.9981 -0.0217
vn 0.1013 -0.9945 -0.0275
vn 0.1151 -0.9928 -0.0346
vn 0.1046 -0.9939 -0.0359
vn 0.0983 -0.9947 -0.0286
vn 0.0944 -0.9954 -0.0191
vn 0.1008 -0.9949 -0.0110
vn 0.0946 -0.9953 -0.0210
vn 0.0580 -0.9970 -0.0520
vn 0.0476 -0.9964 -0.0698
vn 0.0888 -0.9938 -0.0666
vn 0.1052 -0.9922 -0.0669
vn 0.0901 -0.9929 -0.0776
vn 0.0721 -0.9926 -0.0977
vn 0.0100 -0.9930 -0.1178
vn -0.0510 -0.9935 -0.1014
vn -0.0348 -0.9976 -0.0593
vn 0.0057 -0.9989 -0.0468
vn 0.0142 -0.9988 -0.0471
vn 0.0061 -0.9993 -0.0381
vn 0.0142 -0.9994 -0.0305
vn -0.0018 -0.9995 -0.0300
vn -0.0290 -0.9988 -0.0403
vn -0.0754 -0.9954 -0.0592
vn -0.1348 -0.9874 -0.0825
vn -0.1275 -0.9855 -0.1116
vn -0.1175 -0.9850 -0.1261
vn -0.1146 -0.9860 -0.1208
vn -0.0850 -0.9907 -0.1064
vn -0.0808 -0.9920 -0.0967
vn -0.0873 -0.9921 -0.0903
vn -0.0767 -0.9934 -0.0850
vn -0.0465 -0.9947 -0.0911
vn -0.7535 -0.6539 -0.0683
vn -0.9445 0.3270 0.0301
vn -0.7732 0.6312 0.0617
vn 0.7627 0.6421 0.0778
vn 0.9385 0.3422 0.0462
vn 0.7198 -0.6896 -0.0793
vn -0.1023 -0.9870 -0.1242
vn -0.1301 -0.9838 -0.1232
vn -0.1269 -0.9859 -0.1095
vn -0.1070 -0.9895 -0.0970
vn -0.0554 -0.9956 -0.0757
vn 0.0214 -0.9990 -0.0393
vn 0.0838 -0.9965 -0.0083
vn 0.1034 -0.9946 0.0046
vn 0.0928 -0.9957 -0.0058
vn 0.0698 -0.9970 -0.0324
vn 0.0482 -0.9972 -0.0566
vn 0.0667 -0.9953 -0.0695
vn 0.1005 -0.9926 -0.0674
vn 0.1118 -0.9922 -0.0550
vn 0.0979 -0.9942 -0.0444
vn 0.0806 -0.9963 -0.0292
vn 0.0819 -0.9966 -0.0107
vn 0.0970 -0.9953 -0.0027
vn 0.1204 -0.9926 -0.0133
vn 0.0949 -0.9945 -0.0437
vn 0.0535 -0.9962 -0.0690
vn 0.0827 -0.9940 -0.0718
vn 0.1068 -0.9920 -0.0674
vn 0.0936 -0.9937 -0.0619
vn 0.0916 -0.9939 -0.0612
vn 0.0237 -0.9974 -0.0679
vn -0.0706 -0.9949 -0.0714
vn -0.0578 -0.9959 -0.0690
vn -0.0015 -0.9985 -0.0552
vn -0.0010 -0.9995 -0.0310
vn -0.0064 -0.9999 -0.0087
vn 0.0076 -1.0000 0.0062
vn -0.0026 -0.9998 0.0186
vn -0.0115 -0.9997 0.0197
vn -0.0384 -0.9992 -0.0102
vn -0.0888 -0.9936 -0.0702
vn -0.0990 -0.9881 -0.1177
vn -0.1154 -0.9842 -0.1340
vn -0.1279 -0.9835 -0.1282
vn -0.0991 -0.9883 -0.1159
vn -0.0853 -0.9905 -0.1076
vn -0.0917 -0.9903 -0.1047
vn -0.0761 -0.9914 -0.1067
vn -0.0358 -0.9932 -0.1112
vn -0.7531 -0.6532 -0.0781
vn -0.9445 0.3272 0.0306
vn -0.7713 0.6328 0.0674
vn 0.7600 0.6442 0.0857
vn 0.9377 0.3444 0.0450
vn 0.7284 -0.6811 -0.0745
vn -0.1048 -0.9889 -0.1048
vn -0.1383 -0.9855 -0.0988
vn -0.1333 -0.9859 -0.1009
vn -0.1060 -0.9885 -0.1082
vn -0.0720 -0.9911 -0.1116
vn -0.0087 -0.9951 -0.0983
vn 0.0504 -0.9967 -0.0630
vn 0.0868 -0.9959 -0.0240
vn 0.1117 -0.9937 -0.0124
vn 0.0996 -0.9946 -0.0307
vn 0.0747 -0.9954 -0.0593
vn 0.0754 -0.9941 -0.0776
vn 0.0785 -0.9947 -0.0664
vn 0.0898 -0.9952 -0.0388
vn 0.0840 -0.9963 -0.0175
vn 0.0627 -0.9980 -0.0042
vn 0.0774 -0.9970 -0.0018
vn 0.1067 -0.9942 -0.0145
vn 0.1365 -0.9902 -0.0279
vn 0.1209 -0.9919 -0.0401
vn 0.0715 -0.9956 -0.0600
vn 0.0811 -0.9939 -0.0745
vn 0.0968 -0.9931 -0.0665
vn 0.0895 -0.9944 -0.0557
vn 0.0925 -0.9943 -0.0527
vn 0.0266 -0.9987 -0.0438
vn -0.0587 -0.9971 -0.0490
vn -0.0605 -0.9963 -0.0612
vn -0.0278 -0.9985 -0.0462
vn -0.0222 -0.9996 -0.0191
vn -0.0208 -0.9998 -0.0027
vn -0.0027 -1.0000 0.0075
vn -0.0165 -0.9996 0.0216
vn -0.0052 -0.9995 0.0302
vn 0.0116 -0.9999 0.0021
vn -0.0270 -0.9982 -0.0534
vn -0.0672 -0.9927 -0.1005
vn -0.1086 -0.9866 -0.1217
vn -0.1310 -0.9826 -0.1314
vn -0.1031 -0.9850 -0.1383
vn -0.0899 -0.9863 -0.1385
vn -0.0942 -0.9865 -0.1337
vn -0.0780 -0.9888 -0.1273
vn -0.0440 -0.9926 -0.1135
vn -0.7492 -0.6587 -0.0693
vn -0.9446 0.3266 0.0326
vn -0.7713 0.6331 0.0659
vn 0.7575 0.6467 0.0891
vn 0.9363 0.3474 0.0507
vn 0.7194 -0.6899 -0.0808
vn -0.1204 -0.9856 -0.1188
vn -0.1395 -0.9842 -0.1087
vn -0.1266 -0.9857 -0.1111
vn -0.0987 -0.9883 -0.1160
vn -0.0660 -0.9901 -0.1239
vn -0.0207 -0.9915 -0.1283
vn 0.0193 -0.9929 -0.1177
vn 0.0626 -0.9933 -0.0972
vn 0.1045 -0.9919 -0.0720
vn 0.1087 -0.9928 -0.0502
vn 0.0957 -0.9943 -0.0478
vn 0.0823 -0.9950 -0.0559
vn 0.0609 -0.9964 -0.0589
vn 0.0601 -0.9972 -0.0437
vn 0.0635 -0.9978 -0.0176
vn 0.0662 -0.9977 -0.0149
vn 0.0953 -0.9948 -0.0364
vn 0.1167 -0.9920 -0.0484
vn 0.1311 -0.9906 -0.0393
vn 0.1241 -0.9920 -0.0252
vn 0.0927 -0.9953 -0.0289
vn 0.0873 -0.9953 -0.0419
vn 0.0837 -0.9956 -0.0416
vn 0.0847 -0.9959 -0.0332
vn 0.0853 -0.9961 -0.0237
vn 0.0254 -0.9995 -0.0197
vn -0.0347 -0.9988 -0.0335
vn -0.0574 -0.9972 -0.0478
vn -0.0480 -0.9978 -0.0464
vn -0.0340 -0.9986 -0.0409
vn -0.0354 -0.9989 -0.0306
vn -0.0153 -0.9998 -0.0144
vn -0.0239 -0.9997 -0.0091
vn -0.0056 -0.9999 -0.0129
vn 0.0391 -0.9991 -0.0171
vn 0.0143 -0.9993 -0.0349
vn -0.0360 -0.9976 -0.0597
vn -0.0876 -0.9924 -0.0864
vn -0.1136 -0.9871 -0.1130
vn -0.0990 -0.9870 -0.1268
vn -0.0932 -0.9876 -0.1267
vn -0.0948 -0.9874 -0.1267
vn -0.0863 -0.9885 -0.1245
vn -0.0633 -0.9917 -0.1119
vn -0.7671 -0.6385 -0.0623
vn -0.9444 0.3269 0.0365
vn -0.7708 0.6334 0.0682
vn 0.7610 0.6440 0.0780
vn 0.9371 0.3457 0.0479
vn 0.7093 -0.7004 -0.0801
vn -0.1257 -0.9845 -0.1220
vn -0.1302 -0.9824 -0.1338
vn -0.1194 -0.9822 -0.1447
vn -0.1007 -0.9848 -0.1416
vn -0.0539 -0.9886 -0.1408
vn -0.0154 -0.9885 -0.1503
vn 0.0122 -0.9877 -0.1558
vn 0.0541 -0.9864 -0.1553
vn 0.0793 -0.9868 -0.1415
vn 0.0838 -0.9905 -0.1092
vn 0.0871 -0.9932 -0.0768
vn 0.0808 -0.9951 -0.0572
vn 0.0602 -0.9968 -0.0530
vn 0.0464 -0.9974 -0.0547
vn 0.0516 -0.9972 -0.0545
vn 0.0845 -0.9946 -0.0603
vn 0.1082 -0.9919 -0.0664
vn 0.1015 -0.9935 -0.0517
vn 0.1053 -0.9942 -0.0218
vn 0.1140 -0.9935 -0.0011
vn 0.1017 -0.9948 0.0035
vn 0.0819 -0.9966 0.0134
vn 0.0784 -0.9966 0.0238
vn 0.0812 -0.9964 0.0249
vn 0.0685 -0.9969 0.0381
vn 0.0349 -0.9983 0.0458
vn 0.0003 -0.9998 0.0199
vn -0.0413 -0.9990 -0.0153
vn -0.0480 -0.9983 -0.0318
vn -0.0330 -0.9987 -0.0380
vn -0.0424 -0.9982 -0.0414
vn -0.0224 -0.9987 -0.0452
vn -0.0196 -0.9984 -0.0534
vn -0.0111 -0.9984 -0.0547
vn 0.0340 -0.9984 -0.0441
vn 0.0283 -0.9989 -0.0382
vn -0.0190 -0.9989 -0.0434
vn -0.0644 -0.9963 -0.0564
vn -0.0899 -0.9932 -0.0740
vn -0.0937 -0.9919 -0.0853
vn -0.0927 -0.9917 -0.0887
vn -0.0884 -0.9916 -0.0940
vn -0.0840 -0.9910 -0.1039
vn -0.0664 -0.9911 -0.1151
vn -0.7619 -0.6440 -0.0696
vn -0.9449 0.3243 0.0448
vn -0.7728 0.6309 0.0685
vn 0.7596 0.6454 0.0797
vn 0.9378 0.3450 0.0381
vn 0.7150 -0.6949 -0.0768
vn -0.1141 -0.9872 -0.1111
vn -0.1166 -0.9854 -0.1237
vn -0.1087 -0.9847 -0.1364
vn -0.0980 -0.9835 -0.1521
vn -0.0448 -0.9858 -0.1620
vn -0.0075 -0.9861 -0.1659
vn 0.0124 -0.9859 -0.1667
vn 0.0483 -0.9858 -0.1606
vn 0.0522 -0.9883 -0.1430
vn 0.0476 -0.9921 -0.1164
vn 0.0605 -0.9942 -0.0892
vn 0.0630 -0.9958 -0.0665
vn 0.0568 -0.9971 -0.0512
vn 0.0574 -0.9967 -0.0568
vn 0.0647 -0.9948 -0.0792
vn 0.0883 -0.9923 -0.0866
vn 0.0937 -0.9932 -0.0687
vn 0.0722 -0.9965 -0.0415
vn 0.0750 -0.9971 -0.0148
vn 0.0974 -0.9952 0.0098
vn 0.0973 -0.9949 0.0251
vn 0.0673 -0.9971 0.0351
vn 0.0756 -0.9962 0.0423
vn 0.0746 -0.9959 0.0507
vn 0.0421 -0.9965 0.0727
vn 0.0396 -0.9951 0.0901
vn 0.0357 -0.9963 0.0779
vn -0.0146 -0.9984 0.0544
vn -0.0361 -0.9987 0.0367
vn -0.0176 -0.9996 0.0206
vn -0.0216 -0.9997 -0.0103
vn -0.0024 -0.9988 -0.0485
vn -0.0082 -0.9971 -0.0757
vn -0.0209 -0.9966 -0.0792
vn 0.0180 -0.9977 -0.0649
vn 0.0301 -0.9977 -0.0600
vn -0.0154 -0.9978 -0.0647
vn -0.0550 -0.9961 -0.0692
vn -0.0746 -0.9940 -0.0796
vn -0.0878 -0.9920 -0.0912
vn -0.0894 -0.9911 -0.0984
vn -0.0844 -0.9913 -0.1011
vn -0.0691 -0.9914 -0.1113
vn -0.0513 -0.9900 -0.1315
vn -0.7631 -0.6416 -0.0771
vn -0.9444 0.3238 0.0571
vn -0.7700 0.6323 0.0854
vn 0.7553 0.6498 0.0856
vn 0.9364 0.3488 0.0392
vn 0.7337 -0.6752 -0.0758
vn -0.1071 -0.9882 -0.1099
vn -0.1123 -0.9876 -0.1093
vn -0.0853 -0.9885 -0.1245
vn -0.0712 -0.9849 -0.1578
vn -0.0414 -0.9835 -0.1760
vn -0.0142 -0.9858 -0.1670
vn -0.0031 -0.9894 -0.1455
vn 0.0245 -0.9927 -0.1177
vn 0.0273 -0.9952 -0.0943
vn 0.0299 -0.9959 -0.0857
vn 0.0437 -0.9956 -0.0833
vn 0.0450 -0.9963 -0.0735
vn 0.0528 -0.9963 -0.0673
vn 0.0728 -0.9949 -0.0705
vn 0.0805 -0.9938 -0.0770
vn 0.0831 -0.9933 -0.0801
vn 0.0723 -0.9948 -0.0724
vn 0.0497 -0.9972 -0.0567
vn 0.0406 -0.9988 -0.0269
vn 0.0612 -0.9980 0.0160
vn 0.0850 -0.9953 0.0462
vn 0.0710 -0.9965 0.0450
vn 0.0738 -0.9966 0.0357
vn 0.0515 -0.9972 0.0545
vn 0.0166 -0.9963 0.0842
vn 0.0347 -0.9946 0.0978
vn 0.0499 -0.9937 0.1007
vn 0.0089 -0.9961 0.0877
vn -0.0147 -0.9981 0.0602
vn 0.0046 -0.9995 0.0323
vn 0.0144 -0.9999 0.0007
vn 0.0289 -0.9991 -0.0325
vn 0.0116 -0.9982 -0.0589
vn -0.0191 -0.9969 -0.0769
vn 0.0043 -0.9968 -0.0802
vn 0.0277 -0.9971 -0.0708
vn -0.0160 -0.9978 -0.0644
vn -0.0425 -0.9964 -0.0728
vn -0.0511 -0.9936 -0.1009
vn -0.0728 -0.9883 -0.1343
vn -0.0829 -0.9843 -0.1556
vn -0.0793 -0.9820 -0.1712
vn -0.0535 -0.9810 -0.1866
vn -0.0457 -0.9806 -0.1906
vn -0.7680 -0.6331 -0.0968
vn -0.9438 0.3224 0.0725
vn -0.7621 0.6378 0.1110
vn 0.7610 0.6447 0.0721
vn 0.9370 0.3464 0.0445
vn 0.7206 -0.6886 -0.0810
vn -0.1182 -0.9862 -0.1155
vn -0.1016 -0.9882 -0.1147
vn -0.0571 -0.9889 -0.1369
vn -0.0457 -0.9867 -0.1558
vn -0.0421 -0.9858 -0.1626
vn -0.0329 -0.9876 -0.1535
vn -0.0331 -0.9911 -0.1292
vn -0.0163 -0.9958 -0.0900
vn 0.0113 -0.9980 -0.0621
vn 0.0435 -0.9966 -0.0706
vn 0.0494 -0.9945 -0.0923
vn 0.0354 -0.9946 -0.0971
vn 0.0487 -0.9950 -0.0876
vn 0.0679 -0.9950 -0.0739
vn 0.0831 -0.9944 -0.0649
vn 0.0917 -0.9931 -0.0732
vn 0.0682 -0.9940 -0.0853
vn 0.0279 -0.9968 -0.0744
vn 0.0010 -0.9991 -0.0423
vn 0.0124 -0.9999 0.0015
vn 0.0593 -0.9973 0.0437
vn 0.0743 -0.9951 0.0659
vn 0.0669 -0.9949 0.0751
vn 0.0263 -0.9958 0.0879
vn 0.0057 -0.9953 0.0963
vn 0.0389 -0.9953 0.0889
vn 0.0527 -0.9955 0.0783
vn 0.0308 -0.9976 0.0627
vn 0.0188 -0.9994 0.0291
vn 0.0250 -0.9997 -0.0031
vn 0.0337 -0.9993 -0.0188
vn 0.0406 -0.9990 -0.0205
vn 0.0302 -0.9993 -0.0240
vn 0.0033 -0.9990 -0.0457
vn 0.0113 -0.9973 -0.0719
vn 0.0230 -0.9962 -0.0838
vn -0.0165 -0.9958 -0.0896
vn -0.0246 -0.9943 -0.1042
vn -0.0224 -0.9912 -0.1302
vn -0.0510 -0.9867 -0.1543
vn -0.0687 -0.9827 -0.1722
vn -0.0625 -0.9798 -0.1900
vn -0.0465 -0.9788 -0.1994
vn -0.0634 -0.9808 -0.1842
vn -0.7612 -0.6424 -0.0887
vn -0.9459 0.3153 0.0761
vn -0.7642 0.6358 0.1084
vn 0.7689 0.6364 0.0615
vn 0.9412 0.3352 0.0416
vn 0.6931 -0.7153 -0.0895
vn -0.1286 -0.9832 -0.1299
vn -0.0806 -0.9868 -0.1404
vn -0.0449 -0.9877 -0.1499
vn -0.0470 -0.9887 -0.1421
vn -0.0489 -0.9905 -0.1287
vn -0.0462 -0.9915 -0.1218
vn -0.0538 -0.9920 -0.1146
vn -0.0494 -0.9937 -0.1002
vn 0.0057 -0.9962 -0.0874
vn 0.0635 -0.9939 -0.0899
vn 0.0604 -0.9934 -0.0973
vn 0.0340 -0.9942 -0.1023
vn 0.0384 -0.9943 -0.0995
vn 0.0533 -0.9947 -0.0876
vn 0.0746 -0.9946 -0.0724
vn 0.1002 -0.9929 -0.0636
vn 0.0704 -0.9955 -0.0638
vn 0.0009 -0.9986 -0.0535
vn -0.0289 -0.9990 -0.0330
vn -0.0223 -0.9997 -0.0138
vn 0.0184 -0.9997 0.0186
vn 0.0515 -0.9969 0.0590
vn 0.0483 -0.9947 0.0911
vn 0.0202 -0.9946 0.1014
vn 0.0199 -0.9961 0.0854
vn 0.0534 -0.9965 0.0646
vn 0.0582 -0.9968 0.0544
vn 0.0525 -0.9978 0.0407
vn 0.0528 -0.9985 0.0148
vn 0.0368 -0.9993 -0.0015
vn 0.0300 -0.9995 0.0063
vn 0.0399 -0.9991 0.0156
vn 0.0466 -0.9989 0.0065
vn 0.0359 -0.9991 -0.0234
vn 0.0388 -0.9974 -0.0613
vn 0.0333 -0.9953 -0.0911
vn -0.0037 -0.9933 -0.1155
vn -0.0076 -0.9905 -0.1375
vn -0.0083 -0.9887 -0.1496
vn -0.0400 -0.9873 -0.1537
vn -0.0548 -0.9855 -0.1605
vn -0.0506 -0.9846 -0.1673
vn -0.0526 -0.9855 -0.1611
vn -0.0859 -0.9859 -0.1434
vn -0.7772 -0.6259 -0.0654
vn -0.9487 0.3090 0.0669
vn -0.7718 0.6288 0.0940
vn 0.7708 0.6337 0.0659
vn 0.9440 0.3275 0.0406
vn 0.7075 -0.7001 -0.0966
vn -0.1160 -0.9809 -0.1558
vn -0.0731 -0.9836 -0.1647
vn -0.0478 -0.9861 -0.1591
vn -0.0632 -0.9870 -0.1478
vn -0.0619 -0.9894 -0.1317
vn -0.0611 -0.9919 -0.1115
vn -0.0699 -0.9935 -0.0897
vn -0.0561 -0.9948 -0.0847
vn 0.0164 -0.9948 -0.1009
vn 0.0680 -0.9914 -0.1122
vn 0.0533 -0.9935 -0.1010
vn 0.0286 -0.9960 -0.0841
vn 0.0303 -0.9966 -0.0768
vn 0.0482 -0.9958 -0.0774
vn 0.0596 -0.9955 -0.0737
vn 0.0815 -0.9954 -0.0507
vn 0.0613 -0.9978 -0.0255
vn -0.0104 -0.9997 -0.0202
vn -0.0458 -0.9988 -0.0173
vn -0.0477 -0.9989 0.0024
vn -0.0171 -0.9995 0.0259
vn 0.0267 -0.9987 0.0437
vn 0.0271 -0.9979 0.0593
vn 0.0250 -0.9975 0.0667
vn 0.0477 -0.9975 0.0519
vn 0.0632 -0.9973 0.0363
vn 0.0624 -0.9975 0.0321
vn 0.0725 -0.9972 0.0207
vn 0.0755 -0.9971 0.0018
vn 0.0311 -0.9995 0.0009
vn 0.0121 -0.9997 0.0196
vn 0.0386 -0.9987 0.0323
vn 0.0613 -0.9977 0.0293
vn 0.0750 -0.9972 0.0007
vn 0.0792 -0.9957 -0.0471
vn 0.0498 -0.9957 -0.0786
vn 0.0167 -0.9956 -0.0920
vn 0.0148 -0.9936 -0.1116
vn 0.0058 -0.9907 -0.1357
vn -0.0295 -0.9870 -0.1583
vn -0.0506 -0.9844 -0.1686
vn -0.0535 -0.9852 -0.1631
vn -0.0632 -0.9859 -0.1549
vn -0.0970 -0.9842 -0.1479
vn -0.7793 -0.6215 -0.0807
vn -0.9492 0.3081 0.0636
vn -0.7706 0.6293 0.1008
vn 0.7698 0.6340 0.0741
vn 0.9468 0.3192 0.0419
vn 0.7100 -0.6946 -0.1160
vn -0.0917 -0.9801 -0.1760
vn -0.0824 -0.9798 -0.1823
vn -0.0547 -0.9836 -0.1716
vn -0.0644 -0.9827 -0.1736
vn -0.0781 -0.9823 -0.1703
vn -0.0909 -0.9860 -0.1397
vn -0.0910 -0.9901 -0.1066
vn -0.0509 -0.9942 -0.0948
vn 0.0277 -0.9951 -0.0952
vn 0.0638 -0.9937 -0.0924
vn 0.0401 -0.9952 -0.0888
vn 0.0190 -0.9963 -0.0840
vn 0.0225 -0.9970 -0.0743
vn 0.0456 -0.9969 -0.0639
vn 0.0429 -0.9978 -0.0508
vn 0.0458 -0.9986 -0.0268
vn 0.0473 -0.9989 -0.0063
vn 0.0000 -1.0000 -0.0093
vn -0.0616 -0.9981 -0.0084
vn -0.0763 -0.9970 0.0134
vn -0.0315 -0.9991 0.0298
vn 0.0178 -0.9993 0.0342
vn 0.0171 -0.9991 0.0379
vn 0.0300 -0.9989 0.0373
vn 0.0753 -0.9969 0.0216
vn 0.0789 -0.9969 -0.0044
vn 0.0614 -0.9980 -0.0150
vn 0.0744 -0.9972 -0.0042
vn 0.0792 -0.9968 0.0081
vn 0.0270 -0.9996 0.0102
vn 0.0034 -1.0000 0.0059
vn 0.0310 -0.9995 0.0088
vn 0.0636 -0.9979 0.0154
vn 0.1071 -0.9942 0.0054
vn 0.1132 -0.9934 -0.0187
vn 0.0639 -0.9973 -0.0365
vn 0.0347 -0.9980 -0.0521
vn 0.0418 -0.9963 -0.0757
vn 0.0346 -0.9936 -0.1076
vn -0.0036 -0.9898 -0.1422
vn -0.0447 -0.9852 -0.1658
vn -0.0527 -0.9823 -0.1795
vn -0.0653 -0.9795 -0.1904
vn -0.1020 -0.9763 -0.1908
vn -0.7887 -0.6063 -0.1018
vn -0.9476 0.3118 0.0692
vn -0.7677 0.6311 0.1109
vn 0.7659 0.6376 0.0831
vn 0.9507 0.3084 0.0317
vn 0.7166 -0.6888 -0.1094
vn -0.0715 -0.9857 -0.1527
vn -0.0839 -0.9825 -0.1664
vn -0.0553 -0.9830 -0.1751
vn -0.0562 -0.9819 -0.1807
vn -0.0876 -0.9795 -0.1813
vn -0.1146 -0.9779 -0.1749
vn -0.1022 -0.9807 -0.1666
vn -0.0550 -0.9862 -0.1559
vn 0.0103 -0.9916 -0.1292
vn 0.0499 -0.9941 -0.0962
vn 0.0393 -0.9957 -0.0833
vn 0.0203 -0.9958 -0.0893
vn 0.0145 -0.9958 -0.0907
vn 0.0266 -0.9970 -0.0733
vn 0.0185 -0.9989 -0.0431
vn 0.0122 -0.9999 -0.0122
vn 0.0322 -0.9994 0.0121
vn 0.0089 -0.9998 0.0179
vn -0.0674 -0.9977 0.0122
vn -0.0855 -0.9963 0.0041
vn -0.0322 -0.9995 -0.0005
vn 0.0055 -0.9999 0.0111
vn 0.0145 -0.9996 0.0229
vn 0.0462 -0.9989 0.0123
vn 0.1027 -0.9946 -0.0120
vn 0.0910 -0.9956 -0.0244
vn 0.0523 -0.9985 -0.0190
vn 0.0573 -0.9983 -0.0043
vn 0.0601 -0.9980 0.0198
vn 0.0276 -0.9989 0.0366
vn 0.0143 -0.9995 0.0288
vn 0.0320 -0.9994 0.0134
vn 0.0633 -0.9980 0.0057
vn 0.1088 -0.9940 0.0130
vn 0.1193 -0.9924 0.0302
vn 0.0778 -0.9964 0.0336
vn 0.0626 -0.9979 0.0141
vn 0.0725 -0.9972 -0.0173
vn 0.0698 -0.9964 -0.0482
vn 0.0383 -0.9953 -0.0889
vn -0.0092 -0.9893 -0.1454
vn -0.0302 -0.9801 -0.1963
vn -0.0629 -0.9749 -0.2138
vn -0.1065 -0.9718 -0.2105
vn -0.7792 -0.6167 -0.1117
vn -0.9462 0.3137 0.0795
vn -0.7602 0.6369 0.1281
vn 0.7712 0.6328 0.0693
vn 0.9548 0.2966 0.0173
vn 0.7138 -0.6943 -0.0912
vn -0.0542 -0.9909 -0.1231
vn -0.0675 -0.9871 -0.1454
vn -0.0537 -0.9865 -0.1547
vn -0.0609 -0.9875 -0.1452
vn -0.0914 -0.9864 -0.1365
vn -0.1113 -0.9832 -0.1446
vn -0.1066 -0.9823 -0.1542
vn -0.0802 -0.9873 -0.1368
vn -0.0268 -0.9943 -0.1035
vn 0.0300 -0.9964 -0.0793
vn 0.0365 -0.9969 -0.0697
vn 0.0201 -0.9978 -0.0634
vn 0.0107 -0.9981 -0.0609
vn 0.0007 -0.9987 -0.0518
vn -0.0104 -0.9995 -0.0298
vn -0.0093 -0.9999 -0.0113
vn 0.0103 -0.9999 0.0064
vn 0.0008 -0.9996 0.0280
vn -0.0488 -0.9986 0.0189
vn -0.0587 -0.9981 -0.0162
vn -0.0378 -0.9989 -0.0276
vn -0.0249 -0.9997 -0.0025
vn 0.0132 -0.9998 0.0170
vn 0.0727 -0.9973 0.0059
vn 0.1110 -0.9938 -0.0022
vn 0.0826 -0.9966 0.0085
vn 0.0419 -0.9989 0.0200
vn 0.0488 -0.9986 0.0224
vn 0.0411 -0.9988 0.0262
vn 0.0226 -0.9992 0.0343
vn 0.0234 -0.9990 0.0379
vn 0.0371 -0.9986 0.0387
vn 0.0650 -0.9971 0.0393
vn 0.0978 -0.9943 0.0434
vn 0.1080 -0.9927 0.0538
vn 0.0907 -0.9945 0.0524
vn 0.0869 -0.9957 0.0336
vn 0.0959 -0.9953 0.0142
vn 0.0994 -0.9950 -0.0084
vn 0.0831 -0.9955 -0.0445
vn 0.0446 -0.9948 -0.0912
vn -0.0000 -0.9926 -0.1214
vn -0.0520 -0.9894 -0.1353
vn -0.0984 -0.9843 -0.1467
vn -0.7703 -0.6335 -0.0728
vn -0.9505 0.3023 0.0713
vn -0.7661 0.6323 0.1150
vn 0.7919 0.6100 0.0273
vn 0.9569 0.2902 0.0098
vn 0.7184 -0.6939 -0.0488
vn -0.0382 -0.9964 -0.0753
vn -0.0515 -0.9951 -0.0840
vn -0.0532 -0.9945 -0.0903
vn -0.0654 -0.9935 -0.0935
vn -0.1008 -0.9910 -0.0880
vn -0.1044 -0.9913 -0.0799
vn -0.1141 -0.9906 -0.0754
vn -0.1160 -0.9917 -0.0560
vn -0.0617 -0.9977 -0.0271
vn 0.0135 -0.9999 -0.0093
vn 0.0298 -0.9995 -0.0039
vn 0.0141 -0.9999 -0.0039
vn 0.0089 -1.0000 -0.0042
vn -0.0116 -0.9999 -0.0038
vn -0.0234 -0.9997 -0.0044
vn -0.0125 -0.9999 -0.0088
vn -0.0043 -0.9999 -0.0091
vn -0.0153 -0.9999 0.0005
vn -0.0200 -0.9998 -0.0020
vn -0.0198 -0.9993 -0.0304
vn -0.0430 -0.9979 -0.0486
vn -0.0460 -0.9979 -0.0457
vn 0.0129 -0.9991 -0.0396
vn 0.0765 -0.9967 -0.0266
vn 0.0915 -0.9958 -0.0000
vn 0.0687 -0.9974 0.0208
vn 0.0454 -0.9988 0.0187
vn 0.0482 -0.9987 0.0133
vn 0.0372 -0.9992 0.0151
vn 0.0224 -0.9997 0.0116
vn 0.0180 -0.9997 0.0143
vn 0.0274 -0.9992 0.0297
vn 0.0652 -0.9971 0.0394
vn 0.0939 -0.9948 0.0390
vn 0.1028 -0.9939 0.0389
vn 0.1061 -0.9940 0.0267
vn 0.1006 -0.9949 0.0075
vn 0.1029 -0.9947 -0.0006
vn 0.1136 -0.9935 -0.0035
vn 0.1068 -0.9942 -0.0087
vn 0.0772 -0.9969 -0.0167
vn 0.0229 -0.9993 -0.0306
vn -0.0314 -0.9982 -0.0517
vn -0.0882 -0.9943 -0.0603
vn -0.7597 -0.6499 -0.0196
vn -0.9580 0.2834 0.0444
vn -0.7962 0.6026 0.0541
vn 0.8085 0.5884 -0.0075
vn 0.9577 0.2872 0.0173
vn 0.7226 -0.6907 0.0272
vn -0.0270 -0.9996 -0.0010
vn -0.0366 -0.9992 -0.0141
vn -0.0388 -0.9985 -0.0374
vn -0.0553 -0.9968 -0.0583
vn -0.1005 -0.9922 -0.0736
vn -0.1130 -0.9908 -0.0739
vn -0.1270 -0.9904 -0.0550
vn -0.1371 -0.9898 -0.0395
vn -0.0801 -0.9964 -0.0287
vn -0.0022 -0.9999 -0.0137
vn 0.0189 -0.9998 0.0084
vn 0.0092 -0.9997 0.0245
vn 0.0077 -0.9996 0.0282
vn -0.0042 -0.9998 0.0181
vn -0.0041 -1.0000 -0.0085
vn -0.0035 -0.9995 -0.0302
vn -0.0098 -0.9995 -0.0315
vn -0.0135 -0.9992 -0.0365
vn 0.0028 -0.9985 -0.0545
vn 0.0049 -0.9976 -0.0695
vn -0.0307 -0.9957 -0.0872
vn -0.0386 -0.9936 -0.1062
vn 0.0054 -0.9944 -0.1055
vn 0.0481 -0.9959 -0.0769
vn 0.0558 -0.9978 -0.0363
vn 0.0511 -0.9987 -0.0015
vn 0.0547 -0.9985 0.0102
vn 0.0541 -0.9985 0.0014
vn 0.0319 -0.9995 -0.0001
vn 0.0221 -0.9997 0.0088
vn 0.0138 -0.9998 0.0113
vn 0.0108 -0.9998 0.0194
vn 0.0508 -0.9978 0.0437
vn 0.0885 -0.9940 0.0639
vn 0.1054 -0.9921 0.0681
vn 0.1225 -0.9907 0.0594
vn 0.1157 -0.9922 0.0454
vn 0.1069 -0.9936 0.0355
vn 0.1144 -0.9928 0.0363
vn 0.1099 -0.9930 0.0433
vn 0.0887 -0.9951 0.0438
vn 0.0489 -0.9985 0.0252
vn -0.0169 -0.9998 0.0106
vn -0.0904 -0.9957 0.0193
vn -0.7681 -0.6392 0.0384
vn -0.9645 0.2636 0.0150
vn -0.8195 0.5731 -0.0016
vn 0.8190 0.5737 -0.0101
vn 0.9484 0.3149 0.0381
vn 0.7588 -0.6481 0.0655
vn -0.0115 -0.9999 0.0105
vn -0.0174 -0.9997 -0.0150
vn -0.0276 -0.9993 -0.0251
vn -0.0458 -0.9986 -0.0257
vn -0.0794 -0.9960 -0.0411
vn -0.1217 -0.9912 -0.0525
vn -0.1367 -0.9893 -0.0505
vn -0.1336 -0.9894 -0.0571
vn -0.0941 -0.9939 -0.0567
vn -0.0238 -0.9991 -0.0349
vn -0.0065 -1.0000 -0.0047
vn -0.0009 -0.9998 0.0183
vn 0.0141 -0.9997 0.0187
vn 0.0186 -0.9998 0.0001
vn 0.0321 -0.9990 -0.0305
vn 0.0063 -0.9986 -0.0535
vn -0.0162 -0.9984 -0.0547
vn 0.0083 -0.9980 -0.0628
vn 0.0195 -0.9966 -0.0802
vn 0.0073 -0.9966 -0.0823
vn -0.0144 -0.9963 -0.0843
vn -0.0244 -0.9951 -0.0960
vn -0.0061 -0.9951 -0.0985
vn 0.0134 -0.9966 -0.0816
vn 0.0161 -0.9987 -0.0484
vn 0.0240 -0.9996 -0.0163
vn 0.0528 -0.9986 0.0016
vn 0.0570 -0.9983 0.0098
vn 0.0230 -0.9996 0.0158
vn 0.0121 -0.9996 0.0244
vn 0.0059 -0.9992 0.0387
vn -0.0124 -0.9981 0.0610
vn 0.0192 -0.9955 0.0929
vn 0.0813 -0.9903 0.1127
vn 0.1211 -0.9876 0.0998
vn 0.1319 -0.9880 0.0808
vn 0.1243 -0.9892 0.0771
vn 0.1116 -0.9908 0.0761
vn 0.1071 -0.9909 0.0811
vn 0.1003 -0.9901 0.0978
vn 0.0901 -0.9895 0.1133
vn 0.0702 -0.9907 0.1169
vn -0.0036 -0.9938 0.1115
vn -0.0821 -0.9920 0.0960
vn -0.7751 -0.6275 0.0733
vn -0.9606 0.2777 0.0074
vn -0.8353 0.5492 -0.0256
vn 0.7820 0.6221 0.0382
vn 0.8605 0.4165 0.2935
vn 0.6414 -0.4301 0.6353
vn 0.0795 -0.6278 0.7743
vn 0.0548 -0.6486 0.7591
vn 0.0180 -0.6616 0.7497
vn -0.0025 -0.6489 0.7609
vn -0.0272 -0.6645 0.7468
vn -0.0679 -0.6689 0.7402
vn -0.0746 -0.6440 0.7614
vn -0.0876 -0.6724 0.7349
vn -0.0885 -0.6614 0.7448
vn -0.0738 -0.6635 0.7445
vn -0.0630 -0.6798 0.7307
vn -0.0365 -0.6614 0.7491
vn -0.0050 -0.6741 0.7386
vn 0.0092 -0.6685 0.7436
vn 0.0205 -0.6754 0.7372
vn -0.0180 -0.6968 0.7170
vn -0.0455 -0.6806 0.7313
vn -0.0158 -0.6758 0.7369
vn -0.0118 -0.6963 0.7177
vn -0.0224 -0.6855 0.7277
vn -0.0214 -0.6835 0.7297
vn -0.0253 -0.6802 0.7325
vn -0.0316 -0.6786 0.7338
vn -0.0386 -0.6864 0.7262
vn -0.0421 -0.6812 0.7309
vn -0.0312 -0.6623 0.7486
vn -0.0100 -0.6632 0.7484
vn -0.0109 -0.6695 0.7427
vn -0.0309 -0.6645 0.7467
vn -0.0391 -0.6627 0.7478
vn -0.0413 -0.6596 0.7505
vn -0.0468 -0.6462 0.7617
vn -0.0183 -0.6230 0.7820
vn 0.0453 -0.6174 0.7853
vn 0.0901 -0.6216 0.7782
vn 0.0917 -0.6399 0.7629
vn 0.0879 -0.6352 0.7673
vn 0.0792 -0.6330 0.7701
vn 0.0711 -0.6284 0.7746
vn 0.0782 -0.6284 0.7740
vn 0.0793 -0.6099 0.7885
vn 0.0776 -0.6107 0.7880
vn 0.0382 -0.6292 0.7763
vn -0.0007 -0.6266 0.7793
vn -0.6180 -0.3917 0.6816
vn -0.8689 0.3806 0.3164
vn -0.8105 0.5858 -0.0020
vn 0.6970 0.6695 0.2569
vn 0.5684 0.6072 0.5552
vn 0.3038 0.4551 0.8370
vn 0.0842 0.3852 0.9190
vn 0.0645 0.3583 0.9314
vn 0.0533 0.3540 0.9337
vn 0.0434 0.3480 0.9365
vn 0.0436 0.3470 0.9369
vn 0.0552 0.3532 0.9339
vn 0.0512 0.3586 0.9321
vn 0.0359 0.3543 0.9344
vn 0.0081 0.3439 0.9390
vn -0.0258 0.3225 0.9462
vn -0.0366 0.3050 0.9517
vn -0.0353 0.3012 0.9529
vn -0.0358 0.3030 0.9523
vn -0.0359 0.3114 0.9496
vn -0.0396 0.3188 0.9470
vn -0.0408 0.3215 0.9460
vn -0.0359 0.3267 0.9445
vn -0.0386 0.3272 0.9442
vn -0.0393 0.3237 0.9453
vn -0.0304 0.3248 0.9453
vn -0.0208 0.3282 0.9444
vn -0.0171 0.3333 0.9427
vn -0.0254 0.3361 0.9415
vn -0.0374 0.3327 0.9423
vn -0.0427 0.3273 0.9439
vn -0.0468 0.3256 0.9443
vn -0.0568 0.3225 0.9449
vn -0.0623 0.3147 0.9471
vn -0.0547 0.3055 0.9506
vn -0.0490 0.2988 0.9530
vn -0.0458 0.2937 0.9548
vn -0.0356 0.2906 0.9562
vn -0.0343 0.2953 0.9548
vn -0.0406 0.3046 0.9516
vn -0.0423 0.3134 0.9487
vn -0.0393 0.3183 0.9472
vn -0.0298 0.3190 0.9473
vn -0.0191 0.3144 0.9491
vn -0.0132 0.3082 0.9512
vn 0.0014 0.2973 0.9548
vn 0.0202 0.2857 0.9581
vn 0.0331 0.2773 0.9602
vn 0.0541 0.2587 0.9644
vn 0.0703 0.2675 0.9610
vn -0.1954 0.3609 0.9119
vn -0.5521 0.5575 0.6200
vn -0.7238 0.6353 0.2692
vn 0.4337 0.8138 0.3868
vn 0.2587 0.6898 0.6762
vn 0.0771 0.6645 0.7433
vn 0.0537 0.6338 0.7717
vn 0.0502 0.6377 0.7686
vn 0.0512 0.6371 0.7691
vn 0.0480 0.6370 0.7694
vn 0.0596 0.6433 0.7633
vn 0.0703 0.6485 0.7579
vn 0.0742 0.6515 0.7550
vn 0.0676 0.6492 0.7576
vn 0.0564 0.6434 0.7634
vn 0.0365 0.6318 0.7743
vn 0.0038 0.6156 0.7880
vn -0.0293 0.6037 0.7967
vn -0.0526 0.5989 0.7991
vn -0.0619 0.6012 0.7967
vn -0.0615 0.6061 0.7930
vn -0.0457 0.6120 0.7895
vn -0.0267 0.6162 0.7872
vn -0.0291 0.6146 0.7883
vn -0.0329 0.6132 0.7892
vn -0.0274 0.6141 0.7888
vn -0.0263 0.6155 0.7877
vn -0.0255 0.6178 0.7859
vn -0.0148 0.6190 0.7852
vn -0.0144 0.6167 0.7871
vn -0.0273 0.6147 0.7883
vn -0.0375 0.6143 0.7882
vn -0.0483 0.6143 0.7876
vn -0.0462 0.6115 0.7899
vn -0.0292 0.6047 0.7959
vn -0.0237 0.5994 0.8001
vn -0.0196 0.5954 0.8032
vn -0.0159 0.5919 0.8059
vn -0.0350 0.5958 0.8023
vn -0.0724 0.6085 0.7902
vn -0.0982 0.6214 0.7774
vn -0.0905 0.6242 0.7760
vn -0.0664 0.6183 0.7831
vn -0.0473 0.6105 0.7906
vn -0.0288 0.6003 0.7992
vn -0.0192 0.5943 0.8040
vn 0.0011 0.5837 0.8120
vn 0.0241 0.5697 0.8215
vn 0.0529 0.5528 0.8317
vn 0.0737 0.5338 0.8424
vn 0.0600 0.5645 0.8233
vn -0.1750 0.6117 0.7715
vn -0.4145 0.7940 0.4447
vn 0.1003 0.9819 -0.1609
vn -0.0935 0.8234 -0.5596
vn 0.0579 0.9959 -0.0693
vn 0.5487 0.8344 0.0508
vn 0.0385 0.9322 -0.3598
vn 0.0821 0.9954 0.0493
vn -0.0341 0.9301 -0.3657
vn 0.0015 0.9904 0.1385
vn -0.0180 0.9271 -0.3743
vn 0.0173 0.9885 0.1501
vn 0.0073 0.9308 -0.3655
vn 0.0447 0.9896 0.1367
vn 0.0350 0.9281 -0.3706
vn 0.0562 0.9915 0.1170
vn 0.0480 0.9265 -0.3732
vn 0.0697 0.9920 0.1050
vn 0.0633 0.9265 -0.3710
vn 0.0815 0.9920 0.0967
vn 0.0838 0.9265 -0.3668
vn 0.1001 0.9911 0.0879
vn 0.1052 0.9265 -0.3612
vn 0.1133 0.9903 0.0809
vn 0.1375 0.9244 -0.3558
vn 0.1377 0.9875 0.0771
vn 0.1370 0.9270 -0.3492
vn 0.1373 0.9877 0.0749
vn 0.0810 0.9306 -0.3570
vn 0.0765 0.9945 0.0722
vn 0.0124 0.9290 -0.3700
vn -0.0002 0.9976 0.0697
vn -0.0231 0.9239 -0.3820
vn -0.0413 0.9971 0.0634
vn -0.0186 0.9190 -0.3938
vn -0.0381 0.9981 0.0486
vn -0.0152 0.9135 -0.4065
vn -0.0249 0.9994 0.0239
vn 0.0019 0.9069 -0.4214
vn -0.0062 1.0000 -0.0034
vn 0.0351 0.9087 -0.4160
vn 0.0251 0.9995 -0.0200
vn 0.0354 0.9086 -0.4162
vn 0.0288 0.9991 -0.0314
vn 0.0207 0.9075 -0.4195
vn 0.0044 0.9992 -0.0389
vn 0.0099 0.9066 -0.4219
vn -0.0110 0.9994 -0.0336
vn -0.0089 0.9088 -0.4172
vn -0.0171 0.9993 -0.0319
vn -0.0035 0.9054 -0.4246
vn -0.0128 0.9991 -0.0409
vn 0.0244 0.9046 -0.4255
vn 0.0056 0.9993 -0.0357
vn 0.0256 0.9112 -0.4111
vn 0.0083 0.9998 -0.0165
vn 0.0152 0.9145 -0.4043
vn -0.0003 1.0000 -0.0045
vn 0.0190 0.9117 -0.4104
vn 0.0088 0.9999 -0.0078
vn 0.0096 0.9107 -0.4131
vn 0.0028 0.9997 -0.0242
vn 0.0051 0.9050 -0.4253
vn -0.0140 0.9993 -0.0336
vn 0.0384 0.9047 -0.4242
vn 0.0229 0.9994 -0.0274
vn 0.0665 0.9054 -0.4193
vn 0.0565 0.9981 -0.0250
vn 0.0668 0.9036 -0.4232
vn 0.0489 0.9985 -0.0238
vn 0.0591 0.9080 -0.4148
vn 0.0387 0.9992 -0.0127
vn 0.0193 0.9164 -0.3999
vn -0.0014 1.0000 -0.0023
vn -0.0420 0.9175 -0.3955
vn -0.0546 0.9985 -0.0101
vn -0.0932 0.9085 -0.4074
vn -0.0984 0.9942 -0.0437
vn -0.1075 0.9009 -0.4205
vn -0.1213 0.9898 -0.0752
vn -0.0963 0.9005 -0.4241
vn -0.1096 0.9905 -0.0828
vn -0.0947 0.9041 -0.4168
vn -0.1080 0.9915 -0.0731
vn -0.0836 0.9072 -0.4124
vn -0.0944 0.9942 -0.0514
vn -0.0669 0.9111 -0.4067
vn -0.0620 0.9973 -0.0387
vn -0.0513 0.9083 -0.4151
vn -0.0438 0.9983 -0.0375
vn -0.0360 0.9091 -0.4151
vn -0.0287 0.9991 -0.0309
vn -0.0330 0.9125 -0.4077
vn -0.0094 0.9997 -0.0243
vn -0.0242 0.9182 -0.3953
vn -0.0100 0.9997 -0.0219
vn -0.0878 0.9274 -0.3637
vn -0.1077 0.9919 -0.0681
vn -0.0340 0.8596 -0.5099
vn -0.0962 0.9906 -0.0973
vn -0.0992 0.9899 -0.1010
vn -0.5400 0.8415 -0.0150
vn -0.0447 0.9965 -0.0708
vn 0.3233 0.9442 -0.0628
vn -0.0324 0.9984 0.0472
vn -0.0409 0.9907 0.1297
vn 0.0131 0.9858 0.1674
vn 0.0661 0.9839 0.1659
vn 0.0752 0.9866 0.1451
vn 0.0830 0.9889 0.1234
vn 0.0936 0.9901 0.1044
vn 0.1081 0.9900 0.0910
vn 0.1198 0.9894 0.0815
vn 0.1360 0.9876 0.0783
vn 0.1374 0.9871 0.0821
vn 0.0797 0.9931 0.0855
vn 0.0014 0.9965 0.0840
vn -0.0315 0.9965 0.0771
vn -0.0152 0.9983 0.0568
vn -0.0023 0.9994 0.0354
vn 0.0128 0.9997 0.0203
vn 0.0412 0.9992 -0.0003
vn 0.0422 0.9989 -0.0198
vn 0.0078 0.9995 -0.0301
vn -0.0100 0.9992 -0.0398
vn -0.0069 0.9987 -0.0504
vn -0.0095 0.9985 -0.0536
vn -0.0116 0.9990 -0.0441
vn -0.0053 0.9995 -0.0315
vn -0.0003 0.9996 -0.0286
vn 0.0197 0.9992 -0.0346
vn 0.0172 0.9990 -0.0420
vn -0.0178 0.9989 -0.0430
vn 0.0141 0.9993 -0.0351
vn 0.0549 0.9981 -0.0272
vn 0.0387 0.9991 -0.0170
vn 0.0259 0.9997 -0.0047
vn -0.0055 1.0000 0.0028
vn -0.0323 0.9994 -0.0081
vn -0.0574 0.9975 -0.0402
vn -0.1083 0.9919 -0.0657
vn -0.1188 0.9909 -0.0633
vn -0.1272 0.9909 -0.0438
vn -0.1146 0.9931 -0.0231
vn -0.0628 0.9979 -0.0127
vn -0.0449 0.9989 -0.0111
vn -0.0300 0.9994 -0.0141
vn -0.0095 0.9998 -0.0184
vn -0.0057 0.9997 -0.0239
vn -0.0475 0.9980 -0.0428
vn -0.0713 0.9926 -0.0983
vn -0.3794 0.9236 -0.0540
vn -0.0965 0.9947 0.0357
vn 0.3585 0.9326 0.0417
vn -0.0976 0.9934 0.0605
vn -0.0821 0.9920 0.0960
vn -0.0036 0.9938 0.1115
vn 0.0702 0.9907 0.1169
vn 0.0901 0.9895 0.1133
vn 0.1003 0.9901 0.0978
vn 0.1071 0.9909 0.0811
vn 0.1116 0.9908 0.0761
vn 0.1243 0.9892 0.0771
vn 0.1319 0.9880 0.0808
vn 0.1211 0.9876 0.0998
vn 0.0813 0.9903 0.1127
vn 0.0192 0.9955 0.0929
vn -0.0124 0.9981 0.0610
vn 0.0059 0.9992 0.0387
vn 0.0121 0.9996 0.0244
vn 0.0230 0.9996 0.0158
vn 0.0570 0.9983 0.0098
vn 0.0528 0.9986 0.0016
vn 0.0240 0.9996 -0.0163
vn 0.0161 0.9987 -0.0484
vn 0.0134 0.9966 -0.0816
vn -0.0061 0.9951 -0.0985
vn -0.0244 0.9951 -0.0960
vn -0.0144 0.9963 -0.0843
vn 0.0073 0.9966 -0.0823
vn 0.0195 0.9966 -0.0802
vn 0.0083 0.9980 -0.0628
vn -0.0162 0.9984 -0.0547
vn 0.0063 0.9986 -0.0535
vn 0.0321 0.9990 -0.0305
vn 0.0186 0.9998 0.0001
vn 0.0141 0.9997 0.0187
vn -0.0009 0.9998 0.0183
vn -0.0065 1.0000 -0.0047
vn -0.0238 0.9991 -0.0349
vn -0.0941 0.9939 -0.0567
vn -0.1336 0.9894 -0.0571
vn -0.1367 0.9893 -0.0505
vn -0.1217 0.9912 -0.0525
vn -0.0794 0.9960 -0.0411
vn -0.0458 0.9986 -0.0257
vn -0.0276 0.9993 -0.0251
vn -0.0174 0.9997 -0.0150
vn -0.0115 0.9999 0.0105
vn -0.0289 0.9993 0.0226
vn -0.0355 0.9990 0.0255
vn -0.4191 0.9072 0.0381
vn -0.0936 0.9954 0.0208
vn 0.3719 0.9282 0.0132
vn -0.1243 0.9920 0.0232
vn -0.0904 0.9957 0.0193
vn -0.0169 0.9998 0.0106
vn 0.0489 0.9985 0.0252
vn 0.0887 0.9951 0.0438
vn 0.1099 0.9930 0.0433
vn 0.1144 0.9928 0.0363
vn 0.1069 0.9936 0.0355
vn 0.1157 0.9922 0.0454
vn 0.1225 0.9907 0.0594
vn 0.1054 0.9921 0.0681
vn 0.0885 0.9940 0.0639
vn 0.0508 0.9978 0.0437
vn 0.0108 0.9998 0.0194
vn 0.0138 0.9998 0.0113
vn 0.0221 0.9997 0.0088
vn 0.0319 0.9995 -0.0001
vn 0.0541 0.9985 0.0014
vn 0.0547 0.9985 0.0102
vn 0.0511 0.9987 -0.0015
vn 0.0558 0.9978 -0.0363
vn 0.0481 0.9959 -0.0769
vn 0.0054 0.9944 -0.1055
vn -0.0386 0.9936 -0.1062
vn -0.0307 0.9957 -0.0872
vn 0.0049 0.9976 -0.0695
vn 0.0028 0.9985 -0.0545
vn -0.0135 0.9992 -0.0365
vn -0.0098 0.9995 -0.0315
vn -0.0035 0.9995 -0.0302
vn -0.0041 1.0000 -0.0085
vn -0.0042 0.9998 0.0181
vn 0.0077 0.9996 0.0282
vn 0.0092 0.9997 0.0245
vn 0.0189 0.9998 0.0084
vn -0.0022 0.9999 -0.0137
vn -0.0801 0.9964 -0.0287
vn -0.1371 0.9898 -0.0395
vn -0.1270 0.9904 -0.0550
vn -0.1130 0.9908 -0.0739
vn -0.1005 0.9922 -0.0736
vn -0.0553 0.9968 -0.0583
vn -0.0388 0.9985 -0.0374
vn -0.0366 0.9992 -0.0141
vn -0.0270 0.9996 -0.0010
vn -0.0288 0.9996 0.0015
vn -0.0503 0.9987 0.0115
vn -0.4303 0.9026 0.0139
vn -0.0994 0.9930 -0.0636
vn 0.3444 0.9351 -0.0839
vn -0.1328 0.9895 -0.0577
vn -0.0882 0.9943 -0.0603
vn -0.0314 0.9982 -0.0517
vn 0.0229 0.9993 -0.0306
vn 0.0772 0.9969 -0.0167
vn 0.1068 0.9942 -0.0087
vn 0.1136 0.9935 -0.0035
vn 0.1029 0.9947 -0.0006
vn 0.1006 0.9949 0.0075
vn 0.1061 0.9940 0.0267
vn 0.1028 0.9939 0.0389
vn 0.0939 0.9948 0.0390
vn 0.0652 0.9971 0.0394
vn 0.0274 0.9992 0.0297
vn 0.0180 0.9997 0.0143
vn 0.0224 0.9997 0.0116
vn 0.0372 0.9992 0.0151
vn 0.0482 0.9987 0.0133
vn 0.0454 0.9988 0.0187
vn 0.0687 0.9974 0.0208
vn 0.0915 0.9958 -0.0000
vn 0.0765 0.9967 -0.0266
vn 0.0129 0.9991 -0.0396
vn -0.0460 0.9979 -0.0457
vn -0.0430 0.9979 -0.0486
vn -0.0198 0.9993 -0.0304
vn -0.0200 0.9998 -0.0020
vn -0.0153 0.9999 0.0005
vn -0.0043 0.9999 -0.0091
vn -0.0125 0.9999 -0.0088
vn -0.0234 0.9997 -0.0044
vn -0.0116 0.9999 -0.0038
vn 0.0089 1.0000 -0.0042
vn 0.0141 0.9999 -0.0039
vn 0.0298 0.9995 -0.0039
vn 0.0135 0.9999 -0.0093
vn -0.0617 0.9977 -0.0271
vn -0.1160 0.9917 -0.0560
vn -0.1141 0.9906 -0.0754
vn -0.1044 0.9913 -0.0799
vn -0.1008 0.9910 -0.0880
vn -0.0654 0.9935 -0.0935
vn -0.0532 0.9945 -0.0903
vn -0.0515 0.9951 -0.0840
vn -0.0382 0.9964 -0.0753
vn -0.0319 0.9971 -0.0695
vn -0.0608 0.9957 -0.0699
vn -0.4211 0.9046 -0.0668
vn -0.1109 0.9823 -0.1509
vn 0.3139 0.9353 -0.1633
vn -0.1312 0.9802 -0.1483
vn -0.0984 0.9843 -0.1467
vn -0.0520 0.9894 -0.1353
vn -0.0000 0.9926 -0.1214
vn 0.0446 0.9948 -0.0912
vn 0.0831 0.9955 -0.0445
vn 0.0994 0.9950 -0.0084
vn 0.0959 0.9953 0.0142
vn 0.0869 0.9957 0.0336
vn 0.0907 0.9945 0.0524
vn 0.1080 0.9927 0.0538
vn 0.0978 0.9943 0.0434
vn 0.0650 0.9971 0.0393
vn 0.0371 0.9986 0.0387
vn 0.0234 0.9990 0.0379
vn 0.0226 0.9992 0.0343
vn 0.0411 0.9988 0.0262
vn 0.0488 0.9986 0.0224
vn 0.0419 0.9989 0.0200
vn 0.0826 0.9966 0.0085
vn 0.1110 0.9938 -0.0022
vn 0.0727 0.9973 0.0059
vn 0.0132 0.9998 0.0170
vn -0.0249 0.9997 -0.0025
vn -0.0378 0.9989 -0.0276
vn -0.0587 0.9981 -0.0162
vn -0.0488 0.9986 0.0189
vn 0.0008 0.9996 0.0280
vn 0.0103 0.9999 0.0064
vn -0.0093 0.9999 -0.0113
vn -0.0104 0.9995 -0.0298
vn 0.0007 0.9987 -0.0518
vn 0.0107 0.9981 -0.0609
vn 0.0201 0.9978 -0.0634
vn 0.0365 0.9969 -0.0697
vn 0.0300 0.9964 -0.0793
vn -0.0268 0.9943 -0.1035
vn -0.0802 0.9873 -0.1368
vn -0.1066 0.9823 -0.1542
vn -0.1113 0.9832 -0.1446
vn -0.0914 0.9864 -0.1365
vn -0.0609 0.9875 -0.1452
vn -0.0537 0.9865 -0.1547
vn -0.0675 0.9871 -0.1454
vn -0.0542 0.9909 -0.1231
vn -0.0302 0.9927 -0.1168
vn -0.0492 0.9896 -0.1354
vn -0.3912 0.9107 -0.1324
vn -0.1056 0.9784 -0.1777
vn 0.3111 0.9363 -0.1630
vn -0.1195 0.9729 -0.1978
vn -0.1065 0.9718 -0.2105
vn -0.0629 0.9749 -0.2138
vn -0.0302 0.9801 -0.1963
vn -0.0092 0.9893 -0.1454
vn 0.0383 0.9953 -0.0889
vn 0.0698 0.9964 -0.0482
vn 0.0725 0.9972 -0.0173
vn 0.0626 0.9979 0.0141
vn 0.0778 0.9964 0.0336
vn 0.1193 0.9924 0.0302
vn 0.1088 0.9940 0.0130
vn 0.0633 0.9980 0.0057
vn 0.0320 0.9994 0.0134
vn 0.0143 0.9995 0.0288
vn 0.0276 0.9989 0.0366
vn 0.0601 0.9980 0.0198
vn 0.0573 0.9983 -0.0043
vn 0.0523 0.9985 -0.0190
vn 0.0910 0.9956 -0.0244
vn 0.1027 0.9946 -0.0120
vn 0.0462 0.9989 0.0123
vn 0.0145 0.9996 0.0229
vn 0.0055 0.9999 0.0111
vn -0.0322 0.9995 -0.0005
vn -0.0855 0.9963 0.0041
vn -0.0674 0.9977 0.0122
vn 0.0089 0.9998 0.0179
vn 0.0322 0.9994 0.0121
vn 0.0122 0.9999 -0.0122
vn 0.0185 0.9989 -0.0431
vn 0.0266 0.9970 -0.0733
vn 0.0145 0.9958 -0.0907
vn 0.0203 0.9958 -0.0893
vn 0.0393 0.9957 -0.0833
vn 0.0499 0.9941 -0.0962
vn 0.0103 0.9916 -0.1292
vn -0.0550 0.9862 -0.1559
vn -0.1022 0.9807 -0.1666
vn -0.1146 0.9779 -0.1749
vn -0.0876 0.9795 -0.1813
vn -0.0562 0.9819 -0.1807
vn -0.0553 0.9830 -0.1751
vn -0.0839 0.9825 -0.1664
vn -0.0715 0.9857 -0.1527
vn -0.0306 0.9895 -0.1412
vn -0.0300 0.9888 -0.1461
vn -0.3752 0.9173 -0.1331
vn -0.0824 0.9839 -0.1588
vn 0.3204 0.9363 -0.1440
vn -0.1040 0.9780 -0.1810
vn -0.1020 0.9763 -0.1908
vn -0.0653 0.9795 -0.1904
vn -0.0527 0.9823 -0.1795
vn -0.0447 0.9852 -0.1658
vn -0.0036 0.9898 -0.1422
vn 0.0346 0.9936 -0.1076
vn 0.0418 0.9963 -0.0757
vn 0.0347 0.9980 -0.0521
vn 0.0639 0.9973 -0.0365
vn 0.1132 0.9934 -0.0187
vn 0.1071 0.9942 0.0054
vn 0.0636 0.9979 0.0154
vn 0.0310 0.9995 0.0088
vn 0.0034 1.0000 0.0059
vn 0.0270 0.9996 0.0102
vn 0.0792 0.9968 0.0081
vn 0.0744 0.9972 -0.0042
vn 0.0614 0.9980 -0.0150
vn 0.0789 0.9969 -0.0044
vn 0.0753 0.9969 0.0216
vn 0.0300 0.9989 0.0373
vn 0.0171 0.9991 0.0379
vn 0.0178 0.9993 0.0342
vn -0.0315 0.9991 0.0298
vn -0.0763 0.9970 0.0134
vn -0.0616 0.9981 -0.0084
vn 0.0000 1.0000 -0.0093
vn 0.0473 0.9989 -0.0063
vn 0.0458 0.9986 -0.0268
vn 0.0429 0.9978 -0.0508
vn 0.0456 0.9969 -0.0639
vn 0.0225 0.9970 -0.0743
vn 0.0190 0.9963 -0.0840
vn 0.0401 0.9952 -0.0888
vn 0.0638 0.9937 -0.0924
vn 0.0277 0.9951 -0.0952
vn -0.0509 0.9942 -0.0948
vn -0.0910 0.9901 -0.1066
vn -0.0909 0.9860 -0.1397
vn -0.0781 0.9823 -0.1703
vn -0.0644 0.9827 -0.1736
vn -0.0547 0.9836 -0.1716
vn -0.0824 0.9798 -0.1823
vn -0.0917 0.9801 -0.1760
vn -0.0481 0.9876 -0.1492
vn -0.0237 0.9907 -0.1340
vn -0.3787 0.9183 -0.1151
vn -0.0601 0.9895 -0.1313
vn 0.3369 0.9338 -0.1202
vn -0.0953 0.9851 -0.1432
vn -0.0970 0.9842 -0.1479
vn -0.0632 0.9859 -0.1549
vn -0.0535 0.9852 -0.1631
vn -0.0506 0.9844 -0.1686
vn -0.0295 0.9870 -0.1583
vn 0.0058 0.9907 -0.1357
vn 0.0148 0.9936 -0.1116
vn 0.0167 0.9956 -0.0920
vn 0.0498 0.9957 -0.0786
vn 0.0792 0.9957 -0.0471
vn 0.0750 0.9972 0.0007
vn 0.0613 0.9977 0.0293
vn 0.0386 0.9987 0.0323
vn 0.0121 0.9997 0.0196
vn 0.0311 0.9995 0.0009
vn 0.0755 0.9971 0.0018
vn 0.0725 0.9972 0.0207
vn 0.0624 0.9975 0.0321
vn 0.0632 0.9973 0.0363
vn 0.0477 0.9975 0.0519
vn 0.0250 0.9975 0.0667
vn 0.0271 0.9979 0.0593
vn 0.0267 0.9987 0.0437
vn -0.0171 0.9995 0.0259
vn -0.0477 0.9989 0.0024
vn -0.0458 0.9988 -0.0173
vn -0.0104 0.9997 -0.0202
vn 0.0613 0.9978 -0.0255
vn 0.0815 0.9954 -0.0507
vn 0.0596 0.9955 -0.0737
vn 0.0482 0.9958 -0.0774
vn 0.0303 0.9966 -0.0768
vn 0.0286 0.9960 -0.0841
vn 0.0533 0.9935 -0.1010
vn 0.0680 0.9914 -0.1122
vn 0.0164 0.9948 -0.1009
vn -0.0561 0.9948 -0.0847
vn -0.0699 0.9935 -0.0897
vn -0.0611 0.9919 -0.1115
vn -0.0619 0.9894 -0.1317
vn -0.0632 0.9870 -0.1478
vn -0.0478 0.9861 -0.1591
vn -0.0731 0.9836 -0.1647
vn -0.1160 0.9809 -0.1558
vn -0.0726 0.9884 -0.1332
vn -0.0270 0.9926 -0.1184
vn -0.3796 0.9200 -0.0976
vn -0.0432 0.9923 -0.1161
vn 0.3458 0.9315 -0.1130
vn -0.0875 0.9879 -0.1283
vn -0.0859 0.9859 -0.1434
vn -0.0526 0.9855 -0.1611
vn -0.0506 0.9846 -0.1673
vn -0.0548 0.9855 -0.1605
vn -0.0400 0.9873 -0.1537
vn -0.0083 0.9887 -0.1496
vn -0.0076 0.9905 -0.1375
vn -0.0037 0.9933 -0.1155
vn 0.0333 0.9953 -0.0911
vn 0.0388 0.9974 -0.0613
vn 0.0359 0.9991 -0.0234
vn 0.0466 0.9989 0.0065
vn 0.0399 0.9991 0.0156
vn 0.0300 0.9995 0.0063
vn 0.0368 0.9993 -0.0015
vn 0.0528 0.9985 0.0148
vn 0.0525 0.9978 0.0407
vn 0.0582 0.9968 0.0544
vn 0.0534 0.9965 0.0646
vn 0.0199 0.9961 0.0854
vn 0.0202 0.9946 0.1014
vn 0.0483 0.9947 0.0911
vn 0.0515 0.9969 0.0590
vn 0.0184 0.9997 0.0186
vn -0.0223 0.9997 -0.0138
vn -0.0289 0.9990 -0.0330
vn 0.0009 0.9986 -0.0535
vn 0.0704 0.9955 -0.0638
vn 0.1002 0.9929 -0.0636
vn 0.0746 0.9946 -0.0724
vn 0.0533 0.9947 -0.0876
vn 0.0384 0.9943 -0.0995
vn 0.0340 0.9942 -0.1023
vn 0.0604 0.9934 -0.0973
vn 0.0635 0.9939 -0.0899
vn 0.0057 0.9962 -0.0874
vn -0.0494 0.9937 -0.1002
vn -0.0538 0.9920 -0.1146
vn -0.0462 0.9915 -0.1218
vn -0.0489 0.9905 -0.1287
vn -0.0470 0.9887 -0.1421
vn -0.0449 0.9877 -0.1499
vn -0.0806 0.9868 -0.1404
vn -0.1286 0.9832 -0.1299
vn -0.0840 0.9882 -0.1281
vn -0.0406 0.9923 -0.1168
vn -0.3913 0.9158 -0.0903
vn -0.0316 0.9892 -0.1433
vn 0.3499 0.9257 -0.1435
vn -0.0685 0.9850 -0.1582
vn -0.0634 0.9808 -0.1842
vn -0.0465 0.9788 -0.1994
vn -0.0625 0.9798 -0.1900
vn -0.0687 0.9827 -0.1722
vn -0.0510 0.9867 -0.1543
vn -0.0223 0.9912 -0.1302
vn -0.0246 0.9943 -0.1042
vn -0.0165 0.9958 -0.0896
vn 0.0230 0.9962 -0.0838
vn 0.0113 0.9973 -0.0719
vn 0.0033 0.9990 -0.0457
vn 0.0302 0.9993 -0.0240
vn 0.0406 0.9990 -0.0205
vn 0.0337 0.9993 -0.0188
vn 0.0250 0.9997 -0.0031
vn 0.0188 0.9994 0.0291
vn 0.0308 0.9976 0.0627
vn 0.0527 0.9955 0.0783
vn 0.0389 0.9953 0.0889
vn 0.0057 0.9953 0.0963
vn 0.0263 0.9958 0.0879
vn 0.0669 0.9949 0.0751
vn 0.0743 0.9951 0.0659
vn 0.0593 0.9973 0.0437
vn 0.0124 0.9999 0.0015
vn 0.0010 0.9991 -0.0423
vn 0.0279 0.9968 -0.0744
vn 0.0682 0.9940 -0.0853
vn 0.0917 0.9931 -0.0732
vn 0.0831 0.9944 -0.0649
vn 0.0679 0.9950 -0.0739
vn 0.0487 0.9950 -0.0876
vn 0.0354 0.9946 -0.0971
vn 0.0494 0.9945 -0.0923
vn 0.0435 0.9966 -0.0706
vn 0.0113 0.9980 -0.0621
vn -0.0163 0.9958 -0.0900
vn -0.0331 0.9911 -0.1292
vn -0.0329 0.9876 -0.1535
vn -0.0421 0.9858 -0.1626
vn -0.0457 0.9867 -0.1558
vn -0.0571 0.9889 -0.1369
vn -0.1016 0.9882 -0.1147
vn -0.1182 0.9862 -0.1155
vn -0.0768 0.9880 -0.1337
vn -0.0539 0.9889 -0.1381
vn -0.3870 0.9143 -0.1200
vn -0.0258 0.9866 -0.1608
vn 0.3501 0.9248 -0.1491
vn -0.0432 0.9837 -0.1747
vn -0.0457 0.9806 -0.1906
vn -0.0535 0.9810 -0.1866
vn -0.0793 0.9820 -0.1712
vn -0.0829 0.9843 -0.1556
vn -0.0728 0.9883 -0.1343
vn -0.0511 0.9936 -0.1009
vn -0.0425 0.9964 -0.0728
vn -0.0160 0.9978 -0.0644
vn 0.0277 0.9971 -0.0708
vn 0.0043 0.9968 -0.0802
vn -0.0190 0.9969 -0.0769
vn 0.0116 0.9982 -0.0589
vn 0.0289 0.9991 -0.0325
vn 0.0144 0.9999 0.0007
vn 0.0046 0.9995 0.0323
vn -0.0147 0.9981 0.0602
vn 0.0089 0.9961 0.0877
vn 0.0499 0.9937 0.1007
vn 0.0347 0.9946 0.0978
vn 0.0166 0.9963 0.0842
vn 0.0515 0.9972 0.0545
vn 0.0738 0.9966 0.0357
vn 0.0710 0.9965 0.0450
vn 0.0850 0.9953 0.0462
vn 0.0612 0.9980 0.0160
vn 0.0406 0.9988 -0.0269
vn 0.0497 0.9972 -0.0567
vn 0.0723 0.9948 -0.0724
vn 0.0831 0.9933 -0.0801
vn 0.0805 0.9938 -0.0770
vn 0.0728 0.9949 -0.0705
vn 0.0528 0.9963 -0.0673
vn 0.0450 0.9963 -0.0735
vn 0.0437 0.9956 -0.0833
vn 0.0299 0.9959 -0.0857
vn 0.0273 0.9952 -0.0943
vn 0.0245 0.9927 -0.1177
vn -0.0031 0.9894 -0.1455
vn -0.0142 0.9858 -0.1670
vn -0.0414 0.9835 -0.1760
vn -0.0712 0.9849 -0.1578
vn -0.0853 0.9885 -0.1245
vn -0.1123 0.9876 -0.1093
vn -0.1071 0.9882 -0.1099
vn -0.0642 0.9912 -0.1157
vn -0.0418 0.9901 -0.1337
vn -0.3705 0.9191 -0.1342
vn -0.0171 0.9913 -0.1305
vn 0.3547 0.9284 -0.1110
vn -0.0292 0.9898 -0.1393
vn -0.0513 0.9900 -0.1315
vn -0.0691 0.9914 -0.1113
vn -0.0844 0.9913 -0.1011
vn -0.0894 0.9911 -0.0984
vn -0.0878 0.9920 -0.0912
vn -0.0746 0.9940 -0.0796
vn -0.0550 0.9961 -0.0692
vn -0.0154 0.9978 -0.0647
vn 0.0301 0.9977 -0.0600
vn 0.0180 0.9977 -0.0649
vn -0.0209 0.9966 -0.0792
vn -0.0082 0.9971 -0.0757
vn -0.0024 0.9988 -0.0485
vn -0.0216 0.9997 -0.0103
vn -0.0176 0.9996 0.0206
vn -0.0361 0.9987 0.0367
vn -0.0146 0.9984 0.0544
vn 0.0357 0.9963 0.0779
vn 0.0396 0.9951 0.0901
vn 0.0421 0.9965 0.0727
vn 0.0746 0.9959 0.0507
vn 0.0756 0.9962 0.0423
vn 0.0673 0.9971 0.0351
vn 0.0973 0.9949 0.0251
vn 0.0974 0.9952 0.0098
vn 0.0750 0.9971 -0.0148
vn 0.0722 0.9965 -0.0415
vn 0.0937 0.9932 -0.0687
vn 0.0883 0.9923 -0.0866
vn 0.0647 0.9948 -0.0792
vn 0.0574 0.9967 -0.0568
vn 0.0568 0.9971 -0.0512
vn 0.0630 0.9958 -0.0665
vn 0.0605 0.9942 -0.0892
vn 0.0476 0.9921 -0.1164
vn 0.0522 0.9883 -0.1430
vn 0.0483 0.9858 -0.1606
vn 0.0124 0.9859 -0.1667
vn -0.0075 0.9861 -0.1659
vn -0.0448 0.9858 -0.1620
vn -0.0980 0.9835 -0.1521
vn -0.1087 0.9847 -0.1364
vn -0.1166 0.9854 -0.1237
vn -0.1141 0.9872 -0.1111
vn -0.0601 0.9928 -0.1035
vn -0.0222 0.9938 -0.1088
vn -0.3677 0.9238 -0.1065
vn -0.0045 0.9933 -0.1154
vn 0.3662 0.9250 -0.1008
vn -0.0266 0.9923 -0.1208
vn -0.0664 0.9911 -0.1151
vn -0.0840 0.9910 -0.1039
vn -0.0884 0.9916 -0.0940
vn -0.0927 0.9917 -0.0887
vn -0.0937 0.9919 -0.0853
vn -0.0899 0.9932 -0.0740
vn -0.0644 0.9963 -0.0564
vn -0.0190 0.9989 -0.0434
vn 0.0283 0.9989 -0.0382
vn 0.0340 0.9984 -0.0441
vn -0.0111 0.9984 -0.0547
vn -0.0196 0.9984 -0.0534
vn -0.0224 0.9987 -0.0452
vn -0.0424 0.9982 -0.0414
vn -0.0330 0.9987 -0.0380
vn -0.0480 0.9983 -0.0318
vn -0.0413 0.9990 -0.0153
vn 0.0003 0.9998 0.0199
vn 0.0349 0.9983 0.0458
vn 0.0685 0.9969 0.0381
vn 0.0812 0.9964 0.0249
vn 0.0784 0.9966 0.0238
vn 0.0819 0.9966 0.0134
vn 0.1017 0.9948 0.0035
vn 0.1140 0.9935 -0.0011
vn 0.1053 0.9942 -0.0218
vn 0.1015 0.9935 -0.0517
vn 0.1082 0.9919 -0.0664
vn 0.0845 0.9946 -0.0603
vn 0.0516 0.9972 -0.0545
vn 0.0464 0.9974 -0.0547
vn 0.0602 0.9968 -0.0530
vn 0.0808 0.9951 -0.0572
vn 0.0871 0.9932 -0.0768
vn 0.0838 0.9905 -0.1092
vn 0.0793 0.9868 -0.1415
vn 0.0541 0.9864 -0.1553
vn 0.0122 0.9877 -0.1558
vn -0.0154 0.9885 -0.1503
vn -0.0539 0.9886 -0.1408
vn -0.1007 0.9848 -0.1416
vn -0.1194 0.9822 -0.1447
vn -0.1302 0.9824 -0.1338
vn -0.1257 0.9845 -0.1220
vn -0.0626 0.9912 -0.1168
vn -0.0199 0.9936 -0.1115
vn -0.3724 0.9219 -0.1065
vn -0.0073 0.9937 -0.1120
vn 0.3625 0.9258 -0.1071
vn -0.0269 0.9943 -0.1034
vn -0.0633 0.9917 -0.1119
vn -0.0863 0.9885 -0.1245
vn -0.0948 0.9874 -0.1267
vn -0.0932 0.9876 -0.1267
vn -0.0990 0.9870 -0.1268
vn -0.1136 0.9871 -0.1130
vn -0.0876 0.9924 -0.0864
vn -0.0360 0.9976 -0.0597
vn 0.0143 0.9993 -0.0349
vn 0.0391 0.9991 -0.0171
vn -0.0056 0.9999 -0.0129
vn -0.0239 0.9997 -0.0091
vn -0.0153 0.9998 -0.0144
vn -0.0354 0.9989 -0.0306
vn -0.0340 0.9986 -0.0409
vn -0.0480 0.9978 -0.0464
vn -0.0574 0.9972 -0.0478
vn -0.0347 0.9988 -0.0335
vn 0.0254 0.9995 -0.0197
vn 0.0853 0.9961 -0.0237
vn 0.0847 0.9959 -0.0332
vn 0.0837 0.9956 -0.0416
vn 0.0873 0.9953 -0.0419
vn 0.0927 0.9953 -0.0289
vn 0.1241 0.9920 -0.0252
vn 0.1311 0.9906 -0.0393
vn 0.1167 0.9920 -0.0484
vn 0.0953 0.9948 -0.0364
vn 0.0662 0.9977 -0.0149
vn 0.0635 0.9978 -0.0176
vn 0.0601 0.9972 -0.0437
vn 0.0609 0.9964 -0.0589
vn 0.0823 0.9950 -0.0559
vn 0.0957 0.9943 -0.0478
vn 0.1087 0.9928 -0.0502
vn 0.1045 0.9919 -0.0720
vn 0.0626 0.9933 -0.0972
vn 0.0193 0.9929 -0.1177
vn -0.0207 0.9915 -0.1283
vn -0.0660 0.9901 -0.1239
vn -0.0987 0.9883 -0.1160
vn -0.1266 0.9857 -0.1111
vn -0.1395 0.9842 -0.1087
vn -0.1204 0.9856 -0.1188
vn -0.0627 0.9897 -0.1284
vn -0.0250 0.9915 -0.1277
vn -0.3700 0.9210 -0.1217
vn -0.0241 0.9938 -0.1082
vn 0.3536 0.9295 -0.1046
vn -0.0259 0.9944 -0.1022
vn -0.0440 0.9926 -0.1135
vn -0.0780 0.9888 -0.1273
vn -0.0942 0.9865 -0.1337
vn -0.0899 0.9863 -0.1385
vn -0.1031 0.9850 -0.1383
vn -0.1310 0.9826 -0.1314
vn -0.1086 0.9866 -0.1217
vn -0.0672 0.9927 -0.1005
vn -0.0270 0.9982 -0.0534
vn 0.0116 0.9999 0.0021
vn -0.0052 0.9995 0.0302
vn -0.0165 0.9996 0.0216
vn -0.0027 1.0000 0.0075
vn -0.0208 0.9998 -0.0027
vn -0.0222 0.9996 -0.0191
vn -0.0278 0.9985 -0.0462
vn -0.0605 0.9963 -0.0612
vn -0.0587 0.9971 -0.0490
vn 0.0266 0.9987 -0.0438
vn 0.0925 0.9943 -0.0527
vn 0.0895 0.9944 -0.0557
vn 0.0968 0.9931 -0.0665
vn 0.0811 0.9939 -0.0745
vn 0.0715 0.9956 -0.0600
vn 0.1209 0.9919 -0.0401
vn 0.1365 0.9902 -0.0279
vn 0.1067 0.9942 -0.0145
vn 0.0774 0.9970 -0.0018
vn 0.0627 0.9980 -0.0042
vn 0.0840 0.9963 -0.0175
vn 0.0898 0.9952 -0.0388
vn 0.0785 0.9947 -0.0664
vn 0.0754 0.9941 -0.0776
vn 0.0747 0.9954 -0.0593
vn 0.0996 0.9946 -0.0307
vn 0.1117 0.9937 -0.0124
vn 0.0868 0.9959 -0.0240
vn 0.0504 0.9967 -0.0630
vn -0.0087 0.9951 -0.0983
vn -0.0720 0.9911 -0.1116
vn -0.1060 0.9885 -0.1082
vn -0.1333 0.9859 -0.1009
vn -0.1383 0.9855 -0.0988
vn -0.1048 0.9889 -0.1048
vn -0.0563 0.9916 -0.1163
vn -0.0270 0.9922 -0.1217
vn -0.3722 0.9208 -0.1166
vn -0.0333 0.9930 -0.1132
vn 0.3471 0.9318 -0.1060
vn -0.0240 0.9933 -0.1130
vn -0.0358 0.9932 -0.1112
vn -0.0761 0.9914 -0.1067
vn -0.0917 0.9903 -0.1047
vn -0.0853 0.9905 -0.1076
vn -0.0991 0.9883 -0.1159
vn -0.1279 0.9835 -0.1282
vn -0.1154 0.9842 -0.1340
vn -0.0990 0.9881 -0.1177
vn -0.0888 0.9936 -0.0702
vn -0.0384 0.9992 -0.0102
vn -0.0115 0.9997 0.0197
vn -0.0026 0.9998 0.0186
vn 0.0076 1.0000 0.0062
vn -0.0064 0.9999 -0.0087
vn -0.0010 0.9995 -0.0310
vn -0.0015 0.9985 -0.0552
vn -0.0578 0.9959 -0.0690
vn -0.0706 0.9949 -0.0714
vn 0.0237 0.9974 -0.0679
vn 0.0916 0.9939 -0.0612
vn 0.0936 0.9937 -0.0619
vn 0.1068 0.9920 -0.0674
vn 0.0827 0.9940 -0.0718
vn 0.0535 0.9962 -0.0690
vn 0.0949 0.9945 -0.0437
vn 0.1204 0.9926 -0.0133
vn 0.0970 0.9953 -0.0027
vn 0.0819 0.9966 -0.0107
vn 0.0806 0.9963 -0.0292
vn 0.0979 0.9942 -0.0444
vn 0.1118 0.9922 -0.0550
vn 0.1005 0.9926 -0.0674
vn 0.0667 0.9953 -0.0695
vn 0.0482 0.9972 -0.0566
vn 0.0698 0.9970 -0.0324
vn 0.0928 0.9957 -0.0058
vn 0.1034 0.9946 0.0046
vn 0.0838 0.9965 -0.0083
vn 0.0214 0.9990 -0.0393
vn -0.0554 0.9956 -0.0757
vn -0.1070 0.9895 -0.0970
vn -0.1269 0.9859 -0.1095
vn -0.1301 0.9838 -0.1232
vn -0.1023 0.9870 -0.1242
vn -0.0530 0.9917 -0.1170
vn -0.0264 0.9930 -0.1152
vn -0.3749 0.9208 -0.1073
vn -0.0326 0.9944 -0.1007
vn 0.3516 0.9318 -0.0898
vn -0.0256 0.9946 -0.1007
vn -0.0465 0.9947 -0.0911
vn -0.0767 0.9934 -0.0850
vn -0.0873 0.9921 -0.0903
vn -0.0808 0.9920 -0.0967
vn -0.0850 0.9907 -0.1064
vn -0.1146 0.9860 -0.1208
vn -0.1175 0.9850 -0.1261
vn -0.1275 0.9855 -0.1116
vn -0.1348 0.9874 -0.0825
vn -0.0754 0.9954 -0.0592
vn -0.0290 0.9988 -0.0403
vn -0.0018 0.9995 -0.0300
vn 0.0142 0.9994 -0.0305
vn 0.0061 0.9993 -0.0381
vn 0.0142 0.9988 -0.0471
vn 0.0057 0.9989 -0.0468
vn -0.0348 0.9976 -0.0593
vn -0.0510 0.9935 -0.1014
vn 0.0100 0.9930 -0.1178
vn 0.0721 0.9926 -0.0977
vn 0.0901 0.9929 -0.0776
vn 0.1052 0.9922 -0.0669
vn 0.0888 0.9938 -0.0666
vn 0.0476 0.9964 -0.0698
vn 0.0580 0.9970 -0.0520
vn 0.0946 0.9953 -0.0210
vn 0.1008 0.9949 -0.0110
vn 0.0944 0.9954 -0.0191
vn 0.0983 0.9947 -0.0286
vn 0.1046 0.9939 -0.0359
vn 0.1151 0.9928 -0.0346
vn 0.1013 0.9945 -0.0275
vn 0.0579 0.9981 -0.0217
vn 0.0364 0.9992 -0.0186
vn 0.0506 0.9986 -0.0148
vn 0.0741 0.9972 -0.0069
vn 0.0964 0.9953 0.0065
vn 0.0914 0.9957 0.0170
vn 0.0500 0.9987 0.0090
vn -0.0203 0.9996 -0.0209
vn -0.0850 0.9946 -0.0594
vn -0.1002 0.9904 -0.0952
vn -0.1132 0.9861 -0.1216
vn -0.1124 0.9856 -0.1265
vn -0.0643 0.9913 -0.1151
vn -0.0312 0.9942 -0.1032
vn -0.3710 0.9241 -0.0917
vn -0.0212 0.9960 -0.0873
vn 0.3569 0.9315 -0.0704
vn -0.0267 0.9949 -0.0967
vn -0.0522 0.9937 -0.0992
vn -0.0678 0.9919 -0.1074
vn -0.0744 0.9898 -0.1216
vn -0.0778 0.9886 -0.1291
vn -0.0834 0.9888 -0.1237
vn -0.1085 0.9873 -0.1163
vn -0.1216 0.9863 -0.1118
vn -0.1442 0.9840 -0.1043
vn -0.1458 0.9838 -0.1046
vn -0.0931 0.9903 -0.1030
vn -0.0545 0.9950 -0.0837
vn -0.0141 0.9980 -0.0610
vn 0.0136 0.9987 -0.0493
vn 0.0145 0.9986 -0.0516
vn 0.0207 0.9980 -0.0599
vn 0.0053 0.9978 -0.0667
vn -0.0065 0.9966 -0.0824
vn -0.0090 0.9936 -0.1127
vn 0.0044 0.9907 -0.1357
vn 0.0413 0.9915 -0.1236
vn 0.0625 0.9942 -0.0877
vn 0.0955 0.9934 -0.0630
vn 0.0903 0.9944 -0.0549
vn 0.0478 0.9975 -0.0518
vn 0.0335 0.9984 -0.0451
vn 0.0662 0.9975 -0.0235
vn 0.0969 0.9953 -0.0004
vn 0.0959 0.9953 0.0109
vn 0.1107 0.9938 0.0087
vn 0.1117 0.9937 -0.0023
vn 0.1058 0.9944 -0.0015
vn 0.0941 0.9955 0.0054
vn 0.0611 0.9981 0.0011
vn 0.0381 0.9992 -0.0078
vn 0.0398 0.9992 -0.0042
vn 0.0590 0.9982 0.0109
vn 0.0853 0.9961 0.0207
vn 0.0943 0.9954 0.0167
vn 0.0680 0.9977 0.0058
vn 0.0106 0.9999 -0.0096
vn -0.0464 0.9983 -0.0362
vn -0.0703 0.9953 -0.0669
vn -0.0995 0.9914 -0.0850
vn -0.1197 0.9887 -0.0905
vn -0.0786 0.9932 -0.0862
vn -0.0414 0.9961 -0.0780
vn -0.3794 0.9225 -0.0705
vn 0.0016 0.9964 -0.0843
vn 0.3658 0.9282 -0.0673
vn -0.0194 0.9947 -0.1011
vn -0.0453 0.9928 -0.1105
vn -0.0544 0.9913 -0.1200
vn -0.0593 0.9894 -0.1327
vn -0.0720 0.9869 -0.1445
vn -0.0927 0.9850 -0.1457
vn -0.1106 0.9839 -0.1405
vn -0.1317 0.9824 -0.1321
vn -0.1549 0.9808 -0.1182
vn -0.1424 0.9836 -0.1112
vn -0.1042 0.9888 -0.1068
vn -0.0774 0.9927 -0.0926
vn -0.0321 0.9966 -0.0758
vn 0.0071 0.9979 -0.0647
vn 0.0225 0.9976 -0.0662
vn 0.0313 0.9964 -0.0793
vn 0.0137 0.9956 -0.0923
vn 0.0114 0.9945 -0.1041
vn 0.0149 0.9931 -0.1165
vn 0.0062 0.9928 -0.1195
vn 0.0152 0.9942 -0.1064
vn 0.0371 0.9952 -0.0902
vn 0.0783 0.9943 -0.0723
vn 0.0732 0.9962 -0.0468
vn 0.0439 0.9986 -0.0289
vn 0.0280 0.9993 -0.0248
vn 0.0408 0.9991 -0.0130
vn 0.0751 0.9971 0.0114
vn 0.0880 0.9957 0.0281
vn 0.1186 0.9925 0.0308
vn 0.1177 0.9926 0.0286
vn 0.1013 0.9945 0.0270
vn 0.0964 0.9951 0.0220
vn 0.0692 0.9975 0.0155
vn 0.0396 0.9991 0.0145
vn 0.0216 0.9995 0.0243
vn 0.0479 0.9983 0.0344
vn 0.0914 0.9954 0.0288
vn 0.1096 0.9939 0.0134
vn 0.0834 0.9965 -0.0031
vn 0.0259 0.9996 -0.0146
vn -0.0187 0.9995 -0.0265
vn -0.0527 0.9978 -0.0398
vn -0.0914 0.9946 -0.0495
vn -0.1132 0.9917 -0.0614
vn -0.0829 0.9942 -0.0691
vn -0.0492 0.9966 -0.0668
vn -0.3865 0.9204 -0.0592
vn 0.0250 0.9961 -0.0848
vn 0.3780 0.9232 -0.0694
vn -0.0014 0.9946 -0.1039
vn -0.0337 0.9922 -0.1200
vn -0.0467 0.9908 -0.1272
vn -0.0462 0.9899 -0.1342
vn -0.0554 0.9871 -0.1499
vn -0.0864 0.9821 -0.1675
vn -0.1096 0.9781 -0.1772
vn -0.1463 0.9744 -0.1705
vn -0.1705 0.9733 -0.1534
vn -0.1549 0.9789 -0.1335
vn -0.1181 0.9864 -0.1139
vn -0.0812 0.9904 -0.1122
vn -0.0386 0.9916 -0.1233
vn -0.0091 0.9930 -0.1179
vn 0.0148 0.9951 -0.0981
vn 0.0402 0.9952 -0.0893
vn 0.0170 0.9959 -0.0888
vn 0.0134 0.9965 -0.0821
vn 0.0266 0.9964 -0.0810
vn 0.0018 0.9966 -0.0818
vn 0.0016 0.9973 -0.0732
vn 0.0319 0.9972 -0.0672
vn 0.0564 0.9969 -0.0545
vn 0.0467 0.9985 -0.0297
vn 0.0359 0.9993 -0.0130
vn 0.0292 0.9995 -0.0085
vn 0.0323 0.9994 -0.0127
vn 0.0560 0.9984 -0.0114
vn 0.0753 0.9972 -0.0001
vn 0.1084 0.9939 0.0179
vn 0.1062 0.9935 0.0399
vn 0.1005 0.9935 0.0530
vn 0.1036 0.9932 0.0528
vn 0.0720 0.9962 0.0492
vn 0.0362 0.9981 0.0489
vn 0.0136 0.9988 0.0479
vn 0.0564 0.9977 0.0370
vn 0.1023 0.9944 0.0259
vn 0.1178 0.9927 0.0240
vn 0.0922 0.9955 0.0225
vn 0.0340 0.9993 0.0154
vn 0.0063 1.0000 -0.0064
vn -0.0353 0.9988 -0.0328
vn -0.0869 0.9953 -0.0433
vn -0.1004 0.9938 -0.0477
vn -0.0774 0.9953 -0.0575
vn -0.0498 0.9967 -0.0643
vn -0.3830 0.9218 -0.0603
vn 0.0450 0.9965 -0.0707
vn 0.3801 0.9234 -0.0527
vn 0.0228 0.9956 -0.0913
vn -0.0178 0.9937 -0.1111
vn -0.0391 0.9913 -0.1255
vn -0.0318 0.9897 -0.1393
vn -0.0385 0.9876 -0.1519
vn -0.0725 0.9841 -0.1621
vn -0.1011 0.9797 -0.1731
vn -0.1538 0.9719 -0.1781
vn -0.1813 0.9675 -0.1761
vn -0.1802 0.9702 -0.1619
vn -0.1375 0.9804 -0.1408
vn -0.0678 0.9878 -0.1399
vn -0.0299 0.9876 -0.1544
vn -0.0291 0.9878 -0.1529
vn -0.0106 0.9913 -0.1312
vn 0.0291 0.9938 -0.1071
vn 0.0089 0.9960 -0.0894
vn -0.0051 0.9977 -0.0677
vn 0.0231 0.9987 -0.0447
vn 0.0102 0.9989 -0.0457
vn -0.0042 0.9986 -0.0526
vn 0.0210 0.9990 -0.0392
vn 0.0291 0.9995 -0.0093
vn 0.0291 0.9994 0.0168
vn 0.0381 0.9991 0.0197
vn 0.0404 0.9992 0.0049
vn 0.0439 0.9990 -0.0124
vn 0.0458 0.9988 -0.0153
vn 0.0589 0.9983 -0.0008
vn 0.0843 0.9962 0.0210
vn 0.0746 0.9959 0.0513
vn 0.0868 0.9929 0.0809
vn 0.1075 0.9899 0.0919
vn 0.0839 0.9932 0.0805
vn 0.0404 0.9970 0.0654
vn 0.0274 0.9983 0.0508
vn 0.0774 0.9965 0.0313
vn 0.1029 0.9944 0.0234
vn 0.1030 0.9939 0.0383
vn 0.0820 0.9948 0.0601
vn 0.0423 0.9971 0.0636
vn 0.0333 0.9984 0.0459
vn -0.0105 0.9998 0.0182
vn -0.0871 0.9962 -0.0004
vn -0.0923 0.9957 -0.0091
vn -0.0605 0.9978 -0.0263
vn -0.0415 0.9982 -0.0440
vn -0.3782 0.9244 -0.0485
vn 0.0617 0.9975 -0.0356
vn 0.3876 0.9216 -0.0222
vn 0.0466 0.9975 -0.0536
vn 0.0026 0.9971 -0.0764
vn -0.0271 0.9952 -0.0945
vn -0.0252 0.9945 -0.1020
vn -0.0400 0.9943 -0.0992
vn -0.0691 0.9930 -0.0961
vn -0.0809 0.9904 -0.1120
vn -0.1416 0.9801 -0.1391
vn -0.1777 0.9716 -0.1562
vn -0.1918 0.9679 -0.1626
vn -0.1516 0.9752 -0.1615
vn -0.0589 0.9850 -0.1621
vn -0.0235 0.9860 -0.1648
vn -0.0422 0.9861 -0.1604
vn -0.0364 0.9887 -0.1454
vn 0.0009 0.9930 -0.1179
vn -0.0114 0.9961 -0.0873
vn -0.0321 0.9976 -0.0611
vn 0.0090 0.9990 -0.0435
vn 0.0214 0.9990 -0.0385
vn -0.0085 0.9993 -0.0364
vn -0.0068 0.9999 -0.0153
vn -0.0027 0.9999 0.0164
vn 0.0180 0.9992 0.0348
vn 0.0521 0.9982 0.0312
vn 0.0574 0.9982 0.0170
vn 0.0492 0.9987 0.0150
vn 0.0327 0.9990 0.0289
vn 0.0469 0.9979 0.0443
vn 0.0636 0.9962 0.0592
vn 0.0483 0.9959 0.0762
vn 0.0734 0.9937 0.0852
vn 0.0962 0.9906 0.0971
vn 0.0871 0.9895 0.1153
vn 0.0534 0.9918 0.1165
vn 0.0641 0.9943 0.0852
vn 0.1090 0.9931 0.0437
vn 0.1047 0.9942 0.0229
vn 0.0760 0.9966 0.0324
vn 0.0568 0.9967 0.0581
vn 0.0486 0.9963 0.0705
vn 0.0530 0.9966 0.0624
vn 0.0179 0.9989 0.0443
vn -0.0633 0.9979 0.0146
vn -0.0730 0.9972 -0.0144
vn -0.0449 0.9986 -0.0279
vn -0.0378 0.9989 -0.0273
vn -0.3783 0.9253 -0.0267
vn 0.0656 0.9978 -0.0025
vn 0.3884 0.9215 -0.0012
vn 0.0597 0.9982 -0.0033
vn 0.0244 0.9995 -0.0178
vn -0.0108 0.9991 -0.0405
vn -0.0340 0.9984 -0.0455
vn -0.0552 0.9979 -0.0326
vn -0.0663 0.9973 -0.0315
vn -0.0543 0.9973 -0.0492
vn -0.1049 0.9909 -0.0842
vn -0.1546 0.9802 -0.1238
vn -0.1802 0.9721 -0.1499
vn -0.1477 0.9749 -0.1666
vn -0.0592 0.9832 -0.1727
vn -0.0303 0.9857 -0.1655
vn -0.0521 0.9867 -0.1541
vn -0.0594 0.9888 -0.1369
vn -0.0288 0.9933 -0.1120
vn -0.0357 0.9953 -0.0903
vn -0.0445 0.9956 -0.0819
vn -0.0036 0.9970 -0.0778
vn 0.0047 0.9983 -0.0587
vn -0.0266 0.9993 -0.0281
vn -0.0361 0.9993 -0.0006
vn -0.0176 0.9998 0.0115
vn 0.0152 0.9999 0.0076
vn 0.0537 0.9985 0.0083
vn 0.0531 0.9983 0.0243
vn 0.0293 0.9981 0.0534
vn 0.0166 0.9966 0.0803
vn 0.0444 0.9951 0.0887
vn 0.0504 0.9944 0.0925
vn 0.0414 0.9943 0.0981
vn 0.0711 0.9924 0.1001
vn 0.0707 0.9909 0.1145
vn 0.0582 0.9873 0.1477
vn 0.0603 0.9840 0.1675
vn 0.1150 0.9831 0.1425
vn 0.1492 0.9842 0.0955
vn 0.1232 0.9905 0.0619
vn 0.0709 0.9967 0.0384
vn 0.0428 0.9986 0.0314
vn 0.0570 0.9980 0.0284
vn 0.0625 0.9977 0.0246
vn 0.0383 0.9991 0.0201
vn -0.0194 0.9998 -0.0025
vn -0.0459 0.9984 -0.0318
vn -0.0513 0.9981 -0.0356
vn -0.0514 0.9985 -0.0198
vn -0.3862 0.9223 -0.0129
vn 0.0514 0.9985 0.0198
vn 0.3862 0.9223 0.0129
vn 0.0513 0.9981 0.0356
vn 0.0459 0.9984 0.0318
vn 0.0194 0.9998 0.0025
vn -0.0383 0.9991 -0.0201
vn -0.0625 0.9977 -0.0246
vn -0.0570 0.9980 -0.0284
vn -0.0428 0.9986 -0.0314
vn -0.0709 0.9967 -0.0384
vn -0.1232 0.9905 -0.0619
vn -0.1492 0.9842 -0.0955
vn -0.1150 0.9831 -0.1425
vn -0.0603 0.9840 -0.1675
vn -0.0582 0.9873 -0.1477
vn -0.0707 0.9909 -0.1145
vn -0.0711 0.9924 -0.1001
vn -0.0414 0.9943 -0.0981
vn -0.0504 0.9944 -0.0925
vn -0.0444 0.9951 -0.0887
vn -0.0166 0.9966 -0.0803
vn -0.0293 0.9981 -0.0534
vn -0.0531 0.9983 -0.0243
vn -0.0537 0.9985 -0.0083
vn -0.0152 0.9999 -0.0076
vn 0.0176 0.9998 -0.0115
vn 0.0361 0.9993 0.0006
vn 0.0266 0.9993 0.0281
vn -0.0047 0.9983 0.0587
vn 0.0036 0.9970 0.0778
vn 0.0445 0.9956 0.0819
vn 0.0357 0.9953 0.0903
vn 0.0288 0.9933 0.1120
vn 0.0594 0.9888 0.1369
vn 0.0521 0.9867 0.1541
vn 0.0303 0.9857 0.1655
vn 0.0592 0.9832 0.1727
vn 0.1477 0.9749 0.1666
vn 0.1802 0.9721 0.1499
vn 0.1546 0.9802 0.1238
vn 0.1049 0.9909 0.0842
vn 0.0543 0.9973 0.0492
vn 0.0663 0.9973 0.0315
vn 0.0552 0.9979 0.0326
vn 0.0340 0.9984 0.0455
vn 0.0108 0.9991 0.0405
vn -0.0244 0.9995 0.0178
vn -0.0597 0.9982 0.0033
vn -0.0656 0.9978 0.0025
vn -0.3884 0.9215 0.0012
vn 0.0378 0.9989 0.0273
vn 0.3783 0.9253 0.0267
vn 0.0449 0.9986 0.0279
vn 0.0730 0.9972 0.0144
vn 0.0633 0.9979 -0.0146
vn -0.0179 0.9989 -0.0443
vn -0.0530 0.9966 -0.0624
vn -0.0486 0.9963 -0.0705
vn -0.0568 0.9967 -0.0581
vn -0.0760 0.9966 -0.0324
vn -0.1047 0.9942 -0.0229
vn -0.1090 0.9931 -0.0437
vn -0.0641 0.9943 -0.0852
vn -0.0534 0.9918 -0.1165
vn -0.0871 0.9895 -0.1153
vn -0.0962 0.9906 -0.0971
vn -0.0734 0.9937 -0.0852
vn -0.0483 0.9959 -0.0762
vn -0.0636 0.9962 -0.0592
vn -0.0469 0.9979 -0.0443
vn -0.0327 0.9990 -0.0289
vn -0.0492 0.9987 -0.0150
vn -0.0574 0.9982 -0.0170
vn -0.0521 0.9982 -0.0312
vn -0.0180 0.9992 -0.0348
vn 0.0027 0.9999 -0.0164
vn 0.0068 0.9999 0.0153
vn 0.0085 0.9993 0.0364
vn -0.0214 0.9990 0.0385
vn -0.0090 0.9990 0.0435
vn 0.0321 0.9976 0.0611
vn 0.0114 0.9961 0.0873
vn -0.0009 0.9930 0.1179
vn 0.0364 0.9887 0.1454
vn 0.0422 0.9861 0.1604
vn 0.0235 0.9860 0.1648
vn 0.0589 0.9850 0.1621
vn 0.1516 0.9752 0.1615
vn 0.1918 0.9679 0.1626
vn 0.1777 0.9716 0.1562
vn 0.1416 0.9801 0.1391
vn 0.0809 0.9904 0.1120
vn 0.0691 0.9930 0.0961
vn 0.0400 0.9943 0.0992
vn 0.0252 0.9945 0.1020
vn 0.0271 0.9952 0.0945
vn -0.0026 0.9971 0.0764
vn -0.0466 0.9975 0.0536
vn -0.0617 0.9975 0.0356
vn -0.3876 0.9216 0.0222
vn 0.0415 0.9982 0.0440
vn 0.3782 0.9244 0.0485
vn 0.0605 0.9978 0.0263
vn 0.0923 0.9957 0.0091
vn 0.0871 0.9962 0.0004
vn 0.0105 0.9998 -0.0182
vn -0.0333 0.9984 -0.0459
vn -0.0423 0.9971 -0.0636
vn -0.0820 0.9948 -0.0601
vn -0.1030 0.9939 -0.0383
vn -0.1029 0.9944 -0.0234
vn -0.0774 0.9965 -0.0313
vn -0.0274 0.9983 -0.0508
vn -0.0404 0.9970 -0.0654
vn -0.0839 0.9932 -0.0805
vn -0.1075 0.9899 -0.0919
vn -0.0868 0.9929 -0.0809
vn -0.0746 0.9959 -0.0513
vn -0.0843 0.9962 -0.0210
vn -0.0589 0.9983 0.0008
vn -0.0458 0.9988 0.0153
vn -0.0439 0.9990 0.0124
vn -0.0404 0.9992 -0.0049
vn -0.0381 0.9991 -0.0197
vn -0.0291 0.9994 -0.0168
vn -0.0291 0.9995 0.0093
vn -0.0210 0.9990 0.0392
vn 0.0042 0.9986 0.0526
vn -0.0102 0.9989 0.0457
vn -0.0231 0.9987 0.0447
vn 0.0051 0.9977 0.0677
vn -0.0089 0.9960 0.0894
vn -0.0291 0.9938 0.1071
vn 0.0106 0.9913 0.1312
vn 0.0291 0.9878 0.1529
vn 0.0299 0.9876 0.1544
vn 0.0678 0.9878 0.1399
vn 0.1375 0.9804 0.1408
vn 0.1802 0.9702 0.1619
vn 0.1813 0.9675 0.1761
vn 0.1538 0.9719 0.1781
vn 0.1011 0.9797 0.1731
vn 0.0725 0.9841 0.1621
vn 0.0385 0.9876 0.1519
vn 0.0318 0.9897 0.1393
vn 0.0391 0.9913 0.1255
vn 0.0178 0.9937 0.1111
vn -0.0228 0.9956 0.0913
vn -0.0450 0.9965 0.0707
vn -0.3801 0.9234 0.0527
vn 0.0498 0.9967 0.0643
vn 0.3830 0.9218 0.0603
vn 0.0774 0.9953 0.0575
vn 0.1004 0.9938 0.0477
vn 0.0869 0.9953 0.0433
vn 0.0353 0.9988 0.0328
vn -0.0063 1.0000 0.0064
vn -0.0340 0.9993 -0.0154
vn -0.0922 0.9955 -0.0225
vn -0.1178 0.9927 -0.0240
vn -0.1023 0.9944 -0.0259
vn -0.0564 0.9977 -0.0370
vn -0.0136 0.9988 -0.0479
vn -0.0362 0.9981 -0.0489
vn -0.0720 0.9962 -0.0492
vn -0.1036 0.9932 -0.0528
vn -0.1005 0.9935 -0.0530
vn -0.1062 0.9935 -0.0399
vn -0.1084 0.9939 -0.0179
vn -0.0753 0.9972 0.0001
vn -0.0560 0.9984 0.0114
vn -0.0323 0.9994 0.0127
vn -0.0292 0.9995 0.0085
vn -0.0359 0.9993 0.0130
vn -0.0467 0.9985 0.0297
vn -0.0564 0.9969 0.0545
vn -0.0319 0.9972 0.0672
vn -0.0016 0.9973 0.0732
vn -0.0018 0.9966 0.0818
vn -0.0266 0.9964 0.0810
vn -0.0134 0.9965 0.0821
vn -0.0170 0.9959 0.0888
vn -0.0402 0.9952 0.0893
vn -0.0148 0.9951 0.0981
vn 0.0091 0.9930 0.1179
vn 0.0386 0.9916 0.1233
vn 0.0812 0.9904 0.1122
vn 0.1181 0.9864 0.1139
vn 0.1549 0.9789 0.1335
vn 0.1705 0.9733 0.1534
vn 0.1463 0.9744 0.1705
vn 0.1096 0.9781 0.1772
vn 0.0864 0.9821 0.1675
vn 0.0554 0.9871 0.1499
vn 0.0462 0.9899 0.1342
vn 0.0467 0.9908 0.1272
vn 0.0337 0.9922 0.1200
vn 0.0014 0.9946 0.1039
vn -0.0250 0.9961 0.0848
vn -0.3780 0.9232 0.0694
vn 0.0492 0.9966 0.0668
vn 0.3865 0.9204 0.0592
vn 0.0829 0.9942 0.0691
vn 0.1132 0.9917 0.0614
vn 0.0914 0.9946 0.0495
vn 0.0527 0.9978 0.0398
vn 0.0187 0.9995 0.0265
vn -0.0259 0.9996 0.0146
vn -0.0834 0.9965 0.0031
vn -0.1096 0.9939 -0.0134
vn -0.0914 0.9954 -0.0288
vn -0.0479 0.9983 -0.0344
vn -0.0216 0.9995 -0.0243
vn -0.0396 0.9991 -0.0145
vn -0.0692 0.9975 -0.0155
vn -0.0964 0.9951 -0.0220
vn -0.1013 0.9945 -0.0270
vn -0.1177 0.9926 -0.0286
vn -0.1186 0.9925 -0.0308
vn -0.0880 0.9957 -0.0281
vn -0.0751 0.9971 -0.0114
vn -0.0408 0.9991 0.0130
vn -0.0280 0.9993 0.0248
vn -0.0439 0.9986 0.0289
vn -0.0732 0.9962 0.0468
vn -0.0783 0.9943 0.0723
vn -0.0371 0.9952 0.0902
vn -0.0152 0.9942 0.1064
vn -0.0062 0.9928 0.1195
vn -0.0149 0.9931 0.1165
vn -0.0114 0.9945 0.1041
vn -0.0137 0.9956 0.0923
vn -0.0313 0.9964 0.0793
vn -0.0225 0.9976 0.0662
vn -0.0071 0.9979 0.0647
vn 0.0321 0.9966 0.0758
vn 0.0774 0.9927 0.0926
vn 0.1042 0.9888 0.1068
vn 0.1424 0.9836 0.1112
vn 0.1549 0.9808 0.1182
vn 0.1317 0.9824 0.1321
vn 0.1106 0.9839 0.1405
vn 0.0927 0.9850 0.1457
vn 0.0720 0.9869 0.1445
vn 0.0593 0.9894 0.1327
vn 0.0544 0.9913 0.1200
vn 0.0453 0.9928 0.1105
vn 0.0194 0.9947 0.1011
vn -0.0016 0.9964 0.0843
vn -0.3658 0.9282 0.0673
vn 0.0414 0.9961 0.0780
vn 0.3794 0.9225 0.0705
vn 0.0786 0.9932 0.0862
vn 0.1197 0.9887 0.0905
vn 0.0995 0.9914 0.0850
vn 0.0703 0.9953 0.0669
vn 0.0464 0.9983 0.0362
vn -0.0106 0.9999 0.0096
vn -0.0680 0.9977 -0.0058
vn -0.0943 0.9954 -0.0167
vn -0.0853 0.9961 -0.0207
vn -0.0590 0.9982 -0.0109
vn -0.0398 0.9992 0.0042
vn -0.0381 0.9992 0.0078
vn -0.0611 0.9981 -0.0011
vn -0.0941 0.9955 -0.0054
vn -0.1058 0.9944 0.0015
vn -0.1117 0.9937 0.0023
vn -0.1107 0.9938 -0.0087
vn -0.0959 0.9953 -0.0109
vn -0.0969 0.9953 0.0004
vn -0.0662 0.9975 0.0235
vn -0.0335 0.9984 0.0451
vn -0.0478 0.9975 0.0518
vn -0.0903 0.9944 0.0549
vn -0.0955 0.9934 0.0630
vn -0.0625 0.9942 0.0877
vn -0.0413 0.9915 0.1236
vn -0.0044 0.9907 0.1357
vn 0.0090 0.9936 0.1127
vn 0.0065 0.9966 0.0824
vn -0.0053 0.9978 0.0667
vn -0.0207 0.9980 0.0599
vn -0.0145 0.9986 0.0516
vn -0.0136 0.9987 0.0493
vn 0.0141 0.9980 0.0610
vn 0.0545 0.9950 0.0837
vn 0.0931 0.9903 0.1030
vn 0.1458 0.9838 0.1046
vn 0.1442 0.9840 0.1043
vn 0.1216 0.9863 0.1118
vn 0.1085 0.9873 0.1163
vn 0.0834 0.9888 0.1237
vn 0.0778 0.9886 0.1291
vn 0.0744 0.9898 0.1216
vn 0.0678 0.9919 0.1074
vn 0.0522 0.9937 0.0992
vn 0.0267 0.9949 0.0967
vn 0.0212 0.9960 0.0873
vn -0.3569 0.9315 0.0704
vn 0.0312 0.9942 0.1032
vn 0.3710 0.9241 0.0917
vn 0.0643 0.9913 0.1151
vn 0.1124 0.9856 0.1265
vn 0.1132 0.9861 0.1216
vn 0.1002 0.9904 0.0952
vn 0.0850 0.9946 0.0594
vn 0.0203 0.9996 0.0209
vn -0.0500 0.9987 -0.0090
vn -0.0914 0.9957 -0.0170
vn -0.0964 0.9953 -0.0065
vn -0.0741 0.9972 0.0069
vn -0.0506 0.9986 0.0148
vn -0.0364 0.9992 0.0186
vn -0.0579 0.9981 0.0217
vn -0.1013 0.9945 0.0275
vn -0.1151 0.9928 0.0346
vn -0.1046 0.9939 0.0359
vn -0.0983 0.9947 0.0286
vn -0.0944 0.9954 0.0191
vn -0.1008 0.9949 0.0110
vn -0.0946 0.9953 0.0210
vn -0.0580 0.9970 0.0520
vn -0.0476 0.9964 0.0698
vn -0.0888 0.9938 0.0666
vn -0.1052 0.9922 0.0669
vn -0.0901 0.9929 0.0776
vn -0.0721 0.9926 0.0977
vn -0.0100 0.9930 0.1178
vn 0.0510 0.9935 0.1014
vn 0.0348 0.9976 0.0593
vn -0.0057 0.9989 0.0468
vn -0.0142 0.9988 0.0471
vn -0.0061 0.9993 0.0381
vn -0.0142 0.9994 0.0305
vn 0.0018 0.9995 0.0300
vn 0.0290 0.9988 0.0403
vn 0.0754 0.9954 0.0592
vn 0.1348 0.9874 0.0825
vn 0.1275 0.9855 0.1116
vn 0.1175 0.9850 0.1261
vn 0.1146 0.9860 0.1208
vn 0.0850 0.9907 0.1064
vn 0.0808 0.9920 0.0967
vn 0.0873 0.9921 0.0903
vn 0.0767 0.9934 0.0850
vn 0.0465 0.9947 0.0911
vn 0.0256 0.9946 0.1007
vn 0.0326 0.9944 0.1007
vn -0.3516 0.9318 0.0898
vn 0.0264 0.9930 0.1152
vn 0.3749 0.9208 0.1073
vn 0.0530 0.9917 0.1170
vn 0.1023 0.9870 0.1242
vn 0.1301 0.9838 0.1232
vn 0.1269 0.9859 0.1095
vn 0.1070 0.9895 0.0970
vn 0.0554 0.9956 0.0757
vn -0.0214 0.9990 0.0393
vn -0.0838 0.9965 0.0083
vn -0.1034 0.9946 -0.0046
vn -0.0928 0.9957 0.0058
vn -0.0698 0.9970 0.0324
vn -0.0482 0.9972 0.0566
vn -0.0667 0.9953 0.0695
vn -0.1005 0.9926 0.0674
vn -0.1118 0.9922 0.0550
vn -0.0979 0.9942 0.0444
vn -0.0806 0.9963 0.0292
vn -0.0819 0.9966 0.0107
vn -0.0970 0.9953 0.0027
vn -0.1204 0.9926 0.0133
vn -0.0949 0.9945 0.0437
vn -0.0535 0.9962 0.0690
vn -0.0827 0.9940 0.0718
vn -0.1068 0.9920 0.0674
vn -0.0936 0.9937 0.0619
vn -0.0916 0.9939 0.0612
vn -0.0237 0.9974 0.0679
vn 0.0706 0.9949 0.0714
vn 0.0578 0.9959 0.0690
vn 0.0015 0.9985 0.0552
vn 0.0010 0.9995 0.0310
vn 0.0064 0.9999 0.0087
vn -0.0076 1.0000 -0.0062
vn 0.0026 0.9998 -0.0186
vn 0.0115 0.9997 -0.0197
vn 0.0384 0.9992 0.0102
vn 0.0888 0.9936 0.0702
vn 0.0990 0.9881 0.1177
vn 0.1154 0.9842 0.1340
vn 0.1279 0.9835 0.1282
vn 0.0991 0.9883 0.1159
vn 0.0853 0.9905 0.1076
vn 0.0917 0.9903 0.1047
vn 0.0761 0.9914 0.1067
vn 0.0358 0.9932 0.1112
vn 0.0240 0.9933 0.1130
vn 0.0333 0.9930 0.1132
vn -0.3471 0.9318 0.1060
vn 0.0270 0.9922 0.1217
vn 0.3722 0.9208 0.1166
vn 0.0563 0.9916 0.1163
vn 0.1048 0.9889 0.1048
vn 0.1383 0.9855 0.0988
vn 0.1333 0.9859 0.1009
vn 0.1060 0.9885 0.1082
vn 0.0720 0.9911 0.1116
vn 0.0087 0.9951 0.0983
vn -0.0504 0.9967 0.0630
vn -0.0868 0.9959 0.0240
vn -0.1117 0.9937 0.0124
vn -0.0996 0.9946 0.0307
vn -0.0747 0.9954 0.0593
vn -0.0754 0.9941 0.0776
vn -0.0785 0.9947 0.0664
vn -0.0898 0.9952 0.0388
vn -0.0840 0.9963 0.0175
vn -0.0627 0.9980 0.0042
vn -0.0774 0.9970 0.0018
vn -0.1067 0.9942 0.0145
vn -0.1365 0.9902 0.0279
vn -0.1209 0.9919 0.0401
vn -0.0715 0.9956 0.0600
vn -0.0811 0.9939 0.0745
vn -0.0968 0.9931 0.0665
vn -0.0895 0.9944 0.0557
vn -0.0925 0.9943 0.0527
vn -0.0266 0.9987 0.0438
vn 0.0587 0.9971 0.0490
vn 0.0605 0.9963 0.0612
vn 0.0278 0.9985 0.0462
vn 0.0222 0.9996 0.0191
vn 0.0208 0.9998 0.0027
vn 0.0027 1.0000 -0.0075
vn 0.0165 0.9996 -0.0216
vn 0.0052 0.9995 -0.0302
vn -0.0116 0.9999 -0.0021
vn 0.0270 0.9982 0.0534
vn 0.0672 0.9927 0.1005
vn 0.1086 0.9866 0.1217
vn 0.1310 0.9826 0.1314
vn 0.1031 0.9850 0.1383
vn 0.0899 0.9863 0.1385
vn 0.0942 0.9865 0.1337
vn 0.0780 0.9888 0.1273
vn 0.0440 0.9926 0.1135
vn 0.0259 0.9944 0.1022
vn 0.0241 0.9938 0.1082
vn -0.3536 0.9295 0.1046
vn 0.0250 0.9915 0.1277
vn 0.3700 0.9210 0.1217
vn 0.0627 0.9897 0.1284
vn 0.1204 0.9856 0.1188
vn 0.1395 0.9842 0.1087
vn 0.1266 0.9857 0.1111
vn 0.0987 0.9883 0.1160
vn 0.0660 0.9901 0.1239
vn 0.0207 0.9915 0.1283
vn -0.0193 0.9929 0.1177
vn -0.0626 0.9933 0.0972
vn -0.1045 0.9919 0.0720
vn -0.1087 0.9928 0.0502
vn -0.0957 0.9943 0.0478
vn -0.0823 0.9950 0.0559
vn -0.0609 0.9964 0.0589
vn -0.0601 0.9972 0.0437
vn -0.0635 0.9978 0.0176
vn -0.0662 0.9977 0.0149
vn -0.0953 0.9948 0.0364
vn -0.1167 0.9920 0.0484
vn -0.1311 0.9906 0.0393
vn -0.1241 0.9920 0.0252
vn -0.0927 0.9953 0.0289
vn -0.0873 0.9953 0.0419
vn -0.0837 0.9956 0.0416
vn -0.0847 0.9959 0.0332
vn -0.0853 0.9961 0.0237
vn -0.0254 0.9995 0.0197
vn 0.0347 0.9988 0.0335
vn 0.0574 0.9972 0.0478
vn 0.0480 0.9978 0.0464
vn 0.0340 0.9986 0.0409
vn 0.0354 0.9989 0.0306
vn 0.0153 0.9998 0.0144
vn 0.0239 0.9997 0.0091
vn 0.0056 0.9999 0.0129
vn -0.0391 0.9991 0.0171
vn -0.0143 0.9993 0.0349
vn 0.0360 0.9976 0.0597
vn 0.0876 0.9924 0.0864
vn 0.1136 0.9871 0.1130
vn 0.0990 0.9870 0.1268
vn 0.0932 0.9876 0.1267
vn 0.0948 0.9874 0.1267
vn 0.0863 0.9885 0.1245
vn 0.0633 0.9917 0.1119
vn 0.0269 0.9943 0.1034
vn 0.0073 0.9937 0.1120
vn -0.3625 0.9258 0.1071
vn 0.0199 0.9936 0.1115
vn 0.3724 0.9219 0.1065
vn 0.0626 0.9912 0.1168
vn 0.1257 0.9845 0.1220
vn 0.1302 0.9824 0.1338
vn 0.1194 0.9822 0.1447
vn 0.1007 0.9848 0.1416
vn 0.0539 0.9886 0.1408
vn 0.0154 0.9885 0.1503
vn -0.0122 0.9877 0.1558
vn -0.0541 0.9864 0.1553
vn -0.0793 0.9868 0.1415
vn -0.0838 0.9905 0.1092
vn -0.0871 0.9932 0.0768
vn -0.0808 0.9951 0.0572
vn -0.0602 0.9968 0.0530
vn -0.0464 0.9974 0.0547
vn -0.0516 0.9972 0.0545
vn -0.0845 0.9946 0.0603
vn -0.1082 0.9919 0.0664
vn -0.1015 0.9935 0.0517
vn -0.1053 0.9942 0.0218
vn -0.1140 0.9935 0.0011
vn -0.1017 0.9948 -0.0035
vn -0.0819 0.9966 -0.0134
vn -0.0784 0.9966 -0.0238
vn -0.0812 0.9964 -0.0249
vn -0.0685 0.9969 -0.0381
vn -0.0349 0.9983 -0.0458
vn -0.0003 0.9998 -0.0199
vn 0.0413 0.9990 0.0153
vn 0.0480 0.9983 0.0318
vn 0.0330 0.9987 0.0380
vn 0.0424 0.9982 0.0414
vn 0.0224 0.9987 0.0452
vn 0.0196 0.9984 0.0534
vn 0.0111 0.9984 0.0547
vn -0.0340 0.9984 0.0441
vn -0.0283 0.9989 0.0382
vn 0.0190 0.9989 0.0434
vn 0.0644 0.9963 0.0564
vn 0.0899 0.9932 0.0740
vn 0.0937 0.9919 0.0853
vn 0.0927 0.9917 0.0887
vn 0.0884 0.9916 0.0940
vn 0.0840 0.9910 0.1039
vn 0.0664 0.9911 0.1151
vn 0.0266 0.9923 0.1208
vn 0.0045 0.9933 0.1154
vn -0.3662 0.9250 0.1008
vn 0.0222 0.9938 0.1088
vn 0.3677 0.9238 0.1065
vn 0.0601 0.9928 0.1035
vn 0.1141 0.9872 0.1111
vn 0.1166 0.9854 0.1237
vn 0.1087 0.9847 0.1364
vn 0.0980 0.9835 0.1521
vn 0.0448 0.9858 0.1620
vn 0.0075 0.9861 0.1659
vn -0.0124 0.9859 0.1667
vn -0.0483 0.9858 0.1606
vn -0.0522 0.9883 0.1430
vn -0.0476 0.9921 0.1164
vn -0.0605 0.9942 0.0892
vn -0.0630 0.9958 0.0665
vn -0.0568 0.9971 0.0512
vn -0.0574 0.9967 0.0568
vn -0.0647 0.9948 0.0792
vn -0.0883 0.9923 0.0866
vn -0.0937 0.9932 0.0687
vn -0.0722 0.9965 0.0415
vn -0.0750 0.9971 0.0148
vn -0.0974 0.9952 -0.0098
vn -0.0973 0.9949 -0.0251
vn -0.0673 0.9971 -0.0351
vn -0.0756 0.9962 -0.0423
vn -0.0746 0.9959 -0.0507
vn -0.0421 0.9965 -0.0727
vn -0.0396 0.9951 -0.0901
vn -0.0357 0.9963 -0.0779
vn 0.0146 0.9984 -0.0544
vn 0.0361 0.9987 -0.0367
vn 0.0176 0.9996 -0.0206
vn 0.0216 0.9997 0.0103
vn 0.0024 0.9988 0.0485
vn 0.0082 0.9971 0.0757
vn 0.0209 0.9966 0.0792
vn -0.0180 0.9977 0.0649
vn -0.0301 0.9977 0.0600
vn 0.0154 0.9978 0.0647
vn 0.0550 0.9961 0.0692
vn 0.0746 0.9940 0.0796
vn 0.0878 0.9920 0.0912
vn 0.0894 0.9911 0.0984
vn 0.0844 0.9913 0.1011
vn 0.0691 0.9914 0.1113
vn 0.0513 0.9900 0.1315
vn 0.0292 0.9898 0.1393
vn 0.0171 0.9913 0.1305
vn -0.3547 0.9284 0.1110
vn 0.0418 0.9901 0.1337
vn 0.3705 0.9191 0.1342
vn 0.0642 0.9912 0.1157
vn 0.1071 0.9882 0.1099
vn 0.1123 0.9876 0.1093
vn 0.0853 0.9885 0.1245
vn 0.0712 0.9849 0.1578
vn 0.0414 0.9835 0.1760
vn 0.0142 0.9858 0.1670
vn 0.0031 0.9894 0.1455
vn -0.0245 0.9927 0.1177
vn -0.0273 0.9952 0.0943
vn -0.0299 0.9959 0.0857
vn -0.0437 0.9956 0.0833
vn -0.0450 0.9963 0.0735
vn -0.0528 0.9963 0.0673
vn -0.0728 0.9949 0.0705
vn -0.0805 0.9938 0.0770
vn -0.0831 0.9933 0.0801
vn -0.0723 0.9948 0.0724
vn -0.0497 0.9972 0.0567
vn -0.0406 0.9988 0.0269
vn -0.0612 0.9980 -0.0160
vn -0.0850 0.9953 -0.0462
vn -0.0710 0.9965 -0.0450
vn -0.0738 0.9966 -0.0357
vn -0.0515 0.9972 -0.0545
vn -0.0166 0.9963 -0.0842
vn -0.0347 0.9946 -0.0978
vn -0.0499 0.9937 -0.1007
vn -0.0089 0.9961 -0.0877
vn 0.0147 0.9981 -0.0602
vn -0.0046 0.9995 -0.0323
vn -0.0144 0.9999 -0.0007
vn -0.0289 0.9991 0.0325
vn -0.0116 0.9982 0.0589
vn 0.0191 0.9969 0.0769
vn -0.0043 0.9968 0.0802
vn -0.0277 0.9971 0.0708
vn 0.0160 0.9978 0.0644
vn 0.0425 0.9964 0.0728
vn 0.0511 0.9936 0.1009
vn 0.0728 0.9883 0.1343
vn 0.0829 0.9843 0.1556
vn 0.0793 0.9820 0.1712
vn 0.0535 0.9810 0.1866
vn 0.0457 0.9806 0.1906
vn 0.0432 0.9837 0.1747
vn 0.0258 0.9866 0.1608
vn -0.3501 0.9248 0.1491
vn 0.0539 0.9889 0.1381
vn 0.3870 0.9143 0.1200
vn 0.0768 0.9880 0.1337
vn 0.1182 0.9862 0.1155
vn 0.1016 0.9882 0.1147
vn 0.0571 0.9889 0.1369
vn 0.0457 0.9867 0.1558
vn 0.0421 0.9858 0.1626
vn 0.0329 0.9876 0.1535
vn 0.0331 0.9911 0.1292
vn 0.0163 0.9958 0.0900
vn -0.0113 0.9980 0.0621
vn -0.0435 0.9966 0.0706
vn -0.0494 0.9945 0.0923
vn -0.0354 0.9946 0.0971
vn -0.0487 0.9950 0.0876
vn -0.0679 0.9950 0.0739
vn -0.0831 0.9944 0.0649
vn -0.0917 0.9931 0.0732
vn -0.0682 0.9940 0.0853
vn -0.0279 0.9968 0.0744
vn -0.0010 0.9991 0.0423
vn -0.0124 0.9999 -0.0015
vn -0.0593 0.9973 -0.0437
vn -0.0743 0.9951 -0.0659
vn -0.0669 0.9949 -0.0751
vn -0.0263 0.9958 -0.0879
vn -0.0057 0.9953 -0.0963
vn -0.0389 0.9953 -0.0889
vn -0.0527 0.9955 -0.0783
vn -0.0308 0.9976 -0.0627
vn -0.0188 0.9994 -0.0291
vn -0.0250 0.9997 0.0031
vn -0.0337 0.9993 0.0188
vn -0.0406 0.9990 0.0205
vn -0.0302 0.9993 0.0240
vn -0.0033 0.9990 0.0457
vn -0.0113 0.9973 0.0719
vn -0.0230 0.9962 0.0838
vn 0.0165 0.9958 0.0896
vn 0.0246 0.9943 0.1042
vn 0.0224 0.9912 0.1302
vn 0.0510 0.9867 0.1543
vn 0.0687 0.9827 0.1722
vn 0.0625 0.9798 0.1900
vn 0.0465 0.9788 0.1994
vn 0.0634 0.9808 0.1842
vn 0.0685 0.9850 0.1582
vn 0.0316 0.9892 0.1433
vn -0.3499 0.9257 0.1435
vn 0.0406 0.9923 0.1168
vn 0.3913 0.9158 0.0903
vn 0.0840 0.9882 0.1281
vn 0.1286 0.9832 0.1299
vn 0.0806 0.9868 0.1404
vn 0.0449 0.9877 0.1499
vn 0.0470 0.9887 0.1421
vn 0.0489 0.9905 0.1287
vn 0.0462 0.9915 0.1218
vn 0.0538 0.9920 0.1146
vn 0.0494 0.9937 0.1002
vn -0.0057 0.9962 0.0874
vn -0.0635 0.9939 0.0899
vn -0.0604 0.9934 0.0973
vn -0.0340 0.9942 0.1023
vn -0.0384 0.9943 0.0995
vn -0.0533 0.9947 0.0876
vn -0.0746 0.9946 0.0724
vn -0.1002 0.9929 0.0636
vn -0.0704 0.9955 0.0638
vn -0.0009 0.9986 0.0535
vn 0.0289 0.9990 0.0330
vn 0.0223 0.9997 0.0138
vn -0.0184 0.9997 -0.0186
vn -0.0515 0.9969 -0.0590
vn -0.0483 0.9947 -0.0911
vn -0.0202 0.9946 -0.1014
vn -0.0199 0.9961 -0.0854
vn -0.0534 0.9965 -0.0646
vn -0.0582 0.9968 -0.0544
vn -0.0525 0.9978 -0.0407
vn -0.0528 0.9985 -0.0148
vn -0.0368 0.9993 0.0015
vn -0.0300 0.9995 -0.0063
vn -0.0399 0.9991 -0.0156
vn -0.0466 0.9989 -0.0065
vn -0.0359 0.9991 0.0234
vn -0.0388 0.9974 0.0613
vn -0.0333 0.9953 0.0911
vn 0.0037 0.9933 0.1155
vn 0.0076 0.9905 0.1375
vn 0.0083 0.9887 0.1496
vn 0.0400 0.9873 0.1537
vn 0.0548 0.9855 0.1605
vn 0.0506 0.9846 0.1673
vn 0.0526 0.9855 0.1611
vn 0.0859 0.9859 0.1434
vn 0.0875 0.9879 0.1283
vn 0.0432 0.9923 0.1161
vn -0.3458 0.9315 0.1130
vn 0.0270 0.9926 0.1184
vn 0.3796 0.9200 0.0977
vn 0.0726 0.9884 0.1332
vn 0.1160 0.9809 0.1558
vn 0.0731 0.9836 0.1647
vn 0.0478 0.9861 0.1591
vn 0.0632 0.9870 0.1478
vn 0.0619 0.9894 0.1317
vn 0.0611 0.9919 0.1115
vn 0.0699 0.9935 0.0897
vn 0.0561 0.9948 0.0847
vn -0.0164 0.9948 0.1009
vn -0.0680 0.9914 0.1122
vn -0.0533 0.9935 0.1010
vn -0.0286 0.9960 0.0841
vn -0.0303 0.9966 0.0768
vn -0.0482 0.9958 0.0774
vn -0.0596 0.9955 0.0737
vn -0.0815 0.9954 0.0507
vn -0.0613 0.9978 0.0255
vn 0.0104 0.9997 0.0202
vn 0.0458 0.9988 0.0173
vn 0.0477 0.9989 -0.0024
vn 0.0171 0.9995 -0.0259
vn -0.0267 0.9987 -0.0437
vn -0.0271 0.9979 -0.0593
vn -0.0250 0.9975 -0.0667
vn -0.0477 0.9975 -0.0519
vn -0.0632 0.9973 -0.0363
vn -0.0624 0.9975 -0.0321
vn -0.0725 0.9972 -0.0207
vn -0.0755 0.9971 -0.0018
vn -0.0311 0.9995 -0.0009
vn -0.0121 0.9997 -0.0196
vn -0.0386 0.9987 -0.0323
vn -0.0613 0.9977 -0.0293
vn -0.0750 0.9972 -0.0007
vn -0.0792 0.9957 0.0471
vn -0.0498 0.9957 0.0786
vn -0.0167 0.9956 0.0920
vn -0.0148 0.9936 0.1116
vn -0.0058 0.9907 0.1357
vn 0.0295 0.9870 0.1583
vn 0.0506 0.9844 0.1686
vn 0.0535 0.9852 0.1631
vn 0.0632 0.9859 0.1549
vn 0.0970 0.9842 0.1479
vn 0.0953 0.9851 0.1432
vn 0.0601 0.9895 0.1313
vn -0.3369 0.9338 0.1202
vn 0.0237 0.9907 0.1340
vn 0.3787 0.9183 0.1151
vn 0.0481 0.9876 0.1492
vn 0.0917 0.9801 0.1760
vn 0.0824 0.9798 0.1823
vn 0.0547 0.9836 0.1716
vn 0.0644 0.9827 0.1736
vn 0.0781 0.9823 0.1703
vn 0.0909 0.9860 0.1397
vn 0.0910 0.9901 0.1066
vn 0.0509 0.9942 0.0948
vn -0.0277 0.9951 0.0952
vn -0.0638 0.9937 0.0924
vn -0.0401 0.9952 0.0888
vn -0.0190 0.9963 0.0840
vn -0.0225 0.9970 0.0743
vn -0.0456 0.9969 0.0639
vn -0.0429 0.9978 0.0508
vn -0.0458 0.9986 0.0268
vn -0.0473 0.9989 0.0063
vn -0.0000 1.0000 0.0093
vn 0.0616 0.9981 0.0084
vn 0.0763 0.9970 -0.0134
vn 0.0315 0.9991 -0.0298
vn -0.0178 0.9993 -0.0342
vn -0.0171 0.9991 -0.0379
vn -0.0300 0.9989 -0.0373
vn -0.0753 0.9969 -0.0216
vn -0.0789 0.9969 0.0044
vn -0.0614 0.9980 0.0150
vn -0.0744 0.9972 0.0042
vn -0.0792 0.9968 -0.0081
vn -0.0270 0.9996 -0.0102
vn -0.0034 1.0000 -0.0059
vn -0.0310 0.9995 -0.0088
vn -0.0636 0.9979 -0.0154
vn -0.1071 0.9942 -0.0054
vn -0.1132 0.9934 0.0187
vn -0.0639 0.9973 0.0365
vn -0.0347 0.9980 0.0521
vn -0.0418 0.9963 0.0757
vn -0.0346 0.9936 0.1076
vn 0.0036 0.9898 0.1422
vn 0.0447 0.9852 0.1658
vn 0.0527 0.9823 0.1795
vn 0.0653 0.9795 0.1904
vn 0.1020 0.9763 0.1908
vn 0.1040 0.9780 0.1810
vn 0.0824 0.9839 0.1588
vn -0.3204 0.9363 0.1440
vn 0.0300 0.9888 0.1461
vn 0.3752 0.9173 0.1331
vn 0.0306 0.9895 0.1412
vn 0.0715 0.9857 0.1527
vn 0.0839 0.9825 0.1664
vn 0.0553 0.9830 0.1751
vn 0.0562 0.9819 0.1807
vn 0.0876 0.9795 0.1813
vn 0.1146 0.9779 0.1749
vn 0.1022 0.9807 0.1666
vn 0.0550 0.9862 0.1559
vn -0.0103 0.9916 0.1292
vn -0.0499 0.9941 0.0962
vn -0.0393 0.9957 0.0833
vn -0.0203 0.9958 0.0893
vn -0.0145 0.9958 0.0907
vn -0.0266 0.9970 0.0733
vn -0.0185 0.9989 0.0431
vn -0.0122 0.9999 0.0122
vn -0.0322 0.9994 -0.0121
vn -0.0089 0.9998 -0.0179
vn 0.0674 0.9977 -0.0122
vn 0.0855 0.9963 -0.0041
vn 0.0322 0.9995 0.0005
vn -0.0055 0.9999 -0.0111
vn -0.0145 0.9996 -0.0229
vn -0.0462 0.9989 -0.0123
vn -0.1027 0.9946 0.0120
vn -0.0910 0.9956 0.0244
vn -0.0523 0.9985 0.0190
vn -0.0573 0.9983 0.0043
vn -0.0601 0.9980 -0.0198
vn -0.0276 0.9989 -0.0366
vn -0.0143 0.9995 -0.0288
vn -0.0320 0.9994 -0.0134
vn -0.0633 0.9980 -0.0057
vn -0.1088 0.9940 -0.0130
vn -0.1193 0.9924 -0.0302
vn -0.0778 0.9964 -0.0336
vn -0.0626 0.9979 -0.0141
vn -0.0725 0.9972 0.0173
vn -0.0698 0.9964 0.0482
vn -0.0383 0.9953 0.0889
vn 0.0092 0.9893 0.1454
vn 0.0302 0.9801 0.1963
vn 0.0629 0.9749 0.2138
vn 0.1065 0.9718 0.2105
vn 0.1195 0.9729 0.1978
vn 0.1056 0.9784 0.1777
vn -0.3111 0.9363 0.1630
vn 0.0492 0.9896 0.1354
vn 0.3912 0.9107 0.1324
vn 0.0302 0.9927 0.1168
vn 0.0542 0.9909 0.1231
vn 0.0675 0.9871 0.1454
vn 0.0537 0.9865 0.1547
vn 0.0609 0.9875 0.1452
vn 0.0914 0.9864 0.1365
vn 0.1113 0.9832 0.1446
vn 0.1066 0.9823 0.1542
vn 0.0802 0.9873 0.1368
vn 0.0268 0.9943 0.1035
vn -0.0300 0.9964 0.0793
vn -0.0365 0.9969 0.0697
vn -0.0201 0.9978 0.0634
vn -0.0107 0.9981 0.0609
vn -0.0007 0.9987 0.0518
vn 0.0104 0.9995 0.0298
vn 0.0093 0.9999 0.0113
vn -0.0103 0.9999 -0.0064
vn -0.0008 0.9996 -0.0280
vn 0.0488 0.9986 -0.0189
vn 0.0587 0.9981 0.0162
vn 0.0378 0.9989 0.0276
vn 0.0249 0.9997 0.0025
vn -0.0132 0.9998 -0.0170
vn -0.0727 0.9973 -0.0059
vn -0.1110 0.9938 0.0022
vn -0.0826 0.9966 -0.0085
vn -0.0419 0.9989 -0.0200
vn -0.0488 0.9986 -0.0224
vn -0.0411 0.9988 -0.0262
vn -0.0226 0.9992 -0.0343
vn -0.0234 0.9990 -0.0379
vn -0.0371 0.9986 -0.0387
vn -0.0650 0.9971 -0.0393
vn -0.0978 0.9943 -0.0434
vn -0.1080 0.9927 -0.0538
vn -0.0907 0.9945 -0.0524
vn -0.0869 0.9957 -0.0336
vn -0.0959 0.9953 -0.0142
vn -0.0994 0.9950 0.0084
vn -0.0831 0.9955 0.0445
vn -0.0446 0.9948 0.0912
vn 0.0000 0.9926 0.1214
vn 0.0520 0.9894 0.1352
vn 0.0984 0.9843 0.1467
vn 0.1312 0.9802 0.1483
vn 0.1109 0.9823 0.1509
vn -0.3138 0.9353 0.1633
vn 0.0608 0.9957 0.0699
vn 0.4211 0.9046 0.0668
vn 0.0319 0.9971 0.0695
vn 0.0382 0.9964 0.0753
vn 0.0515 0.9951 0.0840
vn 0.0532 0.9945 0.0903
vn 0.0654 0.9935 0.0935
vn 0.1008 0.9910 0.0880
vn 0.1044 0.9913 0.0799
vn 0.1141 0.9906 0.0754
vn 0.1160 0.9917 0.0560
vn 0.0617 0.9977 0.0271
vn -0.0135 0.9999 0.0093
vn -0.0298 0.9995 0.0039
vn -0.0141 0.9999 0.0039
vn -0.0089 1.0000 0.0042
vn 0.0116 0.9999 0.0038
vn 0.0234 0.9997 0.0044
vn 0.0125 0.9999 0.0088
vn 0.0043 0.9999 0.0091
vn 0.0153 0.9999 -0.0005
vn 0.0200 0.9998 0.0020
vn 0.0198 0.9993 0.0304
vn 0.0430 0.9979 0.0486
vn 0.0460 0.9979 0.0457
vn -0.0129 0.9991 0.0396
vn -0.0765 0.9967 0.0266
vn -0.0915 0.9958 0.0000
vn -0.0687 0.9974 -0.0208
vn -0.0454 0.9988 -0.0187
vn -0.0482 0.9987 -0.0133
vn -0.0372 0.9992 -0.0151
vn -0.0224 0.9997 -0.0116
vn -0.0180 0.9997 -0.0143
vn -0.0274 0.9992 -0.0297
vn -0.0652 0.9971 -0.0394
vn -0.0939 0.9948 -0.0390
vn -0.1028 0.9939 -0.0389
vn -0.1061 0.9940 -0.0267
vn -0.1006 0.9949 -0.0075
vn -0.1029 0.9947 0.0006
vn -0.1136 0.9935 0.0035
vn -0.1068 0.9942 0.0087
vn -0.0772 0.9969 0.0167
vn -0.0229 0.9993 0.0306
vn 0.0314 0.9982 0.0517
vn 0.0882 0.9943 0.0603
vn 0.1328 0.9895 0.0577
vn 0.0994 0.9930 0.0636
vn -0.3444 0.9351 0.0839
vn 0.0503 0.9987 -0.0115
vn 0.4308 0.9023 -0.0151
vn 0.0288 0.9996 -0.0015
vn 0.0270 0.9996 0.0010
vn 0.0366 0.9992 0.0141
vn 0.0388 0.9985 0.0374
vn 0.0553 0.9968 0.0583
vn 0.1005 0.9922 0.0736
vn 0.1130 0.9908 0.0739
vn 0.1270 0.9904 0.0550
vn 0.1371 0.9898 0.0395
vn 0.0801 0.9964 0.0287
vn 0.0022 0.9999 0.0137
vn -0.0189 0.9998 -0.0084
vn -0.0092 0.9997 -0.0245
vn -0.0077 0.9996 -0.0282
vn 0.0042 0.9998 -0.0181
vn 0.0041 1.0000 0.0085
vn 0.0035 0.9995 0.0302
vn 0.0098 0.9995 0.0315
vn 0.0135 0.9992 0.0365
vn -0.0028 0.9985 0.0545
vn -0.0049 0.9976 0.0695
vn 0.0307 0.9957 0.0872
vn 0.0386 0.9936 0.1062
vn -0.0054 0.9944 0.1055
vn -0.0481 0.9959 0.0769
vn -0.0558 0.9978 0.0363
vn -0.0511 0.9987 0.0015
vn -0.0547 0.9985 -0.0102
vn -0.0541 0.9985 -0.0014
vn -0.0319 0.9995 0.0001
vn -0.0221 0.9997 -0.0088
vn -0.0138 0.9998 -0.0113
vn -0.0108 0.9998 -0.0194
vn -0.0508 0.9978 -0.0437
vn -0.0885 0.9940 -0.0639
vn -0.1054 0.9921 -0.0681
vn -0.1225 0.9907 -0.0594
vn -0.1157 0.9922 -0.0454
vn -0.1069 0.9936 -0.0355
vn -0.1144 0.9928 -0.0363
vn -0.1099 0.9930 -0.0433
vn -0.0887 0.9951 -0.0438
vn -0.0489 0.9985 -0.0252
vn 0.0169 0.9998 -0.0106
vn 0.0904 0.9957 -0.0193
vn 0.1243 0.9920 -0.0232
vn 0.0936 0.9954 -0.0208
vn -0.3724 0.9280 -0.0147
vn 0.0355 0.9990 -0.0255
vn 0.4192 0.9070 -0.0399
vn 0.0289 0.9993 -0.0226
vn 0.0115 0.9999 -0.0105
vn 0.0174 0.9997 0.0150
vn 0.0276 0.9993 0.0251
vn 0.0458 0.9986 0.0257
vn 0.0794 0.9960 0.0411
vn 0.1217 0.9912 0.0525
vn 0.1367 0.9893 0.0505
vn 0.1336 0.9894 0.0571
vn 0.0941 0.9939 0.0567
vn 0.0238 0.9991 0.0349
vn 0.0065 1.0000 0.0047
vn 0.0009 0.9998 -0.0183
vn -0.0141 0.9997 -0.0187
vn -0.0186 0.9998 -0.0001
vn -0.0321 0.9990 0.0305
vn -0.0063 0.9986 0.0535
vn 0.0162 0.9984 0.0547
vn -0.0083 0.9980 0.0628
vn -0.0195 0.9966 0.0802
vn -0.0073 0.9966 0.0823
vn 0.0144 0.9963 0.0843
vn 0.0244 0.9951 0.0960
vn 0.0061 0.9951 0.0985
vn -0.0134 0.9966 0.0816
vn -0.0161 0.9987 0.0484
vn -0.0240 0.9996 0.0163
vn -0.0528 0.9986 -0.0016
vn -0.0570 0.9983 -0.0098
vn -0.0230 0.9996 -0.0158
vn -0.0121 0.9996 -0.0244
vn -0.0059 0.9992 -0.0387
vn 0.0124 0.9981 -0.0610
vn -0.0192 0.9955 -0.0929
vn -0.0813 0.9903 -0.1127
vn -0.1211 0.9876 -0.0998
vn -0.1319 0.9880 -0.0808
vn -0.1243 0.9892 -0.0771
vn -0.1116 0.9908 -0.0761
vn -0.1071 0.9909 -0.0811
vn -0.1003 0.9901 -0.0978
vn -0.0901 0.9895 -0.1133
vn -0.0702 0.9907 -0.1169
vn 0.0036 0.9938 -0.1115
vn 0.0821 0.9920 -0.0960
vn 0.0976 0.9934 -0.0605
vn 0.0965 0.9947 -0.0357
vn -0.3586 0.9325 -0.0437
vn 0.0721 0.9923 0.1004
vn 0.3770 0.9247 0.0536
vn 0.0489 0.9978 0.0443
vn 0.0057 0.9997 0.0239
vn 0.0095 0.9998 0.0184
vn 0.0300 0.9994 0.0141
vn 0.0449 0.9989 0.0111
vn 0.0628 0.9979 0.0127
vn 0.1146 0.9931 0.0231
vn 0.1272 0.9909 0.0438
vn 0.1188 0.9909 0.0633
vn 0.1083 0.9919 0.0657
vn 0.0574 0.9975 0.0402
vn 0.0323 0.9994 0.0081
vn 0.0055 1.0000 -0.0028
vn -0.0259 0.9997 0.0047
vn -0.0387 0.9991 0.0170
vn -0.0549 0.9981 0.0272
vn -0.0141 0.9993 0.0351
vn 0.0178 0.9989 0.0430
vn -0.0172 0.9990 0.0420
vn -0.0197 0.9992 0.0346
vn 0.0003 0.9996 0.0286
vn 0.0053 0.9995 0.0315
vn 0.0116 0.9990 0.0441
vn 0.0095 0.9985 0.0536
vn 0.0069 0.9987 0.0504
vn 0.0100 0.9992 0.0398
vn -0.0078 0.9995 0.0301
vn -0.0422 0.9989 0.0198
vn -0.0412 0.9992 0.0003
vn -0.0128 0.9997 -0.0203
vn 0.0023 0.9994 -0.0354
vn 0.0152 0.9983 -0.0568
vn 0.0315 0.9965 -0.0771
vn -0.0014 0.9965 -0.0840
vn -0.0797 0.9931 -0.0855
vn -0.1374 0.9871 -0.0821
vn -0.1360 0.9876 -0.0783
vn -0.1198 0.9894 -0.0815
vn -0.1081 0.9900 -0.0910
vn -0.0936 0.9901 -0.1044
vn -0.0830 0.9889 -0.1234
vn -0.0752 0.9866 -0.1451
vn -0.0661 0.9839 -0.1659
vn -0.0131 0.9858 -0.1674
vn 0.0409 0.9907 -0.1297
vn 0.0307 0.9985 -0.0451
vn 0.0433 0.9963 0.0747
vn -0.3194 0.9455 0.0635
vn 0.0800 0.9935 0.0814
vn 0.5202 0.8540 0.0061
vn 0.1099 0.9916 0.0685
vn 0.0100 0.9997 0.0219
vn 0.0094 0.9997 0.0243
vn 0.0287 0.9991 0.0309
vn 0.0438 0.9983 0.0375
vn 0.0620 0.9973 0.0387
vn 0.0944 0.9942 0.0514
vn 0.1080 0.9915 0.0731
vn 0.1096 0.9905 0.0828
vn 0.1213 0.9898 0.0752
vn 0.0984 0.9942 0.0437
vn 0.0546 0.9985 0.0101
vn 0.0014 1.0000 0.0023
vn -0.0387 0.9992 0.0127
vn -0.0489 0.9985 0.0238
vn -0.0565 0.9981 0.0250
vn -0.0229 0.9994 0.0274
vn 0.0140 0.9993 0.0336
vn -0.0028 0.9997 0.0242
vn -0.0088 0.9999 0.0078
vn 0.0003 1.0000 0.0045
vn -0.0083 0.9998 0.0165
vn -0.0056 0.9993 0.0357
vn 0.0128 0.9991 0.0409
vn 0.0171 0.9993 0.0319
vn 0.0110 0.9994 0.0336
vn -0.0044 0.9992 0.0389
vn -0.0288 0.9991 0.0314
vn -0.0251 0.9995 0.0200
vn 0.0062 1.0000 0.0034
vn 0.0249 0.9994 -0.0239
vn 0.0381 0.9981 -0.0486
vn 0.0413 0.9971 -0.0634
vn 0.0002 0.9976 -0.0697
vn -0.0765 0.9945 -0.0722
vn -0.1373 0.9877 -0.0749
vn -0.1377 0.9875 -0.0771
vn -0.1133 0.9903 -0.0809
vn -0.1001 0.9911 -0.0879
vn -0.0815 0.9920 -0.0967
vn -0.0697 0.9920 -0.1050
vn -0.0562 0.9915 -0.1170
vn -0.0447 0.9896 -0.1367
vn -0.0173 0.9885 -0.1501
vn -0.0015 0.9904 -0.1385
vn -0.0859 0.9952 -0.0479
vn -0.0484 0.9971 0.0586
vn -0.5291 0.8461 -0.0639
vn 0.0301 0.8774 0.4788
vn 0.0677 0.9963 0.0531
vn 0.0955 0.9351 0.3413
vn 0.0241 0.9260 0.3767
vn 0.0311 0.9203 0.3899
vn 0.0362 0.9175 0.3961
vn 0.0507 0.9167 0.3964
vn 0.0669 0.9192 0.3881
vn 0.0838 0.9156 0.3932
vn 0.0953 0.9126 0.3975
vn 0.0981 0.9095 0.4039
vn 0.1099 0.9102 0.3994
vn 0.0957 0.9175 0.3861
vn 0.0437 0.9261 0.3746
vn -0.0188 0.9250 0.3795
vn -0.0590 0.9169 0.3947
vn -0.0670 0.9125 0.4035
vn -0.0663 0.9140 0.4003
vn -0.0381 0.9135 0.4050
vn -0.0042 0.9139 0.4059
vn -0.0086 0.9191 0.3939
vn -0.0181 0.9202 0.3910
vn -0.0149 0.9227 0.3852
vn -0.0256 0.9196 0.3921
vn -0.0239 0.9134 0.4063
vn 0.0042 0.9141 0.4055
vn 0.0096 0.9172 0.3983
vn -0.0088 0.9154 0.4025
vn -0.0198 0.9163 0.4000
vn -0.0346 0.9172 0.3968
vn -0.0339 0.9174 0.3964
vn -0.0006 0.9160 0.4012
vn 0.0172 0.9221 0.3865
vn 0.0208 0.9275 0.3733
vn 0.0246 0.9322 0.3612
vn -0.0114 0.9371 0.3489
vn -0.0809 0.9386 0.3354
vn -0.1377 0.9348 0.3275
vn -0.1387 0.9323 0.3340
vn -0.1065 0.9343 0.3401
vn -0.0848 0.9343 0.3461
vn -0.0642 0.9344 0.3503
vn -0.0493 0.9345 0.3524
vn -0.0352 0.9360 0.3501
vn -0.0092 0.9386 0.3449
vn 0.0171 0.9350 0.3542
vn 0.0324 0.9378 0.3458
vn -0.0527 0.9413 0.3334
vn 0.0968 0.8451 0.5257
vn -0.0882 0.9890 0.1189
usemtl COJIN.002
s 1
f 1/1/1 51/2/2 52/3/3 2/4/4
f 2/4/4 52/3/3 53/5/5 3/6/6
f 3/6/6 53/5/5 54/7/7 4/8/8
f 4/8/8 54/7/7 55/9/9 5/10/10
f 5/10/10 55/9/9 56/11/11 6/12/12
f 6/12/12 56/11/11 57/13/13 7/14/14
f 7/14/14 57/13/13 58/15/15 8/16/16
f 8/16/16 58/15/15 59/17/17 9/18/18
f 9/18/18 59/17/17 60/19/19 10/20/20
f 10/20/20 60/19/19 61/21/21 11/22/22
f 11/22/22 61/21/21 62/23/23 12/24/24
f 12/24/24 62/23/23 63/25/25 13/26/26
f 13/26/26 63/25/25 64/27/27 14/28/28
f 14/28/28 64/27/27 65/29/29 15/30/30
f 15/30/30 65/29/29 66/31/31 16/32/32
f 16/32/32 66/31/31 67/33/33 17/34/34
f 17/34/34 67/33/33 68/35/35 18/36/36
f 18/36/36 68/35/35 69/37/37 19/38/38
f 19/38/38 69/37/37 70/39/39 20/40/40
f 20/40/40 70/39/39 71/41/41 21/42/42
f 21/42/42 71/41/41 72/43/43 22/44/44
f 22/44/44 72/43/43 73/45/45 23/46/46
f 23/46/46 73/45/45 74/47/47 24/48/48
f 24/48/48 74/47/47 75/49/49 25/50/50
f 25/50/50 75/49/49 76/51/51 26/52/52
f 26/52/52 76/51/51 77/53/53 27/54/54
f 27/54/54 77/53/53 78/55/55 28/56/56
f 28/56/56 78/55/55 79/57/57 29/58/58
f 29/58/58 79/57/57 80/59/59 30/60/60
f 30/60/60 80/59/59 81/61/61 31/62/62
f 31/62/62 81/61/61 82/63/63 32/64/64
f 32/64/64 82/63/63 83/65/65 33/66/66
f 33/66/66 83/65/65 84/67/67 34/68/68
f 34/68/68 84/67/67 85/69/69 35/70/70
f 35/70/70 85/69/69 86/71/71 36/72/72
f 36/72/72 86/71/71 87/73/73 37/74/74
f 37/74/74 87/73/73 88/75/75 38/76/76
f 38/76/76 88/75/75 89/77/77 39/78/78
f 39/78/78 89/77/77 90/79/79 40/80/80
f 40/80/80 90/79/79 91/81/81 41/82/82
f 41/82/82 91/81/81 92/83/83 42/84/84
f 42/84/84 92/83/83 93/85/85 43/86/86
f 43/86/86 93/85/85 94/87/87 44/88/88
f 44/88/88 94/87/87 95/89/89 45/90/90
f 45/90/90 95/89/89 96/91/91 46/92/92
f 46/92/92 96/91/91 97/93/93 47/94/94
f 47/94/94 97/93/93 98/95/95 48/96/96
f 48/96/96 98/95/95 99/97/97 49/98/98
f 49/98/98 99/97/97 100/99/99 50/100/100
f 51/2/2 101/101/101 102/102/102 52/3/3
f 52/3/3 102/102/102 103/103/103 53/5/5
f 53/5/5 103/103/103 104/104/104 54/7/7
f 54/7/7 104/104/104 105/105/105 55/9/9
f 55/9/9 105/105/105 106/106/106 56/11/11
f 56/11/11 106/106/106 107/107/107 57/13/13
f 57/13/13 107/107/107 108/108/108 58/15/15
f 58/15/15 108/108/108 109/109/109 59/17/17
f 59/17/17 109/109/109 110/110/110 60/19/19
f 60/19/19 110/110/110 111/111/111 61/21/21
f 61/21/21 111/111/111 112/112/112 62/23/23
f 62/23/23 112/112/112 113/113/113 63/25/25
f 63/25/25 113/113/113 114/114/114 64/27/27
f 64/27/27 114/114/114 115/115/115 65/29/29
f 65/29/29 115/115/115 116/116/116 66/31/31
f 66/31/31 116/116/116 117/117/117 67/33/33
f 67/33/33 117/117/117 118/118/118 68/35/35
f 68/35/35 118/118/118 119/119/119 69/37/37
f 69/37/37 119/119/119 120/120/120 70/39/39
f 70/39/39 120/120/120 121/121/121 71/41/41
f 71/41/41 121/121/121 122/122/122 72/43/43
f 72/43/43 122/122/122 123/123/123 73/45/45
f 73/45/45 123/123/123 124/124/124 74/47/47
f 74/47/47 124/124/124 125/125/125 75/49/49
f 75/49/49 125/125/125 126/126/126 76/51/51
f 76/51/51 126/126/126 127/127/127 77/53/53
f 77/53/53 127/127/127 128/128/128 78/55/55
f 78/55/55 128/128/128 129/129/129 79/57/57
f 79/57/57 129/129/129 130/130/130 80/59/59
f 80/59/59 130/130/130 131/131/131 81/61/61
f 81/61/61 131/131/131 132/132/132 82/63/63
f 82/63/63 132/132/132 133/133/133 83/65/65
f 83/65/65 133/133/133 134/134/134 84/67/67
f 84/67/67 134/134/134 135/135/135 85/69/69
f 85/69/69 135/135/135 136/136/136 86/71/71
f 86/71/71 136/136/136 137/137/137 87/73/73
f 87/73/73 137/137/137 138/138/138 88/75/75
f 88/75/75 138/138/138 139/139/139 89/77/77
f 89/77/77 139/139/139 140/140/140 90/79/79
f 90/79/79 140/140/140 141/141/141 91/81/81
f 91/81/81 141/141/141 142/142/142 92/83/83
f 92/83/83 142/142/142 143/143/143 93/85/85
f 93/85/85 143/143/143 144/144/144 94/87/87
f 94/87/87 144/144/144 145/145/145 95/89/89
f 95/89/89 145/145/145 146/146/146 96/91/91
f 96/91/91 146/146/146 147/147/147 97/93/93
f 97/93/93 147/147/147 148/148/148 98/95/95
f 98/95/95 148/148/148 149/149/149 99/97/97
f 99/97/97 149/149/149 150/150/150 100/99/99
f 101/101/101 151/151/151 152/152/152 102/102/102
f 102/102/102 152/152/152 153/153/153 103/103/103
f 103/103/103 153/153/153 154/154/154 104/104/104
f 104/104/104 154/154/154 155/155/155 105/105/105
f 105/105/105 155/155/155 156/156/156 106/106/106
f 106/106/106 156/156/156 157/157/157 107/107/107
f 107/107/107 157/157/157 158/158/158 108/108/108
f 108/108/108 158/158/158 159/159/159 109/109/109
f 109/109/109 159/159/159 160/160/160 110/110/110
f 110/110/110 160/160/160 161/161/161 111/111/111
f 111/111/111 161/161/161 162/162/162 112/112/112
f 112/112/112 162/162/162 163/163/163 113/113/113
f 113/113/113 163/163/163 164/164/164 114/114/114
f 114/114/114 164/164/164 165/165/165 115/115/115
f 115/115/115 165/165/165 166/166/166 116/116/116
f 116/116/116 166/166/166 167/167/167 117/117/117
f 117/117/117 167/167/167 168/168/168 118/118/118
f 118/118/118 168/168/168 169/169/169 119/119/119
f 119/119/119 169/169/169 170/170/170 120/120/120
f 120/120/120 170/170/170 171/171/171 121/121/121
f 121/121/121 171/171/171 172/172/172 122/122/122
f 122/122/122 172/172/172 173/173/173 123/123/123
f 123/123/123 173/173/173 174/174/174 124/124/124
f 124/124/124 174/174/174 175/175/175 125/125/125
f 125/125/125 175/175/175 176/176/176 126/126/126
f 126/126/126 176/176/176 177/177/177 127/127/127
f 127/127/127 177/177/177 178/178/178 128/128/128
f 128/128/128 178/178/178 179/179/179 129/129/129
f 129/129/129 179/179/179 180/180/180 130/130/130
f 130/130/130 180/180/180 181/181/181 131/131/131
f 131/131/131 181/181/181 182/182/182 132/132/132
f 132/132/132 182/182/182 183/183/183 133/133/133
f 133/133/133 183/183/183 184/184/184 134/134/134
f 134/134/134 184/184/184 185/185/185 135/135/135
f 135/135/135 185/185/185 186/186/186 136/136/136
f 136/136/136 186/186/186 187/187/187 137/137/137
f 137/137/137 187/187/187 188/188/188 138/138/138
f 138/138/138 188/188/188 189/189/189 139/139/139
f 139/139/139 189/189/189 190/190/190 140/140/140
f 140/140/140 190/190/190 191/191/191 141/141/141
f 141/141/141 191/191/191 192/192/192 142/142/142
f 142/142/142 192/192/192 193/193/193 143/143/143
f 143/143/143 193/193/193 194/194/194 144/144/144
f 144/144/144 194/194/194 195/195/195 145/145/145
f 145/145/145 195/195/195 196/196/196 146/146/146
f 146/146/146 196/196/196 197/197/197 147/147/147
f 147/147/147 197/197/197 198/198/198 148/148/148
f 148/148/148 198/198/198 199/199/199 149/149/149
f 149/149/149 199/199/199 200/200/200 150/150/150
f 151/151/151 201/201/201 202/202/202 152/152/152
f 152/152/152 202/202/202 203/203/203 153/153/153
f 153/153/153 203/203/203 204/204/204 154/154/154
f 154/154/154 204/204/204 205/205/205 155/155/155
f 155/155/155 205/205/205 206/206/206 156/156/156
f 156/156/156 206/206/206 207/207/207 157/157/157
f 157/157/157 207/207/207 208/208/208 158/158/158
f 158/158/158 208/208/208 209/209/209 159/159/159
f 159/159/159 209/209/209 210/210/210 160/160/160
f 160/160/160 210/210/210 211/211/211 161/161/161
f 161/161/161 211/211/211 212/212/212 162/162/162
f 162/162/162 212/212/212 213/213/213 163/163/163
f 163/163/163 213/213/213 214/214/214 164/164/164
f 164/164/164 214/214/214 215/215/215 165/165/165
f 165/165/165 215/215/215 216/216/216 166/166/166
f 166/166/166 216/216/216 217/217/217 167/167/167
f 167/167/167 217/217/217 218/218/218 168/168/168
f 168/168/168 218/218/218 219/219/219 169/169/169
f 169/169/169 219/219/219 220/220/220 170/170/170
f 170/170/170 220/220/220 221/221/221 171/171/171
f 171/171/171 221/221/221 222/222/222 172/172/172
f 172/172/172 222/222/222 223/223/223 173/173/173
f 173/173/173 223/223/223 224/224/224 174/174/174
f 174/174/174 224/224/224 225/225/225 175/175/175
f 175/175/175 225/225/225 226/226/226 176/176/176
f 176/176/176 226/226/226 227/227/227 177/177/177
f 177/177/177 227/227/227 228/228/228 178/178/178
f 178/178/178 228/228/228 229/229/229 179/179/179
f 179/179/179 229/229/229 230/230/230 180/180/180
f 180/180/180 230/230/230 231/231/231 181/181/181
f 181/181/181 231/231/231 232/232/232 182/182/182
f 182/182/182 232/232/232 233/233/233 183/183/183
f 183/183/183 233/233/233 234/234/234 184/184/184
f 184/184/184 234/234/234 235/235/235 185/185/185
f 185/185/185 235/235/235 236/236/236 186/186/186
f 186/186/186 236/236/236 237/237/237 187/187/187
f 187/187/187 237/237/237 238/238/238 188/188/188
f 188/188/188 238/238/238 239/239/239 189/189/189
f 189/189/189 239/239/239 240/240/240 190/190/190
f 190/190/190 240/240/240 241/241/241 191/191/191
f 191/191/191 241/241/241 242/242/242 192/192/192
f 192/192/192 242/242/242 243/243/243 193/193/193
f 193/193/193 243/243/243 244/244/244 194/194/194
f 194/194/194 244/244/244 245/245/245 195/195/195
f 195/195/195 245/245/245 246/246/246 196/196/196
f 196/196/196 246/246/246 247/247/247 197/197/197
f 197/197/197 247/247/247 248/248/248 198/198/198
f 198/198/198 248/248/248 249/249/249 199/199/199
f 199/199/199 249/249/249 250/250/250 200/200/200
f 201/201/201 251/251/251 252/252/252 202/202/202
f 202/202/202 252/252/252 253/253/253 203/203/203
f 203/203/203 253/253/253 254/254/254 204/204/204
f 204/204/204 254/254/254 255/255/255 205/205/205
f 205/205/205 255/255/255 256/256/256 206/206/206
f 206/206/206 256/256/256 257/257/257 207/207/207
f 207/207/207 257/257/257 258/258/258 208/208/208
f 208/208/208 258/258/258 259/259/259 209/209/209
f 209/209/209 259/259/259 260/260/260 210/210/210
f 210/210/210 260/260/260 261/261/261 211/211/211
f 211/211/211 261/261/261 262/262/262 212/212/212
f 212/212/212 262/262/262 263/263/263 213/213/213
f 213/213/213 263/263/263 264/264/264 214/214/214
f 214/214/214 264/264/264 265/265/265 215/215/215
f 215/215/215 265/265/265 266/266/266 216/216/216
f 216/216/216 266/266/266 267/267/267 217/217/217
f 217/217/217 267/267/267 268/268/268 218/218/218
f 218/218/218 268/268/268 269/269/269 219/219/219
f 219/219/219 269/269/269 270/270/270 220/220/220
f 220/220/220 270/270/270 271/271/271 221/221/221
f 221/221/221 271/271/271 272/272/272 222/222/222
f 222/222/222 272/272/272 273/273/273 223/223/223
f 223/223/223 273/273/273 274/274/274 224/224/224
f 224/224/224 274/274/274 275/275/275 225/225/225
f 225/225/225 275/275/275 276/276/276 226/226/226
f 226/226/226 276/276/276 277/277/277 227/227/227
f 227/227/227 277/277/277 278/278/278 228/228/228
f 228/228/228 278/278/278 279/279/279 229/229/229
f 229/229/229 279/279/279 280/280/280 230/230/230
f 230/230/230 280/280/280 281/281/281 231/231/231
f 231/231/231 281/281/281 282/282/282 232/232/232
f 232/232/232 282/282/282 283/283/283 233/233/233
f 233/233/233 283/283/283 284/284/284 234/234/234
f 234/234/234 284/284/284 285/285/285 235/235/235
f 235/235/235 285/285/285 286/286/286 236/236/236
f 236/236/236 286/286/286 287/287/287 237/237/237
f 237/237/237 287/287/287 288/288/288 238/238/238
f 238/238/238 288/288/288 289/289/289 239/239/239
f 239/239/239 289/289/289 290/290/290 240/240/240
f 240/240/240 290/290/290 291/291/291 241/241/241
f 241/241/241 291/291/291 292/292/292 242/242/242
f 242/242/242 292/292/292 293/293/293 243/243/243
f 243/243/243 293/293/293 294/294/294 244/244/244
f 244/244/244 294/294/294 295/295/295 245/245/245
f 245/245/245 295/295/295 296/296/296 246/246/246
f 246/246/246 296/296/296 297/297/297 247/247/247
f 247/247/247 297/297/297 298/298/298 248/248/248
f 248/248/248 298/298/298 299/299/299 249/249/249
f 249/249/249 299/299/299 300/300/300 250/250/250
f 251/251/251 301/301/301 302/302/302 252/252/252
f 252/252/252 302/302/302 303/303/303 253/253/253
f 253/253/253 303/303/303 304/304/304 254/254/254
f 254/254/254 304/304/304 305/305/305 255/255/255
f 255/255/255 305/305/305 306/306/306 256/256/256
f 256/256/256 306/306/306 307/307/307 257/257/257
f 257/257/257 307/307/307 308/308/308 258/258/258
f 258/258/258 308/308/308 309/309/309 259/259/259
f 259/259/259 309/309/309 310/310/310 260/260/260
f 260/260/260 310/310/310 311/311/311 261/261/261
f 261/261/261 311/311/311 312/312/312 262/262/262
f 262/262/262 312/312/312 313/313/313 263/263/263
f 263/263/263 313/313/313 314/314/314 264/264/264
f 264/264/264 314/314/314 315/315/315 265/265/265
f 265/265/265 315/315/315 316/316/316 266/266/266
f 266/266/266 316/316/316 317/317/317 267/267/267
f 267/267/267 317/317/317 318/318/318 268/268/268
f 268/268/268 318/318/318 319/319/319 269/269/269
f 269/269/269 319/319/319 320/320/320 270/270/270
f 270/270/270 320/320/320 321/321/321 271/271/271
f 271/271/271 321/321/321 322/322/322 272/272/272
f 272/272/272 322/322/322 323/323/323 273/273/273
f 273/273/273 323/323/323 324/324/324 274/274/274
f 274/274/274 324/324/324 325/325/325 275/275/275
f 275/275/275 325/325/325 326/326/326 276/276/276
f 276/276/276 326/326/326 327/327/327 277/277/277
f 277/277/277 327/327/327 328/328/328 278/278/278
f 278/278/278 328/328/328 329/329/329 279/279/279
f 279/279/279 329/329/329 330/330/330 280/280/280
f 280/280/280 330/330/330 331/331/331 281/281/281
f 281/281/281 331/331/331 332/332/332 282/282/282
f 282/282/282 332/332/332 333/333/333 283/283/283
f 283/283/283 333/333/333 334/334/334 284/284/284
f 284/284/284 334/334/334 335/335/335 285/285/285
f 285/285/285 335/335/335 336/336/336 286/286/286
f 286/286/286 336/336/336 337/337/337 287/287/287
f 287/287/287 337/337/337 338/338/338 288/288/288
f 288/288/288 338/338/338 339/339/339 289/289/289
f 289/289/289 339/339/339 340/340/340 290/290/290
f 290/290/290 340/340/340 341/341/341 291/291/291
f 291/291/291 341/341/341 342/342/342 292/292/292
f 292/292/292 342/342/342 343/343/343 293/293/293
f 293/293/293 343/343/343 344/344/344 294/294/294
f 294/294/294 344/344/344 345/345/345 295/295/295
f 295/295/295 345/345/345 346/346/346 296/296/296
f 296/296/296 346/346/346 347/347/347 297/297/297
f 297/297/297 347/347/347 348/348/348 298/298/298
f 298/298/298 348/348/348 349/349/349 299/299/299
f 299/299/299 349/349/349 350/350/350 300/300/300
f 301/301/301 351/351/351 352/352/352 302/302/302
f 302/302/302 352/352/352 353/353/353 303/303/303
f 303/303/303 353/353/353 354/354/354 304/304/304
f 304/304/304 354/354/354 355/355/355 305/305/305
f 305/305/305 355/355/355 356/356/356 306/306/306
f 306/306/306 356/356/356 357/357/357 307/307/307
f 307/307/307 357/357/357 358/358/358 308/308/308
f 308/308/308 358/358/358 359/359/359 309/309/309
f 309/309/309 359/359/359 360/360/360 310/310/310
f 310/310/310 360/360/360 361/361/361 311/311/311
f 311/311/311 361/361/361 362/362/362 312/312/312
f 312/312/312 362/362/362 363/363/363 313/313/313
f 313/313/313 363/363/363 364/364/364 314/314/314
f 314/314/314 364/364/364 365/365/365 315/315/315
f 315/315/315 365/365/365 366/366/366 316/316/316
f 316/316/316 366/366/366 367/367/367 317/317/317
f 317/317/317 367/367/367 368/368/368 318/318/318
f 318/318/318 368/368/368 369/369/369 319/319/319
f 319/319/319 369/369/369 370/370/370 320/320/320
f 320/320/320 370/370/370 371/371/371 321/321/321
f 321/321/321 371/371/371 372/372/372 322/322/322
f 322/322/322 372/372/372 373/373/373 323/323/323
f 323/323/323 373/373/373 374/374/374 324/324/324
f 324/324/324 374/374/374 375/375/375 325/325/325
f 325/325/325 375/375/375 376/376/376 326/326/326
f 326/326/326 376/376/376 377/377/377 327/327/327
f 327/327/327 377/377/377 378/378/378 328/328/328
f 328/328/328 378/378/378 379/379/379 329/329/329
f 329/329/329 379/379/379 380/380/380 330/330/330
f 330/330/330 380/380/380 381/381/381 331/331/331
f 331/331/331 381/381/381 382/382/382 332/332/332
f 332/332/332 382/382/382 383/383/383 333/333/333
f 333/333/333 383/383/383 384/384/384 334/334/334
f 334/334/334 384/384/384 385/385/385 335/335/335
f 335/335/335 385/385/385 386/386/386 336/336/336
f 336/336/336 386/386/386 387/387/387 337/337/337
f 337/337/337 387/387/387 388/388/388 338/338/338
f 338/338/338 388/388/388 389/389/389 339/339/339
f 339/339/339 389/389/389 390/390/390 340/340/340
f 340/340/340 390/390/390 391/391/391 341/341/341
f 341/341/341 391/391/391 392/392/392 342/342/342
f 342/342/342 392/392/392 393/393/393 343/343/343
f 343/343/343 393/393/393 394/394/394 344/344/344
f 344/344/344 394/394/394 395/395/395 345/345/345
f 345/345/345 395/395/395 396/396/396 346/346/346
f 346/346/346 396/396/396 397/397/397 347/347/347
f 347/347/347 397/397/397 398/398/398 348/348/348
f 348/348/348 398/398/398 399/399/399 349/349/349
f 349/349/349 399/399/399 400/400/400 350/350/350
f 351/351/351 401/401/401 402/402/402 352/352/352
f 352/352/352 402/402/402 403/403/403 353/353/353
f 353/353/353 403/403/403 404/404/404 354/354/354
f 354/354/354 404/404/404 405/405/405 355/355/355
f 355/355/355 405/405/405 406/406/406 356/356/356
f 356/356/356 406/406/406 407/407/407 357/357/357
f 357/357/357 407/407/407 408/408/408 358/358/358
f 358/358/358 408/408/408 409/409/409 359/359/359
f 359/359/359 409/409/409 410/410/410 360/360/360
f 360/360/360 410/410/410 411/411/411 361/361/361
f 361/361/361 411/411/411 412/412/412 362/362/362
f 362/362/362 412/412/412 413/413/413 363/363/363
f 363/363/363 413/413/413 414/414/414 364/364/364
f 364/364/364 414/414/414 415/415/415 365/365/365
f 365/365/365 415/415/415 416/416/416 366/366/366
f 366/366/366 416/416/416 417/417/417 367/367/367
f 367/367/367 417/417/417 418/418/418 368/368/368
f 368/368/368 418/418/418 419/419/419 369/369/369
f 369/369/369 419/419/419 420/420/420 370/370/370
f 370/370/370 420/420/420 421/421/421 371/371/371
f 371/371/371 421/421/421 422/422/422 372/372/372
f 372/372/372 422/422/422 423/423/423 373/373/373
f 373/373/373 423/423/423 424/424/424 374/374/374
f 374/374/374 424/424/424 425/425/425 375/375/375
f 375/375/375 425/425/425 426/426/426 376/376/376
f 376/376/376 426/426/426 427/427/427 377/377/377
f 377/377/377 427/427/427 428/428/428 378/378/378
f 378/378/378 428/428/428 429/429/429 379/379/379
f 379/379/379 429/429/429 430/430/430 380/380/380
f 380/380/380 430/430/430 431/431/431 381/381/381
f 381/381/381 431/431/431 432/432/432 382/382/382
f 382/382/382 432/432/432 433/433/433 383/383/383
f 383/383/383 433/433/433 434/434/434 384/384/384
f 384/384/384 434/434/434 435/435/435 385/385/385
f 385/385/385 435/435/435 436/436/436 386/386/386
f 386/386/386 436/436/436 437/437/437 387/387/387
f 387/387/387 437/437/437 438/438/438 388/388/388
f 388/388/388 438/438/438 439/439/439 389/389/389
f 389/389/389 439/439/439 440/440/440 390/390/390
f 390/390/390 440/440/440 441/441/441 391/391/391
f 391/391/391 441/441/441 442/442/442 392/392/392
f 392/392/392 442/442/442 443/443/443 393/393/393
f 393/393/393 443/443/443 444/444/444 394/394/394
f 394/394/394 444/444/444 445/445/445 395/395/395
f 395/395/395 445/445/445 446/446/446 396/396/396
f 396/396/396 446/446/446 447/447/447 397/397/397
f 397/397/397 447/447/447 448/448/448 398/398/398
f 398/398/398 448/448/448 449/449/449 399/399/399
f 399/399/399 449/449/449 450/450/450 400/400/400
f 401/401/401 451/451/451 452/452/452 402/402/402
f 402/402/402 452/452/452 453/453/453 403/403/403
f 403/403/403 453/453/453 454/454/454 404/404/404
f 404/404/404 454/454/454 455/455/455 405/405/405
f 405/405/405 455/455/455 456/456/456 406/406/406
f 406/406/406 456/456/456 457/457/457 407/407/407
f 407/407/407 457/457/457 458/458/458 408/408/408
f 408/408/408 458/458/458 459/459/459 409/409/409
f 409/409/409 459/459/459 460/460/460 410/410/410
f 410/410/410 460/460/460 461/461/461 411/411/411
f 411/411/411 461/461/461 462/462/462 412/412/412
f 412/412/412 462/462/462 463/463/463 413/413/413
f 413/413/413 463/463/463 464/464/464 414/414/414
f 414/414/414 464/464/464 465/465/465 415/415/415
f 415/415/415 465/465/465 466/466/466 416/416/416
f 416/416/416 466/466/466 467/467/467 417/417/417
f 417/417/417 467/467/467 468/468/468 418/418/418
f 418/418/418 468/468/468 469/469/469 419/419/419
f 419/419/419 469/469/469 470/470/470 420/420/420
f 420/420/420 470/470/470 471/471/471 421/421/421
f 421/421/421 471/471/471 472/472/472 422/422/422
f 422/422/422 472/472/472 473/473/473 423/423/423
f 423/423/423 473/473/473 474/474/474 424/424/424
f 424/424/424 474/474/474 475/475/475 425/425/425
f 425/425/425 475/475/475 476/476/476 426/426/426
f 426/426/426 476/476/476 477/477/477 427/427/427
f 427/427/427 477/477/477 478/478/478 428/428/428
f 428/428/428 478/478/478 479/479/479 429/429/429
f 429/429/429 479/479/479 480/480/480 430/430/430
f 430/430/430 480/480/480 481/481/481 431/431/431
f 431/431/431 481/481/481 482/482/482 432/432/432
f 432/432/432 482/482/482 483/483/483 433/433/433
f 433/433/433 483/483/483 484/484/484 434/434/434
f 434/434/434 484/484/484 485/485/485 435/435/435
f 435/435/435 485/485/485 486/486/486 436/436/436
f 436/436/436 486/486/486 487/487/487 437/437/437
f 437/437/437 487/487/487 488/488/488 438/438/438
f 438/438/438 488/488/488 489/489/489 439/439/439
f 439/439/439 489/489/489 490/490/490 440/440/440
f 440/440/440 490/490/490 491/491/491 441/441/441
f 441/441/441 491/491/491 492/492/492 442/442/442
f 442/442/442 492/492/492 493/493/493 443/443/443
f 443/443/443 493/493/493 494/494/494 444/444/444
f 444/444/444 494/494/494 495/495/495 445/445/445
f 445/445/445 495/495/495 496/496/496 446/446/446
f 446/446/446 496/496/496 497/497/497 447/447/447
f 447/447/447 497/497/497 498/498/498 448/448/448
f 448/448/448 498/498/498 499/499/499 449/449/449
f 449/449/449 499/499/499 500/500/500 450/450/450
f 451/451/451 501/501/501 502/502/502 452/452/452
f 452/452/452 502/502/502 503/503/503 453/453/453
f 453/453/453 503/503/503 504/504/504 454/454/454
f 454/454/454 504/504/504 505/505/505 455/455/455
f 455/455/455 505/505/505 506/506/506 456/456/456
f 456/456/456 506/506/506 507/507/507 457/457/457
f 457/457/457 507/507/507 508/508/508 458/458/458
f 458/458/458 508/508/508 509/509/509 459/459/459
f 459/459/459 509/509/509 510/510/510 460/460/460
f 460/460/460 510/510/510 511/511/511 461/461/461
f 461/461/461 511/511/511 512/512/512 462/462/462
f 462/462/462 512/512/512 513/513/513 463/463/463
f 463/463/463 513/513/513 514/514/514 464/464/464
f 464/464/464 514/514/514 515/515/515 465/465/465
f 465/465/465 515/515/515 516/516/516 466/466/466
f 466/466/466 516/516/516 517/517/517 467/467/467
f 467/467/467 517/517/517 518/518/518 468/468/468
f 468/468/468 518/518/518 519/519/519 469/469/469
f 469/469/469 519/519/519 520/520/520 470/470/470
f 470/470/470 520/520/520 521/521/521 471/471/471
f 471/471/471 521/521/521 522/522/522 472/472/472
f 472/472/472 522/522/522 523/523/523 473/473/473
f 473/473/473 523/523/523 524/524/524 474/474/474
f 474/474/474 524/524/524 525/525/525 475/475/475
f 475/475/475 525/525/525 526/526/526 476/476/476
f 476/476/476 526/526/526 527/527/527 477/477/477
f 477/477/477 527/527/527 528/528/528 478/478/478
f 478/478/478 528/528/528 529/529/529 479/479/479
f 479/479/479 529/529/529 530/530/530 480/480/480
f 480/480/480 530/530/530 531/531/531 481/481/481
f 481/481/481 531/531/531 532/532/532 482/482/482
f 482/482/482 532/532/532 533/533/533 483/483/483
f 483/483/483 533/533/533 534/534/534 484/484/484
f 484/484/484 534/534/534 535/535/535 485/485/485
f 485/485/485 535/535/535 536/536/536 486/486/486
f 486/486/486 536/536/536 537/537/537 487/487/487
f 487/487/487 537/537/537 538/538/538 488/488/488
f 488/488/488 538/538/538 539/539/539 489/489/489
f 489/489/489 539/539/539 540/540/540 490/490/490
f 490/490/490 540/540/540 541/541/541 491/491/491
f 491/491/491 541/541/541 542/542/542 492/492/492
f 492/492/492 542/542/542 543/543/543 493/493/493
f 493/493/493 543/543/543 544/544/544 494/494/494
f 494/494/494 544/544/544 545/545/545 495/495/495
f 495/495/495 545/545/545 546/546/546 496/496/496
f 496/496/496 546/546/546 547/547/547 497/497/497
f 497/497/497 547/547/547 548/548/548 498/498/498
f 498/498/498 548/548/548 549/549/549 499/499/499
f 499/499/499 549/549/549 550/550/550 500/500/500
f 501/501/501 551/551/551 552/552/552 502/502/502
f 502/502/502 552/552/552 553/553/553 503/503/503
f 503/503/503 553/553/553 554/554/554 504/504/504
f 504/504/504 554/554/554 555/555/555 505/505/505
f 505/505/505 555/555/555 556/556/556 506/506/506
f 506/506/506 556/556/556 557/557/557 507/507/507
f 507/507/507 557/557/557 558/558/558 508/508/508
f 508/508/508 558/558/558 559/559/559 509/509/509
f 509/509/509 559/559/559 560/560/560 510/510/510
f 510/510/510 560/560/560 561/561/561 511/511/511
f 511/511/511 561/561/561 562/562/562 512/512/512
f 512/512/512 562/562/562 563/563/563 513/513/513
f 513/513/513 563/563/563 564/564/564 514/514/514
f 514/514/514 564/564/564 565/565/565 515/515/515
f 515/515/515 565/565/565 566/566/566 516/516/516
f 516/516/516 566/566/566 567/567/567 517/517/517
f 517/517/517 567/567/567 568/568/568 518/518/518
f 518/518/518 568/568/568 569/569/569 519/519/519
f 519/519/519 569/569/569 570/570/570 520/520/520
f 520/520/520 570/570/570 571/571/571 521/521/521
f 521/521/521 571/571/571 572/572/572 522/522/522
f 522/522/522 572/572/572 573/573/573 523/523/523
f 523/523/523 573/573/573 574/574/574 524/524/524
f 524/524/524 574/574/574 575/575/575 525/525/525
f 525/525/525 575/575/575 576/576/576 526/526/526
f 526/526/526 576/576/576 577/577/577 527/527/527
f 527/527/527 577/577/577 578/578/578 528/528/528
f 528/528/528 578/578/578 579/579/579 529/529/529
f 529/529/529 579/579/579 580/580/580 530/530/530
f 530/530/530 580/580/580 581/581/581 531/531/531
f 531/531/531 581/581/581 582/582/582 532/532/532
f 532/532/532 582/582/582 583/583/583 533/533/533
f 533/533/533 583/583/583 584/584/584 534/534/534
f 534/534/534 584/584/584 585/585/585 535/535/535
f 535/535/535 585/585/585 586/586/586 536/536/536
f 536/536/536 586/586/586 587/587/587 537/537/537
f 537/537/537 587/587/587 588/588/588 538/538/538
f 538/538/538 588/588/588 589/589/589 539/539/539
f 539/539/539 589/589/589 590/590/590 540/540/540
f 540/540/540 590/590/590 591/591/591 541/541/541
f 541/541/541 591/591/591 592/592/592 542/542/542
f 542/542/542 592/592/592 593/593/593 543/543/543
f 543/543/543 593/593/593 594/594/594 544/544/544
f 544/544/544 594/594/594 595/595/595 545/545/545
f 545/545/545 595/595/595 596/596/596 546/546/546
f 546/546/546 596/596/596 597/597/597 547/547/547
f 547/547/547 597/597/597 598/598/598 548/548/548
f 548/548/548 598/598/598 599/599/599 549/549/549
f 549/549/549 599/599/599 600/600/600 550/550/550
f 551/551/551 601/601/601 602/602/602 552/552/552
f 552/552/552 602/602/602 603/603/603 553/553/553
f 553/553/553 603/603/603 604/604/604 554/554/554
f 554/554/554 604/604/604 605/605/605 555/555/555
f 555/555/555 605/605/605 606/606/606 556/556/556
f 556/556/556 606/606/606 607/607/607 557/557/557
f 557/557/557 607/607/607 608/608/608 558/558/558
f 558/558/558 608/608/608 609/609/609 559/559/559
f 559/559/559 609/609/609 610/610/610 560/560/560
f 560/560/560 610/610/610 611/611/611 561/561/561
f 561/561/561 611/611/611 612/612/612 562/562/562
f 562/562/562 612/612/612 613/613/613 563/563/563
f 563/563/563 613/613/613 614/614/614 564/564/564
f 564/564/564 614/614/614 615/615/615 565/565/565
f 565/565/565 615/615/615 616/616/616 566/566/566
f 566/566/566 616/616/616 617/617/617 567/567/567
f 567/567/567 617/617/617 618/618/618 568/568/568
f 568/568/568 618/618/618 619/619/619 569/569/569
f 569/569/569 619/619/619 620/620/620 570/570/570
f 570/570/570 620/620/620 621/621/621 571/571/571
f 571/571/571 621/621/621 622/622/622 572/572/572
f 572/572/572 622/622/622 623/623/623 573/573/573
f 573/573/573 623/623/623 624/624/624 574/574/574
f 574/574/574 624/624/624 625/625/625 575/575/575
f 575/575/575 625/625/625 626/626/626 576/576/576
f 576/576/576 626/626/626 627/627/627 577/577/577
f 577/577/577 627/627/627 628/628/628 578/578/578
f 578/578/578 628/628/628 629/629/629 579/579/579
f 579/579/579 629/629/629 630/630/630 580/580/580
f 580/580/580 630/630/630 631/631/631 581/581/581
f 581/581/581 631/631/631 632/632/632 582/582/582
f 582/582/582 632/632/632 633/633/633 583/583/583
f 583/583/583 633/633/633 634/634/634 584/584/584
f 584/584/584 634/634/634 635/635/635 585/585/585
f 585/585/585 635/635/635 636/636/636 586/586/586
f 586/586/586 636/636/636 637/637/637 587/587/587
f 587/587/587 637/637/637 638/638/638 588/588/588
f 588/588/588 638/638/638 639/639/639 589/589/589
f 589/589/589 639/639/639 640/640/640 590/590/590
f 590/590/590 640/640/640 641/641/641 591/591/591
f 591/591/591 641/641/641 642/642/642 592/592/592
f 592/592/592 642/642/642 643/643/643 593/593/593
f 593/593/593 643/643/643 644/644/644 594/594/594
f 594/594/594 644/644/644 645/645/645 595/595/595
f 595/595/595 645/645/645 646/646/646 596/596/596
f 596/596/596 646/646/646 647/647/647 597/597/597
f 597/597/597 647/647/647 648/648/648 598/598/598
f 598/598/598 648/648/648 649/649/649 599/599/599
f 599/599/599 649/649/649 650/650/650 600/600/600
f 601/601/601 651/651/651 652/652/652 602/602/602
f 602/602/602 652/652/652 653/653/653 603/603/603
f 603/603/603 653/653/653 654/654/654 604/604/604
f 604/604/604 654/654/654 655/655/655 605/605/605
f 605/605/605 655/655/655 656/656/656 606/606/606
f 606/606/606 656/656/656 657/657/657 607/607/607
f 607/607/607 657/657/657 658/658/658 608/608/608
f 608/608/608 658/658/658 659/659/659 609/609/609
f 609/609/609 659/659/659 660/660/660 610/610/610
f 610/610/610 660/660/660 661/661/661 611/611/611
f 611/611/611 661/661/661 662/662/662 612/612/612
f 612/612/612 662/662/662 663/663/663 613/613/613
f 613/613/613 663/663/663 664/664/664 614/614/614
f 614/614/614 664/664/664 665/665/665 615/615/615
f 615/615/615 665/665/665 666/666/666 616/616/616
f 616/616/616 666/666/666 667/667/667 617/617/617
f 617/617/617 667/667/667 668/668/668 618/618/618
f 618/618/618 668/668/668 669/669/669 619/619/619
f 619/619/619 669/669/669 670/670/670 620/620/620
f 620/620/620 670/670/670 671/671/671 621/621/621
f 621/621/621 671/671/671 672/672/672 622/622/622
f 622/622/622 672/672/672 673/673/673 623/623/623
f 623/623/623 673/673/673 674/674/674 624/624/624
f 624/624/624 674/674/674 675/675/675 625/625/625
f 625/625/625 675/675/675 676/676/676 626/626/626
f 626/626/626 676/676/676 677/677/677 627/627/627
f 627/627/627 677/677/677 678/678/678 628/628/628
f 628/628/628 678/678/678 679/679/679 629/629/629
f 629/629/629 679/679/679 680/680/680 630/630/630
f 630/630/630 680/680/680 681/681/681 631/631/631
f 631/631/631 681/681/681 682/682/682 632/632/632
f 632/632/632 682/682/682 683/683/683 633/633/633
f 633/633/633 683/683/683 684/684/684 634/634/634
f 634/634/634 684/684/684 685/685/685 635/635/635
f 635/635/635 685/685/685 686/686/686 636/636/636
f 636/636/636 686/686/686 687/687/687 637/637/637
f 637/637/637 687/687/687 688/688/688 638/638/638
f 638/638/638 688/688/688 689/689/689 639/639/639
f 639/639/639 689/689/689 690/690/690 640/640/640
f 640/640/640 690/690/690 691/691/691 641/641/641
f 641/641/641 691/691/691 692/692/692 642/642/642
f 642/642/642 692/692/692 693/693/693 643/643/643
f 643/643/643 693/693/693 694/694/694 644/644/644
f 644/644/644 694/694/694 695/695/695 645/645/645
f 645/645/645 695/695/695 696/696/696 646/646/646
f 646/646/646 696/696/696 697/697/697 647/647/647
f 647/647/647 697/697/697 698/698/698 648/648/648
f 648/648/648 698/698/698 699/699/699 649/649/649
f 649/649/649 699/699/699 700/700/700 650/650/650
f 651/651/651 701/701/701 702/702/702 652/652/652
f 652/652/652 702/702/702 703/703/703 653/653/653
f 653/653/653 703/703/703 704/704/704 654/654/654
f 654/654/654 704/704/704 705/705/705 655/655/655
f 655/655/655 705/705/705 706/706/706 656/656/656
f 656/656/656 706/706/706 707/707/707 657/657/657
f 657/657/657 707/707/707 708/708/708 658/658/658
f 658/658/658 708/708/708 709/709/709 659/659/659
f 659/659/659 709/709/709 710/710/710 660/660/660
f 660/660/660 710/710/710 711/711/711 661/661/661
f 661/661/661 711/711/711 712/712/712 662/662/662
f 662/662/662 712/712/712 713/713/713 663/663/663
f 663/663/663 713/713/713 714/714/714 664/664/664
f 664/664/664 714/714/714 715/715/715 665/665/665
f 665/665/665 715/715/715 716/716/716 666/666/666
f 666/666/666 716/716/716 717/717/717 667/667/667
f 667/667/667 717/717/717 718/718/718 668/668/668
f 668/668/668 718/718/718 719/719/719 669/669/669
f 669/669/669 719/719/719 720/720/720 670/670/670
f 670/670/670 720/720/720 721/721/721 671/671/671
f 671/671/671 721/721/721 722/722/722 672/672/672
f 672/672/672 722/722/722 723/723/723 673/673/673
f 673/673/673 723/723/723 724/724/724 674/674/674
f 674/674/674 724/724/724 725/725/725 675/675/675
f 675/675/675 725/725/725 726/726/726 676/676/676
f 676/676/676 726/726/726 727/727/727 677/677/677
f 677/677/677 727/727/727 728/728/728 678/678/678
f 678/678/678 728/728/728 729/729/729 679/679/679
f 679/679/679 729/729/729 730/730/730 680/680/680
f 680/680/680 730/730/730 731/731/731 681/681/681
f 681/681/681 731/731/731 732/732/732 682/682/682
f 682/682/682 732/732/732 733/733/733 683/683/683
f 683/683/683 733/733/733 734/734/734 684/684/684
f 684/684/684 734/734/734 735/735/735 685/685/685
f 685/685/685 735/735/735 736/736/736 686/686/686
f 686/686/686 736/736/736 737/737/737 687/687/687
f 687/687/687 737/737/737 738/738/738 688/688/688
f 688/688/688 738/738/738 739/739/739 689/689/689
f 689/689/689 739/739/739 740/740/740 690/690/690
f 690/690/690 740/740/740 741/741/741 691/691/691
f 691/691/691 741/741/741 742/742/742 692/692/692
f 692/692/692 742/742/742 743/743/743 693/693/693
f 693/693/693 743/743/743 744/744/744 694/694/694
f 694/694/694 744/744/744 745/745/745 695/695/695
f 695/695/695 745/745/745 746/746/746 696/696/696
f 696/696/696 746/746/746 747/747/747 697/697/697
f 697/697/697 747/747/747 748/748/748 698/698/698
f 698/698/698 748/748/748 749/749/749 699/699/699
f 699/699/699 749/749/749 750/750/750 700/700/700
f 701/701/701 751/751/751 752/752/752 702/702/702
f 702/702/702 752/752/752 753/753/753 703/703/703
f 703/703/703 753/753/753 754/754/754 704/704/704
f 704/704/704 754/754/754 755/755/755 705/705/705
f 705/705/705 755/755/755 756/756/756 706/706/706
f 706/706/706 756/756/756 757/757/757 707/707/707
f 707/707/707 757/757/757 758/758/758 708/708/708
f 708/708/708 758/758/758 759/759/759 709/709/709
f 709/709/709 759/759/759 760/760/760 710/710/710
f 710/710/710 760/760/760 761/761/761 711/711/711
f 711/711/711 761/761/761 762/762/762 712/712/712
f 712/712/712 762/762/762 763/763/763 713/713/713
f 713/713/713 763/763/763 764/764/764 714/714/714
f 714/714/714 764/764/764 765/765/765 715/715/715
f 715/715/715 765/765/765 766/766/766 716/716/716
f 716/716/716 766/766/766 767/767/767 717/717/717
f 717/717/717 767/767/767 768/768/768 718/718/718
f 718/718/718 768/768/768 769/769/769 719/719/719
f 719/719/719 769/769/769 770/770/770 720/720/720
f 720/720/720 770/770/770 771/771/771 721/721/721
f 721/721/721 771/771/771 772/772/772 722/722/722
f 722/722/722 772/772/772 773/773/773 723/723/723
f 723/723/723 773/773/773 774/774/774 724/724/724
f 724/724/724 774/774/774 775/775/775 725/725/725
f 725/725/725 775/775/775 776/776/776 726/726/726
f 726/726/726 776/776/776 777/777/777 727/727/727
f 727/727/727 777/777/777 778/778/778 728/728/728
f 728/728/728 778/778/778 779/779/779 729/729/729
f 729/729/729 779/779/779 780/780/780 730/730/730
f 730/730/730 780/780/780 781/781/781 731/731/731
f 731/731/731 781/781/781 782/782/782 732/732/732
f 732/732/732 782/782/782 783/783/783 733/733/733
f 733/733/733 783/783/783 784/784/784 734/734/734
f 734/734/734 784/784/784 785/785/785 735/735/735
f 735/735/735 785/785/785 786/786/786 736/736/736
f 736/736/736 786/786/786 787/787/787 737/737/737
f 737/737/737 787/787/787 788/788/788 738/738/738
f 738/738/738 788/788/788 789/789/789 739/739/739
f 739/739/739 789/789/789 790/790/790 740/740/740
f 740/740/740 790/790/790 791/791/791 741/741/741
f 741/741/741 791/791/791 792/792/792 742/742/742
f 742/742/742 792/792/792 793/793/793 743/743/743
f 743/743/743 793/793/793 794/794/794 744/744/744
f 744/744/744 794/794/794 795/795/795 745/745/745
f 745/745/745 795/795/795 796/796/796 746/746/746
f 746/746/746 796/796/796 797/797/797 747/747/747
f 747/747/747 797/797/797 798/798/798 748/748/748
f 748/748/748 798/798/798 799/799/799 749/749/749
f 749/749/749 799/799/799 800/800/800 750/750/750
f 751/751/751 801/801/801 802/802/802 752/752/752
f 752/752/752 802/802/802 803/803/803 753/753/753
f 753/753/753 803/803/803 804/804/804 754/754/754
f 754/754/754 804/804/804 805/805/805 755/755/755
f 755/755/755 805/805/805 806/806/806 756/756/756
f 756/756/756 806/806/806 807/807/807 757/757/757
f 757/757/757 807/807/807 808/808/808 758/758/758
f 758/758/758 808/808/808 809/809/809 759/759/759
f 759/759/759 809/809/809 810/810/810 760/760/760
f 760/760/760 810/810/810 811/811/811 761/761/761
f 761/761/761 811/811/811 812/812/812 762/762/762
f 762/762/762 812/812/812 813/813/813 763/763/763
f 763/763/763 813/813/813 814/814/814 764/764/764
f 764/764/764 814/814/814 815/815/815 765/765/765
f 765/765/765 815/815/815 816/816/816 766/766/766
f 766/766/766 816/816/816 817/817/817 767/767/767
f 767/767/767 817/817/817 818/818/818 768/768/768
f 768/768/768 818/818/818 819/819/819 769/769/769
f 769/769/769 819/819/819 820/820/820 770/770/770
f 770/770/770 820/820/820 821/821/821 771/771/771
f 771/771/771 821/821/821 822/822/822 772/772/772
f 772/772/772 822/822/822 823/823/823 773/773/773
f 773/773/773 823/823/823 824/824/824 774/774/774
f 774/774/774 824/824/824 825/825/825 775/775/775
f 775/775/775 825/825/825 826/826/826 776/776/776
f 776/776/776 826/826/826 827/827/827 777/777/777
f 777/777/777 827/827/827 828/828/828 778/778/778
f 778/778/778 828/828/828 829/829/829 779/779/779
f 779/779/779 829/829/829 830/830/830 780/780/780
f 780/780/780 830/830/830 831/831/831 781/781/781
f 781/781/781 831/831/831 832/832/832 782/782/782
f 782/782/782 832/832/832 833/833/833 783/783/783
f 783/783/783 833/833/833 834/834/834 784/784/784
f 784/784/784 834/834/834 835/835/835 785/785/785
f 785/785/785 835/835/835 836/836/836 786/786/786
f 786/786/786 836/836/836 837/837/837 787/787/787
f 787/787/787 837/837/837 838/838/838 788/788/788
f 788/788/788 838/838/838 839/839/839 789/789/789
f 789/789/789 839/839/839 840/840/840 790/790/790
f 790/790/790 840/840/840 841/841/841 791/791/791
f 791/791/791 841/841/841 842/842/842 792/792/792
f 792/792/792 842/842/842 843/843/843 793/793/793
f 793/793/793 843/843/843 844/844/844 794/794/794
f 794/794/794 844/844/844 845/845/845 795/795/795
f 795/795/795 845/845/845 846/846/846 796/796/796
f 796/796/796 846/846/846 847/847/847 797/797/797
f 797/797/797 847/847/847 848/848/848 798/798/798
f 798/798/798 848/848/848 849/849/849 799/799/799
f 799/799/799 849/849/849 850/850/850 800/800/800
f 801/801/801 851/851/851 852/852/852 802/802/802
f 802/802/802 852/852/852 853/853/853 803/803/803
f 803/803/803 853/853/853 854/854/854 804/804/804
f 804/804/804 854/854/854 855/855/855 805/805/805
f 805/805/805 855/855/855 856/856/856 806/806/806
f 806/806/806 856/856/856 857/857/857 807/807/807
f 807/807/807 857/857/857 858/858/858 808/808/808
f 808/808/808 858/858/858 859/859/859 809/809/809
f 809/809/809 859/859/859 860/860/860 810/810/810
f 810/810/810 860/860/860 861/861/861 811/811/811
f 811/811/811 861/861/861 862/862/862 812/812/812
f 812/812/812 862/862/862 863/863/863 813/813/813
f 813/813/813 863/863/863 864/864/864 814/814/814
f 814/814/814 864/864/864 865/865/865 815/815/815
f 815/815/815 865/865/865 866/866/866 816/816/816
f 816/816/816 866/866/866 867/867/867 817/817/817
f 817/817/817 867/867/867 868/868/868 818/818/818
f 818/818/818 868/868/868 869/869/869 819/819/819
f 819/819/819 869/869/869 870/870/870 820/820/820
f 820/820/820 870/870/870 871/871/871 821/821/821
f 821/821/821 871/871/871 872/872/872 822/822/822
f 822/822/822 872/872/872 873/873/873 823/823/823
f 823/823/823 873/873/873 874/874/874 824/824/824
f 824/824/824 874/874/874 875/875/875 825/825/825
f 825/825/825 875/875/875 876/876/876 826/826/826
f 826/826/826 876/876/876 877/877/877 827/827/827
f 827/827/827 877/877/877 878/878/878 828/828/828
f 828/828/828 878/878/878 879/879/879 829/829/829
f 829/829/829 879/879/879 880/880/880 830/830/830
f 830/830/830 880/880/880 881/881/881 831/831/831
f 831/831/831 881/881/881 882/882/882 832/832/832
f 832/832/832 882/882/882 883/883/883 833/833/833
f 833/833/833 883/883/883 884/884/884 834/834/834
f 834/834/834 884/884/884 885/885/885 835/835/835
f 835/835/835 885/885/885 886/886/886 836/836/836
f 836/836/836 886/886/886 887/887/887 837/837/837
f 837/837/837 887/887/887 888/888/888 838/838/838
f 838/838/838 888/888/888 889/889/889 839/839/839
f 839/839/839 889/889/889 890/890/890 840/840/840
f 840/840/840 890/890/890 891/891/891 841/841/841
f 841/841/841 891/891/891 892/892/892 842/842/842
f 842/842/842 892/892/892 893/893/893 843/843/843
f 843/843/843 893/893/893 894/894/894 844/844/844
f 844/844/844 894/894/894 895/895/895 845/845/845
f 845/845/845 895/895/895 896/896/896 846/846/846
f 846/846/846 896/896/896 897/897/897 847/847/847
f 847/847/847 897/897/897 898/898/898 848/848/848
f 848/848/848 898/898/898 899/899/899 849/849/849
f 849/849/849 899/899/899 900/900/900 850/850/850
f 851/851/851 901/901/901 902/902/902 852/852/852
f 852/852/852 902/902/902 903/903/903 853/853/853
f 853/853/853 903/903/903 904/904/904 854/854/854
f 854/854/854 904/904/904 905/905/905 855/855/855
f 855/855/855 905/905/905 906/906/906 856/856/856
f 856/856/856 906/906/906 907/907/907 857/857/857
f 857/857/857 907/907/907 908/908/908 858/858/858
f 858/858/858 908/908/908 909/909/909 859/859/859
f 859/859/859 909/909/909 910/910/910 860/860/860
f 860/860/860 910/910/910 911/911/911 861/861/861
f 861/861/861 911/911/911 912/912/912 862/862/862
f 862/862/862 912/912/912 913/913/913 863/863/863
f 863/863/863 913/913/913 914/914/914 864/864/864
f 864/864/864 914/914/914 915/915/915 865/865/865
f 865/865/865 915/915/915 916/916/916 866/866/866
f 866/866/866 916/916/916 917/917/917 867/867/867
f 867/867/867 917/917/917 918/918/918 868/868/868
f 868/868/868 918/918/918 919/919/919 869/869/869
f 869/869/869 919/919/919 920/920/920 870/870/870
f 870/870/870 920/920/920 921/921/921 871/871/871
f 871/871/871 921/921/921 922/922/922 872/872/872
f 872/872/872 922/922/922 923/923/923 873/873/873
f 873/873/873 923/923/923 924/924/924 874/874/874
f 874/874/874 924/924/924 925/925/925 875/875/875
f 875/875/875 925/925/925 926/926/926 876/876/876
f 876/876/876 926/926/926 927/927/927 877/877/877
f 877/877/877 927/927/927 928/928/928 878/878/878
f 878/878/878 928/928/928 929/929/929 879/879/879
f 879/879/879 929/929/929 930/930/930 880/880/880
f 880/880/880 930/930/930 931/931/931 881/881/881
f 881/881/881 931/931/931 932/932/932 882/882/882
f 882/882/882 932/932/932 933/933/933 883/883/883
f 883/883/883 933/933/933 934/934/934 884/884/884
f 884/884/884 934/934/934 935/935/935 885/885/885
f 885/885/885 935/935/935 936/936/936 886/886/886
f 886/886/886 936/936/936 937/937/937 887/887/887
f 887/887/887 937/937/937 938/938/938 888/888/888
f 888/888/888 938/938/938 939/939/939 889/889/889
f 889/889/889 939/939/939 940/940/940 890/890/890
f 890/890/890 940/940/940 941/941/941 891/891/891
f 891/891/891 941/941/941 942/942/942 892/892/892
f 892/892/892 942/942/942 943/943/943 893/893/893
f 893/893/893 943/943/943 944/944/944 894/894/894
f 894/894/894 944/944/944 945/945/945 895/895/895
f 895/895/895 945/945/945 946/946/946 896/896/896
f 896/896/896 946/946/946 947/947/947 897/897/897
f 897/897/897 947/947/947 948/948/948 898/898/898
f 898/898/898 948/948/948 949/949/949 899/899/899
f 899/899/899 949/949/949 950/950/950 900/900/900
f 901/901/901 951/951/951 952/952/952 902/902/902
f 902/902/902 952/952/952 953/953/953 903/903/903
f 903/903/903 953/953/953 954/954/954 904/904/904
f 904/904/904 954/954/954 955/955/955 905/905/905
f 905/905/905 955/955/955 956/956/956 906/906/906
f 906/906/906 956/956/956 957/957/957 907/907/907
f 907/907/907 957/957/957 958/958/958 908/908/908
f 908/908/908 958/958/958 959/959/959 909/909/909
f 909/909/909 959/959/959 960/960/960 910/910/910
f 910/910/910 960/960/960 961/961/961 911/911/911
f 911/911/911 961/961/961 962/962/962 912/912/912
f 912/912/912 962/962/962 963/963/963 913/913/913
f 913/913/913 963/963/963 964/964/964 914/914/914
f 914/914/914 964/964/964 965/965/965 915/915/915
f 915/915/915 965/965/965 966/966/966 916/916/916
f 916/916/916 966/966/966 967/967/967 917/917/917
f 917/917/917 967/967/967 968/968/968 918/918/918
f 918/918/918 968/968/968 969/969/969 919/919/919
f 919/919/919 969/969/969 970/970/970 920/920/920
f 920/920/920 970/970/970 971/971/971 921/921/921
f 921/921/921 971/971/971 972/972/972 922/922/922
f 922/922/922 972/972/972 973/973/973 923/923/923
f 923/923/923 973/973/973 974/974/974 924/924/924
f 924/924/924 974/974/974 975/975/975 925/925/925
f 925/925/925 975/975/975 976/976/976 926/926/926
f 926/926/926 976/976/976 977/977/977 927/927/927
f 927/927/927 977/977/977 978/978/978 928/928/928
f 928/928/928 978/978/978 979/979/979 929/929/929
f 929/929/929 979/979/979 980/980/980 930/930/930
f 930/930/930 980/980/980 981/981/981 931/931/931
f 931/931/931 981/981/981 982/982/982 932/932/932
f 932/932/932 982/982/982 983/983/983 933/933/933
f 933/933/933 983/983/983 984/984/984 934/934/934
f 934/934/934 984/984/984 985/985/985 935/935/935
f 935/935/935 985/985/985 986/986/986 936/936/936
f 936/936/936 986/986/986 987/987/987 937/937/937
f 937/937/937 987/987/987 988/988/988 938/938/938
f 938/938/938 988/988/988 989/989/989 939/939/939
f 939/939/939 989/989/989 990/990/990 940/940/940
f 940/940/940 990/990/990 991/991/991 941/941/941
f 941/941/941 991/991/991 992/992/992 942/942/942
f 942/942/942 992/992/992 993/993/993 943/943/943
f 943/943/943 993/993/993 994/994/994 944/944/944
f 944/944/944 994/994/994 995/995/995 945/945/945
f 945/945/945 995/995/995 996/996/996 946/946/946
f 946/946/946 996/996/996 997/997/997 947/947/947
f 947/947/947 997/997/997 998/998/998 948/948/948
f 948/948/948 998/998/998 999/999/999 949/949/949
f 949/949/949 999/999/999 1000/1000/1000 950/950/950
f 951/951/951 1001/1001/1001 1002/1002/1002 952/952/952
f 952/952/952 1002/1002/1002 1003/1003/1003 953/953/953
f 953/953/953 1003/1003/1003 1004/1004/1004 954/954/954
f 954/954/954 1004/1004/1004 1005/1005/1005 955/955/955
f 955/955/955 1005/1005/1005 1006/1006/1006 956/956/956
f 956/956/956 1006/1006/1006 1007/1007/1007 957/957/957
f 957/957/957 1007/1007/1007 1008/1008/1008 958/958/958
f 958/958/958 1008/1008/1008 1009/1009/1009 959/959/959
f 959/959/959 1009/1009/1009 1010/1010/1010 960/960/960
f 960/960/960 1010/1010/1010 1011/1011/1011 961/961/961
f 961/961/961 1011/1011/1011 1012/1012/1012 962/962/962
f 962/962/962 1012/1012/1012 1013/1013/1013 963/963/963
f 963/963/963 1013/1013/1013 1014/1014/1014 964/964/964
f 964/964/964 1014/1014/1014 1015/1015/1015 965/965/965
f 965/965/965 1015/1015/1015 1016/1016/1016 966/966/966
f 966/966/966 1016/1016/1016 1017/1017/1017 967/967/967
f 967/967/967 1017/1017/1017 1018/1018/1018 968/968/968
f 968/968/968 1018/1018/1018 1019/1019/1019 969/969/969
f 969/969/969 1019/1019/1019 1020/1020/1020 970/970/970
f 970/970/970 1020/1020/1020 1021/1021/1021 971/971/971
f 971/971/971 1021/1021/1021 1022/1022/1022 972/972/972
f 972/972/972 1022/1022/1022 1023/1023/1023 973/973/973
f 973/973/973 1023/1023/1023 1024/1024/1024 974/974/974
f 974/974/974 1024/1024/1024 1025/1025/1025 975/975/975
f 975/975/975 1025/1025/1025 1026/1026/1026 976/976/976
f 976/976/976 1026/1026/1026 1027/1027/1027 977/977/977
f 977/977/977 1027/1027/1027 1028/1028/1028 978/978/978
f 978/978/978 1028/1028/1028 1029/1029/1029 979/979/979
f 979/979/979 1029/1029/1029 1030/1030/1030 980/980/980
f 980/980/980 1030/1030/1030 1031/1031/1031 981/981/981
f 981/981/981 1031/1031/1031 1032/1032/1032 982/982/982
f 982/982/982 1032/1032/1032 1033/1033/1033 983/983/983
f 983/983/983 1033/1033/1033 1034/1034/1034 984/984/984
f 984/984/984 1034/1034/1034 1035/1035/1035 985/985/985
f 985/985/985 1035/1035/1035 1036/1036/1036 986/986/986
f 986/986/986 1036/1036/1036 1037/1037/1037 987/987/987
f 987/987/987 1037/1037/1037 1038/1038/1038 988/988/988
f 988/988/988 1038/1038/1038 1039/1039/1039 989/989/989
f 989/989/989 1039/1039/1039 1040/1040/1040 990/990/990
f 990/990/990 1040/1040/1040 1041/1041/1041 991/991/991
f 991/991/991 1041/1041/1041 1042/1042/1042 992/992/992
f 992/992/992 1042/1042/1042 1043/1043/1043 993/993/993
f 993/993/993 1043/1043/1043 1044/1044/1044 994/994/994
f 994/994/994 1044/1044/1044 1045/1045/1045 995/995/995
f 995/995/995 1045/1045/1045 1046/1046/1046 996/996/996
f 996/996/996 1046/1046/1046 1047/1047/1047 997/997/997
f 997/997/997 1047/1047/1047 1048/1048/1048 998/998/998
f 998/998/998 1048/1048/1048 1049/1049/1049 999/999/999
f 999/999/999 1049/1049/1049 1050/1050/1050 1000/1000/1000
f 1001/1001/1001 1051/1051/1051 1052/1052/1052 1002/1002/1002
f 1002/1002/1002 1052/1052/1052 1053/1053/1053 1003/1003/1003
f 1003/1003/1003 1053/1053/1053 1054/1054/1054 1004/1004/1004
f 1004/1004/1004 1054/1054/1054 1055/1055/1055 1005/1005/1005
f 1005/1005/1005 1055/1055/1055 1056/1056/1056 1006/1006/1006
f 1006/1006/1006 1056/1056/1056 1057/1057/1057 1007/1007/1007
f 1007/1007/1007 1057/1057/1057 1058/1058/1058 1008/1008/1008
f 1008/1008/1008 1058/1058/1058 1059/1059/1059 1009/1009/1009
f 1009/1009/1009 1059/1059/1059 1060/1060/1060 1010/1010/1010
f 1010/1010/1010 1060/1060/1060 1061/1061/1061 1011/1011/1011
f 1011/1011/1011 1061/1061/1061 1062/1062/1062 1012/1012/1012
f 1012/1012/1012 1062/1062/1062 1063/1063/1063 1013/1013/1013
f 1013/1013/1013 1063/1063/1063 1064/1064/1064 1014/1014/1014
f 1014/1014/1014 1064/1064/1064 1065/1065/1065 1015/1015/1015
f 1015/1015/1015 1065/1065/1065 1066/1066/1066 1016/1016/1016
f 1016/1016/1016 1066/1066/1066 1067/1067/1067 1017/1017/1017
f 1017/1017/1017 1067/1067/1067 1068/1068/1068 1018/1018/1018
f 1018/1018/1018 1068/1068/1068 1069/1069/1069 1019/1019/1019
f 1019/1019/1019 1069/1069/1069 1070/1070/1070 1020/1020/1020
f 1020/1020/1020 1070/1070/1070 1071/1071/1071 1021/1021/1021
f 1021/1021/1021 1071/1071/1071 1072/1072/1072 1022/1022/1022
f 1022/1022/1022 1072/1072/1072 1073/1073/1073 1023/1023/1023
f 1023/1023/1023 1073/1073/1073 1074/1074/1074 1024/1024/1024
f 1024/1024/1024 1074/1074/1074 1075/1075/1075 1025/1025/1025
f 1025/1025/1025 1075/1075/1075 1076/1076/1076 1026/1026/1026
f 1026/1026/1026 1076/1076/1076 1077/1077/1077 1027/1027/1027
f 1027/1027/1027 1077/1077/1077 1078/1078/1078 1028/1028/1028
f 1028/1028/1028 1078/1078/1078 1079/1079/1079 1029/1029/1029
f 1029/1029/1029 1079/1079/1079 1080/1080/1080 1030/1030/1030
f 1030/1030/1030 1080/1080/1080 1081/1081/1081 1031/1031/1031
f 1031/1031/1031 1081/1081/1081 1082/1082/1082 1032/1032/1032
f 1032/1032/1032 1082/1082/1082 1083/1083/1083 1033/1033/1033
f 1033/1033/1033 1083/1083/1083 1084/1084/1084 1034/1034/1034
f 1034/1034/1034 1084/1084/1084 1085/1085/1085 1035/1035/1035
f 1035/1035/1035 1085/1085/1085 1086/1086/1086 1036/1036/1036
f 1036/1036/1036 1086/1086/1086 1087/1087/1087 1037/1037/1037
f 1037/1037/1037 1087/1087/1087 1088/1088/1088 1038/1038/1038
f 1038/1038/1038 1088/1088/1088 1089/1089/1089 1039/1039/1039
f 1039/1039/1039 1089/1089/1089 1090/1090/1090 1040/1040/1040
f 1040/1040/1040 1090/1090/1090 1091/1091/1091 1041/1041/1041
f 1041/1041/1041 1091/1091/1091 1092/1092/1092 1042/1042/1042
f 1042/1042/1042 1092/1092/1092 1093/1093/1093 1043/1043/1043
f 1043/1043/1043 1093/1093/1093 1094/1094/1094 1044/1044/1044
f 1044/1044/1044 1094/1094/1094 1095/1095/1095 1045/1045/1045
f 1045/1045/1045 1095/1095/1095 1096/1096/1096 1046/1046/1046
f 1046/1046/1046 1096/1096/1096 1097/1097/1097 1047/1047/1047
f 1047/1047/1047 1097/1097/1097 1098/1098/1098 1048/1048/1048
f 1048/1048/1048 1098/1098/1098 1099/1099/1099 1049/1049/1049
f 1049/1049/1049 1099/1099/1099 1100/1100/1100 1050/1050/1050
f 1051/1051/1051 1101/1101/1101 1102/1102/1102 1052/1052/1052
f 1052/1052/1052 1102/1102/1102 1103/1103/1103 1053/1053/1053
f 1053/1053/1053 1103/1103/1103 1104/1104/1104 1054/1054/1054
f 1054/1054/1054 1104/1104/1104 1105/1105/1105 1055/1055/1055
f 1055/1055/1055 1105/1105/1105 1106/1106/1106 1056/1056/1056
f 1056/1056/1056 1106/1106/1106 1107/1107/1107 1057/1057/1057
f 1057/1057/1057 1107/1107/1107 1108/1108/1108 1058/1058/1058
f 1058/1058/1058 1108/1108/1108 1109/1109/1109 1059/1059/1059
f 1059/1059/1059 1109/1109/1109 1110/1110/1110 1060/1060/1060
f 1060/1060/1060 1110/1110/1110 1111/1111/1111 1061/1061/1061
f 1061/1061/1061 1111/1111/1111 1112/1112/1112 1062/1062/1062
f 1062/1062/1062 1112/1112/1112 1113/1113/1113 1063/1063/1063
f 1063/1063/1063 1113/1113/1113 1114/1114/1114 1064/1064/1064
f 1064/1064/1064 1114/1114/1114 1115/1115/1115 1065/1065/1065
f 1065/1065/1065 1115/1115/1115 1116/1116/1116 1066/1066/1066
f 1066/1066/1066 1116/1116/1116 1117/1117/1117 1067/1067/1067
f 1067/1067/1067 1117/1117/1117 1118/1118/1118 1068/1068/1068
f 1068/1068/1068 1118/1118/1118 1119/1119/1119 1069/1069/1069
f 1069/1069/1069 1119/1119/1119 1120/1120/1120 1070/1070/1070
f 1070/1070/1070 1120/1120/1120 1121/1121/1121 1071/1071/1071
f 1071/1071/1071 1121/1121/1121 1122/1122/1122 1072/1072/1072
f 1072/1072/1072 1122/1122/1122 1123/1123/1123 1073/1073/1073
f 1073/1073/1073 1123/1123/1123 1124/1124/1124 1074/1074/1074
f 1074/1074/1074 1124/1124/1124 1125/1125/1125 1075/1075/1075
f 1075/1075/1075 1125/1125/1125 1126/1126/1126 1076/1076/1076
f 1076/1076/1076 1126/1126/1126 1127/1127/1127 1077/1077/1077
f 1077/1077/1077 1127/1127/1127 1128/1128/1128 1078/1078/1078
f 1078/1078/1078 1128/1128/1128 1129/1129/1129 1079/1079/1079
f 1079/1079/1079 1129/1129/1129 1130/1130/1130 1080/1080/1080
f 1080/1080/1080 1130/1130/1130 1131/1131/1131 1081/1081/1081
f 1081/1081/1081 1131/1131/1131 1132/1132/1132 1082/1082/1082
f 1082/1082/1082 1132/1132/1132 1133/1133/1133 1083/1083/1083
f 1083/1083/1083 1133/1133/1133 1134/1134/1134 1084/1084/1084
f 1084/1084/1084 1134/1134/1134 1135/1135/1135 1085/1085/1085
f 1085/1085/1085 1135/1135/1135 1136/1136/1136 1086/1086/1086
f 1086/1086/1086 1136/1136/1136 1137/1137/1137 1087/1087/1087
f 1087/1087/1087 1137/1137/1137 1138/1138/1138 1088/1088/1088
f 1088/1088/1088 1138/1138/1138 1139/1139/1139 1089/1089/1089
f 1089/1089/1089 1139/1139/1139 1140/1140/1140 1090/1090/1090
f 1090/1090/1090 1140/1140/1140 1141/1141/1141 1091/1091/1091
f 1091/1091/1091 1141/1141/1141 1142/1142/1142 1092/1092/1092
f 1092/1092/1092 1142/1142/1142 1143/1143/1143 1093/1093/1093
f 1093/1093/1093 1143/1143/1143 1144/1144/1144 1094/1094/1094
f 1094/1094/1094 1144/1144/1144 1145/1145/1145 1095/1095/1095
f 1095/1095/1095 1145/1145/1145 1146/1146/1146 1096/1096/1096
f 1096/1096/1096 1146/1146/1146 1147/1147/1147 1097/1097/1097
f 1097/1097/1097 1147/1147/1147 1148/1148/1148 1098/1098/1098
f 1098/1098/1098 1148/1148/1148 1149/1149/1149 1099/1099/1099
f 1099/1099/1099 1149/1149/1149 1150/1150/1150 1100/1100/1100
f 1101/1101/1101 1151/1151/1151 1152/1152/1152 1102/1102/1102
f 1102/1102/1102 1152/1152/1152 1153/1153/1153 1103/1103/1103
f 1103/1103/1103 1153/1153/1153 1154/1154/1154 1104/1104/1104
f 1104/1104/1104 1154/1154/1154 1155/1155/1155 1105/1105/1105
f 1105/1105/1105 1155/1155/1155 1156/1156/1156 1106/1106/1106
f 1106/1106/1106 1156/1156/1156 1157/1157/1157 1107/1107/1107
f 1107/1107/1107 1157/1157/1157 1158/1158/1158 1108/1108/1108
f 1108/1108/1108 1158/1158/1158 1159/1159/1159 1109/1109/1109
f 1109/1109/1109 1159/1159/1159 1160/1160/1160 1110/1110/1110
f 1110/1110/1110 1160/1160/1160 1161/1161/1161 1111/1111/1111
f 1111/1111/1111 1161/1161/1161 1162/1162/1162 1112/1112/1112
f 1112/1112/1112 1162/1162/1162 1163/1163/1163 1113/1113/1113
f 1113/1113/1113 1163/1163/1163 1164/1164/1164 1114/1114/1114
f 1114/1114/1114 1164/1164/1164 1165/1165/1165 1115/1115/1115
f 1115/1115/1115 1165/1165/1165 1166/1166/1166 1116/1116/1116
f 1116/1116/1116 1166/1166/1166 1167/1167/1167 1117/1117/1117
f 1117/1117/1117 1167/1167/1167 1168/1168/1168 1118/1118/1118
f 1118/1118/1118 1168/1168/1168 1169/1169/1169 1119/1119/1119
f 1119/1119/1119 1169/1169/1169 1170/1170/1170 1120/1120/1120
f 1120/1120/1120 1170/1170/1170 1171/1171/1171 1121/1121/1121
f 1121/1121/1121 1171/1171/1171 1172/1172/1172 1122/1122/1122
f 1122/1122/1122 1172/1172/1172 1173/1173/1173 1123/1123/1123
f 1123/1123/1123 1173/1173/1173 1174/1174/1174 1124/1124/1124
f 1124/1124/1124 1174/1174/1174 1175/1175/1175 1125/1125/1125
f 1125/1125/1125 1175/1175/1175 1176/1176/1176 1126/1126/1126
f 1126/1126/1126 1176/1176/1176 1177/1177/1177 1127/1127/1127
f 1127/1127/1127 1177/1177/1177 1178/1178/1178 1128/1128/1128
f 1128/1128/1128 1178/1178/1178 1179/1179/1179 1129/1129/1129
f 1129/1129/1129 1179/1179/1179 1180/1180/1180 1130/1130/1130
f 1130/1130/1130 1180/1180/1180 1181/1181/1181 1131/1131/1131
f 1131/1131/1131 1181/1181/1181 1182/1182/1182 1132/1132/1132
f 1132/1132/1132 1182/1182/1182 1183/1183/1183 1133/1133/1133
f 1133/1133/1133 1183/1183/1183 1184/1184/1184 1134/1134/1134
f 1134/1134/1134 1184/1184/1184 1185/1185/1185 1135/1135/1135
f 1135/1135/1135 1185/1185/1185 1186/1186/1186 1136/1136/1136
f 1136/1136/1136 1186/1186/1186 1187/1187/1187 1137/1137/1137
f 1137/1137/1137 1187/1187/1187 1188/1188/1188 1138/1138/1138
f 1138/1138/1138 1188/1188/1188 1189/1189/1189 1139/1139/1139
f 1139/1139/1139 1189/1189/1189 1190/1190/1190 1140/1140/1140
f 1140/1140/1140 1190/1190/1190 1191/1191/1191 1141/1141/1141
f 1141/1141/1141 1191/1191/1191 1192/1192/1192 1142/1142/1142
f 1142/1142/1142 1192/1192/1192 1193/1193/1193 1143/1143/1143
f 1143/1143/1143 1193/1193/1193 1194/1194/1194 1144/1144/1144
f 1144/1144/1144 1194/1194/1194 1195/1195/1195 1145/1145/1145
f 1145/1145/1145 1195/1195/1195 1196/1196/1196 1146/1146/1146
f 1146/1146/1146 1196/1196/1196 1197/1197/1197 1147/1147/1147
f 1147/1147/1147 1197/1197/1197 1198/1198/1198 1148/1148/1148
f 1148/1148/1148 1198/1198/1198 1199/1199/1199 1149/1149/1149
f 1149/1149/1149 1199/1199/1199 1200/1200/1200 1150/1150/1150
f 1151/1151/1151 1201/1201/1201 1202/1202/1202 1152/1152/1152
f 1152/1152/1152 1202/1202/1202 1203/1203/1203 1153/1153/1153
f 1153/1153/1153 1203/1203/1203 1204/1204/1204 1154/1154/1154
f 1154/1154/1154 1204/1204/1204 1205/1205/1205 1155/1155/1155
f 1155/1155/1155 1205/1205/1205 1206/1206/1206 1156/1156/1156
f 1156/1156/1156 1206/1206/1206 1207/1207/1207 1157/1157/1157
f 1157/1157/1157 1207/1207/1207 1208/1208/1208 1158/1158/1158
f 1158/1158/1158 1208/1208/1208 1209/1209/1209 1159/1159/1159
f 1159/1159/1159 1209/1209/1209 1210/1210/1210 1160/1160/1160
f 1160/1160/1160 1210/1210/1210 1211/1211/1211 1161/1161/1161
f 1161/1161/1161 1211/1211/1211 1212/1212/1212 1162/1162/1162
f 1162/1162/1162 1212/1212/1212 1213/1213/1213 1163/1163/1163
f 1163/1163/1163 1213/1213/1213 1214/1214/1214 1164/1164/1164
f 1164/1164/1164 1214/1214/1214 1215/1215/1215 1165/1165/1165
f 1165/1165/1165 1215/1215/1215 1216/1216/1216 1166/1166/1166
f 1166/1166/1166 1216/1216/1216 1217/1217/1217 1167/1167/1167
f 1167/1167/1167 1217/1217/1217 1218/1218/1218 1168/1168/1168
f 1168/1168/1168 1218/1218/1218 1219/1219/1219 1169/1169/1169
f 1169/1169/1169 1219/1219/1219 1220/1220/1220 1170/1170/1170
f 1170/1170/1170 1220/1220/1220 1221/1221/1221 1171/1171/1171
f 1171/1171/1171 1221/1221/1221 1222/1222/1222 1172/1172/1172
f 1172/1172/1172 1222/1222/1222 1223/1223/1223 1173/1173/1173
f 1173/1173/1173 1223/1223/1223 1224/1224/1224 1174/1174/1174
f 1174/1174/1174 1224/1224/1224 1225/1225/1225 1175/1175/1175
f 1175/1175/1175 1225/1225/1225 1226/1226/1226 1176/1176/1176
f 1176/1176/1176 1226/1226/1226 1227/1227/1227 1177/1177/1177
f 1177/1177/1177 1227/1227/1227 1228/1228/1228 1178/1178/1178
f 1178/1178/1178 1228/1228/1228 1229/1229/1229 1179/1179/1179
f 1179/1179/1179 1229/1229/1229 1230/1230/1230 1180/1180/1180
f 1180/1180/1180 1230/1230/1230 1231/1231/1231 1181/1181/1181
f 1181/1181/1181 1231/1231/1231 1232/1232/1232 1182/1182/1182
f 1182/1182/1182 1232/1232/1232 1233/1233/1233 1183/1183/1183
f 1183/1183/1183 1233/1233/1233 1234/1234/1234 1184/1184/1184
f 1184/1184/1184 1234/1234/1234 1235/1235/1235 1185/1185/1185
f 1185/1185/1185 1235/1235/1235 1236/1236/1236 1186/1186/1186
f 1186/1186/1186 1236/1236/1236 1237/1237/1237 1187/1187/1187
f 1187/1187/1187 1237/1237/1237 1238/1238/1238 1188/1188/1188
f 1188/1188/1188 1238/1238/1238 1239/1239/1239 1189/1189/1189
f 1189/1189/1189 1239/1239/1239 1240/1240/1240 1190/1190/1190
f 1190/1190/1190 1240/1240/1240 1241/1241/1241 1191/1191/1191
f 1191/1191/1191 1241/1241/1241 1242/1242/1242 1192/1192/1192
f 1192/1192/1192 1242/1242/1242 1243/1243/1243 1193/1193/1193
f 1193/1193/1193 1243/1243/1243 1244/1244/1244 1194/1194/1194
f 1194/1194/1194 1244/1244/1244 1245/1245/1245 1195/1195/1195
f 1195/1195/1195 1245/1245/1245 1246/1246/1246 1196/1196/1196
f 1196/1196/1196 1246/1246/1246 1247/1247/1247 1197/1197/1197
f 1197/1197/1197 1247/1247/1247 1248/1248/1248 1198/1198/1198
f 1198/1198/1198 1248/1248/1248 1249/1249/1249 1199/1199/1199
f 1199/1199/1199 1249/1249/1249 1250/1250/1250 1200/1200/1200
f 1201/1201/1201 1251/1251/1251 1252/1252/1252 1202/1202/1202
f 1202/1202/1202 1252/1252/1252 1253/1253/1253 1203/1203/1203
f 1203/1203/1203 1253/1253/1253 1254/1254/1254 1204/1204/1204
f 1204/1204/1204 1254/1254/1254 1255/1255/1255 1205/1205/1205
f 1205/1205/1205 1255/1255/1255 1256/1256/1256 1206/1206/1206
f 1206/1206/1206 1256/1256/1256 1257/1257/1257 1207/1207/1207
f 1207/1207/1207 1257/1257/1257 1258/1258/1258 1208/1208/1208
f 1208/1208/1208 1258/1258/1258 1259/1259/1259 1209/1209/1209
f 1209/1209/1209 1259/1259/1259 1260/1260/1260 1210/1210/1210
f 1210/1210/1210 1260/1260/1260 1261/1261/1261 1211/1211/1211
f 1211/1211/1211 1261/1261/1261 1262/1262/1262 1212/1212/1212
f 1212/1212/1212 1262/1262/1262 1263/1263/1263 1213/1213/1213
f 1213/1213/1213 1263/1263/1263 1264/1264/1264 1214/1214/1214
f 1214/1214/1214 1264/1264/1264 1265/1265/1265 1215/1215/1215
f 1215/1215/1215 1265/1265/1265 1266/1266/1266 1216/1216/1216
f 1216/1216/1216 1266/1266/1266 1267/1267/1267 1217/1217/1217
f 1217/1217/1217 1267/1267/1267 1268/1268/1268 1218/1218/1218
f 1218/1218/1218 1268/1268/1268 1269/1269/1269 1219/1219/1219
f 1219/1219/1219 1269/1269/1269 1270/1270/1270 1220/1220/1220
f 1220/1220/1220 1270/1270/1270 1271/1271/1271 1221/1221/1221
f 1221/1221/1221 1271/1271/1271 1272/1272/1272 1222/1222/1222
f 1222/1222/1222 1272/1272/1272 1273/1273/1273 1223/1223/1223
f 1223/1223/1223 1273/1273/1273 1274/1274/1274 1224/1224/1224
f 1224/1224/1224 1274/1274/1274 1275/1275/1275 1225/1225/1225
f 1225/1225/1225 1275/1275/1275 1276/1276/1276 1226/1226/1226
f 1226/1226/1226 1276/1276/1276 1277/1277/1277 1227/1227/1227
f 1227/1227/1227 1277/1277/1277 1278/1278/1278 1228/1228/1228
f 1228/1228/1228 1278/1278/1278 1279/1279/1279 1229/1229/1229
f 1229/1229/1229 1279/1279/1279 1280/1280/1280 1230/1230/1230
f 1230/1230/1230 1280/1280/1280 1281/1281/1281 1231/1231/1231
f 1231/1231/1231 1281/1281/1281 1282/1282/1282 1232/1232/1232
f 1232/1232/1232 1282/1282/1282 1283/1283/1283 1233/1233/1233
f 1233/1233/1233 1283/1283/1283 1284/1284/1284 1234/1234/1234
f 1234/1234/1234 1284/1284/1284 1285/1285/1285 1235/1235/1235
f 1235/1235/1235 1285/1285/1285 1286/1286/1286 1236/1236/1236
f 1236/1236/1236 1286/1286/1286 1287/1287/1287 1237/1237/1237
f 1237/1237/1237 1287/1287/1287 1288/1288/1288 1238/1238/1238
f 1238/1238/1238 1288/1288/1288 1289/1289/1289 1239/1239/1239
f 1239/1239/1239 1289/1289/1289 1290/1290/1290 1240/1240/1240
f 1240/1240/1240 1290/1290/1290 1291/1291/1291 1241/1241/1241
f 1241/1241/1241 1291/1291/1291 1292/1292/1292 1242/1242/1242
f 1242/1242/1242 1292/1292/1292 1293/1293/1293 1243/1243/1243
f 1243/1243/1243 1293/1293/1293 1294/1294/1294 1244/1244/1244
f 1244/1244/1244 1294/1294/1294 1295/1295/1295 1245/1245/1245
f 1245/1245/1245 1295/1295/1295 1296/1296/1296 1246/1246/1246
f 1246/1246/1246 1296/1296/1296 1297/1297/1297 1247/1247/1247
f 1247/1247/1247 1297/1297/1297 1298/1298/1298 1248/1248/1248
f 1248/1248/1248 1298/1298/1298 1299/1299/1299 1249/1249/1249
f 1249/1249/1249 1299/1299/1299 1300/1300/1300 1250/1250/1250
f 1251/1251/1251 1301/1301/1301 1302/1302/1302 1252/1252/1252
f 1252/1252/1252 1302/1302/1302 1303/1303/1303 1253/1253/1253
f 1253/1253/1253 1303/1303/1303 1304/1304/1304 1254/1254/1254
f 1254/1254/1254 1304/1304/1304 1305/1305/1305 1255/1255/1255
f 1255/1255/1255 1305/1305/1305 1306/1306/1306 1256/1256/1256
f 1256/1256/1256 1306/1306/1306 1307/1307/1307 1257/1257/1257
f 1257/1257/1257 1307/1307/1307 1308/1308/1308 1258/1258/1258
f 1258/1258/1258 1308/1308/1308 1309/1309/1309 1259/1259/1259
f 1259/1259/1259 1309/1309/1309 1310/1310/1310 1260/1260/1260
f 1260/1260/1260 1310/1310/1310 1311/1311/1311 1261/1261/1261
f 1261/1261/1261 1311/1311/1311 1312/1312/1312 1262/1262/1262
f 1262/1262/1262 1312/1312/1312 1313/1313/1313 1263/1263/1263
f 1263/1263/1263 1313/1313/1313 1314/1314/1314 1264/1264/1264
f 1264/1264/1264 1314/1314/1314 1315/1315/1315 1265/1265/1265
f 1265/1265/1265 1315/1315/1315 1316/1316/1316 1266/1266/1266
f 1266/1266/1266 1316/1316/1316 1317/1317/1317 1267/1267/1267
f 1267/1267/1267 1317/1317/1317 1318/1318/1318 1268/1268/1268
f 1268/1268/1268 1318/1318/1318 1319/1319/1319 1269/1269/1269
f 1269/1269/1269 1319/1319/1319 1320/1320/1320 1270/1270/1270
f 1270/1270/1270 1320/1320/1320 1321/1321/1321 1271/1271/1271
f 1271/1271/1271 1321/1321/1321 1322/1322/1322 1272/1272/1272
f 1272/1272/1272 1322/1322/1322 1323/1323/1323 1273/1273/1273
f 1273/1273/1273 1323/1323/1323 1324/1324/1324 1274/1274/1274
f 1274/1274/1274 1324/1324/1324 1325/1325/1325 1275/1275/1275
f 1275/1275/1275 1325/1325/1325 1326/1326/1326 1276/1276/1276
f 1276/1276/1276 1326/1326/1326 1327/1327/1327 1277/1277/1277
f 1277/1277/1277 1327/1327/1327 1328/1328/1328 1278/1278/1278
f 1278/1278/1278 1328/1328/1328 1329/1329/1329 1279/1279/1279
f 1279/1279/1279 1329/1329/1329 1330/1330/1330 1280/1280/1280
f 1280/1280/1280 1330/1330/1330 1331/1331/1331 1281/1281/1281
f 1281/1281/1281 1331/1331/1331 1332/1332/1332 1282/1282/1282
f 1282/1282/1282 1332/1332/1332 1333/1333/1333 1283/1283/1283
f 1283/1283/1283 1333/1333/1333 1334/1334/1334 1284/1284/1284
f 1284/1284/1284 1334/1334/1334 1335/1335/1335 1285/1285/1285
f 1285/1285/1285 1335/1335/1335 1336/1336/1336 1286/1286/1286
f 1286/1286/1286 1336/1336/1336 1337/1337/1337 1287/1287/1287
f 1287/1287/1287 1337/1337/1337 1338/1338/1338 1288/1288/1288
f 1288/1288/1288 1338/1338/1338 1339/1339/1339 1289/1289/1289
f 1289/1289/1289 1339/1339/1339 1340/1340/1340 1290/1290/1290
f 1290/1290/1290 1340/1340/1340 1341/1341/1341 1291/1291/1291
f 1291/1291/1291 1341/1341/1341 1342/1342/1342 1292/1292/1292
f 1292/1292/1292 1342/1342/1342 1343/1343/1343 1293/1293/1293
f 1293/1293/1293 1343/1343/1343 1344/1344/1344 1294/1294/1294
f 1294/1294/1294 1344/1344/1344 1345/1345/1345 1295/1295/1295
f 1295/1295/1295 1345/1345/1345 1346/1346/1346 1296/1296/1296
f 1296/1296/1296 1346/1346/1346 1347/1347/1347 1297/1297/1297
f 1297/1297/1297 1347/1347/1347 1348/1348/1348 1298/1298/1298
f 1298/1298/1298 1348/1348/1348 1349/1349/1349 1299/1299/1299
f 1299/1299/1299 1349/1349/1349 1350/1350/1350 1300/1300/1300
f 1301/1301/1301 1351/1351/1351 1352/1352/1352 1302/1302/1302
f 1302/1302/1302 1352/1352/1352 1353/1353/1353 1303/1303/1303
f 1303/1303/1303 1353/1353/1353 1354/1354/1354 1304/1304/1304
f 1304/1304/1304 1354/1354/1354 1355/1355/1355 1305/1305/1305
f 1305/1305/1305 1355/1355/1355 1356/1356/1356 1306/1306/1306
f 1306/1306/1306 1356/1356/1356 1357/1357/1357 1307/1307/1307
f 1307/1307/1307 1357/1357/1357 1358/1358/1358 1308/1308/1308
f 1308/1308/1308 1358/1358/1358 1359/1359/1359 1309/1309/1309
f 1309/1309/1309 1359/1359/1359 1360/1360/1360 1310/1310/1310
f 1310/1310/1310 1360/1360/1360 1361/1361/1361 1311/1311/1311
f 1311/1311/1311 1361/1361/1361 1362/1362/1362 1312/1312/1312
f 1312/1312/1312 1362/1362/1362 1363/1363/1363 1313/1313/1313
f 1313/1313/1313 1363/1363/1363 1364/1364/1364 1314/1314/1314
f 1314/1314/1314 1364/1364/1364 1365/1365/1365 1315/1315/1315
f 1315/1315/1315 1365/1365/1365 1366/1366/1366 1316/1316/1316
f 1316/1316/1316 1366/1366/1366 1367/1367/1367 1317/1317/1317
f 1317/1317/1317 1367/1367/1367 1368/1368/1368 1318/1318/1318
f 1318/1318/1318 1368/1368/1368 1369/1369/1369 1319/1319/1319
f 1319/1319/1319 1369/1369/1369 1370/1370/1370 1320/1320/1320
f 1320/1320/1320 1370/1370/1370 1371/1371/1371 1321/1321/1321
f 1321/1321/1321 1371/1371/1371 1372/1372/1372 1322/1322/1322
f 1322/1322/1322 1372/1372/1372 1373/1373/1373 1323/1323/1323
f 1323/1323/1323 1373/1373/1373 1374/1374/1374 1324/1324/1324
f 1324/1324/1324 1374/1374/1374 1375/1375/1375 1325/1325/1325
f 1325/1325/1325 1375/1375/1375 1376/1376/1376 1326/1326/1326
f 1326/1326/1326 1376/1376/1376 1377/1377/1377 1327/1327/1327
f 1327/1327/1327 1377/1377/1377 1378/1378/1378 1328/1328/1328
f 1328/1328/1328 1378/1378/1378 1379/1379/1379 1329/1329/1329
f 1329/1329/1329 1379/1379/1379 1380/1380/1380 1330/1330/1330
f 1330/1330/1330 1380/1380/1380 1381/1381/1381 1331/1331/1331
f 1331/1331/1331 1381/1381/1381 1382/1382/1382 1332/1332/1332
f 1332/1332/1332 1382/1382/1382 1383/1383/1383 1333/1333/1333
f 1333/1333/1333 1383/1383/1383 1384/1384/1384 1334/1334/1334
f 1334/1334/1334 1384/1384/1384 1385/1385/1385 1335/1335/1335
f 1335/1335/1335 1385/1385/1385 1386/1386/1386 1336/1336/1336
f 1336/1336/1336 1386/1386/1386 1387/1387/1387 1337/1337/1337
f 1337/1337/1337 1387/1387/1387 1388/1388/1388 1338/1338/1338
f 1338/1338/1338 1388/1388/1388 1389/1389/1389 1339/1339/1339
f 1339/1339/1339 1389/1389/1389 1390/1390/1390 1340/1340/1340
f 1340/1340/1340 1390/1390/1390 1391/1391/1391 1341/1341/1341
f 1341/1341/1341 1391/1391/1391 1392/1392/1392 1342/1342/1342
f 1342/1342/1342 1392/1392/1392 1393/1393/1393 1343/1343/1343
f 1343/1343/1343 1393/1393/1393 1394/1394/1394 1344/1344/1344
f 1344/1344/1344 1394/1394/1394 1395/1395/1395 1345/1345/1345
f 1345/1345/1345 1395/1395/1395 1396/1396/1396 1346/1346/1346
f 1346/1346/1346 1396/1396/1396 1397/1397/1397 1347/1347/1347
f 1347/1347/1347 1397/1397/1397 1398/1398/1398 1348/1348/1348
f 1348/1348/1348 1398/1398/1398 1399/1399/1399 1349/1349/1349
f 1349/1349/1349 1399/1399/1399 1400/1400/1400 1350/1350/1350
f 1351/1351/1351 1401/1401/1401 1402/1402/1402 1352/1352/1352
f 1352/1352/1352 1402/1402/1402 1403/1403/1403 1353/1353/1353
f 1353/1353/1353 1403/1403/1403 1404/1404/1404 1354/1354/1354
f 1354/1354/1354 1404/1404/1404 1405/1405/1405 1355/1355/1355
f 1355/1355/1355 1405/1405/1405 1406/1406/1406 1356/1356/1356
f 1356/1356/1356 1406/1406/1406 1407/1407/1407 1357/1357/1357
f 1357/1357/1357 1407/1407/1407 1408/1408/1408 1358/1358/1358
f 1358/1358/1358 1408/1408/1408 1409/1409/1409 1359/1359/1359
f 1359/1359/1359 1409/1409/1409 1410/1410/1410 1360/1360/1360
f 1360/1360/1360 1410/1410/1410 1411/1411/1411 1361/1361/1361
f 1361/1361/1361 1411/1411/1411 1412/1412/1412 1362/1362/1362
f 1362/1362/1362 1412/1412/1412 1413/1413/1413 1363/1363/1363
f 1363/1363/1363 1413/1413/1413 1414/1414/1414 1364/1364/1364
f 1364/1364/1364 1414/1414/1414 1415/1415/1415 1365/1365/1365
f 1365/1365/1365 1415/1415/1415 1416/1416/1416 1366/1366/1366
f 1366/1366/1366 1416/1416/1416 1417/1417/1417 1367/1367/1367
f 1367/1367/1367 1417/1417/1417 1418/1418/1418 1368/1368/1368
f 1368/1368/1368 1418/1418/1418 1419/1419/1419 1369/1369/1369
f 1369/1369/1369 1419/1419/1419 1420/1420/1420 1370/1370/1370
f 1370/1370/1370 1420/1420/1420 1421/1421/1421 1371/1371/1371
f 1371/1371/1371 1421/1421/1421 1422/1422/1422 1372/1372/1372
f 1372/1372/1372 1422/1422/1422 1423/1423/1423 1373/1373/1373
f 1373/1373/1373 1423/1423/1423 1424/1424/1424 1374/1374/1374
f 1374/1374/1374 1424/1424/1424 1425/1425/1425 1375/1375/1375
f 1375/1375/1375 1425/1425/1425 1426/1426/1426 1376/1376/1376
f 1376/1376/1376 1426/1426/1426 1427/1427/1427 1377/1377/1377
f 1377/1377/1377 1427/1427/1427 1428/1428/1428 1378/1378/1378
f 1378/1378/1378 1428/1428/1428 1429/1429/1429 1379/1379/1379
f 1379/1379/1379 1429/1429/1429 1430/1430/1430 1380/1380/1380
f 1380/1380/1380 1430/1430/1430 1431/1431/1431 1381/1381/1381
f 1381/1381/1381 1431/1431/1431 1432/1432/1432 1382/1382/1382
f 1382/1382/1382 1432/1432/1432 1433/1433/1433 1383/1383/1383
f 1383/1383/1383 1433/1433/1433 1434/1434/1434 1384/1384/1384
f 1384/1384/1384 1434/1434/1434 1435/1435/1435 1385/1385/1385
f 1385/1385/1385 1435/1435/1435 1436/1436/1436 1386/1386/1386
f 1386/1386/1386 1436/1436/1436 1437/1437/1437 1387/1387/1387
f 1387/1387/1387 1437/1437/1437 1438/1438/1438 1388/1388/1388
f 1388/1388/1388 1438/1438/1438 1439/1439/1439 1389/1389/1389
f 1389/1389/1389 1439/1439/1439 1440/1440/1440 1390/1390/1390
f 1390/1390/1390 1440/1440/1440 1441/1441/1441 1391/1391/1391
f 1391/1391/1391 1441/1441/1441 1442/1442/1442 1392/1392/1392
f 1392/1392/1392 1442/1442/1442 1443/1443/1443 1393/1393/1393
f 1393/1393/1393 1443/1443/1443 1444/1444/1444 1394/1394/1394
f 1394/1394/1394 1444/1444/1444 1445/1445/1445 1395/1395/1395
f 1395/1395/1395 1445/1445/1445 1446/1446/1446 1396/1396/1396
f 1396/1396/1396 1446/1446/1446 1447/1447/1447 1397/1397/1397
f 1397/1397/1397 1447/1447/1447 1448/1448/1448 1398/1398/1398
f 1398/1398/1398 1448/1448/1448 1449/1449/1449 1399/1399/1399
f 1399/1399/1399 1449/1449/1449 1450/1450/1450 1400/1400/1400
f 1401/1401/1401 1451/1451/1451 1452/1452/1452 1402/1402/1402
f 1402/1402/1402 1452/1452/1452 1453/1453/1453 1403/1403/1403
f 1403/1403/1403 1453/1453/1453 1454/1454/1454 1404/1404/1404
f 1404/1404/1404 1454/1454/1454 1455/1455/1455 1405/1405/1405
f 1405/1405/1405 1455/1455/1455 1456/1456/1456 1406/1406/1406
f 1406/1406/1406 1456/1456/1456 1457/1457/1457 1407/1407/1407
f 1407/1407/1407 1457/1457/1457 1458/1458/1458 1408/1408/1408
f 1408/1408/1408 1458/1458/1458 1459/1459/1459 1409/1409/1409
f 1409/1409/1409 1459/1459/1459 1460/1460/1460 1410/1410/1410
f 1410/1410/1410 1460/1460/1460 1461/1461/1461 1411/1411/1411
f 1411/1411/1411 1461/1461/1461 1462/1462/1462 1412/1412/1412
f 1412/1412/1412 1462/1462/1462 1463/1463/1463 1413/1413/1413
f 1413/1413/1413 1463/1463/1463 1464/1464/1464 1414/1414/1414
f 1414/1414/1414 1464/1464/1464 1465/1465/1465 1415/1415/1415
f 1415/1415/1415 1465/1465/1465 1466/1466/1466 1416/1416/1416
f 1416/1416/1416 1466/1466/1466 1467/1467/1467 1417/1417/1417
f 1417/1417/1417 1467/1467/1467 1468/1468/1468 1418/1418/1418
f 1418/1418/1418 1468/1468/1468 1469/1469/1469 1419/1419/1419
f 1419/1419/1419 1469/1469/1469 1470/1470/1470 1420/1420/1420
f 1420/1420/1420 1470/1470/1470 1471/1471/1471 1421/1421/1421
f 1421/1421/1421 1471/1471/1471 1472/1472/1472 1422/1422/1422
f 1422/1422/1422 1472/1472/1472 1473/1473/1473 1423/1423/1423
f 1423/1423/1423 1473/1473/1473 1474/1474/1474 1424/1424/1424
f 1424/1424/1424 1474/1474/1474 1475/1475/1475 1425/1425/1425
f 1425/1425/1425 1475/1475/1475 1476/1476/1476 1426/1426/1426
f 1426/1426/1426 1476/1476/1476 1477/1477/1477 1427/1427/1427
f 1427/1427/1427 1477/1477/1477 1478/1478/1478 1428/1428/1428
f 1428/1428/1428 1478/1478/1478 1479/1479/1479 1429/1429/1429
f 1429/1429/1429 1479/1479/1479 1480/1480/1480 1430/1430/1430
f 1430/1430/1430 1480/1480/1480 1481/1481/1481 1431/1431/1431
f 1431/1431/1431 1481/1481/1481 1482/1482/1482 1432/1432/1432
f 1432/1432/1432 1482/1482/1482 1483/1483/1483 1433/1433/1433
f 1433/1433/1433 1483/1483/1483 1484/1484/1484 1434/1434/1434
f 1434/1434/1434 1484/1484/1484 1485/1485/1485 1435/1435/1435
f 1435/1435/1435 1485/1485/1485 1486/1486/1486 1436/1436/1436
f 1436/1436/1436 1486/1486/1486 1487/1487/1487 1437/1437/1437
f 1437/1437/1437 1487/1487/1487 1488/1488/1488 1438/1438/1438
f 1438/1438/1438 1488/1488/1488 1489/1489/1489 1439/1439/1439
f 1439/1439/1439 1489/1489/1489 1490/1490/1490 1440/1440/1440
f 1440/1440/1440 1490/1490/1490 1491/1491/1491 1441/1441/1441
f 1441/1441/1441 1491/1491/1491 1492/1492/1492 1442/1442/1442
f 1442/1442/1442 1492/1492/1492 1493/1493/1493 1443/1443/1443
f 1443/1443/1443 1493/1493/1493 1494/1494/1494 1444/1444/1444
f 1444/1444/1444 1494/1494/1494 1495/1495/1495 1445/1445/1445
f 1445/1445/1445 1495/1495/1495 1496/1496/1496 1446/1446/1446
f 1446/1446/1446 1496/1496/1496 1497/1497/1497 1447/1447/1447
f 1447/1447/1447 1497/1497/1497 1498/1498/1498 1448/1448/1448
f 1448/1448/1448 1498/1498/1498 1499/1499/1499 1449/1449/1449
f 1449/1449/1449 1499/1499/1499 1500/1500/1500 1450/1450/1450
f 1451/1451/1451 1501/1501/1501 1502/1502/1502 1452/1452/1452
f 1452/1452/1452 1502/1502/1502 1503/1503/1503 1453/1453/1453
f 1453/1453/1453 1503/1503/1503 1504/1504/1504 1454/1454/1454
f 1454/1454/1454 1504/1504/1504 1505/1505/1505 1455/1455/1455
f 1455/1455/1455 1505/1505/1505 1506/1506/1506 1456/1456/1456
f 1456/1456/1456 1506/1506/1506 1507/1507/1507 1457/1457/1457
f 1457/1457/1457 1507/1507/1507 1508/1508/1508 1458/1458/1458
f 1458/1458/1458 1508/1508/1508 1509/1509/1509 1459/1459/1459
f 1459/1459/1459 1509/1509/1509 1510/1510/1510 1460/1460/1460
f 1460/1460/1460 1510/1510/1510 1511/1511/1511 1461/1461/1461
f 1461/1461/1461 1511/1511/1511 1512/1512/1512 1462/1462/1462
f 1462/1462/1462 1512/1512/1512 1513/1513/1513 1463/1463/1463
f 1463/1463/1463 1513/1513/1513 1514/1514/1514 1464/1464/1464
f 1464/1464/1464 1514/1514/1514 1515/1515/1515 1465/1465/1465
f 1465/1465/1465 1515/1515/1515 1516/1516/1516 1466/1466/1466
f 1466/1466/1466 1516/1516/1516 1517/1517/1517 1467/1467/1467
f 1467/1467/1467 1517/1517/1517 1518/1518/1518 1468/1468/1468
f 1468/1468/1468 1518/1518/1518 1519/1519/1519 1469/1469/1469
f 1469/1469/1469 1519/1519/1519 1520/1520/1520 1470/1470/1470
f 1470/1470/1470 1520/1520/1520 1521/1521/1521 1471/1471/1471
f 1471/1471/1471 1521/1521/1521 1522/1522/1522 1472/1472/1472
f 1472/1472/1472 1522/1522/1522 1523/1523/1523 1473/1473/1473
f 1473/1473/1473 1523/1523/1523 1524/1524/1524 1474/1474/1474
f 1474/1474/1474 1524/1524/1524 1525/1525/1525 1475/1475/1475
f 1475/1475/1475 1525/1525/1525 1526/1526/1526 1476/1476/1476
f 1476/1476/1476 1526/1526/1526 1527/1527/1527 1477/1477/1477
f 1477/1477/1477 1527/1527/1527 1528/1528/1528 1478/1478/1478
f 1478/1478/1478 1528/1528/1528 1529/1529/1529 1479/1479/1479
f 1479/1479/1479 1529/1529/1529 1530/1530/1530 1480/1480/1480
f 1480/1480/1480 1530/1530/1530 1531/1531/1531 1481/1481/1481
f 1481/1481/1481 1531/1531/1531 1532/1532/1532 1482/1482/1482
f 1482/1482/1482 1532/1532/1532 1533/1533/1533 1483/1483/1483
f 1483/1483/1483 1533/1533/1533 1534/1534/1534 1484/1484/1484
f 1484/1484/1484 1534/1534/1534 1535/1535/1535 1485/1485/1485
f 1485/1485/1485 1535/1535/1535 1536/1536/1536 1486/1486/1486
f 1486/1486/1486 1536/1536/1536 1537/1537/1537 1487/1487/1487
f 1487/1487/1487 1537/1537/1537 1538/1538/1538 1488/1488/1488
f 1488/1488/1488 1538/1538/1538 1539/1539/1539 1489/1489/1489
f 1489/1489/1489 1539/1539/1539 1540/1540/1540 1490/1490/1490
f 1490/1490/1490 1540/1540/1540 1541/1541/1541 1491/1491/1491
f 1491/1491/1491 1541/1541/1541 1542/1542/1542 1492/1492/1492
f 1492/1492/1492 1542/1542/1542 1543/1543/1543 1493/1493/1493
f 1493/1493/1493 1543/1543/1543 1544/1544/1544 1494/1494/1494
f 1494/1494/1494 1544/1544/1544 1545/1545/1545 1495/1495/1495
f 1495/1495/1495 1545/1545/1545 1546/1546/1546 1496/1496/1496
f 1496/1496/1496 1546/1546/1546 1547/1547/1547 1497/1497/1497
f 1497/1497/1497 1547/1547/1547 1548/1548/1548 1498/1498/1498
f 1498/1498/1498 1548/1548/1548 1549/1549/1549 1499/1499/1499
f 1499/1499/1499 1549/1549/1549 1550/1550/1550 1500/1500/1500
f 1501/1501/1501 1551/1551/1551 1552/1552/1552 1502/1502/1502
f 1502/1502/1502 1552/1552/1552 1553/1553/1553 1503/1503/1503
f 1503/1503/1503 1553/1553/1553 1554/1554/1554 1504/1504/1504
f 1504/1504/1504 1554/1554/1554 1555/1555/1555 1505/1505/1505
f 1505/1505/1505 1555/1555/1555 1556/1556/1556 1506/1506/1506
f 1506/1506/1506 1556/1556/1556 1557/1557/1557 1507/1507/1507
f 1507/1507/1507 1557/1557/1557 1558/1558/1558 1508/1508/1508
f 1508/1508/1508 1558/1558/1558 1559/1559/1559 1509/1509/1509
f 1509/1509/1509 1559/1559/1559 1560/1560/1560 1510/1510/1510
f 1510/1510/1510 1560/1560/1560 1561/1561/1561 1511/1511/1511
f 1511/1511/1511 1561/1561/1561 1562/1562/1562 1512/1512/1512
f 1512/1512/1512 1562/1562/1562 1563/1563/1563 1513/1513/1513
f 1513/1513/1513 1563/1563/1563 1564/1564/1564 1514/1514/1514
f 1514/1514/1514 1564/1564/1564 1565/1565/1565 1515/1515/1515
f 1515/1515/1515 1565/1565/1565 1566/1566/1566 1516/1516/1516
f 1516/1516/1516 1566/1566/1566 1567/1567/1567 1517/1517/1517
f 1517/1517/1517 1567/1567/1567 1568/1568/1568 1518/1518/1518
f 1518/1518/1518 1568/1568/1568 1569/1569/1569 1519/1519/1519
f 1519/1519/1519 1569/1569/1569 1570/1570/1570 1520/1520/1520
f 1520/1520/1520 1570/1570/1570 1571/1571/1571 1521/1521/1521
f 1521/1521/1521 1571/1571/1571 1572/1572/1572 1522/1522/1522
f 1522/1522/1522 1572/1572/1572 1573/1573/1573 1523/1523/1523
f 1523/1523/1523 1573/1573/1573 1574/1574/1574 1524/1524/1524
f 1524/1524/1524 1574/1574/1574 1575/1575/1575 1525/1525/1525
f 1525/1525/1525 1575/1575/1575 1576/1576/1576 1526/1526/1526
f 1526/1526/1526 1576/1576/1576 1577/1577/1577 1527/1527/1527
f 1527/1527/1527 1577/1577/1577 1578/1578/1578 1528/1528/1528
f 1528/1528/1528 1578/1578/1578 1579/1579/1579 1529/1529/1529
f 1529/1529/1529 1579/1579/1579 1580/1580/1580 1530/1530/1530
f 1530/1530/1530 1580/1580/1580 1581/1581/1581 1531/1531/1531
f 1531/1531/1531 1581/1581/1581 1582/1582/1582 1532/1532/1532
f 1532/1532/1532 1582/1582/1582 1583/1583/1583 1533/1533/1533
f 1533/1533/1533 1583/1583/1583 1584/1584/1584 1534/1534/1534
f 1534/1534/1534 1584/1584/1584 1585/1585/1585 1535/1535/1535
f 1535/1535/1535 1585/1585/1585 1586/1586/1586 1536/1536/1536
f 1536/1536/1536 1586/1586/1586 1587/1587/1587 1537/1537/1537
f 1537/1537/1537 1587/1587/1587 1588/1588/1588 1538/1538/1538
f 1538/1538/1538 1588/1588/1588 1589/1589/1589 1539/1539/1539
f 1539/1539/1539 1589/1589/1589 1590/1590/1590 1540/1540/1540
f 1540/1540/1540 1590/1590/1590 1591/1591/1591 1541/1541/1541
f 1541/1541/1541 1591/1591/1591 1592/1592/1592 1542/1542/1542
f 1542/1542/1542 1592/1592/1592 1593/1593/1593 1543/1543/1543
f 1543/1543/1543 1593/1593/1593 1594/1594/1594 1544/1544/1544
f 1544/1544/1544 1594/1594/1594 1595/1595/1595 1545/1545/1545
f 1545/1545/1545 1595/1595/1595 1596/1596/1596 1546/1546/1546
f 1546/1546/1546 1596/1596/1596 1597/1597/1597 1547/1547/1547
f 1547/1547/1547 1597/1597/1597 1598/1598/1598 1548/1548/1548
f 1548/1548/1548 1598/1598/1598 1599/1599/1599 1549/1549/1549
f 1549/1549/1549 1599/1599/1599 1600/1600/1600 1550/1550/1550
f 1551/1551/1551 1601/1601/1601 1602/1602/1602 1552/1552/1552
f 1552/1552/1552 1602/1602/1602 1603/1603/1603 1553/1553/1553
f 1553/1553/1553 1603/1603/1603 1604/1604/1604 1554/1554/1554
f 1554/1554/1554 1604/1604/1604 1605/1605/1605 1555/1555/1555
f 1555/1555/1555 1605/1605/1605 1606/1606/1606 1556/1556/1556
f 1556/1556/1556 1606/1606/1606 1607/1607/1607 1557/1557/1557
f 1557/1557/1557 1607/1607/1607 1608/1608/1608 1558/1558/1558
f 1558/1558/1558 1608/1608/1608 1609/1609/1609 1559/1559/1559
f 1559/1559/1559 1609/1609/1609 1610/1610/1610 1560/1560/1560
f 1560/1560/1560 1610/1610/1610 1611/1611/1611 1561/1561/1561
f 1561/1561/1561 1611/1611/1611 1612/1612/1612 1562/1562/1562
f 1562/1562/1562 1612/1612/1612 1613/1613/1613 1563/1563/1563
f 1563/1563/1563 1613/1613/1613 1614/1614/1614 1564/1564/1564
f 1564/1564/1564 1614/1614/1614 1615/1615/1615 1565/1565/1565
f 1565/1565/1565 1615/1615/1615 1616/1616/1616 1566/1566/1566
f 1566/1566/1566 1616/1616/1616 1617/1617/1617 1567/1567/1567
f 1567/1567/1567 1617/1617/1617 1618/1618/1618 1568/1568/1568
f 1568/1568/1568 1618/1618/1618 1619/1619/1619 1569/1569/1569
f 1569/1569/1569 1619/1619/1619 1620/1620/1620 1570/1570/1570
f 1570/1570/1570 1620/1620/1620 1621/1621/1621 1571/1571/1571
f 1571/1571/1571 1621/1621/1621 1622/1622/1622 1572/1572/1572
f 1572/1572/1572 1622/1622/1622 1623/1623/1623 1573/1573/1573
f 1573/1573/1573 1623/1623/1623 1624/1624/1624 1574/1574/1574
f 1574/1574/1574 1624/1624/1624 1625/1625/1625 1575/1575/1575
f 1575/1575/1575 1625/1625/1625 1626/1626/1626 1576/1576/1576
f 1576/1576/1576 1626/1626/1626 1627/1627/1627 1577/1577/1577
f 1577/1577/1577 1627/1627/1627 1628/1628/1628 1578/1578/1578
f 1578/1578/1578 1628/1628/1628 1629/1629/1629 1579/1579/1579
f 1579/1579/1579 1629/1629/1629 1630/1630/1630 1580/1580/1580
f 1580/1580/1580 1630/1630/1630 1631/1631/1631 1581/1581/1581
f 1581/1581/1581 1631/1631/1631 1632/1632/1632 1582/1582/1582
f 1582/1582/1582 1632/1632/1632 1633/1633/1633 1583/1583/1583
f 1583/1583/1583 1633/1633/1633 1634/1634/1634 1584/1584/1584
f 1584/1584/1584 1634/1634/1634 1635/1635/1635 1585/1585/1585
f 1585/1585/1585 1635/1635/1635 1636/1636/1636 1586/1586/1586
f 1586/1586/1586 1636/1636/1636 1637/1637/1637 1587/1587/1587
f 1587/1587/1587 1637/1637/1637 1638/1638/1638 1588/1588/1588
f 1588/1588/1588 1638/1638/1638 1639/1639/1639 1589/1589/1589
f 1589/1589/1589 1639/1639/1639 1640/1640/1640 1590/1590/1590
f 1590/1590/1590 1640/1640/1640 1641/1641/1641 1591/1591/1591
f 1591/1591/1591 1641/1641/1641 1642/1642/1642 1592/1592/1592
f 1592/1592/1592 1642/1642/1642 1643/1643/1643 1593/1593/1593
f 1593/1593/1593 1643/1643/1643 1644/1644/1644 1594/1594/1594
f 1594/1594/1594 1644/1644/1644 1645/1645/1645 1595/1595/1595
f 1595/1595/1595 1645/1645/1645 1646/1646/1646 1596/1596/1596
f 1596/1596/1596 1646/1646/1646 1647/1647/1647 1597/1597/1597
f 1597/1597/1597 1647/1647/1647 1648/1648/1648 1598/1598/1598
f 1598/1598/1598 1648/1648/1648 1649/1649/1649 1599/1599/1599
f 1599/1599/1599 1649/1649/1649 1650/1650/1650 1600/1600/1600
f 1601/1601/1601 1651/1651/1651 1652/1652/1652 1602/1602/1602
f 1602/1602/1602 1652/1652/1652 1653/1653/1653 1603/1603/1603
f 1603/1603/1603 1653/1653/1653 1654/1654/1654 1604/1604/1604
f 1604/1604/1604 1654/1654/1654 1655/1655/1655 1605/1605/1605
f 1605/1605/1605 1655/1655/1655 1656/1656/1656 1606/1606/1606
f 1606/1606/1606 1656/1656/1656 1657/1657/1657 1607/1607/1607
f 1607/1607/1607 1657/1657/1657 1658/1658/1658 1608/1608/1608
f 1608/1608/1608 1658/1658/1658 1659/1659/1659 1609/1609/1609
f 1609/1609/1609 1659/1659/1659 1660/1660/1660 1610/1610/1610
f 1610/1610/1610 1660/1660/1660 1661/1661/1661 1611/1611/1611
f 1611/1611/1611 1661/1661/1661 1662/1662/1662 1612/1612/1612
f 1612/1612/1612 1662/1662/1662 1663/1663/1663 1613/1613/1613
f 1613/1613/1613 1663/1663/1663 1664/1664/1664 1614/1614/1614
f 1614/1614/1614 1664/1664/1664 1665/1665/1665 1615/1615/1615
f 1615/1615/1615 1665/1665/1665 1666/1666/1666 1616/1616/1616
f 1616/1616/1616 1666/1666/1666 1667/1667/1667 1617/1617/1617
f 1617/1617/1617 1667/1667/1667 1668/1668/1668 1618/1618/1618
f 1618/1618/1618 1668/1668/1668 1669/1669/1669 1619/1619/1619
f 1619/1619/1619 1669/1669/1669 1670/1670/1670 1620/1620/1620
f 1620/1620/1620 1670/1670/1670 1671/1671/1671 1621/1621/1621
f 1621/1621/1621 1671/1671/1671 1672/1672/1672 1622/1622/1622
f 1622/1622/1622 1672/1672/1672 1673/1673/1673 1623/1623/1623
f 1623/1623/1623 1673/1673/1673 1674/1674/1674 1624/1624/1624
f 1624/1624/1624 1674/1674/1674 1675/1675/1675 1625/1625/1625
f 1625/1625/1625 1675/1675/1675 1676/1676/1676 1626/1626/1626
f 1626/1626/1626 1676/1676/1676 1677/1677/1677 1627/1627/1627
f 1627/1627/1627 1677/1677/1677 1678/1678/1678 1628/1628/1628
f 1628/1628/1628 1678/1678/1678 1679/1679/1679 1629/1629/1629
f 1629/1629/1629 1679/1679/1679 1680/1680/1680 1630/1630/1630
f 1630/1630/1630 1680/1680/1680 1681/1681/1681 1631/1631/1631
f 1631/1631/1631 1681/1681/1681 1682/1682/1682 1632/1632/1632
f 1632/1632/1632 1682/1682/1682 1683/1683/1683 1633/1633/1633
f 1633/1633/1633 1683/1683/1683 1684/1684/1684 1634/1634/1634
f 1634/1634/1634 1684/1684/1684 1685/1685/1685 1635/1635/1635
f 1635/1635/1635 1685/1685/1685 1686/1686/1686 1636/1636/1636
f 1636/1636/1636 1686/1686/1686 1687/1687/1687 1637/1637/1637
f 1637/1637/1637 1687/1687/1687 1688/1688/1688 1638/1638/1638
f 1638/1638/1638 1688/1688/1688 1689/1689/1689 1639/1639/1639
f 1639/1639/1639 1689/1689/1689 1690/1690/1690 1640/1640/1640
f 1640/1640/1640 1690/1690/1690 1691/1691/1691 1641/1641/1641
f 1641/1641/1641 1691/1691/1691 1692/1692/1692 1642/1642/1642
f 1642/1642/1642 1692/1692/1692 1693/1693/1693 1643/1643/1643
f 1643/1643/1643 1693/1693/1693 1694/1694/1694 1644/1644/1644
f 1644/1644/1644 1694/1694/1694 1695/1695/1695 1645/1645/1645
f 1645/1645/1645 1695/1695/1695 1696/1696/1696 1646/1646/1646
f 1646/1646/1646 1696/1696/1696 1697/1697/1697 1647/1647/1647
f 1647/1647/1647 1697/1697/1697 1698/1698/1698 1648/1648/1648
f 1648/1648/1648 1698/1698/1698 1699/1699/1699 1649/1649/1649
f 1649/1649/1649 1699/1699/1699 1700/1700/1700 1650/1650/1650
f 1651/1651/1651 1701/1701/1701 1702/1702/1702 1652/1652/1652
f 1652/1652/1652 1702/1702/1702 1703/1703/1703 1653/1653/1653
f 1653/1653/1653 1703/1703/1703 1704/1704/1704 1654/1654/1654
f 1654/1654/1654 1704/1704/1704 1705/1705/1705 1655/1655/1655
f 1655/1655/1655 1705/1705/1705 1706/1706/1706 1656/1656/1656
f 1656/1656/1656 1706/1706/1706 1707/1707/1707 1657/1657/1657
f 1657/1657/1657 1707/1707/1707 1708/1708/1708 1658/1658/1658
f 1658/1658/1658 1708/1708/1708 1709/1709/1709 1659/1659/1659
f 1659/1659/1659 1709/1709/1709 1710/1710/1710 1660/1660/1660
f 1660/1660/1660 1710/1710/1710 1711/1711/1711 1661/1661/1661
f 1661/1661/1661 1711/1711/1711 1712/1712/1712 1662/1662/1662
f 1662/1662/1662 1712/1712/1712 1713/1713/1713 1663/1663/1663
f 1663/1663/1663 1713/1713/1713 1714/1714/1714 1664/1664/1664
f 1664/1664/1664 1714/1714/1714 1715/1715/1715 1665/1665/1665
f 1665/1665/1665 1715/1715/1715 1716/1716/1716 1666/1666/1666
f 1666/1666/1666 1716/1716/1716 1717/1717/1717 1667/1667/1667
f 1667/1667/1667 1717/1717/1717 1718/1718/1718 1668/1668/1668
f 1668/1668/1668 1718/1718/1718 1719/1719/1719 1669/1669/1669
f 1669/1669/1669 1719/1719/1719 1720/1720/1720 1670/1670/1670
f 1670/1670/1670 1720/1720/1720 1721/1721/1721 1671/1671/1671
f 1671/1671/1671 1721/1721/1721 1722/1722/1722 1672/1672/1672
f 1672/1672/1672 1722/1722/1722 1723/1723/1723 1673/1673/1673
f 1673/1673/1673 1723/1723/1723 1724/1724/1724 1674/1674/1674
f 1674/1674/1674 1724/1724/1724 1725/1725/1725 1675/1675/1675
f 1675/1675/1675 1725/1725/1725 1726/1726/1726 1676/1676/1676
f 1676/1676/1676 1726/1726/1726 1727/1727/1727 1677/1677/1677
f 1677/1677/1677 1727/1727/1727 1728/1728/1728 1678/1678/1678
f 1678/1678/1678 1728/1728/1728 1729/1729/1729 1679/1679/1679
f 1679/1679/1679 1729/1729/1729 1730/1730/1730 1680/1680/1680
f 1680/1680/1680 1730/1730/1730 1731/1731/1731 1681/1681/1681
f 1681/1681/1681 1731/1731/1731 1732/1732/1732 1682/1682/1682
f 1682/1682/1682 1732/1732/1732 1733/1733/1733 1683/1683/1683
f 1683/1683/1683 1733/1733/1733 1734/1734/1734 1684/1684/1684
f 1684/1684/1684 1734/1734/1734 1735/1735/1735 1685/1685/1685
f 1685/1685/1685 1735/1735/1735 1736/1736/1736 1686/1686/1686
f 1686/1686/1686 1736/1736/1736 1737/1737/1737 1687/1687/1687
f 1687/1687/1687 1737/1737/1737 1738/1738/1738 1688/1688/1688
f 1688/1688/1688 1738/1738/1738 1739/1739/1739 1689/1689/1689
f 1689/1689/1689 1739/1739/1739 1740/1740/1740 1690/1690/1690
f 1690/1690/1690 1740/1740/1740 1741/1741/1741 1691/1691/1691
f 1691/1691/1691 1741/1741/1741 1742/1742/1742 1692/1692/1692
f 1692/1692/1692 1742/1742/1742 1743/1743/1743 1693/1693/1693
f 1693/1693/1693 1743/1743/1743 1744/1744/1744 1694/1694/1694
f 1694/1694/1694 1744/1744/1744 1745/1745/1745 1695/1695/1695
f 1695/1695/1695 1745/1745/1745 1746/1746/1746 1696/1696/1696
f 1696/1696/1696 1746/1746/1746 1747/1747/1747 1697/1697/1697
f 1697/1697/1697 1747/1747/1747 1748/1748/1748 1698/1698/1698
f 1698/1698/1698 1748/1748/1748 1749/1749/1749 1699/1699/1699
f 1699/1699/1699 1749/1749/1749 1750/1750/1750 1700/1700/1700
f 1701/1701/1701 1751/1751/1751 1752/1752/1752 1702/1702/1702
f 1702/1702/1702 1752/1752/1752 1753/1753/1753 1703/1703/1703
f 1703/1703/1703 1753/1753/1753 1754/1754/1754 1704/1704/1704
f 1704/1704/1704 1754/1754/1754 1755/1755/1755 1705/1705/1705
f 1705/1705/1705 1755/1755/1755 1756/1756/1756 1706/1706/1706
f 1706/1706/1706 1756/1756/1756 1757/1757/1757 1707/1707/1707
f 1707/1707/1707 1757/1757/1757 1758/1758/1758 1708/1708/1708
f 1708/1708/1708 1758/1758/1758 1759/1759/1759 1709/1709/1709
f 1709/1709/1709 1759/1759/1759 1760/1760/1760 1710/1710/1710
f 1710/1710/1710 1760/1760/1760 1761/1761/1761 1711/1711/1711
f 1711/1711/1711 1761/1761/1761 1762/1762/1762 1712/1712/1712
f 1712/1712/1712 1762/1762/1762 1763/1763/1763 1713/1713/1713
f 1713/1713/1713 1763/1763/1763 1764/1764/1764 1714/1714/1714
f 1714/1714/1714 1764/1764/1764 1765/1765/1765 1715/1715/1715
f 1715/1715/1715 1765/1765/1765 1766/1766/1766 1716/1716/1716
f 1716/1716/1716 1766/1766/1766 1767/1767/1767 1717/1717/1717
f 1717/1717/1717 1767/1767/1767 1768/1768/1768 1718/1718/1718
f 1718/1718/1718 1768/1768/1768 1769/1769/1769 1719/1719/1719
f 1719/1719/1719 1769/1769/1769 1770/1770/1770 1720/1720/1720
f 1720/1720/1720 1770/1770/1770 1771/1771/1771 1721/1721/1721
f 1721/1721/1721 1771/1771/1771 1772/1772/1772 1722/1722/1722
f 1722/1722/1722 1772/1772/1772 1773/1773/1773 1723/1723/1723
f 1723/1723/1723 1773/1773/1773 1774/1774/1774 1724/1724/1724
f 1724/1724/1724 1774/1774/1774 1775/1775/1775 1725/1725/1725
f 1725/1725/1725 1775/1775/1775 1776/1776/1776 1726/1726/1726
f 1726/1726/1726 1776/1776/1776 1777/1777/1777 1727/1727/1727
f 1727/1727/1727 1777/1777/1777 1778/1778/1778 1728/1728/1728
f 1728/1728/1728 1778/1778/1778 1779/1779/1779 1729/1729/1729
f 1729/1729/1729 1779/1779/1779 1780/1780/1780 1730/1730/1730
f 1730/1730/1730 1780/1780/1780 1781/1781/1781 1731/1731/1731
f 1731/1731/1731 1781/1781/1781 1782/1782/1782 1732/1732/1732
f 1732/1732/1732 1782/1782/1782 1783/1783/1783 1733/1733/1733
f 1733/1733/1733 1783/1783/1783 1784/1784/1784 1734/1734/1734
f 1734/1734/1734 1784/1784/1784 1785/1785/1785 1735/1735/1735
f 1735/1735/1735 1785/1785/1785 1786/1786/1786 1736/1736/1736
f 1736/1736/1736 1786/1786/1786 1787/1787/1787 1737/1737/1737
f 1737/1737/1737 1787/1787/1787 1788/1788/1788 1738/1738/1738
f 1738/1738/1738 1788/1788/1788 1789/1789/1789 1739/1739/1739
f 1739/1739/1739 1789/1789/1789 1790/1790/1790 1740/1740/1740
f 1740/1740/1740 1790/1790/1790 1791/1791/1791 1741/1741/1741
f 1741/1741/1741 1791/1791/1791 1792/1792/1792 1742/1742/1742
f 1742/1742/1742 1792/1792/1792 1793/1793/1793 1743/1743/1743
f 1743/1743/1743 1793/1793/1793 1794/1794/1794 1744/1744/1744
f 1744/1744/1744 1794/1794/1794 1795/1795/1795 1745/1745/1745
f 1745/1745/1745 1795/1795/1795 1796/1796/1796 1746/1746/1746
f 1746/1746/1746 1796/1796/1796 1797/1797/1797 1747/1747/1747
f 1747/1747/1747 1797/1797/1797 1798/1798/1798 1748/1748/1748
f 1748/1748/1748 1798/1798/1798 1799/1799/1799 1749/1749/1749
f 1749/1749/1749 1799/1799/1799 1800/1800/1800 1750/1750/1750
f 1751/1751/1751 1801/1801/1801 1802/1802/1802 1752/1752/1752
f 1752/1752/1752 1802/1802/1802 1803/1803/1803 1753/1753/1753
f 1753/1753/1753 1803/1803/1803 1804/1804/1804 1754/1754/1754
f 1754/1754/1754 1804/1804/1804 1805/1805/1805 1755/1755/1755
f 1755/1755/1755 1805/1805/1805 1806/1806/1806 1756/1756/1756
f 1756/1756/1756 1806/1806/1806 1807/1807/1807 1757/1757/1757
f 1757/1757/1757 1807/1807/1807 1808/1808/1808 1758/1758/1758
f 1758/1758/1758 1808/1808/1808 1809/1809/1809 1759/1759/1759
f 1759/1759/1759 1809/1809/1809 1810/1810/1810 1760/1760/1760
f 1760/1760/1760 1810/1810/1810 1811/1811/1811 1761/1761/1761
f 1761/1761/1761 1811/1811/1811 1812/1812/1812 1762/1762/1762
f 1762/1762/1762 1812/1812/1812 1813/1813/1813 1763/1763/1763
f 1763/1763/1763 1813/1813/1813 1814/1814/1814 1764/1764/1764
f 1764/1764/1764 1814/1814/1814 1815/1815/1815 1765/1765/1765
f 1765/1765/1765 1815/1815/1815 1816/1816/1816 1766/1766/1766
f 1766/1766/1766 1816/1816/1816 1817/1817/1817 1767/1767/1767
f 1767/1767/1767 1817/1817/1817 1818/1818/1818 1768/1768/1768
f 1768/1768/1768 1818/1818/1818 1819/1819/1819 1769/1769/1769
f 1769/1769/1769 1819/1819/1819 1820/1820/1820 1770/1770/1770
f 1770/1770/1770 1820/1820/1820 1821/1821/1821 1771/1771/1771
f 1771/1771/1771 1821/1821/1821 1822/1822/1822 1772/1772/1772
f 1772/1772/1772 1822/1822/1822 1823/1823/1823 1773/1773/1773
f 1773/1773/1773 1823/1823/1823 1824/1824/1824 1774/1774/1774
f 1774/1774/1774 1824/1824/1824 1825/1825/1825 1775/1775/1775
f 1775/1775/1775 1825/1825/1825 1826/1826/1826 1776/1776/1776
f 1776/1776/1776 1826/1826/1826 1827/1827/1827 1777/1777/1777
f 1777/1777/1777 1827/1827/1827 1828/1828/1828 1778/1778/1778
f 1778/1778/1778 1828/1828/1828 1829/1829/1829 1779/1779/1779
f 1779/1779/1779 1829/1829/1829 1830/1830/1830 1780/1780/1780
f 1780/1780/1780 1830/1830/1830 1831/1831/1831 1781/1781/1781
f 1781/1781/1781 1831/1831/1831 1832/1832/1832 1782/1782/1782
f 1782/1782/1782 1832/1832/1832 1833/1833/1833 1783/1783/1783
f 1783/1783/1783 1833/1833/1833 1834/1834/1834 1784/1784/1784
f 1784/1784/1784 1834/1834/1834 1835/1835/1835 1785/1785/1785
f 1785/1785/1785 1835/1835/1835 1836/1836/1836 1786/1786/1786
f 1786/1786/1786 1836/1836/1836 1837/1837/1837 1787/1787/1787
f 1787/1787/1787 1837/1837/1837 1838/1838/1838 1788/1788/1788
f 1788/1788/1788 1838/1838/1838 1839/1839/1839 1789/1789/1789
f 1789/1789/1789 1839/1839/1839 1840/1840/1840 1790/1790/1790
f 1790/1790/1790 1840/1840/1840 1841/1841/1841 1791/1791/1791
f 1791/1791/1791 1841/1841/1841 1842/1842/1842 1792/1792/1792
f 1792/1792/1792 1842/1842/1842 1843/1843/1843 1793/1793/1793
f 1793/1793/1793 1843/1843/1843 1844/1844/1844 1794/1794/1794
f 1794/1794/1794 1844/1844/1844 1845/1845/1845 1795/1795/1795
f 1795/1795/1795 1845/1845/1845 1846/1846/1846 1796/1796/1796
f 1796/1796/1796 1846/1846/1846 1847/1847/1847 1797/1797/1797
f 1797/1797/1797 1847/1847/1847 1848/1848/1848 1798/1798/1798
f 1798/1798/1798 1848/1848/1848 1849/1849/1849 1799/1799/1799
f 1799/1799/1799 1849/1849/1849 1850/1850/1850 1800/1800/1800
f 1801/1801/1801 1851/1851/1851 1852/1852/1852 1802/1802/1802
f 1802/1802/1802 1852/1852/1852 1853/1853/1853 1803/1803/1803
f 1803/1803/1803 1853/1853/1853 1854/1854/1854 1804/1804/1804
f 1804/1804/1804 1854/1854/1854 1855/1855/1855 1805/1805/1805
f 1805/1805/1805 1855/1855/1855 1856/1856/1856 1806/1806/1806
f 1806/1806/1806 1856/1856/1856 1857/1857/1857 1807/1807/1807
f 1807/1807/1807 1857/1857/1857 1858/1858/1858 1808/1808/1808
f 1808/1808/1808 1858/1858/1858 1859/1859/1859 1809/1809/1809
f 1809/1809/1809 1859/1859/1859 1860/1860/1860 1810/1810/1810
f 1810/1810/1810 1860/1860/1860 1861/1861/1861 1811/1811/1811
f 1811/1811/1811 1861/1861/1861 1862/1862/1862 1812/1812/1812
f 1812/1812/1812 1862/1862/1862 1863/1863/1863 1813/1813/1813
f 1813/1813/1813 1863/1863/1863 1864/1864/1864 1814/1814/1814
f 1814/1814/1814 1864/1864/1864 1865/1865/1865 1815/1815/1815
f 1815/1815/1815 1865/1865/1865 1866/1866/1866 1816/1816/1816
f 1816/1816/1816 1866/1866/1866 1867/1867/1867 1817/1817/1817
f 1817/1817/1817 1867/1867/1867 1868/1868/1868 1818/1818/1818
f 1818/1818/1818 1868/1868/1868 1869/1869/1869 1819/1819/1819
f 1819/1819/1819 1869/1869/1869 1870/1870/1870 1820/1820/1820
f 1820/1820/1820 1870/1870/1870 1871/1871/1871 1821/1821/1821
f 1821/1821/1821 1871/1871/1871 1872/1872/1872 1822/1822/1822
f 1822/1822/1822 1872/1872/1872 1873/1873/1873 1823/1823/1823
f 1823/1823/1823 1873/1873/1873 1874/1874/1874 1824/1824/1824
f 1824/1824/1824 1874/1874/1874 1875/1875/1875 1825/1825/1825
f 1825/1825/1825 1875/1875/1875 1876/1876/1876 1826/1826/1826
f 1826/1826/1826 1876/1876/1876 1877/1877/1877 1827/1827/1827
f 1827/1827/1827 1877/1877/1877 1878/1878/1878 1828/1828/1828
f 1828/1828/1828 1878/1878/1878 1879/1879/1879 1829/1829/1829
f 1829/1829/1829 1879/1879/1879 1880/1880/1880 1830/1830/1830
f 1830/1830/1830 1880/1880/1880 1881/1881/1881 1831/1831/1831
f 1831/1831/1831 1881/1881/1881 1882/1882/1882 1832/1832/1832
f 1832/1832/1832 1882/1882/1882 1883/1883/1883 1833/1833/1833
f 1833/1833/1833 1883/1883/1883 1884/1884/1884 1834/1834/1834
f 1834/1834/1834 1884/1884/1884 1885/1885/1885 1835/1835/1835
f 1835/1835/1835 1885/1885/1885 1886/1886/1886 1836/1836/1836
f 1836/1836/1836 1886/1886/1886 1887/1887/1887 1837/1837/1837
f 1837/1837/1837 1887/1887/1887 1888/1888/1888 1838/1838/1838
f 1838/1838/1838 1888/1888/1888 1889/1889/1889 1839/1839/1839
f 1839/1839/1839 1889/1889/1889 1890/1890/1890 1840/1840/1840
f 1840/1840/1840 1890/1890/1890 1891/1891/1891 1841/1841/1841
f 1841/1841/1841 1891/1891/1891 1892/1892/1892 1842/1842/1842
f 1842/1842/1842 1892/1892/1892 1893/1893/1893 1843/1843/1843
f 1843/1843/1843 1893/1893/1893 1894/1894/1894 1844/1844/1844
f 1844/1844/1844 1894/1894/1894 1895/1895/1895 1845/1845/1845
f 1845/1845/1845 1895/1895/1895 1896/1896/1896 1846/1846/1846
f 1846/1846/1846 1896/1896/1896 1897/1897/1897 1847/1847/1847
f 1847/1847/1847 1897/1897/1897 1898/1898/1898 1848/1848/1848
f 1848/1848/1848 1898/1898/1898 1899/1899/1899 1849/1849/1849
f 1849/1849/1849 1899/1899/1899 1900/1900/1900 1850/1850/1850
f 1851/1851/1851 1901/1901/1901 1902/1902/1902 1852/1852/1852
f 1852/1852/1852 1902/1902/1902 1903/1903/1903 1853/1853/1853
f 1853/1853/1853 1903/1903/1903 1904/1904/1904 1854/1854/1854
f 1854/1854/1854 1904/1904/1904 1905/1905/1905 1855/1855/1855
f 1855/1855/1855 1905/1905/1905 1906/1906/1906 1856/1856/1856
f 1856/1856/1856 1906/1906/1906 1907/1907/1907 1857/1857/1857
f 1857/1857/1857 1907/1907/1907 1908/1908/1908 1858/1858/1858
f 1858/1858/1858 1908/1908/1908 1909/1909/1909 1859/1859/1859
f 1859/1859/1859 1909/1909/1909 1910/1910/1910 1860/1860/1860
f 1860/1860/1860 1910/1910/1910 1911/1911/1911 1861/1861/1861
f 1861/1861/1861 1911/1911/1911 1912/1912/1912 1862/1862/1862
f 1862/1862/1862 1912/1912/1912 1913/1913/1913 1863/1863/1863
f 1863/1863/1863 1913/1913/1913 1914/1914/1914 1864/1864/1864
f 1864/1864/1864 1914/1914/1914 1915/1915/1915 1865/1865/1865
f 1865/1865/1865 1915/1915/1915 1916/1916/1916 1866/1866/1866
f 1866/1866/1866 1916/1916/1916 1917/1917/1917 1867/1867/1867
f 1867/1867/1867 1917/1917/1917 1918/1918/1918 1868/1868/1868
f 1868/1868/1868 1918/1918/1918 1919/1919/1919 1869/1869/1869
f 1869/1869/1869 1919/1919/1919 1920/1920/1920 1870/1870/1870
f 1870/1870/1870 1920/1920/1920 1921/1921/1921 1871/1871/1871
f 1871/1871/1871 1921/1921/1921 1922/1922/1922 1872/1872/1872
f 1872/1872/1872 1922/1922/1922 1923/1923/1923 1873/1873/1873
f 1873/1873/1873 1923/1923/1923 1924/1924/1924 1874/1874/1874
f 1874/1874/1874 1924/1924/1924 1925/1925/1925 1875/1875/1875
f 1875/1875/1875 1925/1925/1925 1926/1926/1926 1876/1876/1876
f 1876/1876/1876 1926/1926/1926 1927/1927/1927 1877/1877/1877
f 1877/1877/1877 1927/1927/1927 1928/1928/1928 1878/1878/1878
f 1878/1878/1878 1928/1928/1928 1929/1929/1929 1879/1879/1879
f 1879/1879/1879 1929/1929/1929 1930/1930/1930 1880/1880/1880
f 1880/1880/1880 1930/1930/1930 1931/1931/1931 1881/1881/1881
f 1881/1881/1881 1931/1931/1931 1932/1932/1932 1882/1882/1882
f 1882/1882/1882 1932/1932/1932 1933/1933/1933 1883/1883/1883
f 1883/1883/1883 1933/1933/1933 1934/1934/1934 1884/1884/1884
f 1884/1884/1884 1934/1934/1934 1935/1935/1935 1885/1885/1885
f 1885/1885/1885 1935/1935/1935 1936/1936/1936 1886/1886/1886
f 1886/1886/1886 1936/1936/1936 1937/1937/1937 1887/1887/1887
f 1887/1887/1887 1937/1937/1937 1938/1938/1938 1888/1888/1888
f 1888/1888/1888 1938/1938/1938 1939/1939/1939 1889/1889/1889
f 1889/1889/1889 1939/1939/1939 1940/1940/1940 1890/1890/1890
f 1890/1890/1890 1940/1940/1940 1941/1941/1941 1891/1891/1891
f 1891/1891/1891 1941/1941/1941 1942/1942/1942 1892/1892/1892
f 1892/1892/1892 1942/1942/1942 1943/1943/1943 1893/1893/1893
f 1893/1893/1893 1943/1943/1943 1944/1944/1944 1894/1894/1894
f 1894/1894/1894 1944/1944/1944 1945/1945/1945 1895/1895/1895
f 1895/1895/1895 1945/1945/1945 1946/1946/1946 1896/1896/1896
f 1896/1896/1896 1946/1946/1946 1947/1947/1947 1897/1897/1897
f 1897/1897/1897 1947/1947/1947 1948/1948/1948 1898/1898/1898
f 1898/1898/1898 1948/1948/1948 1949/1949/1949 1899/1899/1899
f 1899/1899/1899 1949/1949/1949 1950/1950/1950 1900/1900/1900
f 1901/1901/1901 1951/1951/1951 1952/1952/1952 1902/1902/1902
f 1902/1902/1902 1952/1952/1952 1953/1953/1953 1903/1903/1903
f 1903/1903/1903 1953/1953/1953 1954/1954/1954 1904/1904/1904
f 1904/1904/1904 1954/1954/1954 1955/1955/1955 1905/1905/1905
f 1905/1905/1905 1955/1955/1955 1956/1956/1956 1906/1906/1906
f 1906/1906/1906 1956/1956/1956 1957/1957/1957 1907/1907/1907
f 1907/1907/1907 1957/1957/1957 1958/1958/1958 1908/1908/1908
f 1908/1908/1908 1958/1958/1958 1959/1959/1959 1909/1909/1909
f 1909/1909/1909 1959/1959/1959 1960/1960/1960 1910/1910/1910
f 1910/1910/1910 1960/1960/1960 1961/1961/1961 1911/1911/1911
f 1911/1911/1911 1961/1961/1961 1962/1962/1962 1912/1912/1912
f 1912/1912/1912 1962/1962/1962 1963/1963/1963 1913/1913/1913
f 1913/1913/1913 1963/1963/1963 1964/1964/1964 1914/1914/1914
f 1914/1914/1914 1964/1964/1964 1965/1965/1965 1915/1915/1915
f 1915/1915/1915 1965/1965/1965 1966/1966/1966 1916/1916/1916
f 1916/1916/1916 1966/1966/1966 1967/1967/1967 1917/1917/1917
f 1917/1917/1917 1967/1967/1967 1968/1968/1968 1918/1918/1918
f 1918/1918/1918 1968/1968/1968 1969/1969/1969 1919/1919/1919
f 1919/1919/1919 1969/1969/1969 1970/1970/1970 1920/1920/1920
f 1920/1920/1920 1970/1970/1970 1971/1971/1971 1921/1921/1921
f 1921/1921/1921 1971/1971/1971 1972/1972/1972 1922/1922/1922
f 1922/1922/1922 1972/1972/1972 1973/1973/1973 1923/1923/1923
f 1923/1923/1923 1973/1973/1973 1974/1974/1974 1924/1924/1924
f 1924/1924/1924 1974/1974/1974 1975/1975/1975 1925/1925/1925
f 1925/1925/1925 1975/1975/1975 1976/1976/1976 1926/1926/1926
f 1926/1926/1926 1976/1976/1976 1977/1977/1977 1927/1927/1927
f 1927/1927/1927 1977/1977/1977 1978/1978/1978 1928/1928/1928
f 1928/1928/1928 1978/1978/1978 1979/1979/1979 1929/1929/1929
f 1929/1929/1929 1979/1979/1979 1980/1980/1980 1930/1930/1930
f 1930/1930/1930 1980/1980/1980 1981/1981/1981 1931/1931/1931
f 1931/1931/1931 1981/1981/1981 1982/1982/1982 1932/1932/1932
f 1932/1932/1932 1982/1982/1982 1983/1983/1983 1933/1933/1933
f 1933/1933/1933 1983/1983/1983 1984/1984/1984 1934/1934/1934
f 1934/1934/1934 1984/1984/1984 1985/1985/1985 1935/1935/1935
f 1935/1935/1935 1985/1985/1985 1986/1986/1986 1936/1936/1936
f 1936/1936/1936 1986/1986/1986 1987/1987/1987 1937/1937/1937
f 1937/1937/1937 1987/1987/1987 1988/1988/1988 1938/1938/1938
f 1938/1938/1938 1988/1988/1988 1989/1989/1989 1939/1939/1939
f 1939/1939/1939 1989/1989/1989 1990/1990/1990 1940/1940/1940
f 1940/1940/1940 1990/1990/1990 1991/1991/1991 1941/1941/1941
f 1941/1941/1941 1991/1991/1991 1992/1992/1992 1942/1942/1942
f 1942/1942/1942 1992/1992/1992 1993/1993/1993 1943/1943/1943
f 1943/1943/1943 1993/1993/1993 1994/1994/1994 1944/1944/1944
f 1944/1944/1944 1994/1994/1994 1995/1995/1995 1945/1945/1945
f 1945/1945/1945 1995/1995/1995 1996/1996/1996 1946/1946/1946
f 1946/1946/1946 1996/1996/1996 1997/1997/1997 1947/1947/1947
f 1947/1947/1947 1997/1997/1997 1998/1998/1998 1948/1948/1948
f 1948/1948/1948 1998/1998/1998 1999/1999/1999 1949/1949/1949
f 1949/1949/1949 1999/1999/1999 2000/2000/2000 1950/1950/1950
f 1951/1951/1951 2001/2001/2001 2002/2002/2002 1952/1952/1952
f 1952/1952/1952 2002/2002/2002 2003/2003/2003 1953/1953/1953
f 1953/1953/1953 2003/2003/2003 2004/2004/2004 1954/1954/1954
f 1954/1954/1954 2004/2004/2004 2005/2005/2005 1955/1955/1955
f 1955/1955/1955 2005/2005/2005 2006/2006/2006 1956/1956/1956
f 1956/1956/1956 2006/2006/2006 2007/2007/2007 1957/1957/1957
f 1957/1957/1957 2007/2007/2007 2008/2008/2008 1958/1958/1958
f 1958/1958/1958 2008/2008/2008 2009/2009/2009 1959/1959/1959
f 1959/1959/1959 2009/2009/2009 2010/2010/2010 1960/1960/1960
f 1960/1960/1960 2010/2010/2010 2011/2011/2011 1961/1961/1961
f 1961/1961/1961 2011/2011/2011 2012/2012/2012 1962/1962/1962
f 1962/1962/1962 2012/2012/2012 2013/2013/2013 1963/1963/1963
f 1963/1963/1963 2013/2013/2013 2014/2014/2014 1964/1964/1964
f 1964/1964/1964 2014/2014/2014 2015/2015/2015 1965/1965/1965
f 1965/1965/1965 2015/2015/2015 2016/2016/2016 1966/1966/1966
f 1966/1966/1966 2016/2016/2016 2017/2017/2017 1967/1967/1967
f 1967/1967/1967 2017/2017/2017 2018/2018/2018 1968/1968/1968
f 1968/1968/1968 2018/2018/2018 2019/2019/2019 1969/1969/1969
f 1969/1969/1969 2019/2019/2019 2020/2020/2020 1970/1970/1970
f 1970/1970/1970 2020/2020/2020 2021/2021/2021 1971/1971/1971
f 1971/1971/1971 2021/2021/2021 2022/2022/2022 1972/1972/1972
f 1972/1972/1972 2022/2022/2022 2023/2023/2023 1973/1973/1973
f 1973/1973/1973 2023/2023/2023 2024/2024/2024 1974/1974/1974
f 1974/1974/1974 2024/2024/2024 2025/2025/2025 1975/1975/1975
f 1975/1975/1975 2025/2025/2025 2026/2026/2026 1976/1976/1976
f 1976/1976/1976 2026/2026/2026 2027/2027/2027 1977/1977/1977
f 1977/1977/1977 2027/2027/2027 2028/2028/2028 1978/1978/1978
f 1978/1978/1978 2028/2028/2028 2029/2029/2029 1979/1979/1979
f 1979/1979/1979 2029/2029/2029 2030/2030/2030 1980/1980/1980
f 1980/1980/1980 2030/2030/2030 2031/2031/2031 1981/1981/1981
f 1981/1981/1981 2031/2031/2031 2032/2032/2032 1982/1982/1982
f 1982/1982/1982 2032/2032/2032 2033/2033/2033 1983/1983/1983
f 1983/1983/1983 2033/2033/2033 2034/2034/2034 1984/1984/1984
f 1984/1984/1984 2034/2034/2034 2035/2035/2035 1985/1985/1985
f 1985/1985/1985 2035/2035/2035 2036/2036/2036 1986/1986/1986
f 1986/1986/1986 2036/2036/2036 2037/2037/2037 1987/1987/1987
f 1987/1987/1987 2037/2037/2037 2038/2038/2038 1988/1988/1988
f 1988/1988/1988 2038/2038/2038 2039/2039/2039 1989/1989/1989
f 1989/1989/1989 2039/2039/2039 2040/2040/2040 1990/1990/1990
f 1990/1990/1990 2040/2040/2040 2041/2041/2041 1991/1991/1991
f 1991/1991/1991 2041/2041/2041 2042/2042/2042 1992/1992/1992
f 1992/1992/1992 2042/2042/2042 2043/2043/2043 1993/1993/1993
f 1993/1993/1993 2043/2043/2043 2044/2044/2044 1994/1994/1994
f 1994/1994/1994 2044/2044/2044 2045/2045/2045 1995/1995/1995
f 1995/1995/1995 2045/2045/2045 2046/2046/2046 1996/1996/1996
f 1996/1996/1996 2046/2046/2046 2047/2047/2047 1997/1997/1997
f 1997/1997/1997 2047/2047/2047 2048/2048/2048 1998/1998/1998
f 1998/1998/1998 2048/2048/2048 2049/2049/2049 1999/1999/1999
f 1999/1999/1999 2049/2049/2049 2050/2050/2050 2000/2000/2000
f 2001/2001/2001 2051/2051/2051 2052/2052/2052 2002/2002/2002
f 2002/2002/2002 2052/2052/2052 2053/2053/2053 2003/2003/2003
f 2003/2003/2003 2053/2053/2053 2054/2054/2054 2004/2004/2004
f 2004/2004/2004 2054/2054/2054 2055/2055/2055 2005/2005/2005
f 2005/2005/2005 2055/2055/2055 2056/2056/2056 2006/2006/2006
f 2006/2006/2006 2056/2056/2056 2057/2057/2057 2007/2007/2007
f 2007/2007/2007 2057/2057/2057 2058/2058/2058 2008/2008/2008
f 2008/2008/2008 2058/2058/2058 2059/2059/2059 2009/2009/2009
f 2009/2009/2009 2059/2059/2059 2060/2060/2060 2010/2010/2010
f 2010/2010/2010 2060/2060/2060 2061/2061/2061 2011/2011/2011
f 2011/2011/2011 2061/2061/2061 2062/2062/2062 2012/2012/2012
f 2012/2012/2012 2062/2062/2062 2063/2063/2063 2013/2013/2013
f 2013/2013/2013 2063/2063/2063 2064/2064/2064 2014/2014/2014
f 2014/2014/2014 2064/2064/2064 2065/2065/2065 2015/2015/2015
f 2015/2015/2015 2065/2065/2065 2066/2066/2066 2016/2016/2016
f 2016/2016/2016 2066/2066/2066 2067/2067/2067 2017/2017/2017
f 2017/2017/2017 2067/2067/2067 2068/2068/2068 2018/2018/2018
f 2018/2018/2018 2068/2068/2068 2069/2069/2069 2019/2019/2019
f 2019/2019/2019 2069/2069/2069 2070/2070/2070 2020/2020/2020
f 2020/2020/2020 2070/2070/2070 2071/2071/2071 2021/2021/2021
f 2021/2021/2021 2071/2071/2071 2072/2072/2072 2022/2022/2022
f 2022/2022/2022 2072/2072/2072 2073/2073/2073 2023/2023/2023
f 2023/2023/2023 2073/2073/2073 2074/2074/2074 2024/2024/2024
f 2024/2024/2024 2074/2074/2074 2075/2075/2075 2025/2025/2025
f 2025/2025/2025 2075/2075/2075 2076/2076/2076 2026/2026/2026
f 2026/2026/2026 2076/2076/2076 2077/2077/2077 2027/2027/2027
f 2027/2027/2027 2077/2077/2077 2078/2078/2078 2028/2028/2028
f 2028/2028/2028 2078/2078/2078 2079/2079/2079 2029/2029/2029
f 2029/2029/2029 2079/2079/2079 2080/2080/2080 2030/2030/2030
f 2030/2030/2030 2080/2080/2080 2081/2081/2081 2031/2031/2031
f 2031/2031/2031 2081/2081/2081 2082/2082/2082 2032/2032/2032
f 2032/2032/2032 2082/2082/2082 2083/2083/2083 2033/2033/2033
f 2033/2033/2033 2083/2083/2083 2084/2084/2084 2034/2034/2034
f 2034/2034/2034 2084/2084/2084 2085/2085/2085 2035/2035/2035
f 2035/2035/2035 2085/2085/2085 2086/2086/2086 2036/2036/2036
f 2036/2036/2036 2086/2086/2086 2087/2087/2087 2037/2037/2037
f 2037/2037/2037 2087/2087/2087 2088/2088/2088 2038/2038/2038
f 2038/2038/2038 2088/2088/2088 2089/2089/2089 2039/2039/2039
f 2039/2039/2039 2089/2089/2089 2090/2090/2090 2040/2040/2040
f 2040/2040/2040 2090/2090/2090 2091/2091/2091 2041/2041/2041
f 2041/2041/2041 2091/2091/2091 2092/2092/2092 2042/2042/2042
f 2042/2042/2042 2092/2092/2092 2093/2093/2093 2043/2043/2043
f 2043/2043/2043 2093/2093/2093 2094/2094/2094 2044/2044/2044
f 2044/2044/2044 2094/2094/2094 2095/2095/2095 2045/2045/2045
f 2045/2045/2045 2095/2095/2095 2096/2096/2096 2046/2046/2046
f 2046/2046/2046 2096/2096/2096 2097/2097/2097 2047/2047/2047
f 2047/2047/2047 2097/2097/2097 2098/2098/2098 2048/2048/2048
f 2048/2048/2048 2098/2098/2098 2099/2099/2099 2049/2049/2049
f 2049/2049/2049 2099/2099/2099 2100/2100/2100 2050/2050/2050
f 2051/2051/2051 2101/2101/2101 2102/2102/2102 2052/2052/2052
f 2052/2052/2052 2102/2102/2102 2103/2103/2103 2053/2053/2053
f 2053/2053/2053 2103/2103/2103 2104/2104/2104 2054/2054/2054
f 2054/2054/2054 2104/2104/2104 2105/2105/2105 2055/2055/2055
f 2055/2055/2055 2105/2105/2105 2106/2106/2106 2056/2056/2056
f 2056/2056/2056 2106/2106/2106 2107/2107/2107 2057/2057/2057
f 2057/2057/2057 2107/2107/2107 2108/2108/2108 2058/2058/2058
f 2058/2058/2058 2108/2108/2108 2109/2109/2109 2059/2059/2059
f 2059/2059/2059 2109/2109/2109 2110/2110/2110 2060/2060/2060
f 2060/2060/2060 2110/2110/2110 2111/2111/2111 2061/2061/2061
f 2061/2061/2061 2111/2111/2111 2112/2112/2112 2062/2062/2062
f 2062/2062/2062 2112/2112/2112 2113/2113/2113 2063/2063/2063
f 2063/2063/2063 2113/2113/2113 2114/2114/2114 2064/2064/2064
f 2064/2064/2064 2114/2114/2114 2115/2115/2115 2065/2065/2065
f 2065/2065/2065 2115/2115/2115 2116/2116/2116 2066/2066/2066
f 2066/2066/2066 2116/2116/2116 2117/2117/2117 2067/2067/2067
f 2067/2067/2067 2117/2117/2117 2118/2118/2118 2068/2068/2068
f 2068/2068/2068 2118/2118/2118 2119/2119/2119 2069/2069/2069
f 2069/2069/2069 2119/2119/2119 2120/2120/2120 2070/2070/2070
f 2070/2070/2070 2120/2120/2120 2121/2121/2121 2071/2071/2071
f 2071/2071/2071 2121/2121/2121 2122/2122/2122 2072/2072/2072
f 2072/2072/2072 2122/2122/2122 2123/2123/2123 2073/2073/2073
f 2073/2073/2073 2123/2123/2123 2124/2124/2124 2074/2074/2074
f 2074/2074/2074 2124/2124/2124 2125/2125/2125 2075/2075/2075
f 2075/2075/2075 2125/2125/2125 2126/2126/2126 2076/2076/2076
f 2076/2076/2076 2126/2126/2126 2127/2127/2127 2077/2077/2077
f 2077/2077/2077 2127/2127/2127 2128/2128/2128 2078/2078/2078
f 2078/2078/2078 2128/2128/2128 2129/2129/2129 2079/2079/2079
f 2079/2079/2079 2129/2129/2129 2130/2130/2130 2080/2080/2080
f 2080/2080/2080 2130/2130/2130 2131/2131/2131 2081/2081/2081
f 2081/2081/2081 2131/2131/2131 2132/2132/2132 2082/2082/2082
f 2082/2082/2082 2132/2132/2132 2133/2133/2133 2083/2083/2083
f 2083/2083/2083 2133/2133/2133 2134/2134/2134 2084/2084/2084
f 2084/2084/2084 2134/2134/2134 2135/2135/2135 2085/2085/2085
f 2085/2085/2085 2135/2135/2135 2136/2136/2136 2086/2086/2086
f 2086/2086/2086 2136/2136/2136 2137/2137/2137 2087/2087/2087
f 2087/2087/2087 2137/2137/2137 2138/2138/2138 2088/2088/2088
f 2088/2088/2088 2138/2138/2138 2139/2139/2139 2089/2089/2089
f 2089/2089/2089 2139/2139/2139 2140/2140/2140 2090/2090/2090
f 2090/2090/2090 2140/2140/2140 2141/2141/2141 2091/2091/2091
f 2091/2091/2091 2141/2141/2141 2142/2142/2142 2092/2092/2092
f 2092/2092/2092 2142/2142/2142 2143/2143/2143 2093/2093/2093
f 2093/2093/2093 2143/2143/2143 2144/2144/2144 2094/2094/2094
f 2094/2094/2094 2144/2144/2144 2145/2145/2145 2095/2095/2095
f 2095/2095/2095 2145/2145/2145 2146/2146/2146 2096/2096/2096
f 2096/2096/2096 2146/2146/2146 2147/2147/2147 2097/2097/2097
f 2097/2097/2097 2147/2147/2147 2148/2148/2148 2098/2098/2098
f 2098/2098/2098 2148/2148/2148 2149/2149/2149 2099/2099/2099
f 2099/2099/2099 2149/2149/2149 2150/2150/2150 2100/2100/2100
f 2101/2101/2101 2151/2151/2151 2152/2152/2152 2102/2102/2102
f 2102/2102/2102 2152/2152/2152 2153/2153/2153 2103/2103/2103
f 2103/2103/2103 2153/2153/2153 2154/2154/2154 2104/2104/2104
f 2104/2104/2104 2154/2154/2154 2155/2155/2155 2105/2105/2105
f 2105/2105/2105 2155/2155/2155 2156/2156/2156 2106/2106/2106
f 2106/2106/2106 2156/2156/2156 2157/2157/2157 2107/2107/2107
f 2107/2107/2107 2157/2157/2157 2158/2158/2158 2108/2108/2108
f 2108/2108/2108 2158/2158/2158 2159/2159/2159 2109/2109/2109
f 2109/2109/2109 2159/2159/2159 2160/2160/2160 2110/2110/2110
f 2110/2110/2110 2160/2160/2160 2161/2161/2161 2111/2111/2111
f 2111/2111/2111 2161/2161/2161 2162/2162/2162 2112/2112/2112
f 2112/2112/2112 2162/2162/2162 2163/2163/2163 2113/2113/2113
f 2113/2113/2113 2163/2163/2163 2164/2164/2164 2114/2114/2114
f 2114/2114/2114 2164/2164/2164 2165/2165/2165 2115/2115/2115
f 2115/2115/2115 2165/2165/2165 2166/2166/2166 2116/2116/2116
f 2116/2116/2116 2166/2166/2166 2167/2167/2167 2117/2117/2117
f 2117/2117/2117 2167/2167/2167 2168/2168/2168 2118/2118/2118
f 2118/2118/2118 2168/2168/2168 2169/2169/2169 2119/2119/2119
f 2119/2119/2119 2169/2169/2169 2170/2170/2170 2120/2120/2120
f 2120/2120/2120 2170/2170/2170 2171/2171/2171 2121/2121/2121
f 2121/2121/2121 2171/2171/2171 2172/2172/2172 2122/2122/2122
f 2122/2122/2122 2172/2172/2172 2173/2173/2173 2123/2123/2123
f 2123/2123/2123 2173/2173/2173 2174/2174/2174 2124/2124/2124
f 2124/2124/2124 2174/2174/2174 2175/2175/2175 2125/2125/2125
f 2125/2125/2125 2175/2175/2175 2176/2176/2176 2126/2126/2126
f 2126/2126/2126 2176/2176/2176 2177/2177/2177 2127/2127/2127
f 2127/2127/2127 2177/2177/2177 2178/2178/2178 2128/2128/2128
f 2128/2128/2128 2178/2178/2178 2179/2179/2179 2129/2129/2129
f 2129/2129/2129 2179/2179/2179 2180/2180/2180 2130/2130/2130
f 2130/2130/2130 2180/2180/2180 2181/2181/2181 2131/2131/2131
f 2131/2131/2131 2181/2181/2181 2182/2182/2182 2132/2132/2132
f 2132/2132/2132 2182/2182/2182 2183/2183/2183 2133/2133/2133
f 2133/2133/2133 2183/2183/2183 2184/2184/2184 2134/2134/2134
f 2134/2134/2134 2184/2184/2184 2185/2185/2185 2135/2135/2135
f 2135/2135/2135 2185/2185/2185 2186/2186/2186 2136/2136/2136
f 2136/2136/2136 2186/2186/2186 2187/2187/2187 2137/2137/2137
f 2137/2137/2137 2187/2187/2187 2188/2188/2188 2138/2138/2138
f 2138/2138/2138 2188/2188/2188 2189/2189/2189 2139/2139/2139
f 2139/2139/2139 2189/2189/2189 2190/2190/2190 2140/2140/2140
f 2140/2140/2140 2190/2190/2190 2191/2191/2191 2141/2141/2141
f 2141/2141/2141 2191/2191/2191 2192/2192/2192 2142/2142/2142
f 2142/2142/2142 2192/2192/2192 2193/2193/2193 2143/2143/2143
f 2143/2143/2143 2193/2193/2193 2194/2194/2194 2144/2144/2144
f 2144/2144/2144 2194/2194/2194 2195/2195/2195 2145/2145/2145
f 2145/2145/2145 2195/2195/2195 2196/2196/2196 2146/2146/2146
f 2146/2146/2146 2196/2196/2196 2197/2197/2197 2147/2147/2147
f 2147/2147/2147 2197/2197/2197 2198/2198/2198 2148/2148/2148
f 2148/2148/2148 2198/2198/2198 2199/2199/2199 2149/2149/2149
f 2149/2149/2149 2199/2199/2199 2200/2200/2200 2150/2150/2150
f 2151/2151/2151 2201/2201/2201 2202/2202/2202 2152/2152/2152
f 2152/2152/2152 2202/2202/2202 2203/2203/2203 2153/2153/2153
f 2153/2153/2153 2203/2203/2203 2204/2204/2204 2154/2154/2154
f 2154/2154/2154 2204/2204/2204 2205/2205/2205 2155/2155/2155
f 2155/2155/2155 2205/2205/2205 2206/2206/2206 2156/2156/2156
f 2156/2156/2156 2206/2206/2206 2207/2207/2207 2157/2157/2157
f 2157/2157/2157 2207/2207/2207 2208/2208/2208 2158/2158/2158
f 2158/2158/2158 2208/2208/2208 2209/2209/2209 2159/2159/2159
f 2159/2159/2159 2209/2209/2209 2210/2210/2210 2160/2160/2160
f 2160/2160/2160 2210/2210/2210 2211/2211/2211 2161/2161/2161
f 2161/2161/2161 2211/2211/2211 2212/2212/2212 2162/2162/2162
f 2162/2162/2162 2212/2212/2212 2213/2213/2213 2163/2163/2163
f 2163/2163/2163 2213/2213/2213 2214/2214/2214 2164/2164/2164
f 2164/2164/2164 2214/2214/2214 2215/2215/2215 2165/2165/2165
f 2165/2165/2165 2215/2215/2215 2216/2216/2216 2166/2166/2166
f 2166/2166/2166 2216/2216/2216 2217/2217/2217 2167/2167/2167
f 2167/2167/2167 2217/2217/2217 2218/2218/2218 2168/2168/2168
f 2168/2168/2168 2218/2218/2218 2219/2219/2219 2169/2169/2169
f 2169/2169/2169 2219/2219/2219 2220/2220/2220 2170/2170/2170
f 2170/2170/2170 2220/2220/2220 2221/2221/2221 2171/2171/2171
f 2171/2171/2171 2221/2221/2221 2222/2222/2222 2172/2172/2172
f 2172/2172/2172 2222/2222/2222 2223/2223/2223 2173/2173/2173
f 2173/2173/2173 2223/2223/2223 2224/2224/2224 2174/2174/2174
f 2174/2174/2174 2224/2224/2224 2225/2225/2225 2175/2175/2175
f 2175/2175/2175 2225/2225/2225 2226/2226/2226 2176/2176/2176
f 2176/2176/2176 2226/2226/2226 2227/2227/2227 2177/2177/2177
f 2177/2177/2177 2227/2227/2227 2228/2228/2228 2178/2178/2178
f 2178/2178/2178 2228/2228/2228 2229/2229/2229 2179/2179/2179
f 2179/2179/2179 2229/2229/2229 2230/2230/2230 2180/2180/2180
f 2180/2180/2180 2230/2230/2230 2231/2231/2231 2181/2181/2181
f 2181/2181/2181 2231/2231/2231 2232/2232/2232 2182/2182/2182
f 2182/2182/2182 2232/2232/2232 2233/2233/2233 2183/2183/2183
f 2183/2183/2183 2233/2233/2233 2234/2234/2234 2184/2184/2184
f 2184/2184/2184 2234/2234/2234 2235/2235/2235 2185/2185/2185
f 2185/2185/2185 2235/2235/2235 2236/2236/2236 2186/2186/2186
f 2186/2186/2186 2236/2236/2236 2237/2237/2237 2187/2187/2187
f 2187/2187/2187 2237/2237/2237 2238/2238/2238 2188/2188/2188
f 2188/2188/2188 2238/2238/2238 2239/2239/2239 2189/2189/2189
f 2189/2189/2189 2239/2239/2239 2240/2240/2240 2190/2190/2190
f 2190/2190/2190 2240/2240/2240 2241/2241/2241 2191/2191/2191
f 2191/2191/2191 2241/2241/2241 2242/2242/2242 2192/2192/2192
f 2192/2192/2192 2242/2242/2242 2243/2243/2243 2193/2193/2193
f 2193/2193/2193 2243/2243/2243 2244/2244/2244 2194/2194/2194
f 2194/2194/2194 2244/2244/2244 2245/2245/2245 2195/2195/2195
f 2195/2195/2195 2245/2245/2245 2246/2246/2246 2196/2196/2196
f 2196/2196/2196 2246/2246/2246 2247/2247/2247 2197/2197/2197
f 2197/2197/2197 2247/2247/2247 2248/2248/2248 2198/2198/2198
f 2198/2198/2198 2248/2248/2248 2249/2249/2249 2199/2199/2199
f 2199/2199/2199 2249/2249/2249 2250/2250/2250 2200/2200/2200
f 2201/2201/2201 2251/2251/2251 2252/2252/2252 2202/2202/2202
f 2202/2202/2202 2252/2252/2252 2253/2253/2253 2203/2203/2203
f 2203/2203/2203 2253/2253/2253 2254/2254/2254 2204/2204/2204
f 2204/2204/2204 2254/2254/2254 2255/2255/2255 2205/2205/2205
f 2205/2205/2205 2255/2255/2255 2256/2256/2256 2206/2206/2206
f 2206/2206/2206 2256/2256/2256 2257/2257/2257 2207/2207/2207
f 2207/2207/2207 2257/2257/2257 2258/2258/2258 2208/2208/2208
f 2208/2208/2208 2258/2258/2258 2259/2259/2259 2209/2209/2209
f 2209/2209/2209 2259/2259/2259 2260/2260/2260 2210/2210/2210
f 2210/2210/2210 2260/2260/2260 2261/2261/2261 2211/2211/2211
f 2211/2211/2211 2261/2261/2261 2262/2262/2262 2212/2212/2212
f 2212/2212/2212 2262/2262/2262 2263/2263/2263 2213/2213/2213
f 2213/2213/2213 2263/2263/2263 2264/2264/2264 2214/2214/2214
f 2214/2214/2214 2264/2264/2264 2265/2265/2265 2215/2215/2215
f 2215/2215/2215 2265/2265/2265 2266/2266/2266 2216/2216/2216
f 2216/2216/2216 2266/2266/2266 2267/2267/2267 2217/2217/2217
f 2217/2217/2217 2267/2267/2267 2268/2268/2268 2218/2218/2218
f 2218/2218/2218 2268/2268/2268 2269/2269/2269 2219/2219/2219
f 2219/2219/2219 2269/2269/2269 2270/2270/2270 2220/2220/2220
f 2220/2220/2220 2270/2270/2270 2271/2271/2271 2221/2221/2221
f 2221/2221/2221 2271/2271/2271 2272/2272/2272 2222/2222/2222
f 2222/2222/2222 2272/2272/2272 2273/2273/2273 2223/2223/2223
f 2223/2223/2223 2273/2273/2273 2274/2274/2274 2224/2224/2224
f 2224/2224/2224 2274/2274/2274 2275/2275/2275 2225/2225/2225
f 2225/2225/2225 2275/2275/2275 2276/2276/2276 2226/2226/2226
f 2226/2226/2226 2276/2276/2276 2277/2277/2277 2227/2227/2227
f 2227/2227/2227 2277/2277/2277 2278/2278/2278 2228/2228/2228
f 2228/2228/2228 2278/2278/2278 2279/2279/2279 2229/2229/2229
f 2229/2229/2229 2279/2279/2279 2280/2280/2280 2230/2230/2230
f 2230/2230/2230 2280/2280/2280 2281/2281/2281 2231/2231/2231
f 2231/2231/2231 2281/2281/2281 2282/2282/2282 2232/2232/2232
f 2232/2232/2232 2282/2282/2282 2283/2283/2283 2233/2233/2233
f 2233/2233/2233 2283/2283/2283 2284/2284/2284 2234/2234/2234
f 2234/2234/2234 2284/2284/2284 2285/2285/2285 2235/2235/2235
f 2235/2235/2235 2285/2285/2285 2286/2286/2286 2236/2236/2236
f 2236/2236/2236 2286/2286/2286 2287/2287/2287 2237/2237/2237
f 2237/2237/2237 2287/2287/2287 2288/2288/2288 2238/2238/2238
f 2238/2238/2238 2288/2288/2288 2289/2289/2289 2239/2239/2239
f 2239/2239/2239 2289/2289/2289 2290/2290/2290 2240/2240/2240
f 2240/2240/2240 2290/2290/2290 2291/2291/2291 2241/2241/2241
f 2241/2241/2241 2291/2291/2291 2292/2292/2292 2242/2242/2242
f 2242/2242/2242 2292/2292/2292 2293/2293/2293 2243/2243/2243
f 2243/2243/2243 2293/2293/2293 2294/2294/2294 2244/2244/2244
f 2244/2244/2244 2294/2294/2294 2295/2295/2295 2245/2245/2245
f 2245/2245/2245 2295/2295/2295 2296/2296/2296 2246/2246/2246
f 2246/2246/2246 2296/2296/2296 2297/2297/2297 2247/2247/2247
f 2247/2247/2247 2297/2297/2297 2298/2298/2298 2248/2248/2248
f 2248/2248/2248 2298/2298/2298 2299/2299/2299 2249/2249/2249
f 2249/2249/2249 2299/2299/2299 2300/2300/2300 2250/2250/2250
f 2251/2251/2251 2301/2301/2301 2302/2302/2302 2252/2252/2252
f 2252/2252/2252 2302/2302/2302 2303/2303/2303 2253/2253/2253
f 2253/2253/2253 2303/2303/2303 2304/2304/2304 2254/2254/2254
f 2254/2254/2254 2304/2304/2304 2305/2305/2305 2255/2255/2255
f 2255/2255/2255 2305/2305/2305 2306/2306/2306 2256/2256/2256
f 2256/2256/2256 2306/2306/2306 2307/2307/2307 2257/2257/2257
f 2257/2257/2257 2307/2307/2307 2308/2308/2308 2258/2258/2258
f 2258/2258/2258 2308/2308/2308 2309/2309/2309 2259/2259/2259
f 2259/2259/2259 2309/2309/2309 2310/2310/2310 2260/2260/2260
f 2260/2260/2260 2310/2310/2310 2311/2311/2311 2261/2261/2261
f 2261/2261/2261 2311/2311/2311 2312/2312/2312 2262/2262/2262
f 2262/2262/2262 2312/2312/2312 2313/2313/2313 2263/2263/2263
f 2263/2263/2263 2313/2313/2313 2314/2314/2314 2264/2264/2264
f 2264/2264/2264 2314/2314/2314 2315/2315/2315 2265/2265/2265
f 2265/2265/2265 2315/2315/2315 2316/2316/2316 2266/2266/2266
f 2266/2266/2266 2316/2316/2316 2317/2317/2317 2267/2267/2267
f 2267/2267/2267 2317/2317/2317 2318/2318/2318 2268/2268/2268
f 2268/2268/2268 2318/2318/2318 2319/2319/2319 2269/2269/2269
f 2269/2269/2269 2319/2319/2319 2320/2320/2320 2270/2270/2270
f 2270/2270/2270 2320/2320/2320 2321/2321/2321 2271/2271/2271
f 2271/2271/2271 2321/2321/2321 2322/2322/2322 2272/2272/2272
f 2272/2272/2272 2322/2322/2322 2323/2323/2323 2273/2273/2273
f 2273/2273/2273 2323/2323/2323 2324/2324/2324 2274/2274/2274
f 2274/2274/2274 2324/2324/2324 2325/2325/2325 2275/2275/2275
f 2275/2275/2275 2325/2325/2325 2326/2326/2326 2276/2276/2276
f 2276/2276/2276 2326/2326/2326 2327/2327/2327 2277/2277/2277
f 2277/2277/2277 2327/2327/2327 2328/2328/2328 2278/2278/2278
f 2278/2278/2278 2328/2328/2328 2329/2329/2329 2279/2279/2279
f 2279/2279/2279 2329/2329/2329 2330/2330/2330 2280/2280/2280
f 2280/2280/2280 2330/2330/2330 2331/2331/2331 2281/2281/2281
f 2281/2281/2281 2331/2331/2331 2332/2332/2332 2282/2282/2282
f 2282/2282/2282 2332/2332/2332 2333/2333/2333 2283/2283/2283
f 2283/2283/2283 2333/2333/2333 2334/2334/2334 2284/2284/2284
f 2284/2284/2284 2334/2334/2334 2335/2335/2335 2285/2285/2285
f 2285/2285/2285 2335/2335/2335 2336/2336/2336 2286/2286/2286
f 2286/2286/2286 2336/2336/2336 2337/2337/2337 2287/2287/2287
f 2287/2287/2287 2337/2337/2337 2338/2338/2338 2288/2288/2288
f 2288/2288/2288 2338/2338/2338 2339/2339/2339 2289/2289/2289
f 2289/2289/2289 2339/2339/2339 2340/2340/2340 2290/2290/2290
f 2290/2290/2290 2340/2340/2340 2341/2341/2341 2291/2291/2291
f 2291/2291/2291 2341/2341/2341 2342/2342/2342 2292/2292/2292
f 2292/2292/2292 2342/2342/2342 2343/2343/2343 2293/2293/2293
f 2293/2293/2293 2343/2343/2343 2344/2344/2344 2294/2294/2294
f 2294/2294/2294 2344/2344/2344 2345/2345/2345 2295/2295/2295
f 2295/2295/2295 2345/2345/2345 2346/2346/2346 2296/2296/2296
f 2296/2296/2296 2346/2346/2346 2347/2347/2347 2297/2297/2297
f 2297/2297/2297 2347/2347/2347 2348/2348/2348 2298/2298/2298
f 2298/2298/2298 2348/2348/2348 2349/2349/2349 2299/2299/2299
f 2299/2299/2299 2349/2349/2349 2350/2350/2350 2300/2300/2300
f 2301/2301/2301 2351/2351/2351 2352/2352/2352 2302/2302/2302
f 2302/2302/2302 2352/2352/2352 2353/2353/2353 2303/2303/2303
f 2303/2303/2303 2353/2353/2353 2354/2354/2354 2304/2304/2304
f 2304/2304/2304 2354/2354/2354 2355/2355/2355 2305/2305/2305
f 2305/2305/2305 2355/2355/2355 2356/2356/2356 2306/2306/2306
f 2306/2306/2306 2356/2356/2356 2357/2357/2357 2307/2307/2307
f 2307/2307/2307 2357/2357/2357 2358/2358/2358 2308/2308/2308
f 2308/2308/2308 2358/2358/2358 2359/2359/2359 2309/2309/2309
f 2309/2309/2309 2359/2359/2359 2360/2360/2360 2310/2310/2310
f 2310/2310/2310 2360/2360/2360 2361/2361/2361 2311/2311/2311
f 2311/2311/2311 2361/2361/2361 2362/2362/2362 2312/2312/2312
f 2312/2312/2312 2362/2362/2362 2363/2363/2363 2313/2313/2313
f 2313/2313/2313 2363/2363/2363 2364/2364/2364 2314/2314/2314
f 2314/2314/2314 2364/2364/2364 2365/2365/2365 2315/2315/2315
f 2315/2315/2315 2365/2365/2365 2366/2366/2366 2316/2316/2316
f 2316/2316/2316 2366/2366/2366 2367/2367/2367 2317/2317/2317
f 2317/2317/2317 2367/2367/2367 2368/2368/2368 2318/2318/2318
f 2318/2318/2318 2368/2368/2368 2369/2369/2369 2319/2319/2319
f 2319/2319/2319 2369/2369/2369 2370/2370/2370 2320/2320/2320
f 2320/2320/2320 2370/2370/2370 2371/2371/2371 2321/2321/2321
f 2321/2321/2321 2371/2371/2371 2372/2372/2372 2322/2322/2322
f 2322/2322/2322 2372/2372/2372 2373/2373/2373 2323/2323/2323
f 2323/2323/2323 2373/2373/2373 2374/2374/2374 2324/2324/2324
f 2324/2324/2324 2374/2374/2374 2375/2375/2375 2325/2325/2325
f 2325/2325/2325 2375/2375/2375 2376/2376/2376 2326/2326/2326
f 2326/2326/2326 2376/2376/2376 2377/2377/2377 2327/2327/2327
f 2327/2327/2327 2377/2377/2377 2378/2378/2378 2328/2328/2328
f 2328/2328/2328 2378/2378/2378 2379/2379/2379 2329/2329/2329
f 2329/2329/2329 2379/2379/2379 2380/2380/2380 2330/2330/2330
f 2330/2330/2330 2380/2380/2380 2381/2381/2381 2331/2331/2331
f 2331/2331/2331 2381/2381/2381 2382/2382/2382 2332/2332/2332
f 2332/2332/2332 2382/2382/2382 2383/2383/2383 2333/2333/2333
f 2333/2333/2333 2383/2383/2383 2384/2384/2384 2334/2334/2334
f 2334/2334/2334 2384/2384/2384 2385/2385/2385 2335/2335/2335
f 2335/2335/2335 2385/2385/2385 2386/2386/2386 2336/2336/2336
f 2336/2336/2336 2386/2386/2386 2387/2387/2387 2337/2337/2337
f 2337/2337/2337 2387/2387/2387 2388/2388/2388 2338/2338/2338
f 2338/2338/2338 2388/2388/2388 2389/2389/2389 2339/2339/2339
f 2339/2339/2339 2389/2389/2389 2390/2390/2390 2340/2340/2340
f 2340/2340/2340 2390/2390/2390 2391/2391/2391 2341/2341/2341
f 2341/2341/2341 2391/2391/2391 2392/2392/2392 2342/2342/2342
f 2342/2342/2342 2392/2392/2392 2393/2393/2393 2343/2343/2343
f 2343/2343/2343 2393/2393/2393 2394/2394/2394 2344/2344/2344
f 2344/2344/2344 2394/2394/2394 2395/2395/2395 2345/2345/2345
f 2345/2345/2345 2395/2395/2395 2396/2396/2396 2346/2346/2346
f 2346/2346/2346 2396/2396/2396 2397/2397/2397 2347/2347/2347
f 2347/2347/2347 2397/2397/2397 2398/2398/2398 2348/2348/2348
f 2348/2348/2348 2398/2398/2398 2399/2399/2399 2349/2349/2349
f 2349/2349/2349 2399/2399/2399 2400/2400/2400 2350/2350/2350
f 2351/2351/2351 2401/2401/2401 2402/2402/2402 2352/2352/2352
f 2352/2352/2352 2402/2402/2402 2403/2403/2403 2353/2353/2353
f 2353/2353/2353 2403/2403/2403 2404/2404/2404 2354/2354/2354
f 2354/2354/2354 2404/2404/2404 2405/2405/2405 2355/2355/2355
f 2355/2355/2355 2405/2405/2405 2406/2406/2406 2356/2356/2356
f 2356/2356/2356 2406/2406/2406 2407/2407/2407 2357/2357/2357
f 2357/2357/2357 2407/2407/2407 2408/2408/2408 2358/2358/2358
f 2358/2358/2358 2408/2408/2408 2409/2409/2409 2359/2359/2359
f 2359/2359/2359 2409/2409/2409 2410/2410/2410 2360/2360/2360
f 2360/2360/2360 2410/2410/2410 2411/2411/2411 2361/2361/2361
f 2361/2361/2361 2411/2411/2411 2412/2412/2412 2362/2362/2362
f 2362/2362/2362 2412/2412/2412 2413/2413/2413 2363/2363/2363
f 2363/2363/2363 2413/2413/2413 2414/2414/2414 2364/2364/2364
f 2364/2364/2364 2414/2414/2414 2415/2415/2415 2365/2365/2365
f 2365/2365/2365 2415/2415/2415 2416/2416/2416 2366/2366/2366
f 2366/2366/2366 2416/2416/2416 2417/2417/2417 2367/2367/2367
f 2367/2367/2367 2417/2417/2417 2418/2418/2418 2368/2368/2368
f 2368/2368/2368 2418/2418/2418 2419/2419/2419 2369/2369/2369
f 2369/2369/2369 2419/2419/2419 2420/2420/2420 2370/2370/2370
f 2370/2370/2370 2420/2420/2420 2421/2421/2421 2371/2371/2371
f 2371/2371/2371 2421/2421/2421 2422/2422/2422 2372/2372/2372
f 2372/2372/2372 2422/2422/2422 2423/2423/2423 2373/2373/2373
f 2373/2373/2373 2423/2423/2423 2424/2424/2424 2374/2374/2374
f 2374/2374/2374 2424/2424/2424 2425/2425/2425 2375/2375/2375
f 2375/2375/2375 2425/2425/2425 2426/2426/2426 2376/2376/2376
f 2376/2376/2376 2426/2426/2426 2427/2427/2427 2377/2377/2377
f 2377/2377/2377 2427/2427/2427 2428/2428/2428 2378/2378/2378
f 2378/2378/2378 2428/2428/2428 2429/2429/2429 2379/2379/2379
f 2379/2379/2379 2429/2429/2429 2430/2430/2430 2380/2380/2380
f 2380/2380/2380 2430/2430/2430 2431/2431/2431 2381/2381/2381
f 2381/2381/2381 2431/2431/2431 2432/2432/2432 2382/2382/2382
f 2382/2382/2382 2432/2432/2432 2433/2433/2433 2383/2383/2383
f 2383/2383/2383 2433/2433/2433 2434/2434/2434 2384/2384/2384
f 2384/2384/2384 2434/2434/2434 2435/2435/2435 2385/2385/2385
f 2385/2385/2385 2435/2435/2435 2436/2436/2436 2386/2386/2386
f 2386/2386/2386 2436/2436/2436 2437/2437/2437 2387/2387/2387
f 2387/2387/2387 2437/2437/2437 2438/2438/2438 2388/2388/2388
f 2388/2388/2388 2438/2438/2438 2439/2439/2439 2389/2389/2389
f 2389/2389/2389 2439/2439/2439 2440/2440/2440 2390/2390/2390
f 2390/2390/2390 2440/2440/2440 2441/2441/2441 2391/2391/2391
f 2391/2391/2391 2441/2441/2441 2442/2442/2442 2392/2392/2392
f 2392/2392/2392 2442/2442/2442 2443/2443/2443 2393/2393/2393
f 2393/2393/2393 2443/2443/2443 2444/2444/2444 2394/2394/2394
f 2394/2394/2394 2444/2444/2444 2445/2445/2445 2395/2395/2395
f 2395/2395/2395 2445/2445/2445 2446/2446/2446 2396/2396/2396
f 2396/2396/2396 2446/2446/2446 2447/2447/2447 2397/2397/2397
f 2397/2397/2397 2447/2447/2447 2448/2448/2448 2398/2398/2398
f 2398/2398/2398 2448/2448/2448 2449/2449/2449 2399/2399/2399
f 2399/2399/2399 2449/2449/2449 2450/2450/2450 2400/2400/2400
f 2401/2401/2401 2451/2451/2451 2452/2452/2452 2402/2402/2402
f 2402/2402/2402 2452/2452/2452 2453/2453/2453 2403/2403/2403
f 2403/2403/2403 2453/2453/2453 2454/2454/2454 2404/2404/2404
f 2404/2404/2404 2454/2454/2454 2455/2455/2455 2405/2405/2405
f 2405/2405/2405 2455/2455/2455 2456/2456/2456 2406/2406/2406
f 2406/2406/2406 2456/2456/2456 2457/2457/2457 2407/2407/2407
f 2407/2407/2407 2457/2457/2457 2458/2458/2458 2408/2408/2408
f 2408/2408/2408 2458/2458/2458 2459/2459/2459 2409/2409/2409
f 2409/2409/2409 2459/2459/2459 2460/2460/2460 2410/2410/2410
f 2410/2410/2410 2460/2460/2460 2461/2461/2461 2411/2411/2411
f 2411/2411/2411 2461/2461/2461 2462/2462/2462 2412/2412/2412
f 2412/2412/2412 2462/2462/2462 2463/2463/2463 2413/2413/2413
f 2413/2413/2413 2463/2463/2463 2464/2464/2464 2414/2414/2414
f 2414/2414/2414 2464/2464/2464 2465/2465/2465 2415/2415/2415
f 2415/2415/2415 2465/2465/2465 2466/2466/2466 2416/2416/2416
f 2416/2416/2416 2466/2466/2466 2467/2467/2467 2417/2417/2417
f 2417/2417/2417 2467/2467/2467 2468/2468/2468 2418/2418/2418
f 2418/2418/2418 2468/2468/2468 2469/2469/2469 2419/2419/2419
f 2419/2419/2419 2469/2469/2469 2470/2470/2470 2420/2420/2420
f 2420/2420/2420 2470/2470/2470 2471/2471/2471 2421/2421/2421
f 2421/2421/2421 2471/2471/2471 2472/2472/2472 2422/2422/2422
f 2422/2422/2422 2472/2472/2472 2473/2473/2473 2423/2423/2423
f 2423/2423/2423 2473/2473/2473 2474/2474/2474 2424/2424/2424
f 2424/2424/2424 2474/2474/2474 2475/2475/2475 2425/2425/2425
f 2425/2425/2425 2475/2475/2475 2476/2476/2476 2426/2426/2426
f 2426/2426/2426 2476/2476/2476 2477/2477/2477 2427/2427/2427
f 2427/2427/2427 2477/2477/2477 2478/2478/2478 2428/2428/2428
f 2428/2428/2428 2478/2478/2478 2479/2479/2479 2429/2429/2429
f 2429/2429/2429 2479/2479/2479 2480/2480/2480 2430/2430/2430
f 2430/2430/2430 2480/2480/2480 2481/2481/2481 2431/2431/2431
f 2431/2431/2431 2481/2481/2481 2482/2482/2482 2432/2432/2432
f 2432/2432/2432 2482/2482/2482 2483/2483/2483 2433/2433/2433
f 2433/2433/2433 2483/2483/2483 2484/2484/2484 2434/2434/2434
f 2434/2434/2434 2484/2484/2484 2485/2485/2485 2435/2435/2435
f 2435/2435/2435 2485/2485/2485 2486/2486/2486 2436/2436/2436
f 2436/2436/2436 2486/2486/2486 2487/2487/2487 2437/2437/2437
f 2437/2437/2437 2487/2487/2487 2488/2488/2488 2438/2438/2438
f 2438/2438/2438 2488/2488/2488 2489/2489/2489 2439/2439/2439
f 2439/2439/2439 2489/2489/2489 2490/2490/2490 2440/2440/2440
f 2440/2440/2440 2490/2490/2490 2491/2491/2491 2441/2441/2441
f 2441/2441/2441 2491/2491/2491 2492/2492/2492 2442/2442/2442
f 2442/2442/2442 2492/2492/2492 2493/2493/2493 2443/2443/2443
f 2443/2443/2443 2493/2493/2493 2494/2494/2494 2444/2444/2444
f 2444/2444/2444 2494/2494/2494 2495/2495/2495 2445/2445/2445
f 2445/2445/2445 2495/2495/2495 2496/2496/2496 2446/2446/2446
f 2446/2446/2446 2496/2496/2496 2497/2497/2497 2447/2447/2447
f 2447/2447/2447 2497/2497/2497 2498/2498/2498 2448/2448/2448
f 2448/2448/2448 2498/2498/2498 2499/2499/2499 2449/2449/2449
f 2449/2449/2449 2499/2499/2499 2500/2500/2500 2450/2450/2450
f 2501/2501/2501 2502/2502/2502 3485/2503/2503 2529/2504/2504
f 2502/2502/2502 3472/2505/2505 3835/2506/2506 3485/2503/2503
f 3472/2505/2505 3823/2507/2507 4194/2508/2508 3835/2506/2506
f 3823/2507/2507 4182/2509/2509 4540/2510/2510 4194/2508/2508
f 4182/2509/2509 4527/2511/2511 4893/2512/2512 4540/2510/2510
f 4527/2511/2511 4881/2513/2513 2530/2514/2514 4893/2512/2512
f 4881/2513/2513 4995/2515/2515 2531/2516/2516 2530/2514/2514
f 4995/2515/2515 2505/2517/2517 2532/2518/2518 2531/2516/2516
f 2505/2517/2517 2506/2519/2519 3486/2520/2520 2532/2518/2518
f 2506/2519/2519 3474/2521/2521 3836/2522/2522 3486/2520/2520
f 3474/2521/2521 3825/2523/2523 4196/2524/2524 3836/2522/2522
f 3825/2523/2523 4184/2525/2525 4541/2526/2526 4196/2524/2524
f 4184/2525/2525 4529/2527/2527 4894/2528/2528 4541/2526/2526
f 4529/2527/2527 4883/2529/2529 2533/2530/2530 4894/2528/2528
f 4883/2529/2529 4996/2531/2531 2534/2532/2532 2533/2530/2530
f 4996/2531/2531 2509/2533/2533 2535/2534/2534 2534/2532/2532
f 2509/2533/2533 2510/2535/2535 3488/2536/2536 2535/2534/2534
f 2510/2535/2535 3476/2537/2537 3837/2538/2538 3488/2536/2536
f 3476/2537/2537 3827/2539/2539 4198/2540/2540 3837/2538/2538
f 3827/2539/2539 4186/2541/2541 4542/2542/2542 4198/2540/2540
f 4186/2541/2541 4531/2543/2543 4896/2544/2544 4542/2542/2542
f 4531/2543/2543 4885/2545/2545 2538/2546/2546 4896/2544/2544
f 4885/2545/2545 4997/2547/2547 2539/2548/2548 2538/2546/2546
f 4997/2547/2547 2513/2549/2549 2540/2550/2550 2539/2548/2548
f 2513/2549/2549 2514/2551/2551 3489/2552/2552 2540/2550/2550
f 2514/2551/2551 3478/2553/2553 3838/2554/2554 3489/2552/2552
f 3478/2553/2553 3829/2555/2555 4199/2556/2556 3838/2554/2554
f 3829/2555/2555 4188/2557/2557 4543/2558/2558 4199/2556/2556
f 4188/2557/2557 4534/2559/2559 4897/2560/2560 4543/2558/2558
f 4534/2559/2559 4887/2561/2561 2541/2562/2562 4897/2560/2560
f 4887/2561/2561 4998/2563/2563 2542/2564/2564 2541/2562/2562
f 4998/2563/2563 2517/2565/2565 2543/2566/2566 2542/2564/2564
f 2517/2565/2565 2518/2567/2567 3491/2568/2568 2543/2566/2566
f 2518/2567/2567 3480/2569/2569 3839/2570/2570 3491/2568/2568
f 3480/2569/2569 3831/2571/2571 4200/2572/2572 3839/2570/2570
f 3831/2571/2571 4190/2573/2573 4544/2574/2574 4200/2572/2572
f 4190/2573/2573 4536/2575/2575 4898/2576/2576 4544/2574/2574
f 4536/2575/2575 4889/2577/2577 2546/2578/2578 4898/2576/2576
f 4889/2577/2577 4999/2579/2579 2547/2580/2580 2546/2578/2578
f 4999/2579/2579 2521/2581/2581 2548/2582/2582 2547/2580/2580
f 2521/2581/2581 2522/2583/2583 3492/2584/2584 2548/2582/2582
f 2522/2583/2583 3483/2585/2585 3840/2586/2586 3492/2584/2584
f 3483/2585/2585 3833/2587/2587 4202/2588/2588 3840/2586/2586
f 3833/2587/2587 4192/2589/2589 4545/2590/2590 4202/2588/2588
f 4192/2589/2589 4538/2591/2591 4900/2592/2592 4545/2590/2590
f 4538/2591/2591 4891/2593/2593 2549/2594/2594 4900/2592/2592
f 4891/2593/2593 5000/2595/2595 2550/2596/2596 2549/2594/2594
f 5000/2595/2595 2527/2597/2597 2551/2598/2598 2550/2596/2596
f 2527/2597/2597 2528/2599/2599 3493/2600/2600 2551/2598/2598
f 2529/2504/2504 3485/2503/2503 4203/2601/2601 3841/2602/2602
f 3485/2503/2503 3835/2506/2506 4546/2603/2603 4203/2601/2601
f 3835/2506/2506 4194/2508/2508 4901/2604/2604 4546/2603/2603
f 4194/2508/2508 4540/2510/2510 2552/2605/2605 4901/2604/2604
f 4540/2510/2510 4893/2512/2512 2553/2606/2606 2552/2605/2605
f 4893/2512/2512 2530/2514/2514 2554/2607/2607 2553/2606/2606
f 2530/2514/2514 2531/2516/2516 3494/2608/2608 2554/2607/2607
f 2531/2516/2516 2532/2518/2518 3842/2609/2609 3494/2608/2608
f 2532/2518/2518 3486/2520/2520 4204/2610/2610 3842/2609/2609
f 3486/2520/2520 3836/2522/2522 4547/2611/2611 4204/2610/2610
f 3836/2522/2522 4196/2524/2524 4903/2612/2612 4547/2611/2611
f 4196/2524/2524 4541/2526/2526 2557/2613/2613 4903/2612/2612
f 4541/2526/2526 4894/2528/2528 2558/2614/2614 2557/2613/2613
f 4894/2528/2528 2533/2530/2530 2559/2615/2615 2558/2614/2614
f 2533/2530/2530 2534/2532/2532 3495/2616/2616 2559/2615/2615
f 2534/2532/2532 2535/2534/2534 3843/2617/2617 3495/2616/2616
f 2535/2534/2534 3488/2536/2536 4205/2618/2618 3843/2617/2617
f 3488/2536/2536 3837/2538/2538 4548/2619/2619 4205/2618/2618
f 3837/2538/2538 4198/2540/2540 4905/2620/2620 4548/2619/2619
f 4198/2540/2540 4542/2542/2542 2562/2621/2621 4905/2620/2620
f 4542/2542/2542 4896/2544/2544 2563/2622/2622 2562/2621/2621
f 4896/2544/2544 2538/2546/2546 2564/2623/2623 2563/2622/2622
f 2538/2546/2546 2539/2548/2548 3496/2624/2624 2564/2623/2623
f 2539/2548/2548 2540/2550/2550 3844/2625/2625 3496/2624/2624
f 2540/2550/2550 3489/2552/2552 4206/2626/2626 3844/2625/2625
f 3489/2552/2552 3838/2554/2554 4549/2627/2627 4206/2626/2626
f 3838/2554/2554 4199/2556/2556 4906/2628/2628 4549/2627/2627
f 4199/2556/2556 4543/2558/2558 2565/2629/2629 4906/2628/2628
f 4543/2558/2558 4897/2560/2560 2566/2630/2630 2565/2629/2629
f 4897/2560/2560 2541/2562/2562 2567/2631/2631 2566/2630/2630
f 2541/2562/2562 2542/2564/2564 3497/2632/2632 2567/2631/2631
f 2542/2564/2564 2543/2566/2566 3845/2633/2633 3497/2632/2632
f 2543/2566/2566 3491/2568/2568 4207/2634/2634 3845/2633/2633
f 3491/2568/2568 3839/2570/2570 4550/2635/2635 4207/2634/2634
f 3839/2570/2570 4200/2572/2572 4907/2636/2636 4550/2635/2635
f 4200/2572/2572 4544/2574/2574 2568/2637/2637 4907/2636/2636
f 4544/2574/2574 4898/2576/2576 2569/2638/2638 2568/2637/2637
f 4898/2576/2576 2546/2578/2578 2570/2639/2639 2569/2638/2638
f 2546/2578/2578 2547/2580/2580 3498/2640/2640 2570/2639/2639
f 2547/2580/2580 2548/2582/2582 3846/2641/2641 3498/2640/2640
f 2548/2582/2582 3492/2584/2584 4208/2642/2642 3846/2641/2641
f 3492/2584/2584 3840/2586/2586 4551/2643/2643 4208/2642/2642
f 3840/2586/2586 4202/2588/2588 4908/2644/2644 4551/2643/2643
f 4202/2588/2588 4545/2590/2590 2573/2645/2645 4908/2644/2644
f 4545/2590/2590 4900/2592/2592 2574/2646/2646 2573/2645/2645
f 4900/2592/2592 2549/2594/2594 2575/2647/2647 2574/2646/2646
f 2549/2594/2594 2550/2596/2596 3499/2648/2648 2575/2647/2647
f 2550/2596/2596 2551/2598/2598 3847/2649/2649 3499/2648/2648
f 2551/2598/2598 3493/2600/2600 4209/2650/2650 3847/2649/2649
f 3841/2602/2602 4203/2601/2601 4909/2651/2651 4552/2652/2652
f 4203/2601/2601 4546/2603/2603 2577/2653/2653 4909/2651/2651
f 4546/2603/2603 4901/2604/2604 2578/2654/2654 2577/2653/2653
f 4901/2604/2604 2552/2605/2605 2579/2655/2655 2578/2654/2654
f 2552/2605/2605 2553/2606/2606 3500/2656/2656 2579/2655/2655
f 2553/2606/2606 2554/2607/2607 3848/2657/2657 3500/2656/2656
f 2554/2607/2607 3494/2608/2608 4210/2658/2658 3848/2657/2657
f 3494/2608/2608 3842/2609/2609 4553/2659/2659 4210/2658/2658
f 3842/2609/2609 4204/2610/2610 4910/2660/2660 4553/2659/2659
f 4204/2610/2610 4547/2611/2611 2582/2661/2661 4910/2660/2660
f 4547/2611/2611 4903/2612/2612 2583/2662/2662 2582/2661/2661
f 4903/2612/2612 2557/2613/2613 2584/2663/2663 2583/2662/2662
f 2557/2613/2613 2558/2614/2614 3502/2664/2664 2584/2663/2663
f 2558/2614/2614 2559/2615/2615 3849/2665/2665 3502/2664/2664
f 2559/2615/2615 3495/2616/2616 4211/2666/2666 3849/2665/2665
f 3495/2616/2616 3843/2617/2617 4554/2667/2667 4211/2666/2666
f 3843/2617/2617 4205/2618/2618 4911/2668/2668 4554/2667/2667
f 4205/2618/2618 4548/2619/2619 2585/2669/2669 4911/2668/2668
f 4548/2619/2619 4905/2620/2620 2586/2670/2670 2585/2669/2669
f 4905/2620/2620 2562/2621/2621 2587/2671/2671 2586/2670/2670
f 2562/2621/2621 2563/2622/2622 3503/2672/2672 2587/2671/2671
f 2563/2622/2622 2564/2623/2623 3850/2673/2673 3503/2672/2672
f 2564/2623/2623 3496/2624/2624 4212/2674/2674 3850/2673/2673
f 3496/2624/2624 3844/2625/2625 4555/2675/2675 4212/2674/2674
f 3844/2625/2625 4206/2626/2626 4912/2676/2676 4555/2675/2675
f 4206/2626/2626 4549/2627/2627 2588/2677/2677 4912/2676/2676
f 4549/2627/2627 4906/2628/2628 2589/2678/2678 2588/2677/2677
f 4906/2628/2628 2565/2629/2629 2590/2679/2679 2589/2678/2678
f 2565/2629/2629 2566/2630/2630 3504/2680/2680 2590/2679/2679
f 2566/2630/2630 2567/2631/2631 3851/2681/2681 3504/2680/2680
f 2567/2631/2631 3497/2632/2632 4213/2682/2682 3851/2681/2681
f 3497/2632/2632 3845/2633/2633 4556/2683/2683 4213/2682/2682
f 3845/2633/2633 4207/2634/2634 4913/2684/2684 4556/2683/2683
f 4207/2634/2634 4550/2635/2635 2593/2685/2685 4913/2684/2684
f 4550/2635/2635 4907/2636/2636 2594/2686/2686 2593/2685/2685
f 4907/2636/2636 2568/2637/2637 2595/2687/2687 2594/2686/2686
f 2568/2637/2637 2569/2638/2638 3505/2688/2688 2595/2687/2687
f 2569/2638/2638 2570/2639/2639 3853/2689/2689 3505/2688/2688
f 2570/2639/2639 3498/2640/2640 4214/2690/2690 3853/2689/2689
f 3498/2640/2640 3846/2641/2641 4557/2691/2691 4214/2690/2690
f 3846/2641/2641 4208/2642/2642 4915/2692/2692 4557/2691/2691
f 4208/2642/2642 4551/2643/2643 2596/2693/2693 4915/2692/2692
f 4551/2643/2643 4908/2644/2644 2597/2694/2694 2596/2693/2693
f 4908/2644/2644 2573/2645/2645 2598/2695/2695 2597/2694/2694
f 2573/2645/2645 2574/2646/2646 3506/2696/2696 2598/2695/2695
f 2574/2646/2646 2575/2647/2647 3854/2697/2697 3506/2696/2696
f 2575/2647/2647 3499/2648/2648 4216/2698/2698 3854/2697/2697
f 3499/2648/2648 3847/2649/2649 4558/2699/2699 4216/2698/2698
f 3847/2649/2649 4209/2650/2650 4916/2700/2700 4558/2699/2699
f 4552/2652/2652 4909/2651/2651 2602/2701/2701 2601/2702/2702
f 4909/2651/2651 2577/2653/2653 2603/2703/2703 2602/2701/2701
f 2577/2653/2653 2578/2654/2654 3507/2704/2704 2603/2703/2703
f 2578/2654/2654 2579/2655/2655 3855/2705/2705 3507/2704/2704
f 2579/2655/2655 3500/2656/2656 4217/2706/2706 3855/2705/2705
f 3500/2656/2656 3848/2657/2657 4559/2707/2707 4217/2706/2706
f 3848/2657/2657 4210/2658/2658 4917/2708/2708 4559/2707/2707
f 4210/2658/2658 4553/2659/2659 2604/2709/2709 4917/2708/2708
f 4553/2659/2659 4910/2660/2660 2605/2710/2710 2604/2709/2709
f 4910/2660/2660 2582/2661/2661 2606/2711/2711 2605/2710/2710
f 2582/2661/2661 2583/2662/2662 3508/2712/2712 2606/2711/2711
f 2583/2662/2662 2584/2663/2663 3857/2713/2713 3508/2712/2712
f 2584/2663/2663 3502/2664/2664 4219/2714/2714 3857/2713/2713
f 3502/2664/2664 3849/2665/2665 4561/2715/2715 4219/2714/2714
f 3849/2665/2665 4211/2666/2666 4918/2716/2716 4561/2715/2715
f 4211/2666/2666 4554/2667/2667 2607/2717/2717 4918/2716/2716
f 4554/2667/2667 4911/2668/2668 2608/2718/2718 2607/2717/2717
f 4911/2668/2668 2585/2669/2669 2609/2719/2719 2608/2718/2718
f 2585/2669/2669 2586/2670/2670 3509/2720/2720 2609/2719/2719
f 2586/2670/2670 2587/2671/2671 3858/2721/2721 3509/2720/2720
f 2587/2671/2671 3503/2672/2672 4220/2722/2722 3858/2721/2721
f 3503/2672/2672 3850/2673/2673 4562/2723/2723 4220/2722/2722
f 3850/2673/2673 4212/2674/2674 4919/2724/2724 4562/2723/2723
f 4212/2674/2674 4555/2675/2675 2612/2725/2725 4919/2724/2724
f 4555/2675/2675 4912/2676/2676 2613/2726/2726 2612/2725/2725
f 4912/2676/2676 2588/2677/2677 2614/2727/2727 2613/2726/2726
f 2588/2677/2677 2589/2678/2678 3510/2728/2728 2614/2727/2727
f 2589/2678/2678 2590/2679/2679 3859/2729/2729 3510/2728/2728
f 2590/2679/2679 3504/2680/2680 4221/2730/2730 3859/2729/2729
f 3504/2680/2680 3851/2681/2681 4563/2731/2731 4221/2730/2730
f 3851/2681/2681 4213/2682/2682 4920/2732/2732 4563/2731/2731
f 4213/2682/2682 4556/2683/2683 2615/2733/2733 4920/2732/2732
f 4556/2683/2683 4913/2684/2684 2616/2734/2734 2615/2733/2733
f 4913/2684/2684 2593/2685/2685 2617/2735/2735 2616/2734/2734
f 2593/2685/2685 2594/2686/2686 3511/2736/2736 2617/2735/2735
f 2594/2686/2686 2595/2687/2687 3860/2737/2737 3511/2736/2736
f 2595/2687/2687 3505/2688/2688 4222/2738/2738 3860/2737/2737
f 3505/2688/2688 3853/2689/2689 4565/2739/2739 4222/2738/2738
f 3853/2689/2689 4214/2690/2690 4921/2740/2740 4565/2739/2739
f 4214/2690/2690 4557/2691/2691 2618/2741/2741 4921/2740/2740
f 4557/2691/2691 4915/2692/2692 2619/2742/2742 2618/2741/2741
f 4915/2692/2692 2596/2693/2693 2620/2743/2743 2619/2742/2742
f 2596/2693/2693 2597/2694/2694 3512/2744/2744 2620/2743/2743
f 2597/2694/2694 2598/2695/2695 3861/2745/2745 3512/2744/2744
f 2598/2695/2695 3506/2696/2696 4223/2746/2746 3861/2745/2745
f 3506/2696/2696 3854/2697/2697 4566/2747/2747 4223/2746/2746
f 3854/2697/2697 4216/2698/2698 4922/2748/2748 4566/2747/2747
f 4216/2698/2698 4558/2699/2699 2621/2749/2749 4922/2748/2748
f 4558/2699/2699 4916/2700/2700 2622/2750/2750 2621/2749/2749
f 2601/2702/2702 2602/2701/2701 3513/2751/2751 2623/2752/2752
f 2602/2701/2701 2603/2703/2703 3862/2753/2753 3513/2751/2751
f 2603/2703/2703 3507/2704/2704 4224/2754/2754 3862/2753/2753
f 3507/2704/2704 3855/2705/2705 4567/2755/2755 4224/2754/2754
f 3855/2705/2705 4217/2706/2706 4923/2756/2756 4567/2755/2755
f 4217/2706/2706 4559/2707/2707 2626/2757/2757 4923/2756/2756
f 4559/2707/2707 4917/2708/2708 2627/2758/2758 2626/2757/2757
f 4917/2708/2708 2604/2709/2709 2628/2759/2759 2627/2758/2758
f 2604/2709/2709 2605/2710/2710 3434/2760/2760 2628/2759/2759
f 2605/2710/2710 2606/2711/2711 3863/2761/2761 3434/2760/2760
f 2606/2711/2711 3508/2712/2712 4144/2762/2762 3863/2761/2761
f 3508/2712/2712 3857/2713/2713 4568/2763/2763 4144/2762/2762
f 3857/2713/2713 4219/2714/2714 4845/2764/2764 4568/2763/2763
f 4219/2714/2714 4561/2715/2715 2629/2765/2765 4845/2764/2764
f 4561/2715/2715 4918/2716/2716 2630/2766/2766 2629/2765/2765
f 4918/2716/2716 2607/2717/2717 2631/2767/2767 2630/2766/2766
f 2607/2717/2717 2608/2718/2718 3435/2768/2768 2631/2767/2767
f 2608/2718/2718 2609/2719/2719 3864/2769/2769 3435/2768/2768
f 2609/2719/2719 3509/2720/2720 4145/2770/2770 3864/2769/2769
f 3509/2720/2720 3858/2721/2721 4569/2771/2771 4145/2770/2770
f 3858/2721/2721 4220/2722/2722 4846/2772/2772 4569/2771/2771
f 4220/2722/2722 4562/2723/2723 2633/2773/2773 4846/2772/2772
f 4562/2723/2723 4919/2724/2724 2634/2774/2774 2633/2773/2773
f 4919/2724/2724 2612/2725/2725 2635/2775/2775 2634/2774/2774
f 2612/2725/2725 2613/2726/2726 3437/2776/2776 2635/2775/2775
f 2613/2726/2726 2614/2727/2727 3865/2777/2777 3437/2776/2776
f 2614/2727/2727 3510/2728/2728 4147/2778/2778 3865/2777/2777
f 3510/2728/2728 3859/2729/2729 4570/2779/2779 4147/2778/2778
f 3859/2729/2729 4221/2730/2730 4847/2780/2780 4570/2779/2779
f 4221/2730/2730 4563/2731/2731 2640/2781/2781 4847/2780/2780
f 4563/2731/2731 4920/2732/2732 2641/2782/2782 2640/2781/2781
f 4920/2732/2732 2615/2733/2733 2642/2783/2783 2641/2782/2782
f 2615/2733/2733 2616/2734/2734 3438/2784/2784 2642/2783/2783
f 2616/2734/2734 2617/2735/2735 3866/2785/2785 3438/2784/2784
f 2617/2735/2735 3511/2736/2736 4148/2786/2786 3866/2785/2785
f 3511/2736/2736 3860/2737/2737 4571/2787/2787 4148/2786/2786
f 3860/2737/2737 4222/2738/2738 4848/2788/2788 4571/2787/2787
f 4222/2738/2738 4565/2739/2739 2643/2789/2789 4848/2788/2788
f 4565/2739/2739 4921/2740/2740 2644/2790/2790 2643/2789/2789
f 4921/2740/2740 2618/2741/2741 2645/2791/2791 2644/2790/2790
f 2618/2741/2741 2619/2742/2742 3439/2792/2792 2645/2791/2791
f 2619/2742/2742 2620/2743/2743 3867/2793/2793 3439/2792/2792
f 2620/2743/2743 3512/2744/2744 4149/2794/2794 3867/2793/2793
f 3512/2744/2744 3861/2745/2745 4572/2795/2795 4149/2794/2794
f 3861/2745/2745 4223/2746/2746 4849/2796/2796 4572/2795/2795
f 4223/2746/2746 4566/2747/2747 2649/2797/2797 4849/2796/2796
f 4566/2747/2747 4922/2748/2748 2650/2798/2798 2649/2797/2797
f 4922/2748/2748 2621/2749/2749 2651/2799/2799 2650/2798/2798
f 2621/2749/2749 2622/2750/2750 3440/2800/2800 2651/2799/2799
f 2623/2752/2752 3513/2751/2751 4151/2801/2801 3869/2802/2802
f 3513/2751/2751 3862/2753/2753 4573/2803/2803 4151/2801/2801
f 3862/2753/2753 4224/2754/2754 4851/2804/2804 4573/2803/2803
f 4224/2754/2754 4567/2755/2755 2652/2805/2805 4851/2804/2804
f 4567/2755/2755 4923/2756/2756 2653/2806/2806 2652/2805/2805
f 4923/2756/2756 2626/2757/2757 2654/2807/2807 2653/2806/2806
f 2626/2757/2757 2627/2758/2758 3441/2808/2808 2654/2807/2807
f 2627/2758/2758 2628/2759/2759 3870/2809/2809 3441/2808/2808
f 2628/2759/2759 3434/2760/2760 4152/2810/2810 3870/2809/2809
f 3434/2760/2760 3863/2761/2761 4574/2811/2811 4152/2810/2810
f 3863/2761/2761 4144/2762/2762 4852/2812/2812 4574/2811/2811
f 4144/2762/2762 4568/2763/2763 2655/2813/2813 4852/2812/2812
f 4568/2763/2763 4845/2764/2764 2656/2814/2814 2655/2813/2813
f 4845/2764/2764 2629/2765/2765 2657/2815/2815 2656/2814/2814
f 2629/2765/2765 2630/2766/2766 3442/2816/2816 2657/2815/2815
f 2630/2766/2766 2631/2767/2767 3871/2817/2817 3442/2816/2816
f 2631/2767/2767 3435/2768/2768 4153/2818/2818 3871/2817/2817
f 3435/2768/2768 3864/2769/2769 4575/2819/2819 4153/2818/2818
f 3864/2769/2769 4145/2770/2770 4853/2820/2820 4575/2819/2819
f 4145/2770/2770 4569/2771/2771 2663/2821/2821 4853/2820/2820
f 4569/2771/2771 4846/2772/2772 2664/2822/2822 2663/2821/2821
f 4846/2772/2772 2633/2773/2773 2665/2823/2823 2664/2822/2822
f 2633/2773/2773 2634/2774/2774 3443/2824/2824 2665/2823/2823
f 2634/2774/2774 2635/2775/2775 3873/2825/2825 3443/2824/2824
f 2635/2775/2775 3437/2776/2776 4154/2826/2826 3873/2825/2825
f 3437/2776/2776 3865/2777/2777 4576/2827/2827 4154/2826/2826
f 3865/2777/2777 4147/2778/2778 4855/2828/2828 4576/2827/2827
f 4147/2778/2778 4570/2779/2779 2668/2829/2829 4855/2828/2828
f 4570/2779/2779 4847/2780/2780 2669/2830/2830 2668/2829/2829
f 4847/2780/2780 2640/2781/2781 2670/2831/2831 2669/2830/2830
f 2640/2781/2781 2641/2782/2782 3444/2832/2832 2670/2831/2831
f 2641/2782/2782 2642/2783/2783 3875/2833/2833 3444/2832/2832
f 2642/2783/2783 3438/2784/2784 4156/2834/2834 3875/2833/2833
f 3438/2784/2784 3866/2785/2785 4577/2835/2835 4156/2834/2834
f 3866/2785/2785 4148/2786/2786 4856/2836/2836 4577/2835/2835
f 4148/2786/2786 4571/2787/2787 2671/2837/2837 4856/2836/2836
f 4571/2787/2787 4848/2788/2788 2672/2838/2838 2671/2837/2837
f 4848/2788/2788 2643/2789/2789 2673/2839/2839 2672/2838/2838
f 2643/2789/2789 2644/2790/2790 3445/2840/2840 2673/2839/2839
f 2644/2790/2790 2645/2791/2791 3876/2841/2841 3445/2840/2840
f 2645/2791/2791 3439/2792/2792 4157/2842/2842 3876/2841/2841
f 3439/2792/2792 3867/2793/2793 4578/2843/2843 4157/2842/2842
f 3867/2793/2793 4149/2794/2794 4857/2844/2844 4578/2843/2843
f 4149/2794/2794 4572/2795/2795 2674/2845/2845 4857/2844/2844
f 4572/2795/2795 4849/2796/2796 2675/2846/2846 2674/2845/2845
f 4849/2796/2796 2649/2797/2797 2676/2847/2847 2675/2846/2846
f 2649/2797/2797 2650/2798/2798 3447/2848/2848 2676/2847/2847
f 2650/2798/2798 2651/2799/2799 3878/2849/2849 3447/2848/2848
f 2651/2799/2799 3440/2800/2800 4158/2850/2850 3878/2849/2849
f 3869/2802/2802 4151/2801/2801 4858/2851/2851 4580/2852/2852
f 4151/2801/2801 4573/2803/2803 2679/2853/2853 4858/2851/2851
f 4573/2803/2803 4851/2804/2804 2680/2854/2854 2679/2853/2853
f 4851/2804/2804 2652/2805/2805 2681/2855/2855 2680/2854/2854
f 2652/2805/2805 2653/2806/2806 3448/2856/2856 2681/2855/2855
f 2653/2806/2806 2654/2807/2807 3879/2857/2857 3448/2856/2856
f 2654/2807/2807 3441/2808/2808 4159/2858/2858 3879/2857/2857
f 3441/2808/2808 3870/2809/2809 4581/2859/2859 4159/2858/2858
f 3870/2809/2809 4152/2810/2810 4859/2860/2860 4581/2859/2859
f 4152/2810/2810 4574/2811/2811 2684/2861/2861 4859/2860/2860
f 4574/2811/2811 4852/2812/2812 2685/2862/2862 2684/2861/2861
f 4852/2812/2812 2655/2813/2813 2686/2863/2863 2685/2862/2862
f 2655/2813/2813 2656/2814/2814 3450/2864/2864 2686/2863/2863
f 2656/2814/2814 2657/2815/2815 3880/2865/2865 3450/2864/2864
f 2657/2815/2815 3442/2816/2816 4160/2866/2866 3880/2865/2865
f 3442/2816/2816 3871/2817/2817 4582/2867/2867 4160/2866/2866
f 3871/2817/2817 4153/2818/2818 4860/2868/2868 4582/2867/2867
f 4153/2818/2818 4575/2819/2819 2688/2869/2869 4860/2868/2868
f 4575/2819/2819 4853/2820/2820 2689/2870/2870 2688/2869/2869
f 4853/2820/2820 2663/2821/2821 2690/2871/2871 2689/2870/2870
f 2663/2821/2821 2664/2822/2822 3452/2872/2872 2690/2871/2871
f 2664/2822/2822 2665/2823/2823 3881/2873/2873 3452/2872/2872
f 2665/2823/2823 3443/2824/2824 4162/2874/2874 3881/2873/2873
f 3443/2824/2824 3873/2825/2825 4584/2875/2875 4162/2874/2874
f 3873/2825/2825 4154/2826/2826 4861/2876/2876 4584/2875/2875
f 4154/2826/2826 4576/2827/2827 2691/2877/2877 4861/2876/2876
f 4576/2827/2827 4855/2828/2828 2692/2878/2878 2691/2877/2877
f 4855/2828/2828 2668/2829/2829 2693/2879/2879 2692/2878/2878
f 2668/2829/2829 2669/2830/2830 3453/2880/2880 2693/2879/2879
f 2669/2830/2830 2670/2831/2831 3882/2881/2881 3453/2880/2880
f 2670/2831/2831 3444/2832/2832 4163/2882/2882 3882/2881/2881
f 3444/2832/2832 3875/2833/2833 4585/2883/2883 4163/2882/2882
f 3875/2833/2833 4156/2834/2834 4862/2884/2884 4585/2883/2883
f 4156/2834/2834 4577/2835/2835 2694/2885/2885 4862/2884/2884
f 4577/2835/2835 4856/2836/2836 2695/2886/2886 2694/2885/2885
f 4856/2836/2836 2671/2837/2837 2696/2887/2887 2695/2886/2886
f 2671/2837/2837 2672/2838/2838 3454/2888/2888 2696/2887/2887
f 2672/2838/2838 2673/2839/2839 3883/2889/2889 3454/2888/2888
f 2673/2839/2839 3445/2840/2840 4164/2890/2890 3883/2889/2889
f 3445/2840/2840 3876/2841/2841 4586/2891/2891 4164/2890/2890
f 3876/2841/2841 4157/2842/2842 4863/2892/2892 4586/2891/2891
f 4157/2842/2842 4578/2843/2843 2698/2893/2893 4863/2892/2892
f 4578/2843/2843 4857/2844/2844 2699/2894/2894 2698/2893/2893
f 4857/2844/2844 2674/2845/2845 2700/2895/2895 2699/2894/2894
f 2674/2845/2845 2675/2846/2846 3455/2896/2896 2700/2895/2895
f 2675/2846/2846 2676/2847/2847 3885/2897/2897 3455/2896/2896
f 2676/2847/2847 3447/2848/2848 4166/2898/2898 3885/2897/2897
f 3447/2848/2848 3878/2849/2849 4587/2899/2899 4166/2898/2898
f 3878/2849/2849 4158/2850/2850 4865/2900/2900 4587/2899/2899
f 4580/2852/2852 4858/2851/2851 2702/2901/2901 2701/2902/2902
f 4858/2851/2851 2679/2853/2853 2703/2903/2903 2702/2901/2901
f 2679/2853/2853 2680/2854/2854 3456/2904/2904 2703/2903/2903
f 2680/2854/2854 2681/2855/2855 3887/2905/2905 3456/2904/2904
f 2681/2855/2855 3448/2856/2856 4167/2906/2906 3887/2905/2905
f 3448/2856/2856 3879/2857/2857 4588/2907/2907 4167/2906/2906
f 3879/2857/2857 4159/2858/2858 4866/2908/2908 4588/2907/2907
f 4159/2858/2858 4581/2859/2859 2704/2909/2909 4866/2908/2908
f 4581/2859/2859 4859/2860/2860 2705/2910/2910 2704/2909/2909
f 4859/2860/2860 2684/2861/2861 2706/2911/2911 2705/2910/2910
f 2684/2861/2861 2685/2862/2862 3458/2912/2912 2706/2911/2911
f 2685/2862/2862 2686/2863/2863 3888/2913/2913 3458/2912/2912
f 2686/2863/2863 3450/2864/2864 4168/2914/2914 3888/2913/2913
f 3450/2864/2864 3880/2865/2865 4590/2915/2915 4168/2914/2914
f 3880/2865/2865 4160/2866/2866 4867/2916/2916 4590/2915/2915
f 4160/2866/2866 4582/2867/2867 2707/2917/2917 4867/2916/2916
f 4582/2867/2867 4860/2868/2868 2708/2918/2918 2707/2917/2917
f 4860/2868/2868 2688/2869/2869 2709/2919/2919 2708/2918/2918
f 2688/2869/2869 2689/2870/2870 3459/2920/2920 2709/2919/2919
f 2689/2870/2870 2690/2871/2871 3890/2921/2921 3459/2920/2920
f 2690/2871/2871 3452/2872/2872 4169/2922/2922 3890/2921/2921
f 3452/2872/2872 3881/2873/2873 4592/2923/2923 4169/2922/2922
f 3881/2873/2873 4162/2874/2874 4869/2924/2924 4592/2923/2923
f 4162/2874/2874 4584/2875/2875 2710/2925/2925 4869/2924/2924
f 4584/2875/2875 4861/2876/2876 2711/2926/2926 2710/2925/2925
f 4861/2876/2876 2691/2877/2877 2712/2927/2927 2711/2926/2926
f 2691/2877/2877 2692/2878/2878 3460/2928/2928 2712/2927/2927
f 2692/2878/2878 2693/2879/2879 3891/2929/2929 3460/2928/2928
f 2693/2879/2879 3453/2880/2880 4170/2930/2930 3891/2929/2929
f 3453/2880/2880 3882/2881/2881 4593/2931/2931 4170/2930/2930
f 3882/2881/2881 4163/2882/2882 4870/2932/2932 4593/2931/2931
f 4163/2882/2882 4585/2883/2883 2713/2933/2933 4870/2932/2932
f 4585/2883/2883 4862/2884/2884 2714/2934/2934 2713/2933/2933
f 4862/2884/2884 2694/2885/2885 2715/2935/2935 2714/2934/2934
f 2694/2885/2885 2695/2886/2886 3461/2936/2936 2715/2935/2935
f 2695/2886/2886 2696/2887/2887 3892/2937/2937 3461/2936/2936
f 2696/2887/2887 3454/2888/2888 4171/2938/2938 3892/2937/2937
f 3454/2888/2888 3883/2889/2889 4594/2939/2939 4171/2938/2938
f 3883/2889/2889 4164/2890/2890 4871/2940/2940 4594/2939/2939
f 4164/2890/2890 4586/2891/2891 2716/2941/2941 4871/2940/2940
f 4586/2891/2891 4863/2892/2892 2717/2942/2942 2716/2941/2941
f 4863/2892/2892 2698/2893/2893 2718/2943/2943 2717/2942/2942
f 2698/2893/2893 2699/2894/2894 3463/2944/2944 2718/2943/2943
f 2699/2894/2894 2700/2895/2895 3893/2945/2945 3463/2944/2944
f 2700/2895/2895 3455/2896/2896 4172/2946/2946 3893/2945/2945
f 3455/2896/2896 3885/2897/2897 4596/2947/2947 4172/2946/2946
f 3885/2897/2897 4166/2898/2898 4872/2948/2948 4596/2947/2947
f 4166/2898/2898 4587/2899/2899 2719/2949/2949 4872/2948/2948
f 4587/2899/2899 4865/2900/2900 2720/2950/2950 2719/2949/2949
f 2701/2902/2902 2702/2901/2901 3464/2951/2951 2721/2952/2952
f 2702/2901/2901 2703/2903/2903 3895/2953/2953 3464/2951/2951
f 2703/2903/2903 3456/2904/2904 4173/2954/2954 3895/2953/2953
f 3456/2904/2904 3887/2905/2905 4597/2955/2955 4173/2954/2954
f 3887/2905/2905 4167/2906/2906 4873/2956/2956 4597/2955/2955
f 4167/2906/2906 4588/2907/2907 2722/2957/2957 4873/2956/2956
f 4588/2907/2907 4866/2908/2908 2723/2958/2958 2722/2957/2957
f 4866/2908/2908 2704/2909/2909 2724/2959/2959 2723/2958/2958
f 2704/2909/2909 2705/2910/2910 3465/2960/2960 2724/2959/2959
f 2705/2910/2910 2706/2911/2911 3896/2961/2961 3465/2960/2960
f 2706/2911/2911 3458/2912/2912 4174/2962/2962 3896/2961/2961
f 3458/2912/2912 3888/2913/2913 4599/2963/2963 4174/2962/2962
f 3888/2913/2913 4168/2914/2914 4874/2964/2964 4599/2963/2963
f 4168/2914/2914 4590/2915/2915 2727/2965/2965 4874/2964/2964
f 4590/2915/2915 4867/2916/2916 2728/2966/2966 2727/2965/2965
f 4867/2916/2916 2707/2917/2917 2729/2967/2967 2728/2966/2966
f 2707/2917/2917 2708/2918/2918 3466/2968/2968 2729/2967/2967
f 2708/2918/2918 2709/2919/2919 3897/2969/2969 3466/2968/2968
f 2709/2919/2919 3459/2920/2920 4175/2970/2970 3897/2969/2969
f 3459/2920/2920 3890/2921/2921 4600/2971/2971 4175/2970/2970
f 3890/2921/2921 4169/2922/2922 4875/2972/2972 4600/2971/2971
f 4169/2922/2922 4592/2923/2923 2730/2973/2973 4875/2972/2972
f 4592/2923/2923 4869/2924/2924 2731/2974/2974 2730/2973/2973
f 4869/2924/2924 2710/2925/2925 2732/2975/2975 2731/2974/2974
f 2710/2925/2925 2711/2926/2926 3467/2976/2976 2732/2975/2975
f 2711/2926/2926 2712/2927/2927 3898/2977/2977 3467/2976/2976
f 2712/2927/2927 3460/2928/2928 4176/2978/2978 3898/2977/2977
f 3460/2928/2928 3891/2929/2929 4601/2979/2979 4176/2978/2978
f 3891/2929/2929 4170/2930/2930 4876/2980/2980 4601/2979/2979
f 4170/2930/2930 4593/2931/2931 2734/2981/2981 4876/2980/2980
f 4593/2931/2931 4870/2932/2932 2735/2982/2982 2734/2981/2981
f 4870/2932/2932 2713/2933/2933 2736/2983/2983 2735/2982/2982
f 2713/2933/2933 2714/2934/2934 3468/2984/2984 2736/2983/2983
f 2714/2934/2934 2715/2935/2935 3899/2985/2985 3468/2984/2984
f 2715/2935/2935 3461/2936/2936 4177/2986/2986 3899/2985/2985
f 3461/2936/2936 3892/2937/2937 4602/2987/2987 4177/2986/2986
f 3892/2937/2937 4171/2938/2938 4877/2988/2988 4602/2987/2987
f 4171/2938/2938 4594/2939/2939 2739/2989/2989 4877/2988/2988
f 4594/2939/2939 4871/2940/2940 2740/2990/2990 2739/2989/2989
f 4871/2940/2940 2716/2941/2941 2741/2991/2991 2740/2990/2990
f 2716/2941/2941 2717/2942/2942 3469/2992/2992 2741/2991/2991
f 2717/2942/2942 2718/2943/2943 3900/2993/2993 3469/2992/2992
f 2718/2943/2943 3463/2944/2944 4179/2994/2994 3900/2993/2993
f 3463/2944/2944 3893/2945/2945 4603/2995/2995 4179/2994/2994
f 3893/2945/2945 4172/2946/2946 4878/2996/2996 4603/2995/2995
f 4172/2946/2946 4596/2947/2947 2742/2997/2997 4878/2996/2996
f 4596/2947/2947 4872/2948/2948 2743/2998/2998 2742/2997/2997
f 4872/2948/2948 2719/2949/2949 2744/2999/2999 2743/2998/2998
f 2719/2949/2949 2720/2950/2950 3470/3000/3000 2744/2999/2999
f 2721/2952/2952 3464/2951/2951 4180/3001/3001 3901/3002/3002
f 3464/2951/2951 3895/2953/2953 4604/3003/3003 4180/3001/3001
f 3895/2953/2953 4173/2954/2954 4879/3004/3004 4604/3003/3003
f 4173/2954/2954 4597/2955/2955 2747/3005/3005 4879/3004/3004
f 4597/2955/2955 4873/2956/2956 2748/3006/3006 2747/3005/3005
f 4873/2956/2956 2722/2957/2957 2749/3007/3007 2748/3006/3006
f 2722/2957/2957 2723/2958/2958 3471/3008/3008 2749/3007/3007
f 2723/2958/2958 2724/2959/2959 3902/3009/3009 3471/3008/3008
f 2724/2959/2959 3465/2960/2960 4181/3010/3010 3902/3009/3009
f 3465/2960/2960 3896/2961/2961 4605/3011/3011 4181/3010/3010
f 3896/2961/2961 4174/2962/2962 4880/3012/3012 4605/3011/3011
f 4174/2962/2962 4599/2963/2963 2750/3013/3013 4880/3012/3012
f 4599/2963/2963 4874/2964/2964 2751/3014/3014 2750/3013/3013
f 4874/2964/2964 2727/2965/2965 2752/3015/3015 2751/3014/3014
f 2727/2965/2965 2728/2966/2966 3548/3016/3016 2752/3015/3015
f 2728/2966/2966 2729/2967/2967 3747/3017/3017 3548/3016/3016
f 2729/2967/2967 3466/2968/2968 4103/3018/3018 3747/3017/3017
f 3466/2968/2968 3897/2969/2969 4606/3019/3019 4103/3018/3018
f 3897/2969/2969 4175/2970/2970 4961/3020/3020 4606/3019/3019
f 4175/2970/2970 4600/2971/2971 2753/3021/3021 4961/3020/3020
f 4600/2971/2971 4875/2972/2972 2754/3022/3022 2753/3021/3021
f 4875/2972/2972 2730/2973/2973 2755/3023/3023 2754/3022/3022
f 2730/2973/2973 2731/2974/2974 3549/3024/3024 2755/3023/3023
f 2731/2974/2974 2732/2975/2975 3748/3025/3025 3549/3024/3024
f 2732/2975/2975 3467/2976/2976 4105/3026/3026 3748/3025/3025
f 3467/2976/2976 3898/2977/2977 4607/3027/3027 4105/3026/3026
f 3898/2977/2977 4176/2978/2978 4962/3028/3028 4607/3027/3027
f 4176/2978/2978 4601/2979/2979 2758/3029/3029 4962/3028/3028
f 4601/2979/2979 4876/2980/2980 2759/3030/3030 2758/3029/3029
f 4876/2980/2980 2734/2981/2981 2760/3031/3031 2759/3030/3030
f 2734/2981/2981 2735/2982/2982 3550/3032/3032 2760/3031/3031
f 2735/2982/2982 2736/2983/2983 3749/3033/3033 3550/3032/3032
f 2736/2983/2983 3468/2984/2984 4107/3034/3034 3749/3033/3033
f 3468/2984/2984 3899/2985/2985 4608/3035/3035 4107/3034/3034
f 3899/2985/2985 4177/2986/2986 4963/3036/3036 4608/3035/3035
f 4177/2986/2986 4602/2987/2987 2761/3037/3037 4963/3036/3036
f 4602/2987/2987 4877/2988/2988 2762/3038/3038 2761/3037/3037
f 4877/2988/2988 2739/2989/2989 2763/3039/3039 2762/3038/3038
f 2739/2989/2989 2740/2990/2990 3552/3040/3040 2763/3039/3039
f 2740/2990/2990 2741/2991/2991 3750/3041/3041 3552/3040/3040
f 2741/2991/2991 3469/2992/2992 4108/3042/3042 3750/3041/3041
f 3469/2992/2992 3900/2993/2993 4609/3043/3043 4108/3042/3042
f 3900/2993/2993 4179/2994/2994 4964/3044/3044 4609/3043/3043
f 4179/2994/2994 4603/2995/2995 2764/3045/3045 4964/3044/3044
f 4603/2995/2995 4878/2996/2996 2765/3046/3046 2764/3045/3045
f 4878/2996/2996 2742/2997/2997 2766/3047/3047 2765/3046/3046
f 2742/2997/2997 2743/2998/2998 3553/3048/3048 2766/3047/3047
f 2743/2998/2998 2744/2999/2999 3752/3049/3049 3553/3048/3048
f 2744/2999/2999 3470/3000/3000 4109/3050/3050 3752/3049/3049
f 3901/3002/3002 4180/3001/3001 4965/3051/3051 4610/3052/3052
f 4180/3001/3001 4604/3003/3003 2767/3053/3053 4965/3051/3051
f 4604/3003/3003 4879/3004/3004 2768/3054/3054 2767/3053/3053
f 4879/3004/3004 2747/3005/3005 2769/3055/3055 2768/3054/3054
f 2747/3005/3005 2748/3006/3006 3554/3056/3056 2769/3055/3055
f 2748/3006/3006 2749/3007/3007 3753/3057/3057 3554/3056/3056
f 2749/3007/3007 3471/3008/3008 4110/3058/3058 3753/3057/3057
f 3471/3008/3008 3902/3009/3009 4612/3059/3059 4110/3058/3058
f 3902/3009/3009 4181/3010/3010 4966/3060/3060 4612/3059/3059
f 4181/3010/3010 4605/3011/3011 2770/3061/3061 4966/3060/3060
f 4605/3011/3011 4880/3012/3012 2771/3062/3062 2770/3061/3061
f 4880/3012/3012 2750/3013/3013 2772/3063/3063 2771/3062/3062
f 2750/3013/3013 2751/3014/3014 3556/3064/3064 2772/3063/3063
f 2751/3014/3014 2752/3015/3015 3754/3065/3065 3556/3064/3064
f 2752/3015/3015 3548/3016/3016 4111/3066/3066 3754/3065/3065
f 3548/3016/3016 3747/3017/3017 4613/3067/3067 4111/3066/3066
f 3747/3017/3017 4103/3018/3018 4967/3068/3068 4613/3067/3067
f 4103/3018/3018 4606/3019/3019 2773/3069/3069 4967/3068/3068
f 4606/3019/3019 4961/3020/3020 2774/3070/3070 2773/3069/3069
f 4961/3020/3020 2753/3021/3021 2775/3071/3071 2774/3070/3070
f 2753/3021/3021 2754/3022/3022 3557/3072/3072 2775/3071/3071
f 2754/3022/3022 2755/3023/3023 3756/3073/3073 3557/3072/3072
f 2755/3023/3023 3549/3024/3024 4112/3074/3074 3756/3073/3073
f 3549/3024/3024 3748/3025/3025 4614/3075/3075 4112/3074/3074
f 3748/3025/3025 4105/3026/3026 4968/3076/3076 4614/3075/3075
f 4105/3026/3026 4607/3027/3027 2777/3077/3077 4968/3076/3076
f 4607/3027/3027 4962/3028/3028 2778/3078/3078 2777/3077/3077
f 4962/3028/3028 2758/3029/3029 2779/3079/3079 2778/3078/3078
f 2758/3029/3029 2759/3030/3030 3558/3080/3080 2779/3079/3079
f 2759/3030/3030 2760/3031/3031 3757/3081/3081 3558/3080/3080
f 2760/3031/3031 3550/3032/3032 4114/3082/3082 3757/3081/3081
f 3550/3032/3032 3749/3033/3033 4617/3083/3083 4114/3082/3082
f 3749/3033/3033 4107/3034/3034 4969/3084/3084 4617/3083/3083
f 4107/3034/3034 4608/3035/3035 2780/3085/3085 4969/3084/3084
f 4608/3035/3035 4963/3036/3036 2781/3086/3086 2780/3085/3085
f 4963/3036/3036 2761/3037/3037 2782/3087/3087 2781/3086/3086
f 2761/3037/3037 2762/3038/3038 3559/3088/3088 2782/3087/3087
f 2762/3038/3038 2763/3039/3039 3759/3089/3089 3559/3088/3088
f 2763/3039/3039 3552/3040/3040 4115/3090/3090 3759/3089/3089
f 3552/3040/3040 3750/3041/3041 4618/3091/3091 4115/3090/3090
f 3750/3041/3041 4108/3042/3042 4971/3092/3092 4618/3091/3091
f 4108/3042/3042 4609/3043/3043 2783/3093/3093 4971/3092/3092
f 4609/3043/3043 4964/3044/3044 2784/3094/3094 2783/3093/3093
f 4964/3044/3044 2764/3045/3045 2785/3095/3095 2784/3094/3094
f 2764/3045/3045 2765/3046/3046 3560/3096/3096 2785/3095/3095
f 2765/3046/3046 2766/3047/3047 3760/3097/3097 3560/3096/3096
f 2766/3047/3047 3553/3048/3048 4116/3098/3098 3760/3097/3097
f 3553/3048/3048 3752/3049/3049 4619/3099/3099 4116/3098/3098
f 3752/3049/3049 4109/3050/3050 4972/3100/3100 4619/3099/3099
f 4610/3052/3052 4965/3051/3051 2788/3101/3101 2787/3102/3102
f 4965/3051/3051 2767/3053/3053 2789/3103/3103 2788/3101/3101
f 2767/3053/3053 2768/3054/3054 3561/3104/3104 2789/3103/3103
f 2768/3054/3054 2769/3055/3055 3761/3105/3105 3561/3104/3104
f 2769/3055/3055 3554/3056/3056 4118/3106/3106 3761/3105/3105
f 3554/3056/3056 3753/3057/3057 4620/3107/3107 4118/3106/3106
f 3753/3057/3057 4110/3058/3058 4973/3108/3108 4620/3107/3107
f 4110/3058/3058 4612/3059/3059 2790/3109/3109 4973/3108/3108
f 4612/3059/3059 4966/3060/3060 2791/3110/3110 2790/3109/3109
f 4966/3060/3060 2770/3061/3061 2792/3111/3111 2791/3110/3110
f 2770/3061/3061 2771/3062/3062 3562/3112/3112 2792/3111/3111
f 2771/3062/3062 2772/3063/3063 3763/3113/3113 3562/3112/3112
f 2772/3063/3063 3556/3064/3064 4120/3114/3114 3763/3113/3113
f 3556/3064/3064 3754/3065/3065 4621/3115/3115 4120/3114/3114
f 3754/3065/3065 4111/3066/3066 4975/3116/3116 4621/3115/3115
f 4111/3066/3066 4613/3067/3067 2793/3117/3117 4975/3116/3116
f 4613/3067/3067 4967/3068/3068 2794/3118/3118 2793/3117/3117
f 4967/3068/3068 2773/3069/3069 2795/3119/3119 2794/3118/3118
f 2773/3069/3069 2774/3070/3070 3563/3120/3120 2795/3119/3119
f 2774/3070/3070 2775/3071/3071 3764/3121/3121 3563/3120/3120
f 2775/3071/3071 3557/3072/3072 4121/3122/3122 3764/3121/3121
f 3557/3072/3072 3756/3073/3073 4622/3123/3123 4121/3122/3122
f 3756/3073/3073 4112/3074/3074 4976/3124/3124 4622/3123/3123
f 4112/3074/3074 4614/3075/3075 2796/3125/3125 4976/3124/3124
f 4614/3075/3075 4968/3076/3076 2797/3126/3126 2796/3125/3125
f 4968/3076/3076 2777/3077/3077 2798/3127/3127 2797/3126/3126
f 2777/3077/3077 2778/3078/3078 3564/3128/3128 2798/3127/3127
f 2778/3078/3078 2779/3079/3079 3765/3129/3129 3564/3128/3128
f 2779/3079/3079 3558/3080/3080 4122/3130/3130 3765/3129/3129
f 3558/3080/3080 3757/3081/3081 4624/3131/3131 4122/3130/3130
f 3757/3081/3081 4114/3082/3082 4977/3132/3132 4624/3131/3131
f 4114/3082/3082 4617/3083/3083 2799/3133/3133 4977/3132/3132
f 4617/3083/3083 4969/3084/3084 2800/3134/3134 2799/3133/3133
f 4969/3084/3084 2780/3085/3085 2801/3135/3135 2800/3134/3134
f 2780/3085/3085 2781/3086/3086 3565/3136/3136 2801/3135/3135
f 2781/3086/3086 2782/3087/3087 3766/3137/3137 3565/3136/3136
f 2782/3087/3087 3559/3088/3088 4123/3138/3138 3766/3137/3137
f 3559/3088/3088 3759/3089/3089 4626/3139/3139 4123/3138/3138
f 3759/3089/3089 4115/3090/3090 4978/3140/3140 4626/3139/3139
f 4115/3090/3090 4618/3091/3091 2802/3141/3141 4978/3140/3140
f 4618/3091/3091 4971/3092/3092 2803/3142/3142 2802/3141/3141
f 4971/3092/3092 2783/3093/3093 2804/3143/3143 2803/3142/3142
f 2783/3093/3093 2784/3094/3094 3566/3144/3144 2804/3143/3143
f 2784/3094/3094 2785/3095/3095 3767/3145/3145 3566/3144/3144
f 2785/3095/3095 3560/3096/3096 4124/3146/3146 3767/3145/3145
f 3560/3096/3096 3760/3097/3097 4627/3147/3147 4124/3146/3146
f 3760/3097/3097 4116/3098/3098 4979/3148/3148 4627/3147/3147
f 4116/3098/3098 4619/3099/3099 2805/3149/3149 4979/3148/3148
f 4619/3099/3099 4972/3100/3100 2806/3150/3150 2805/3149/3149
f 2787/3102/3102 2788/3101/3101 3567/3151/3151 2807/3152/3152
f 2788/3101/3101 2789/3103/3103 3768/3153/3153 3567/3151/3151
f 2789/3103/3103 3561/3104/3104 4125/3154/3154 3768/3153/3153
f 3561/3104/3104 3761/3105/3105 4629/3155/3155 4125/3154/3154
f 3761/3105/3105 4118/3106/3106 4980/3156/3156 4629/3155/3155
f 4118/3106/3106 4620/3107/3107 2808/3157/3157 4980/3156/3156
f 4620/3107/3107 4973/3108/3108 2809/3158/3158 2808/3157/3157
f 4973/3108/3108 2790/3109/3109 2810/3159/3159 2809/3158/3158
f 2790/3109/3109 2791/3110/3110 3568/3160/3160 2810/3159/3159
f 2791/3110/3110 2792/3111/3111 3769/3161/3161 3568/3160/3160
f 2792/3111/3111 3562/3112/3112 4126/3162/3162 3769/3161/3161
f 3562/3112/3112 3763/3113/3113 4630/3163/3163 4126/3162/3162
f 3763/3113/3113 4120/3114/3114 4981/3164/3164 4630/3163/3163
f 4120/3114/3114 4621/3115/3115 2811/3165/3165 4981/3164/3164
f 4621/3115/3115 4975/3116/3116 2812/3166/3166 2811/3165/3165
f 4975/3116/3116 2793/3117/3117 2813/3167/3167 2812/3166/3166
f 2793/3117/3117 2794/3118/3118 3569/3168/3168 2813/3167/3167
f 2794/3118/3118 2795/3119/3119 3770/3169/3169 3569/3168/3168
f 2795/3119/3119 3563/3120/3120 4127/3170/3170 3770/3169/3169
f 3563/3120/3120 3764/3121/3121 4631/3171/3171 4127/3170/3170
f 3764/3121/3121 4121/3122/3122 4982/3172/3172 4631/3171/3171
f 4121/3122/3122 4622/3123/3123 2816/3173/3173 4982/3172/3172
f 4622/3123/3123 4976/3124/3124 2817/3174/3174 2816/3173/3173
f 4976/3124/3124 2796/3125/3125 2818/3175/3175 2817/3174/3174
f 2796/3125/3125 2797/3126/3126 3570/3176/3176 2818/3175/3175
f 2797/3126/3126 2798/3127/3127 3771/3177/3177 3570/3176/3176
f 2798/3127/3127 3564/3128/3128 4129/3178/3178 3771/3177/3177
f 3564/3128/3128 3765/3129/3129 4632/3179/3179 4129/3178/3178
f 3765/3129/3129 4122/3130/3130 4983/3180/3180 4632/3179/3179
f 4122/3130/3130 4624/3131/3131 2819/3181/3181 4983/3180/3180
f 4624/3131/3131 4977/3132/3132 2820/3182/3182 2819/3181/3181
f 4977/3132/3132 2799/3133/3133 2821/3183/3183 2820/3182/3182
f 2799/3133/3133 2800/3134/3134 3571/3184/3184 2821/3183/3183
f 2800/3134/3134 2801/3135/3135 3772/3185/3185 3571/3184/3184
f 2801/3135/3135 3565/3136/3136 4130/3186/3186 3772/3185/3185
f 3565/3136/3136 3766/3137/3137 4633/3187/3187 4130/3186/3186
f 3766/3137/3137 4123/3138/3138 4984/3188/3188 4633/3187/3187
f 4123/3138/3138 4626/3139/3139 2822/3189/3189 4984/3188/3188
f 4626/3139/3139 4978/3140/3140 2823/3190/3190 2822/3189/3189
f 4978/3140/3140 2802/3141/3141 2824/3191/3191 2823/3190/3190
f 2802/3141/3141 2803/3142/3142 3572/3192/3192 2824/3191/3191
f 2803/3142/3142 2804/3143/3143 3773/3193/3193 3572/3192/3192
f 2804/3143/3143 3566/3144/3144 4131/3194/3194 3773/3193/3193
f 3566/3144/3144 3767/3145/3145 4634/3195/3195 4131/3194/3194
f 3767/3145/3145 4124/3146/3146 4985/3196/3196 4634/3195/3195
f 4124/3146/3146 4627/3147/3147 2827/3197/3197 4985/3196/3196
f 4627/3147/3147 4979/3148/3148 2828/3198/3198 2827/3197/3197
f 4979/3148/3148 2805/3149/3149 2829/3199/3199 2828/3198/3198
f 2805/3149/3149 2806/3150/3150 3573/3200/3200 2829/3199/3199
f 2807/3152/3152 3567/3151/3151 4133/3201/3201 3774/3202/3202
f 3567/3151/3151 3768/3153/3153 4635/3203/3203 4133/3201/3201
f 3768/3153/3153 4125/3154/3154 4986/3204/3204 4635/3203/3203
f 4125/3154/3154 4629/3155/3155 2830/3205/3205 4986/3204/3204
f 4629/3155/3155 4980/3156/3156 2831/3206/3206 2830/3205/3205
f 4980/3156/3156 2808/3157/3157 2832/3207/3207 2831/3206/3206
f 2808/3157/3157 2809/3158/3158 3574/3208/3208 2832/3207/3207
f 2809/3158/3158 2810/3159/3159 3775/3209/3209 3574/3208/3208
f 2810/3159/3159 3568/3160/3160 4134/3210/3210 3775/3209/3209
f 3568/3160/3160 3769/3161/3161 4636/3211/3211 4134/3210/3210
f 3769/3161/3161 4126/3162/3162 4987/3212/3212 4636/3211/3211
f 4126/3162/3162 4630/3163/3163 2836/3213/3213 4987/3212/3212
f 4630/3163/3163 4981/3164/3164 2837/3214/3214 2836/3213/3213
f 4981/3164/3164 2811/3165/3165 2838/3215/3215 2837/3214/3214
f 2811/3165/3165 2812/3166/3166 3575/3216/3216 2838/3215/3215
f 2812/3166/3166 2813/3167/3167 3776/3217/3217 3575/3216/3216
f 2813/3167/3167 3569/3168/3168 4136/3218/3218 3776/3217/3217
f 3569/3168/3168 3770/3169/3169 4637/3219/3219 4136/3218/3218
f 3770/3169/3169 4127/3170/3170 4988/3220/3220 4637/3219/3219
f 4127/3170/3170 4631/3171/3171 2839/3221/3221 4988/3220/3220
f 4631/3171/3171 4982/3172/3172 2840/3222/3222 2839/3221/3221
f 4982/3172/3172 2816/3173/3173 2841/3223/3223 2840/3222/3222
f 2816/3173/3173 2817/3174/3174 3576/3224/3224 2841/3223/3223
f 2817/3174/3174 2818/3175/3175 3777/3225/3225 3576/3224/3224
f 2818/3175/3175 3570/3176/3176 4137/3226/3226 3777/3225/3225
f 3570/3176/3176 3771/3177/3177 4638/3227/3227 4137/3226/3226
f 3771/3177/3177 4129/3178/3178 4989/3228/3228 4638/3227/3227
f 4129/3178/3178 4632/3179/3179 2842/3229/3229 4989/3228/3228
f 4632/3179/3179 4983/3180/3180 2843/3230/3230 2842/3229/3229
f 4983/3180/3180 2819/3181/3181 2844/3231/3231 2843/3230/3230
f 2819/3181/3181 2820/3182/3182 3577/3232/3232 2844/3231/3231
f 2820/3182/3182 2821/3183/3183 3778/3233/3233 3577/3232/3232
f 2821/3183/3183 3571/3184/3184 4138/3234/3234 3778/3233/3233
f 3571/3184/3184 3772/3185/3185 4639/3235/3235 4138/3234/3234
f 3772/3185/3185 4130/3186/3186 4990/3236/3236 4639/3235/3235
f 4130/3186/3186 4633/3187/3187 2848/3237/3237 4990/3236/3236
f 4633/3187/3187 4984/3188/3188 2849/3238/3238 2848/3237/3237
f 4984/3188/3188 2822/3189/3189 2850/3239/3239 2849/3238/3238
f 2822/3189/3189 2823/3190/3190 3578/3240/3240 2850/3239/3239
f 2823/3190/3190 2824/3191/3191 3779/3241/3241 3578/3240/3240
f 2824/3191/3191 3572/3192/3192 4140/3242/3242 3779/3241/3241
f 3572/3192/3192 3773/3193/3193 4640/3243/3243 4140/3242/3242
f 3773/3193/3193 4131/3194/3194 4991/3244/3244 4640/3243/3243
f 4131/3194/3194 4634/3195/3195 2851/3245/3245 4991/3244/3244
f 4634/3195/3195 4985/3196/3196 2852/3246/3246 2851/3245/3245
f 4985/3196/3196 2827/3197/3197 2853/3247/3247 2852/3246/3246
f 2827/3197/3197 2828/3198/3198 3580/3248/3248 2853/3247/3247
f 2828/3198/3198 2829/3199/3199 3780/3249/3249 3580/3248/3248
f 2829/3199/3199 3573/3200/3200 4141/3250/3250 3780/3249/3249
f 3774/3202/3202 4133/3201/3201 4992/3251/3251 4641/3252/3252
f 4133/3201/3201 4635/3203/3203 2854/3253/3253 4992/3251/3251
f 4635/3203/3203 4986/3204/3204 2855/3254/3254 2854/3253/3253
f 4986/3204/3204 2830/3205/3205 2856/3255/3255 2855/3254/3254
f 2830/3205/3205 2831/3206/3206 3581/3256/3256 2856/3255/3255
f 2831/3206/3206 2832/3207/3207 3782/3257/3257 3581/3256/3256
f 2832/3207/3207 3574/3208/3208 4142/3258/3258 3782/3257/3257
f 3574/3208/3208 3775/3209/3209 4642/3259/3259 4142/3258/3258
f 3775/3209/3209 4134/3210/3210 4993/3260/3260 4642/3259/3259
f 4134/3210/3210 4636/3211/3211 2857/3261/3261 4993/3260/3260
f 4636/3211/3211 4987/3212/3212 2858/3262/3262 2857/3261/3261
f 4987/3212/3212 2836/3213/3213 2859/3263/3263 2858/3262/3262
f 2836/3213/3213 2837/3214/3214 3582/3264/3264 2859/3263/3263
f 2837/3214/3214 2838/3215/3215 3783/3265/3265 3582/3264/3264
f 2838/3215/3215 3575/3216/3216 4143/3266/3266 3783/3265/3265
f 3575/3216/3216 3776/3217/3217 4644/3267/3267 4143/3266/3266
f 3776/3217/3217 4136/3218/3218 4994/3268/3268 4644/3267/3267
f 4136/3218/3218 4637/3219/3219 2860/3269/3269 4994/3268/3268
f 4637/3219/3219 4988/3220/3220 2861/3270/3270 2860/3269/3269
f 4988/3220/3220 2839/3221/3221 2862/3271/3271 2861/3270/3270
f 2839/3221/3221 2840/3222/3222 3514/3272/3272 2862/3271/3271
f 2840/3222/3222 2841/3223/3223 3784/3273/3273 3514/3272/3272
f 2841/3223/3223 3576/3224/3224 4059/3274/3274 3784/3273/3273
f 3576/3224/3224 3777/3225/3225 4645/3275/3275 4059/3274/3274
f 3777/3225/3225 4137/3226/3226 4924/3276/3276 4645/3275/3275
f 4137/3226/3226 4638/3227/3227 2863/3277/3277 4924/3276/3276
f 4638/3227/3227 4989/3228/3228 2864/3278/3278 2863/3277/3277
f 4989/3228/3228 2842/3229/3229 2865/3279/3279 2864/3278/3278
f 2842/3229/3229 2843/3230/3230 3515/3280/3280 2865/3279/3279
f 2843/3230/3230 2844/3231/3231 3786/3281/3281 3515/3280/3280
f 2844/3231/3231 3577/3232/3232 4061/3282/3282 3786/3281/3281
f 3577/3232/3232 3778/3233/3233 4646/3283/3283 4061/3282/3282
f 3778/3233/3233 4138/3234/3234 4925/3284/3284 4646/3283/3283
f 4138/3234/3234 4639/3235/3235 2868/3285/3285 4925/3284/3284
f 4639/3235/3235 4990/3236/3236 2869/3286/3286 2868/3285/3285
f 4990/3236/3236 2848/3237/3237 2870/3287/3287 2869/3286/3286
f 2848/3237/3237 2849/3238/3238 3516/3288/3288 2870/3287/3287
f 2849/3238/3238 2850/3239/3239 3787/3289/3289 3516/3288/3288
f 2850/3239/3239 3578/3240/3240 4062/3290/3290 3787/3289/3289
f 3578/3240/3240 3779/3241/3241 4648/3291/3291 4062/3290/3290
f 3779/3241/3241 4140/3242/3242 4926/3292/3292 4648/3291/3291
f 4140/3242/3242 4640/3243/3243 2871/3293/3293 4926/3292/3292
f 4640/3243/3243 4991/3244/3244 2872/3294/3294 2871/3293/3293
f 4991/3244/3244 2851/3245/3245 2873/3295/3295 2872/3294/3294
f 2851/3245/3245 2852/3246/3246 3517/3296/3296 2873/3295/3295
f 2852/3246/3246 2853/3247/3247 3789/3297/3297 3517/3296/3296
f 2853/3247/3247 3580/3248/3248 4063/3298/3298 3789/3297/3297
f 3580/3248/3248 3780/3249/3249 4649/3299/3299 4063/3298/3298
f 3780/3249/3249 4141/3250/3250 4927/3300/3300 4649/3299/3299
f 4641/3252/3252 4992/3251/3251 2875/3301/3301 2874/3302/3302
f 4992/3251/3251 2854/3253/3253 2876/3303/3303 2875/3301/3301
f 2854/3253/3253 2855/3254/3254 3518/3304/3304 2876/3303/3303
f 2855/3254/3254 2856/3255/3255 3790/3305/3305 3518/3304/3304
f 2856/3255/3255 3581/3256/3256 4064/3306/3306 3790/3305/3305
f 3581/3256/3256 3782/3257/3257 4650/3307/3307 4064/3306/3306
f 3782/3257/3257 4142/3258/3258 4928/3308/3308 4650/3307/3307
f 4142/3258/3258 4642/3259/3259 2879/3309/3309 4928/3308/3308
f 4642/3259/3259 4993/3260/3260 2880/3310/3310 2879/3309/3309
f 4993/3260/3260 2857/3261/3261 2881/3311/3311 2880/3310/3310
f 2857/3261/3261 2858/3262/3262 3519/3312/3312 2881/3311/3311
f 2858/3262/3262 2859/3263/3263 3791/3313/3313 3519/3312/3312
f 2859/3263/3263 3582/3264/3264 4067/3314/3314 3791/3313/3313
f 3582/3264/3264 3783/3265/3265 4651/3315/3315 4067/3314/3314
f 3783/3265/3265 4143/3266/3266 4930/3316/3316 4651/3315/3315
f 4143/3266/3266 4644/3267/3267 2882/3317/3317 4930/3316/3316
f 4644/3267/3267 4994/3268/3268 2883/3318/3318 2882/3317/3317
f 4994/3268/3268 2860/3269/3269 2884/3319/3319 2883/3318/3318
f 2860/3269/3269 2861/3270/3270 3520/3320/3320 2884/3319/3319
f 2861/3270/3270 2862/3271/3271 3793/3321/3321 3520/3320/3320
f 2862/3271/3271 3514/3272/3272 4068/3322/3322 3793/3321/3321
f 3514/3272/3272 3784/3273/3273 4652/3323/3323 4068/3322/3322
f 3784/3273/3273 4059/3274/3274 4931/3324/3324 4652/3323/3323
f 4059/3274/3274 4645/3275/3275 2885/3325/3325 4931/3324/3324
f 4645/3275/3275 4924/3276/3276 2886/3326/3326 2885/3325/3325
f 4924/3276/3276 2863/3277/3277 2887/3327/3327 2886/3326/3326
f 2863/3277/3277 2864/3278/3278 3521/3328/3328 2887/3327/3327
f 2864/3278/3278 2865/3279/3279 3794/3329/3329 3521/3328/3328
f 2865/3279/3279 3515/3280/3280 4070/3330/3330 3794/3329/3329
f 3515/3280/3280 3786/3281/3281 4653/3331/3331 4070/3330/3330
f 3786/3281/3281 4061/3282/3282 4932/3332/3332 4653/3331/3331
f 4061/3282/3282 4646/3283/3283 2888/3333/3333 4932/3332/3332
f 4646/3283/3283 4925/3284/3284 2889/3334/3334 2888/3333/3333
f 4925/3284/3284 2868/3285/3285 2890/3335/3335 2889/3334/3334
f 2868/3285/3285 2869/3286/3286 3522/3336/3336 2890/3335/3335
f 2869/3286/3286 2870/3287/3287 3795/3337/3337 3522/3336/3336
f 2870/3287/3287 3516/3288/3288 4072/3338/3338 3795/3337/3337
f 3516/3288/3288 3787/3289/3289 4655/3339/3339 4072/3338/3338
f 3787/3289/3289 4062/3290/3290 4933/3340/3340 4655/3339/3339
f 4062/3290/3290 4648/3291/3291 2891/3341/3341 4933/3340/3340
f 4648/3291/3291 4926/3292/3292 2892/3342/3342 2891/3341/3341
f 4926/3292/3292 2871/3293/3293 2893/3343/3343 2892/3342/3342
f 2871/3293/3293 2872/3294/3294 3524/3344/3344 2893/3343/3343
f 2872/3294/3294 2873/3295/3295 3796/3345/3345 3524/3344/3344
f 2873/3295/3295 3517/3296/3296 4074/3346/3346 3796/3345/3345
f 3517/3296/3296 3789/3297/3297 4656/3347/3347 4074/3346/3346
f 3789/3297/3297 4063/3298/3298 4934/3348/3348 4656/3347/3347
f 4063/3298/3298 4649/3299/3299 2894/3349/3349 4934/3348/3348
f 4649/3299/3299 4927/3300/3300 2895/3350/3350 2894/3349/3349
f 2874/3302/3302 2875/3301/3301 3525/3351/3351 2896/3352/3352
f 2875/3301/3301 2876/3303/3303 3797/3353/3353 3525/3351/3351
f 2876/3303/3303 3518/3304/3304 4075/3354/3354 3797/3353/3353
f 3518/3304/3304 3790/3305/3305 4657/3355/3355 4075/3354/3354
f 3790/3305/3305 4064/3306/3306 4936/3356/3356 4657/3355/3355
f 4064/3306/3306 4650/3307/3307 2897/3357/3357 4936/3356/3356
f 4650/3307/3307 4928/3308/3308 2898/3358/3358 2897/3357/3357
f 4928/3308/3308 2879/3309/3309 2899/3359/3359 2898/3358/3358
f 2879/3309/3309 2880/3310/3310 3526/3360/3360 2899/3359/3359
f 2880/3310/3310 2881/3311/3311 3798/3361/3361 3526/3360/3360
f 2881/3311/3311 3519/3312/3312 4076/3362/3362 3798/3361/3361
f 3519/3312/3312 3791/3313/3313 4659/3363/3363 4076/3362/3362
f 3791/3313/3313 4067/3314/3314 4937/3364/3364 4659/3363/3363
f 4067/3314/3314 4651/3315/3315 2900/3365/3365 4937/3364/3364
f 4651/3315/3315 4930/3316/3316 2901/3366/3366 2900/3365/3365
f 4930/3316/3316 2882/3317/3317 2902/3367/3367 2901/3366/3366
f 2882/3317/3317 2883/3318/3318 3528/3368/3368 2902/3367/3367
f 2883/3318/3318 2884/3319/3319 3799/3369/3369 3528/3368/3368
f 2884/3319/3319 3520/3320/3320 4078/3370/3370 3799/3369/3369
f 3520/3320/3320 3793/3321/3321 4660/3371/3371 4078/3370/3370
f 3793/3321/3321 4068/3322/3322 4938/3372/3372 4660/3371/3371
f 4068/3322/3322 4652/3323/3323 2903/3373/3373 4938/3372/3372
f 4652/3323/3323 4931/3324/3324 2904/3374/3374 2903/3373/3373
f 4931/3324/3324 2885/3325/3325 2905/3375/3375 2904/3374/3374
f 2885/3325/3325 2886/3326/3326 3529/3376/3376 2905/3375/3375
f 2886/3326/3326 2887/3327/3327 3800/3377/3377 3529/3376/3376
f 2887/3327/3327 3521/3328/3328 4079/3378/3378 3800/3377/3377
f 3521/3328/3328 3794/3329/3329 4661/3379/3379 4079/3378/3378
f 3794/3329/3329 4070/3330/3330 4939/3380/3380 4661/3379/3379
f 4070/3330/3330 4653/3331/3331 2910/3381/3381 4939/3380/3380
f 4653/3331/3331 4932/3332/3332 2911/3382/3382 2910/3381/3381
f 4932/3332/3332 2888/3333/3333 2912/3383/3383 2911/3382/3382
f 2888/3333/3333 2889/3334/3334 3530/3384/3384 2912/3383/3383
f 2889/3334/3334 2890/3335/3335 3801/3385/3385 3530/3384/3384
f 2890/3335/3335 3522/3336/3336 4081/3386/3386 3801/3385/3385
f 3522/3336/3336 3795/3337/3337 4662/3387/3387 4081/3386/3386
f 3795/3337/3337 4072/3338/3338 4940/3388/3388 4662/3387/3387
f 4072/3338/3338 4655/3339/3339 2913/3389/3389 4940/3388/3388
f 4655/3339/3339 4933/3340/3340 2914/3390/3390 2913/3389/3389
f 4933/3340/3340 2891/3341/3341 2915/3391/3391 2914/3390/3390
f 2891/3341/3341 2892/3342/3342 3531/3392/3392 2915/3391/3391
f 2892/3342/3342 2893/3343/3343 3802/3393/3393 3531/3392/3392
f 2893/3343/3343 3524/3344/3344 4082/3394/3394 3802/3393/3393
f 3524/3344/3344 3796/3345/3345 4663/3395/3395 4082/3394/3394
f 3796/3345/3345 4074/3346/3346 4942/3396/3396 4663/3395/3395
f 4074/3346/3346 4656/3347/3347 2916/3397/3397 4942/3396/3396
f 4656/3347/3347 4934/3348/3348 2917/3398/3398 2916/3397/3397
f 4934/3348/3348 2894/3349/3349 2918/3399/3399 2917/3398/3398
f 2894/3349/3349 2895/3350/3350 3532/3400/3400 2918/3399/3399
f 2896/3352/3352 3525/3351/3351 4083/3401/3401 3803/3402/3402
f 3525/3351/3351 3797/3353/3353 4664/3403/3403 4083/3401/3401
f 3797/3353/3353 4075/3354/3354 4943/3404/3404 4664/3403/3403
f 4075/3354/3354 4657/3355/3355 2921/3405/3405 4943/3404/3404
f 4657/3355/3355 4936/3356/3356 2922/3406/3406 2921/3405/3405
f 4936/3356/3356 2897/3357/3357 2923/3407/3407 2922/3406/3406
f 2897/3357/3357 2898/3358/3358 3533/3408/3408 2923/3407/3407
f 2898/3358/3358 2899/3359/3359 3804/3409/3409 3533/3408/3408
f 2899/3359/3359 3526/3360/3360 4085/3410/3410 3804/3409/3409
f 3526/3360/3360 3798/3361/3361 4665/3411/3411 4085/3410/3410
f 3798/3361/3361 4076/3362/3362 4944/3412/3412 4665/3411/3411
f 4076/3362/3362 4659/3363/3363 2924/3413/3413 4944/3412/3412
f 4659/3363/3363 4937/3364/3364 2925/3414/3414 2924/3413/3413
f 4937/3364/3364 2900/3365/3365 2926/3415/3415 2925/3414/3414
f 2900/3365/3365 2901/3366/3366 3534/3416/3416 2926/3415/3415
f 2901/3366/3366 2902/3367/3367 3805/3417/3417 3534/3416/3416
f 2902/3367/3367 3528/3368/3368 4086/3418/3418 3805/3417/3417
f 3528/3368/3368 3799/3369/3369 4666/3419/3419 4086/3418/3418
f 3799/3369/3369 4078/3370/3370 4946/3420/3420 4666/3419/3419
f 4078/3370/3370 4660/3371/3371 2930/3421/3421 4946/3420/3420
f 4660/3371/3371 4938/3372/3372 2931/3422/3422 2930/3421/3421
f 4938/3372/3372 2903/3373/3373 2932/3423/3423 2931/3422/3422
f 2903/3373/3373 2904/3374/3374 3535/3424/3424 2932/3423/3423
f 2904/3374/3374 2905/3375/3375 3806/3425/3425 3535/3424/3424
f 2905/3375/3375 3529/3376/3376 4087/3426/3426 3806/3425/3425
f 3529/3376/3376 3800/3377/3377 4667/3427/3427 4087/3426/3426
f 3800/3377/3377 4079/3378/3378 4947/3428/3428 4667/3427/3427
f 4079/3378/3378 4661/3379/3379 2935/3429/3429 4947/3428/3428
f 4661/3379/3379 4939/3380/3380 2936/3430/3430 2935/3429/3429
f 4939/3380/3380 2910/3381/3381 2937/3431/3431 2936/3430/3430
f 2910/3381/3381 2911/3382/3382 3536/3432/3432 2937/3431/3431
f 2911/3382/3382 2912/3383/3383 3807/3433/3433 3536/3432/3432
f 2912/3383/3383 3530/3384/3384 4088/3434/3434 3807/3433/3433
f 3530/3384/3384 3801/3385/3385 4668/3435/3435 4088/3434/3434
f 3801/3385/3385 4081/3386/3386 4949/3436/3436 4668/3435/3435
f 4081/3386/3386 4662/3387/3387 2938/3437/3437 4949/3436/3436
f 4662/3387/3387 4940/3388/3388 2939/3438/3438 2938/3437/3437
f 4940/3388/3388 2913/3389/3389 2940/3439/3439 2939/3438/3438
f 2913/3389/3389 2914/3390/3390 3537/3440/3440 2940/3439/3439
f 2914/3390/3390 2915/3391/3391 3808/3441/3441 3537/3440/3440
f 2915/3391/3391 3531/3392/3392 4089/3442/3442 3808/3441/3441
f 3531/3392/3392 3802/3393/3393 4669/3443/3443 4089/3442/3442
f 3802/3393/3393 4082/3394/3394 4950/3444/3444 4669/3443/3443
f 4082/3394/3394 4663/3395/3395 2944/3445/3445 4950/3444/3444
f 4663/3395/3395 4942/3396/3396 2945/3446/3446 2944/3445/3445
f 4942/3396/3396 2916/3397/3397 2946/3447/3447 2945/3446/3446
f 2916/3397/3397 2917/3398/3398 3538/3448/3448 2946/3447/3447
f 2917/3398/3398 2918/3399/3399 3809/3449/3449 3538/3448/3448
f 2918/3399/3399 3532/3400/3400 4090/3450/3450 3809/3449/3449
f 3803/3402/3402 4083/3401/3401 4951/3451/3451 4670/3452/3452
f 4083/3401/3401 4664/3403/3403 2947/3453/3453 4951/3451/3451
f 4664/3403/3403 4943/3404/3404 2948/3454/3454 2947/3453/3453
f 4943/3404/3404 2921/3405/3405 2949/3455/3455 2948/3454/3454
f 2921/3405/3405 2922/3406/3406 3539/3456/3456 2949/3455/3455
f 2922/3406/3406 2923/3407/3407 3810/3457/3457 3539/3456/3456
f 2923/3407/3407 3533/3408/3408 4091/3458/3458 3810/3457/3457
f 3533/3408/3408 3804/3409/3409 4671/3459/3459 4091/3458/3458
f 3804/3409/3409 4085/3410/3410 4952/3460/3460 4671/3459/3459
f 4085/3410/3410 4665/3411/3411 2951/3461/3461 4952/3460/3460
f 4665/3411/3411 4944/3412/3412 2952/3462/3462 2951/3461/3461
f 4944/3412/3412 2924/3413/3413 2953/3463/3463 2952/3462/3462
f 2924/3413/3413 2925/3414/3414 3540/3464/3464 2953/3463/3463
f 2925/3414/3414 2926/3415/3415 3812/3465/3465 3540/3464/3464
f 2926/3415/3415 3534/3416/3416 4092/3466/3466 3812/3465/3465
f 3534/3416/3416 3805/3417/3417 4672/3467/3467 4092/3466/3466
f 3805/3417/3417 4086/3418/3418 4953/3468/3468 4672/3467/3467
f 4086/3418/3418 4666/3419/3419 2954/3469/3469 4953/3468/3468
f 4666/3419/3419 4946/3420/3420 2955/3470/3470 2954/3469/3469
f 4946/3420/3420 2930/3421/3421 2956/3471/3471 2955/3470/3470
f 2930/3421/3421 2931/3422/3422 3541/3472/3472 2956/3471/3471
f 2931/3422/3422 2932/3423/3423 3813/3473/3473 3541/3472/3472
f 2932/3423/3423 3535/3424/3424 4093/3474/3474 3813/3473/3473
f 3535/3424/3424 3806/3425/3425 4674/3475/3475 4093/3474/3474
f 3806/3425/3425 4087/3426/3426 4954/3476/3476 4674/3475/3475
f 4087/3426/3426 4667/3427/3427 2957/3477/3477 4954/3476/3476
f 4667/3427/3427 4947/3428/3428 2958/3478/3478 2957/3477/3477
f 4947/3428/3428 2935/3429/3429 2959/3479/3479 2958/3478/3478
f 2935/3429/3429 2936/3430/3430 3542/3480/3480 2959/3479/3479
f 2936/3430/3430 2937/3431/3431 3814/3481/3481 3542/3480/3480
f 2937/3431/3431 3536/3432/3432 4095/3482/3482 3814/3481/3481
f 3536/3432/3432 3807/3433/3433 4675/3483/3483 4095/3482/3482
f 3807/3433/3433 4088/3434/3434 4955/3484/3484 4675/3483/3483
f 4088/3434/3434 4668/3435/3435 2961/3485/3485 4955/3484/3484
f 4668/3435/3435 4949/3436/3436 2962/3486/3486 2961/3485/3485
f 4949/3436/3436 2938/3437/3437 2963/3487/3487 2962/3486/3486
f 2938/3437/3437 2939/3438/3438 3543/3488/3488 2963/3487/3487
f 2939/3438/3438 2940/3439/3439 3816/3489/3489 3543/3488/3488
f 2940/3439/3439 3537/3440/3440 4096/3490/3490 3816/3489/3489
f 3537/3440/3440 3808/3441/3441 4676/3491/3491 4096/3490/3490
f 3808/3441/3441 4089/3442/3442 4956/3492/3492 4676/3491/3491
f 4089/3442/3442 4669/3443/3443 2966/3493/3493 4956/3492/3492
f 4669/3443/3443 4950/3444/3444 2967/3494/3494 2966/3493/3493
f 4950/3444/3444 2944/3445/3445 2968/3495/3495 2967/3494/3494
f 2944/3445/3445 2945/3446/3446 3544/3496/3496 2968/3495/3495
f 2945/3446/3446 2946/3447/3447 3817/3497/3497 3544/3496/3496
f 2946/3447/3447 3538/3448/3448 4097/3498/3498 3817/3497/3497
f 3538/3448/3448 3809/3449/3449 4678/3499/3499 4097/3498/3498
f 3809/3449/3449 4090/3450/3450 4957/3500/3500 4678/3499/3499
f 4670/3452/3452 4951/3451/3451 2972/3501/3501 2971/3502/3502
f 4951/3451/3451 2947/3453/3453 2973/3503/3503 2972/3501/3501
f 2947/3453/3453 2948/3454/3454 3545/3504/3504 2973/3503/3503
f 2948/3454/3454 2949/3455/3455 3819/3505/3505 3545/3504/3504
f 2949/3455/3455 3539/3456/3456 4099/3506/3506 3819/3505/3505
f 3539/3456/3456 3810/3457/3457 4679/3507/3507 4099/3506/3506
f 3810/3457/3457 4091/3458/3458 4958/3508/3508 4679/3507/3507
f 4091/3458/3458 4671/3459/3459 2974/3509/3509 4958/3508/3508
f 4671/3459/3459 4952/3460/3460 2975/3510/3510 2974/3509/3509
f 4952/3460/3460 2951/3461/3461 2976/3511/3511 2975/3510/3510
f 2951/3461/3461 2952/3462/3462 3546/3512/3512 2976/3511/3511
f 2952/3462/3462 2953/3463/3463 3820/3513/3513 3546/3512/3512
f 2953/3463/3463 3540/3464/3464 4100/3514/3514 3820/3513/3513
f 3540/3464/3464 3812/3465/3465 4681/3515/3515 4100/3514/3514
f 3812/3465/3465 4092/3466/3466 4959/3516/3516 4681/3515/3515
f 4092/3466/3466 4672/3467/3467 2978/3517/3517 4959/3516/3516
f 4672/3467/3467 4953/3468/3468 2979/3518/3518 2978/3517/3517
f 4953/3468/3468 2954/3469/3469 2980/3519/3519 2979/3518/3518
f 2954/3469/3469 2955/3470/3470 3547/3520/3520 2980/3519/3519
f 2955/3470/3470 2956/3471/3471 3821/3521/3521 3547/3520/3520
f 2956/3471/3471 3541/3472/3472 4102/3522/3522 3821/3521/3521
f 3541/3472/3472 3813/3473/3473 4682/3523/3523 4102/3522/3522
f 3813/3473/3473 4093/3474/3474 4960/3524/3524 4682/3523/3523
f 4093/3474/3474 4674/3475/3475 2981/3525/3525 4960/3524/3524
f 4674/3475/3475 4954/3476/3476 2982/3526/3526 2981/3525/3525
f 4954/3476/3476 2957/3477/3477 2983/3527/3527 2982/3526/3526
f 2957/3477/3477 2958/3478/3478 3624/3528/3528 2983/3527/3527
f 2958/3478/3478 2959/3479/3479 3980/3529/3529 3624/3528/3528
f 2959/3479/3479 3542/3480/3480 4331/3530/3530 3980/3529/3529
f 3542/3480/3480 3814/3481/3481 4371/3531/3531 4331/3530/3530
f 3814/3481/3481 4095/3482/3482 4721/3532/3532 4371/3531/3531
f 4095/3482/3482 4675/3483/3483 2984/3533/3533 4721/3532/3532
f 4675/3483/3483 4955/3484/3484 2985/3534/3534 2984/3533/3533
f 4955/3484/3484 2961/3485/3485 2986/3535/3535 2985/3534/3534
f 2961/3485/3485 2962/3486/3486 3625/3536/3536 2986/3535/3535
f 2962/3486/3486 2963/3487/3487 3981/3537/3537 3625/3536/3536
f 2963/3487/3487 3543/3488/3488 4332/3538/3538 3981/3537/3537
f 3543/3488/3488 3816/3489/3489 4373/3539/3539 4332/3538/3538
f 3816/3489/3489 4096/3490/3490 4722/3540/3540 4373/3539/3539
f 4096/3490/3490 4676/3491/3491 2987/3541/3541 4722/3540/3540
f 4676/3491/3491 4956/3492/3492 2988/3542/3542 2987/3541/3541
f 4956/3492/3492 2966/3493/3493 2989/3543/3543 2988/3542/3542
f 2966/3493/3493 2967/3494/3494 3628/3544/3544 2989/3543/3543
f 2967/3494/3494 2968/3495/3495 3983/3545/3545 3628/3544/3544
f 2968/3495/3495 3544/3496/3496 4333/3546/3546 3983/3545/3545
f 3544/3496/3496 3817/3497/3497 4375/3547/3547 4333/3546/3546
f 3817/3497/3497 4097/3498/3498 4723/3548/3548 4375/3547/3547
f 4097/3498/3498 4678/3499/3499 2992/3549/3549 4723/3548/3548
f 4678/3499/3499 4957/3500/3500 2993/3550/3550 2992/3549/3549
f 2971/3502/3502 2972/3501/3501 3629/3551/3551 2994/3552/3552
f 2972/3501/3501 2973/3503/3503 3984/3553/3553 3629/3551/3551
f 2973/3503/3503 3545/3504/3504 4334/3554/3554 3984/3553/3553
f 3545/3504/3504 3819/3505/3505 4376/3555/3555 4334/3554/3554
f 3819/3505/3505 4099/3506/3506 4724/3556/3556 4376/3555/3555
f 4099/3506/3506 4679/3507/3507 2995/3557/3557 4724/3556/3556
f 4679/3507/3507 4958/3508/3508 2996/3558/3558 2995/3557/3557
f 4958/3508/3508 2974/3509/3509 2997/3559/3559 2996/3558/3558
f 2974/3509/3509 2975/3510/3510 3630/3560/3560 2997/3559/3559
f 2975/3510/3510 2976/3511/3511 3985/3561/3561 3630/3560/3560
f 2976/3511/3511 3546/3512/3512 4336/3562/3562 3985/3561/3561
f 3546/3512/3512 3820/3513/3513 4377/3563/3563 4336/3562/3562
f 3820/3513/3513 4100/3514/3514 4725/3564/3564 4377/3563/3563
f 4100/3514/3514 4681/3515/3515 2998/3565/3565 4725/3564/3564
f 4681/3515/3515 4959/3516/3516 2999/3566/3566 2998/3565/3565
f 4959/3516/3516 2978/3517/3517 3000/3567/3567 2999/3566/3566
f 2978/3517/3517 2979/3518/3518 3631/3568/3568 3000/3567/3567
f 2979/3518/3518 2980/3519/3519 3986/3569/3569 3631/3568/3568
f 2980/3519/3519 3547/3520/3520 4337/3570/3570 3986/3569/3569
f 3547/3520/3520 3821/3521/3521 4379/3571/3571 4337/3570/3570
f 3821/3521/3521 4102/3522/3522 4727/3572/3572 4379/3571/3571
f 4102/3522/3522 4682/3523/3523 3001/3573/3573 4727/3572/3572
f 4682/3523/3523 4960/3524/3524 3002/3574/3574 3001/3573/3573
f 4960/3524/3524 2981/3525/3525 3003/3575/3575 3002/3574/3574
f 2981/3525/3525 2982/3526/3526 3632/3576/3576 3003/3575/3575
f 2982/3526/3526 2983/3527/3527 3987/3577/3577 3632/3576/3576
f 2983/3527/3527 3624/3528/3528 4338/3578/3578 3987/3577/3577
f 3624/3528/3528 3980/3529/3529 4380/3579/3579 4338/3578/3578
f 3980/3529/3529 4331/3530/3530 4728/3580/3580 4380/3579/3579
f 4331/3530/3530 4371/3531/3531 3004/3581/3581 4728/3580/3580
f 4371/3531/3531 4721/3532/3532 3005/3582/3582 3004/3581/3581
f 4721/3532/3532 2984/3533/3533 3006/3583/3583 3005/3582/3582
f 2984/3533/3533 2985/3534/3534 3633/3584/3584 3006/3583/3583
f 2985/3534/3534 2986/3535/3535 3988/3585/3585 3633/3584/3584
f 2986/3535/3535 3625/3536/3536 4339/3586/3586 3988/3585/3585
f 3625/3536/3536 3981/3537/3537 4381/3587/3587 4339/3586/3586
f 3981/3537/3537 4332/3538/3538 4729/3588/3588 4381/3587/3587
f 4332/3538/3538 4373/3539/3539 3009/3589/3589 4729/3588/3588
f 4373/3539/3539 4722/3540/3540 3010/3590/3590 3009/3589/3589
f 4722/3540/3540 2987/3541/3541 3011/3591/3591 3010/3590/3590
f 2987/3541/3541 2988/3542/3542 3635/3592/3592 3011/3591/3591
f 2988/3542/3542 2989/3543/3543 3989/3593/3593 3635/3592/3592
f 2989/3543/3543 3628/3544/3544 4340/3594/3594 3989/3593/3593
f 3628/3544/3544 3983/3545/3545 4382/3595/3595 4340/3594/3594
f 3983/3545/3545 4333/3546/3546 4730/3596/3596 4382/3595/3595
f 4333/3546/3546 4375/3547/3547 3012/3597/3597 4730/3596/3596
f 4375/3547/3547 4723/3548/3548 3013/3598/3598 3012/3597/3597
f 4723/3548/3548 2992/3549/3549 3014/3599/3599 3013/3598/3598
f 2992/3549/3549 2993/3550/3550 3636/3600/3600 3014/3599/3599
f 2994/3552/3552 3629/3551/3551 4341/3601/3601 3990/3602/3602
f 3629/3551/3551 3984/3553/3553 4383/3603/3603 4341/3601/3601
f 3984/3553/3553 4334/3554/3554 4731/3604/3604 4383/3603/3603
f 4334/3554/3554 4376/3555/3555 3015/3605/3605 4731/3604/3604
f 4376/3555/3555 4724/3556/3556 3016/3606/3606 3015/3605/3605
f 4724/3556/3556 2995/3557/3557 3017/3607/3607 3016/3606/3606
f 2995/3557/3557 2996/3558/3558 3637/3608/3608 3017/3607/3607
f 2996/3558/3558 2997/3559/3559 3991/3609/3609 3637/3608/3608
f 2997/3559/3559 3630/3560/3560 4343/3610/3610 3991/3609/3609
f 3630/3560/3560 3985/3561/3561 4384/3611/3611 4343/3610/3610
f 3985/3561/3561 4336/3562/3562 4732/3612/3612 4384/3611/3611
f 4336/3562/3562 4377/3563/3563 3020/3613/3613 4732/3612/3612
f 4377/3563/3563 4725/3564/3564 3021/3614/3614 3020/3613/3613
f 4725/3564/3564 2998/3565/3565 3022/3615/3615 3021/3614/3614
f 2998/3565/3565 2999/3566/3566 3639/3616/3616 3022/3615/3615
f 2999/3566/3566 3000/3567/3567 3992/3617/3617 3639/3616/3616
f 3000/3567/3567 3631/3568/3568 4345/3618/3618 3992/3617/3617
f 3631/3568/3568 3986/3569/3569 4385/3619/3619 4345/3618/3618
f 3986/3569/3569 4337/3570/3570 4734/3620/3620 4385/3619/3619
f 4337/3570/3570 4379/3571/3571 3023/3621/3621 4734/3620/3620
f 4379/3571/3571 4727/3572/3572 3024/3622/3622 3023/3621/3621
f 4727/3572/3572 3001/3573/3573 3025/3623/3623 3024/3622/3622
f 3001/3573/3573 3002/3574/3574 3640/3624/3624 3025/3623/3623
f 3002/3574/3574 3003/3575/3575 3993/3625/3625 3640/3624/3624
f 3003/3575/3575 3632/3576/3576 4346/3626/3626 3993/3625/3625
f 3632/3576/3576 3987/3577/3577 4386/3627/3627 4346/3626/3626
f 3987/3577/3577 4338/3578/3578 4735/3628/3628 4386/3627/3627
f 4338/3578/3578 4380/3579/3579 3029/3629/3629 4735/3628/3628
f 4380/3579/3579 4728/3580/3580 3030/3630/3630 3029/3629/3629
f 4728/3580/3580 3004/3581/3581 3031/3631/3631 3030/3630/3630
f 3004/3581/3581 3005/3582/3582 3641/3632/3632 3031/3631/3631
f 3005/3582/3582 3006/3583/3583 3995/3633/3633 3641/3632/3632
f 3006/3583/3583 3633/3584/3584 4347/3634/3634 3995/3633/3633
f 3633/3584/3584 3988/3585/3585 4387/3635/3635 4347/3634/3634
f 3988/3585/3585 4339/3586/3586 4736/3636/3636 4387/3635/3635
f 4339/3586/3586 4381/3587/3587 3032/3637/3637 4736/3636/3636
f 4381/3587/3587 4729/3588/3588 3033/3638/3638 3032/3637/3637
f 4729/3588/3588 3009/3589/3589 3034/3639/3639 3033/3638/3638
f 3009/3589/3589 3010/3590/3590 3642/3640/3640 3034/3639/3639
f 3010/3590/3590 3011/3591/3591 3996/3641/3641 3642/3640/3640
f 3011/3591/3591 3635/3592/3592 4349/3642/3642 3996/3641/3641
f 3635/3592/3592 3989/3593/3593 4388/3643/3643 4349/3642/3642
f 3989/3593/3593 4340/3594/3594 4738/3644/3644 4388/3643/3643
f 4340/3594/3594 4382/3595/3595 3035/3645/3645 4738/3644/3644
f 4382/3595/3595 4730/3596/3596 3036/3646/3646 3035/3645/3645
f 4730/3596/3596 3012/3597/3597 3037/3647/3647 3036/3646/3646
f 3012/3597/3597 3013/3598/3598 3643/3648/3648 3037/3647/3647
f 3013/3598/3598 3014/3599/3599 3997/3649/3649 3643/3648/3648
f 3014/3599/3599 3636/3600/3600 4350/3650/3650 3997/3649/3649
f 3990/3602/3602 4341/3601/3601 4739/3651/3651 4389/3652/3652
f 4341/3601/3601 4383/3603/3603 3041/3653/3653 4739/3651/3651
f 4383/3603/3603 4731/3604/3604 3042/3654/3654 3041/3653/3653
f 4731/3604/3604 3015/3605/3605 3043/3655/3655 3042/3654/3654
f 3015/3605/3605 3016/3606/3606 3644/3656/3656 3043/3655/3655
f 3016/3606/3606 3017/3607/3607 3999/3657/3657 3644/3656/3656
f 3017/3607/3607 3637/3608/3608 4351/3658/3658 3999/3657/3657
f 3637/3608/3608 3991/3609/3609 4390/3659/3659 4351/3658/3658
f 3991/3609/3609 4343/3610/3610 4740/3660/3660 4390/3659/3659
f 4343/3610/3610 4384/3611/3611 3044/3661/3661 4740/3660/3660
f 4384/3611/3611 4732/3612/3612 3045/3662/3662 3044/3661/3661
f 4732/3612/3612 3020/3613/3613 3046/3663/3663 3045/3662/3662
f 3020/3613/3613 3021/3614/3614 3647/3664/3664 3046/3663/3663
f 3021/3614/3614 3022/3615/3615 4000/3665/3665 3647/3664/3664
f 3022/3615/3615 3639/3616/3616 4352/3666/3666 4000/3665/3665
f 3639/3616/3616 3992/3617/3617 4391/3667/3667 4352/3666/3666
f 3992/3617/3617 4345/3618/3618 4742/3668/3668 4391/3667/3667
f 4345/3618/3618 4385/3619/3619 3048/3669/3669 4742/3668/3668
f 4385/3619/3619 4734/3620/3620 3049/3670/3670 3048/3669/3669
f 4734/3620/3620 3023/3621/3621 3050/3671/3671 3049/3670/3670
f 3023/3621/3621 3024/3622/3622 3648/3672/3672 3050/3671/3671
f 3024/3622/3622 3025/3623/3623 4001/3673/3673 3648/3672/3672
f 3025/3623/3623 3640/3624/3624 4354/3674/3674 4001/3673/3673
f 3640/3624/3624 3993/3625/3625 4392/3675/3675 4354/3674/3674
f 3993/3625/3625 4346/3626/3626 4743/3676/3676 4392/3675/3675
f 4346/3626/3626 4386/3627/3627 3051/3677/3677 4743/3676/3676
f 4386/3627/3627 4735/3628/3628 3052/3678/3678 3051/3677/3677
f 4735/3628/3628 3029/3629/3629 3053/3679/3679 3052/3678/3678
f 3029/3629/3629 3030/3630/3630 3649/3680/3680 3053/3679/3679
f 3030/3630/3630 3031/3631/3631 4003/3681/3681 3649/3680/3680
f 3031/3631/3631 3641/3632/3632 4355/3682/3682 4003/3681/3681
f 3641/3632/3632 3995/3633/3633 4394/3683/3683 4355/3682/3682
f 3995/3633/3633 4347/3634/3634 4744/3684/3684 4394/3683/3683
f 4347/3634/3634 4387/3635/3635 3054/3685/3685 4744/3684/3684
f 4387/3635/3635 4736/3636/3636 3055/3686/3686 3054/3685/3685
f 4736/3636/3636 3032/3637/3637 3056/3687/3687 3055/3686/3686
f 3032/3637/3637 3033/3638/3638 3651/3688/3688 3056/3687/3687
f 3033/3638/3638 3034/3639/3639 4004/3689/3689 3651/3688/3688
f 3034/3639/3639 3642/3640/3640 4357/3690/3690 4004/3689/3689
f 3642/3640/3640 3996/3641/3641 4395/3691/3691 4357/3690/3690
f 3996/3641/3641 4349/3642/3642 4745/3692/3692 4395/3691/3691
f 4349/3642/3642 4388/3643/3643 3059/3693/3693 4745/3692/3692
f 4388/3643/3643 4738/3644/3644 3060/3694/3694 3059/3693/3693
f 4738/3644/3644 3035/3645/3645 3061/3695/3695 3060/3694/3694
f 3035/3645/3645 3036/3646/3646 3652/3696/3696 3061/3695/3695
f 3036/3646/3646 3037/3647/3647 4006/3697/3697 3652/3696/3696
f 3037/3647/3647 3643/3648/3648 4358/3698/3698 4006/3697/3697
f 3643/3648/3648 3997/3649/3649 4396/3699/3699 4358/3698/3698
f 3997/3649/3649 4350/3650/3650 4746/3700/3700 4396/3699/3699
f 4389/3652/3652 4739/3651/3651 3066/3701/3701 3065/3702/3702
f 4739/3651/3651 3041/3653/3653 3067/3703/3703 3066/3701/3701
f 3041/3653/3653 3042/3654/3654 3653/3704/3704 3067/3703/3703
f 3042/3654/3654 3043/3655/3655 4007/3705/3705 3653/3704/3704
f 3043/3655/3655 3644/3656/3656 4359/3706/3706 4007/3705/3705
f 3644/3656/3656 3999/3657/3657 4398/3707/3707 4359/3706/3706
f 3999/3657/3657 4351/3658/3658 4747/3708/3708 4398/3707/3707
f 4351/3658/3658 4390/3659/3659 3068/3709/3709 4747/3708/3708
f 4390/3659/3659 4740/3660/3660 3069/3710/3710 3068/3709/3709
f 4740/3660/3660 3044/3661/3661 3070/3711/3711 3069/3710/3710
f 3044/3661/3661 3045/3662/3662 3655/3712/3712 3070/3711/3711
f 3045/3662/3662 3046/3663/3663 4008/3713/3713 3655/3712/3712
f 3046/3663/3663 3647/3664/3664 4361/3714/3714 4008/3713/3713
f 3647/3664/3664 4000/3665/3665 4399/3715/3715 4361/3714/3714
f 4000/3665/3665 4352/3666/3666 4749/3716/3716 4399/3715/3715
f 4352/3666/3666 4391/3667/3667 3071/3717/3717 4749/3716/3716
f 4391/3667/3667 4742/3668/3668 3072/3718/3718 3071/3717/3717
f 4742/3668/3668 3048/3669/3669 3073/3719/3719 3072/3718/3718
f 3048/3669/3669 3049/3670/3670 3657/3720/3720 3073/3719/3719
f 3049/3670/3670 3050/3671/3671 4010/3721/3721 3657/3720/3720
f 3050/3671/3671 3648/3672/3672 4363/3722/3722 4010/3721/3721
f 3648/3672/3672 4001/3673/3673 4401/3723/3723 4363/3722/3722
f 4001/3673/3673 4354/3674/3674 4750/3724/3724 4401/3723/3723
f 4354/3674/3674 4392/3675/3675 3076/3725/3725 4750/3724/3724
f 4392/3675/3675 4743/3676/3676 3077/3726/3726 3076/3725/3725
f 4743/3676/3676 3051/3677/3677 3078/3727/3727 3077/3726/3726
f 3051/3677/3677 3052/3678/3678 3658/3728/3728 3078/3727/3727
f 3052/3678/3678 3053/3679/3679 4012/3729/3729 3658/3728/3728
f 3053/3679/3679 3649/3680/3680 4364/3730/3730 4012/3729/3729
f 3649/3680/3680 4003/3681/3681 4402/3731/3731 4364/3730/3730
f 4003/3681/3681 4355/3682/3682 4751/3732/3732 4402/3731/3731
f 4355/3682/3682 4394/3683/3683 3079/3733/3733 4751/3732/3732
f 4394/3683/3683 4744/3684/3684 3080/3734/3734 3079/3733/3733
f 4744/3684/3684 3054/3685/3685 3081/3735/3735 3080/3734/3734
f 3054/3685/3685 3055/3686/3686 3659/3736/3736 3081/3735/3735
f 3055/3686/3686 3056/3687/3687 4013/3737/3737 3659/3736/3736
f 3056/3687/3687 3651/3688/3688 4365/3738/3738 4013/3737/3737
f 3651/3688/3688 4004/3689/3689 4403/3739/3739 4365/3738/3738
f 4004/3689/3689 4357/3690/3690 4754/3740/3740 4403/3739/3739
f 4357/3690/3690 4395/3691/3691 3083/3741/3741 4754/3740/3740
f 4395/3691/3691 4745/3692/3692 3084/3742/3742 3083/3741/3741
f 4745/3692/3692 3059/3693/3693 3085/3743/3743 3084/3742/3742
f 3059/3693/3693 3060/3694/3694 3660/3744/3744 3085/3743/3743
f 3060/3694/3694 3061/3695/3695 4014/3745/3745 3660/3744/3744
f 3061/3695/3695 3652/3696/3696 4366/3746/3746 4014/3745/3745
f 3652/3696/3696 4006/3697/3697 4405/3747/3747 4366/3746/3746
f 4006/3697/3697 4358/3698/3698 4755/3748/3748 4405/3747/3747
f 4358/3698/3698 4396/3699/3699 3086/3749/3749 4755/3748/3748
f 4396/3699/3699 4746/3700/3700 3087/3750/3750 3086/3749/3749
f 3065/3702/3702 3066/3701/3701 3661/3751/3751 3088/3752/3752
f 3066/3701/3701 3067/3703/3703 4016/3753/3753 3661/3751/3751
f 3067/3703/3703 3653/3704/3704 4367/3754/3754 4016/3753/3753
f 3653/3704/3704 4007/3705/3705 4407/3755/3755 4367/3754/3754
f 4007/3705/3705 4359/3706/3706 4756/3756/3756 4407/3755/3755
f 4359/3706/3706 4398/3707/3707 3089/3757/3757 4756/3756/3756
f 4398/3707/3707 4747/3708/3708 3090/3758/3758 3089/3757/3757
f 4747/3708/3708 3068/3709/3709 3091/3759/3759 3090/3758/3758
f 3068/3709/3709 3069/3710/3710 3662/3760/3760 3091/3759/3759
f 3069/3710/3710 3070/3711/3711 4017/3761/3761 3662/3760/3760
f 3070/3711/3711 3655/3712/3712 4368/3762/3762 4017/3761/3761
f 3655/3712/3712 4008/3713/3713 4408/3763/3763 4368/3762/3762
f 4008/3713/3713 4361/3714/3714 4757/3764/3764 4408/3763/3763
f 4361/3714/3714 4399/3715/3715 3092/3765/3765 4757/3764/3764
f 4399/3715/3715 4749/3716/3716 3093/3766/3766 3092/3765/3765
f 4749/3716/3716 3071/3717/3717 3094/3767/3767 3093/3766/3766
f 3071/3717/3717 3072/3718/3718 3663/3768/3768 3094/3767/3767
f 3072/3718/3718 3073/3719/3719 4018/3769/3769 3663/3768/3768
f 3073/3719/3719 3657/3720/3720 4369/3770/3770 4018/3769/3769
f 3657/3720/3720 4010/3721/3721 4409/3771/3771 4369/3770/3770
f 4010/3721/3721 4363/3722/3722 4758/3772/3772 4409/3771/3771
f 4363/3722/3722 4401/3723/3723 3095/3773/3773 4758/3772/3772
f 4401/3723/3723 4750/3724/3724 3096/3774/3774 3095/3773/3773
f 4750/3724/3724 3076/3725/3725 3097/3775/3775 3096/3774/3774
f 3076/3725/3725 3077/3726/3726 3664/3776/3776 3097/3775/3775
f 3077/3726/3726 3078/3727/3727 4019/3777/3777 3664/3776/3776
f 3078/3727/3727 3658/3728/3728 4370/3778/3778 4019/3777/3777
f 3658/3728/3728 4012/3729/3729 4411/3779/3779 4370/3778/3778
f 4012/3729/3729 4364/3730/3730 4759/3780/3780 4411/3779/3779
f 4364/3730/3730 4402/3731/3731 3099/3781/3781 4759/3780/3780
f 4402/3731/3731 4751/3732/3732 3100/3782/3782 3099/3781/3781
f 4751/3732/3732 3079/3733/3733 3101/3783/3783 3100/3782/3782
f 3079/3733/3733 3080/3734/3734 3584/3784/3784 3101/3783/3783
f 3080/3734/3734 3081/3735/3735 4020/3785/3785 3584/3784/3784
f 3081/3735/3735 3659/3736/3736 4295/3786/3786 4020/3785/3785
f 3659/3736/3736 4013/3737/3737 4412/3787/3787 4295/3786/3786
f 4013/3737/3737 4365/3738/3738 4683/3788/3788 4412/3787/3787
f 4365/3738/3738 4403/3739/3739 3103/3789/3789 4683/3788/3788
f 4403/3739/3739 4754/3740/3740 3104/3790/3790 3103/3789/3789
f 4754/3740/3740 3083/3741/3741 3105/3791/3791 3104/3790/3790
f 3083/3741/3741 3084/3742/3742 3585/3792/3792 3105/3791/3791
f 3084/3742/3742 3085/3743/3743 4021/3793/3793 3585/3792/3792
f 3085/3743/3743 3660/3744/3744 4296/3794/3794 4021/3793/3793
f 3660/3744/3744 4014/3745/3745 4413/3795/3795 4296/3794/3794
f 4014/3745/3745 4366/3746/3746 4684/3796/3796 4413/3795/3795
f 4366/3746/3746 4405/3747/3747 3106/3797/3797 4684/3796/3796
f 4405/3747/3747 4755/3748/3748 3107/3798/3798 3106/3797/3797
f 4755/3748/3748 3086/3749/3749 3108/3799/3799 3107/3798/3798
f 3086/3749/3749 3087/3750/3750 3586/3800/3800 3108/3799/3799
f 3088/3752/3752 3661/3751/3751 4297/3801/3801 4022/3802/3802
f 3661/3751/3751 4016/3753/3753 4414/3803/3803 4297/3801/3801
f 4016/3753/3753 4367/3754/3754 4685/3804/3804 4414/3803/3803
f 4367/3754/3754 4407/3755/3755 3109/3805/3805 4685/3804/3804
f 4407/3755/3755 4756/3756/3756 3110/3806/3806 3109/3805/3805
f 4756/3756/3756 3089/3757/3757 3111/3807/3807 3110/3806/3806
f 3089/3757/3757 3090/3758/3758 3587/3808/3808 3111/3807/3807
f 3090/3758/3758 3091/3759/3759 4023/3809/3809 3587/3808/3808
f 3091/3759/3759 3662/3760/3760 4299/3810/3810 4023/3809/3809
f 3662/3760/3760 4017/3761/3761 4415/3811/3811 4299/3810/3810
f 4017/3761/3761 4368/3762/3762 4687/3812/3812 4415/3811/3811
f 4368/3762/3762 4408/3763/3763 3112/3813/3813 4687/3812/3812
f 4408/3763/3763 4757/3764/3764 3113/3814/3814 3112/3813/3813
f 4757/3764/3764 3092/3765/3765 3114/3815/3815 3113/3814/3814
f 3092/3765/3765 3093/3766/3766 3588/3816/3816 3114/3815/3815
f 3093/3766/3766 3094/3767/3767 4024/3817/3817 3588/3816/3816
f 3094/3767/3767 3663/3768/3768 4300/3818/3818 4024/3817/3817
f 3663/3768/3768 4018/3769/3769 4416/3819/3819 4300/3818/3818
f 4018/3769/3769 4369/3770/3770 4688/3820/3820 4416/3819/3819
f 4369/3770/3770 4409/3771/3771 3115/3821/3821 4688/3820/3820
f 4409/3771/3771 4758/3772/3772 3116/3822/3822 3115/3821/3821
f 4758/3772/3772 3095/3773/3773 3117/3823/3823 3116/3822/3822
f 3095/3773/3773 3096/3774/3774 3590/3824/3824 3117/3823/3823
f 3096/3774/3774 3097/3775/3775 4025/3825/3825 3590/3824/3824
f 3097/3775/3775 3664/3776/3776 4301/3826/3826 4025/3825/3825
f 3664/3776/3776 4019/3777/3777 4417/3827/3827 4301/3826/3826
f 4019/3777/3777 4370/3778/3778 4689/3828/3828 4417/3827/3827
f 4370/3778/3778 4411/3779/3779 3118/3829/3829 4689/3828/3828
f 4411/3779/3779 4759/3780/3780 3119/3830/3830 3118/3829/3829
f 4759/3780/3780 3099/3781/3781 3120/3831/3831 3119/3830/3830
f 3099/3781/3781 3100/3782/3782 3591/3832/3832 3120/3831/3831
f 3100/3782/3782 3101/3783/3783 4027/3833/3833 3591/3832/3832
f 3101/3783/3783 3584/3784/3784 4302/3834/3834 4027/3833/3833
f 3584/3784/3784 4020/3785/3785 4418/3835/3835 4302/3834/3834
f 4020/3785/3785 4295/3786/3786 4692/3836/3836 4418/3835/3835
f 4295/3786/3786 4412/3787/3787 3124/3837/3837 4692/3836/3836
f 4412/3787/3787 4683/3788/3788 3125/3838/3838 3124/3837/3837
f 4683/3788/3788 3103/3789/3789 3126/3839/3839 3125/3838/3838
f 3103/3789/3789 3104/3790/3790 3592/3840/3840 3126/3839/3839
f 3104/3790/3790 3105/3791/3791 4028/3841/3841 3592/3840/3840
f 3105/3791/3791 3585/3792/3792 4303/3842/3842 4028/3841/3841
f 3585/3792/3792 4021/3793/3793 4419/3843/3843 4303/3842/3842
f 4021/3793/3793 4296/3794/3794 4693/3844/3844 4419/3843/3843
f 4296/3794/3794 4413/3795/3795 3127/3845/3845 4693/3844/3844
f 4413/3795/3795 4684/3796/3796 3128/3846/3846 3127/3845/3845
f 4684/3796/3796 3106/3797/3797 3129/3847/3847 3128/3846/3846
f 3106/3797/3797 3107/3798/3798 3593/3848/3848 3129/3847/3847
f 3107/3798/3798 3108/3799/3799 4029/3849/3849 3593/3848/3848
f 3108/3799/3799 3586/3800/3800 4304/3850/3850 4029/3849/3849
f 4022/3802/3802 4297/3801/3801 4694/3851/3851 4420/3852/3852
f 4297/3801/3801 4414/3803/3803 3130/3853/3853 4694/3851/3851
f 4414/3803/3803 4685/3804/3804 3131/3854/3854 3130/3853/3853
f 4685/3804/3804 3109/3805/3805 3132/3855/3855 3131/3854/3854
f 3109/3805/3805 3110/3806/3806 3594/3856/3856 3132/3855/3855
f 3110/3806/3806 3111/3807/3807 4030/3857/3857 3594/3856/3856
f 3111/3807/3807 3587/3808/3808 4305/3858/3858 4030/3857/3857
f 3587/3808/3808 4023/3809/3809 4421/3859/3859 4305/3858/3858
f 4023/3809/3809 4299/3810/3810 4695/3860/3860 4421/3859/3859
f 4299/3810/3810 4415/3811/3811 3137/3861/3861 4695/3860/3860
f 4415/3811/3811 4687/3812/3812 3138/3862/3862 3137/3861/3861
f 4687/3812/3812 3112/3813/3813 3139/3863/3863 3138/3862/3862
f 3112/3813/3813 3113/3814/3814 3595/3864/3864 3139/3863/3863
f 3113/3814/3814 3114/3815/3815 4032/3865/3865 3595/3864/3864
f 3114/3815/3815 3588/3816/3816 4306/3866/3866 4032/3865/3865
f 3588/3816/3816 4024/3817/3817 4422/3867/3867 4306/3866/3866
f 4024/3817/3817 4300/3818/3818 4697/3868/3868 4422/3867/3867
f 4300/3818/3818 4416/3819/3819 3140/3869/3869 4697/3868/3868
f 4416/3819/3819 4688/3820/3820 3141/3870/3870 3140/3869/3869
f 4688/3820/3820 3115/3821/3821 3142/3871/3871 3141/3870/3870
f 3115/3821/3821 3116/3822/3822 3597/3872/3872 3142/3871/3871
f 3116/3822/3822 3117/3823/3823 4033/3873/3873 3597/3872/3872
f 3117/3823/3823 3590/3824/3824 4307/3874/3874 4033/3873/3873
f 3590/3824/3824 4025/3825/3825 4423/3875/3875 4307/3874/3874
f 4025/3825/3825 4301/3826/3826 4698/3876/3876 4423/3875/3875
f 4301/3826/3826 4417/3827/3827 3146/3877/3877 4698/3876/3876
f 4417/3827/3827 4689/3828/3828 3147/3878/3878 3146/3877/3877
f 4689/3828/3828 3118/3829/3829 3148/3879/3879 3147/3878/3878
f 3118/3829/3829 3119/3830/3830 3598/3880/3880 3148/3879/3879
f 3119/3830/3830 3120/3831/3831 4034/3881/3881 3598/3880/3880
f 3120/3831/3831 3591/3832/3832 4308/3882/3882 4034/3881/3881
f 3591/3832/3832 4027/3833/3833 4424/3883/3883 4308/3882/3882
f 4027/3833/3833 4302/3834/3834 4699/3884/3884 4424/3883/3883
f 4302/3834/3834 4418/3835/3835 3149/3885/3885 4699/3884/3884
f 4418/3835/3835 4692/3836/3836 3150/3886/3886 3149/3885/3885
f 4692/3836/3836 3124/3837/3837 3151/3887/3887 3150/3886/3886
f 3124/3837/3837 3125/3838/3838 3599/3888/3888 3151/3887/3887
f 3125/3838/3838 3126/3839/3839 4036/3889/3889 3599/3888/3888
f 3126/3839/3839 3592/3840/3840 4309/3890/3890 4036/3889/3889
f 3592/3840/3840 4028/3841/3841 4426/3891/3891 4309/3890/3890
f 4028/3841/3841 4303/3842/3842 4700/3892/3892 4426/3891/3891
f 4303/3842/3842 4419/3843/3843 3152/3893/3893 4700/3892/3892
f 4419/3843/3843 4693/3844/3844 3153/3894/3894 3152/3893/3893
f 4693/3844/3844 3127/3845/3845 3154/3895/3895 3153/3894/3894
f 3127/3845/3845 3128/3846/3846 3600/3896/3896 3154/3895/3895
f 3128/3846/3846 3129/3847/3847 4037/3897/3897 3600/3896/3896
f 3129/3847/3847 3593/3848/3848 4310/3898/3898 4037/3897/3897
f 3593/3848/3848 4029/3849/3849 4427/3899/3899 4310/3898/3898
f 4029/3849/3849 4304/3850/3850 4701/3900/3900 4427/3899/3899
f 4420/3852/3852 4694/3851/3851 3159/3901/3901 3158/3902/3902
f 4694/3851/3851 3130/3853/3853 3160/3903/3903 3159/3901/3901
f 3130/3853/3853 3131/3854/3854 3601/3904/3904 3160/3903/3903
f 3131/3854/3854 3132/3855/3855 4039/3905/3905 3601/3904/3904
f 3132/3855/3855 3594/3856/3856 4311/3906/3906 4039/3905/3905
f 3594/3856/3856 4030/3857/3857 4428/3907/3907 4311/3906/3906
f 4030/3857/3857 4305/3858/3858 4702/3908/3908 4428/3907/3907
f 4305/3858/3858 4421/3859/3859 3162/3909/3909 4702/3908/3908
f 4421/3859/3859 4695/3860/3860 3163/3910/3910 3162/3909/3909
f 4695/3860/3860 3137/3861/3861 3164/3911/3911 3163/3910/3910
f 3137/3861/3861 3138/3862/3862 3604/3912/3912 3164/3911/3911
f 3138/3862/3862 3139/3863/3863 4041/3913/3913 3604/3912/3912
f 3139/3863/3863 3595/3864/3864 4312/3914/3914 4041/3913/3913
f 3595/3864/3864 4032/3865/3865 4430/3915/3915 4312/3914/3914
f 4032/3865/3865 4306/3866/3866 4703/3916/3916 4430/3915/3915
f 4306/3866/3866 4422/3867/3867 3165/3917/3917 4703/3916/3916
f 4422/3867/3867 4697/3868/3868 3166/3918/3918 3165/3917/3917
f 4697/3868/3868 3140/3869/3869 3167/3919/3919 3166/3918/3918
f 3140/3869/3869 3141/3870/3870 3605/3920/3920 3167/3919/3919
f 3141/3870/3870 3142/3871/3871 4043/3921/3921 3605/3920/3920
f 3142/3871/3871 3597/3872/3872 4313/3922/3922 4043/3921/3921
f 3597/3872/3872 4033/3873/3873 4432/3923/3923 4313/3922/3922
f 4033/3873/3873 4307/3874/3874 4704/3924/3924 4432/3923/3923
f 4307/3874/3874 4423/3875/3875 3168/3925/3925 4704/3924/3924
f 4423/3875/3875 4698/3876/3876 3169/3926/3926 3168/3925/3925
f 4698/3876/3876 3146/3877/3877 3170/3927/3927 3169/3926/3926
f 3146/3877/3877 3147/3878/3878 3606/3928/3928 3170/3927/3927
f 3147/3878/3878 3148/3879/3879 4045/3929/3929 3606/3928/3928
f 3148/3879/3879 3598/3880/3880 4314/3930/3930 4045/3929/3929
f 3598/3880/3880 4034/3881/3881 4434/3931/3931 4314/3930/3930
f 4034/3881/3881 4308/3882/3882 4705/3932/3932 4434/3931/3931
f 4308/3882/3882 4424/3883/3883 3171/3933/3933 4705/3932/3932
f 4424/3883/3883 4699/3884/3884 3172/3934/3934 3171/3933/3933
f 4699/3884/3884 3149/3885/3885 3173/3935/3935 3172/3934/3934
f 3149/3885/3885 3150/3886/3886 3607/3936/3936 3173/3935/3935
f 3150/3886/3886 3151/3887/3887 4046/3937/3937 3607/3936/3936
f 3151/3887/3887 3599/3888/3888 4315/3938/3938 4046/3937/3937
f 3599/3888/3888 4036/3889/3889 4435/3939/3939 4315/3938/3938
f 4036/3889/3889 4309/3890/3890 4706/3940/3940 4435/3939/3939
f 4309/3890/3890 4426/3891/3891 3176/3941/3941 4706/3940/3940
f 4426/3891/3891 4700/3892/3892 3177/3942/3942 3176/3941/3941
f 4700/3892/3892 3152/3893/3893 3178/3943/3943 3177/3942/3942
f 3152/3893/3893 3153/3894/3894 3609/3944/3944 3178/3943/3943
f 3153/3894/3894 3154/3895/3895 4047/3945/3945 3609/3944/3944
f 3154/3895/3895 3600/3896/3896 4316/3946/3946 4047/3945/3945
f 3600/3896/3896 4037/3897/3897 4436/3947/3947 4316/3946/3946
f 4037/3897/3897 4310/3898/3898 4707/3948/3948 4436/3947/3947
f 4310/3898/3898 4427/3899/3899 3179/3949/3949 4707/3948/3948
f 4427/3899/3899 4701/3900/3900 3180/3950/3950 3179/3949/3949
f 3158/3902/3902 3159/3901/3901 3610/3951/3951 3181/3952/3952
f 3159/3901/3901 3160/3903/3903 4048/3953/3953 3610/3951/3951
f 3160/3903/3903 3601/3904/3904 4317/3954/3954 4048/3953/3953
f 3601/3904/3904 4039/3905/3905 4438/3955/3955 4317/3954/3954
f 4039/3905/3905 4311/3906/3906 4708/3956/3956 4438/3955/3955
f 4311/3906/3906 4428/3907/3907 3182/3957/3957 4708/3956/3956
f 4428/3907/3907 4702/3908/3908 3183/3958/3958 3182/3957/3957
f 4702/3908/3908 3162/3909/3909 3184/3959/3959 3183/3958/3958
f 3162/3909/3909 3163/3910/3910 3611/3960/3960 3184/3959/3959
f 3163/3910/3910 3164/3911/3911 4049/3961/3961 3611/3960/3960
f 3164/3911/3911 3604/3912/3912 4318/3962/3962 4049/3961/3961
f 3604/3912/3912 4041/3913/3913 4440/3963/3963 4318/3962/3962
f 4041/3913/3913 4312/3914/3914 4709/3964/3964 4440/3963/3963
f 4312/3914/3914 4430/3915/3915 3185/3965/3965 4709/3964/3964
f 4430/3915/3915 4703/3916/3916 3186/3966/3966 3185/3965/3965
f 4703/3916/3916 3165/3917/3917 3187/3967/3967 3186/3966/3966
f 3165/3917/3917 3166/3918/3918 3613/3968/3968 3187/3967/3967
f 3166/3918/3918 3167/3919/3919 4050/3969/3969 3613/3968/3968
f 3167/3919/3919 3605/3920/3920 4319/3970/3970 4050/3969/3969
f 3605/3920/3920 4043/3921/3921 4441/3971/3971 4319/3970/3970
f 4043/3921/3921 4313/3922/3922 4710/3972/3972 4441/3971/3971
f 4313/3922/3922 4432/3923/3923 3188/3973/3973 4710/3972/3972
f 4432/3923/3923 4704/3924/3924 3189/3974/3974 3188/3973/3973
f 4704/3924/3924 3168/3925/3925 3190/3975/3975 3189/3974/3974
f 3168/3925/3925 3169/3926/3926 3614/3976/3976 3190/3975/3975
f 3169/3926/3926 3170/3927/3927 4051/3977/3977 3614/3976/3976
f 3170/3927/3927 3606/3928/3928 4320/3978/3978 4051/3977/3977
f 3606/3928/3928 4045/3929/3929 4442/3979/3979 4320/3978/3978
f 4045/3929/3929 4314/3930/3930 4711/3980/3980 4442/3979/3979
f 4314/3930/3930 4434/3931/3931 3191/3981/3981 4711/3980/3980
f 4434/3931/3931 4705/3932/3932 3192/3982/3982 3191/3981/3981
f 4705/3932/3932 3171/3933/3933 3193/3983/3983 3192/3982/3982
f 3171/3933/3933 3172/3934/3934 3615/3984/3984 3193/3983/3983
f 3172/3934/3934 3173/3935/3935 4052/3985/3985 3615/3984/3984
f 3173/3935/3935 3607/3936/3936 4321/3986/3986 4052/3985/3985
f 3607/3936/3936 4046/3937/3937 4443/3987/3987 4321/3986/3986
f 4046/3937/3937 4315/3938/3938 4712/3988/3988 4443/3987/3987
f 4315/3938/3938 4435/3939/3939 3194/3989/3989 4712/3988/3988
f 4435/3939/3939 4706/3940/3940 3195/3990/3990 3194/3989/3989
f 4706/3940/3940 3176/3941/3941 3196/3991/3991 3195/3990/3990
f 3176/3941/3941 3177/3942/3942 3618/3992/3992 3196/3991/3991
f 3177/3942/3942 3178/3943/3943 4053/3993/3993 3618/3992/3992
f 3178/3943/3943 3609/3944/3944 4323/3994/3994 4053/3993/3993
f 3609/3944/3944 4047/3945/3945 4444/3995/3995 4323/3994/3994
f 4047/3945/3945 4316/3946/3946 4713/3996/3996 4444/3995/3995
f 4316/3946/3946 4436/3947/3947 3197/3997/3997 4713/3996/3996
f 4436/3947/3947 4707/3948/3948 3198/3998/3998 3197/3997/3997
f 4707/3948/3948 3179/3949/3949 3199/3999/3999 3198/3998/3998
f 3179/3949/3949 3180/3950/3950 3619/4000/4000 3199/3999/3999
f 3181/3952/3952 3610/3951/3951 4325/4001/4001 4054/4002/4002
f 3610/3951/3951 4048/3953/3953 4445/4003/4003 4325/4001/4001
f 4048/3953/3953 4317/3954/3954 4714/4004/4004 4445/4003/4003
f 4317/3954/3954 4438/3955/3955 3200/4005/4005 4714/4004/4004
f 4438/3955/3955 4708/3956/3956 3201/4006/4006 3200/4005/4005
f 4708/3956/3956 3182/3957/3957 3202/4007/4007 3201/4006/4006
f 3182/3957/3957 3183/3958/3958 3620/4008/4008 3202/4007/4007
f 3183/3958/3958 3184/3959/3959 4055/4009/4009 3620/4008/4008
f 3184/3959/3959 3611/3960/3960 4326/4010/4010 4055/4009/4009
f 3611/3960/3960 4049/3961/3961 4446/4011/4011 4326/4010/4010
f 4049/3961/3961 4318/3962/3962 4715/4012/4012 4446/4011/4011
f 4318/3962/3962 4440/3963/3963 3203/4013/4013 4715/4012/4012
f 4440/3963/3963 4709/3964/3964 3204/4014/4014 3203/4013/4013
f 4709/3964/3964 3185/3965/3965 3205/4015/4015 3204/4014/4014
f 3185/3965/3965 3186/3966/3966 3621/4016/4016 3205/4015/4015
f 3186/3966/3966 3187/3967/3967 4056/4017/4017 3621/4016/4016
f 3187/3967/3967 3613/3968/3968 4328/4018/4018 4056/4017/4017
f 3613/3968/3968 4050/3969/3969 4447/4019/4019 4328/4018/4018
f 4050/3969/3969 4319/3970/3970 4717/4020/4020 4447/4019/4019
f 4319/3970/3970 4441/3971/3971 3206/4021/4021 4717/4020/4020
f 4441/3971/3971 4710/3972/3972 3207/4022/4022 3206/4021/4021
f 4710/3972/3972 3188/3973/3973 3208/4023/4023 3207/4022/4022
f 3188/3973/3973 3189/3974/3974 3622/4024/4024 3208/4023/4023
f 3189/3974/3974 3190/3975/3975 4057/4025/4025 3622/4024/4024
f 3190/3975/3975 3614/3976/3976 4329/4026/4026 4057/4025/4025
f 3614/3976/3976 4051/3977/3977 4448/4027/4027 4329/4026/4026
f 4051/3977/3977 4320/3978/3978 4718/4028/4028 4448/4027/4027
f 4320/3978/3978 4442/3979/3979 3209/4029/4029 4718/4028/4028
f 4442/3979/3979 4711/3980/3980 3210/4030/4030 3209/4029/4029
f 4711/3980/3980 3191/3981/3981 3211/4031/4031 3210/4030/4030
f 3191/3981/3981 3192/3982/3982 3623/4032/4032 3211/4031/4031
f 3192/3982/3982 3193/3983/3983 4058/4033/4033 3623/4032/4032
f 3193/3983/3983 3615/3984/3984 4330/4034/4034 4058/4033/4033
f 3615/3984/3984 4052/3985/3985 4449/4035/4035 4330/4034/4034
f 4052/3985/3985 4321/3986/3986 4719/4036/4036 4449/4035/4035
f 4321/3986/3986 4443/3987/3987 3212/4037/4037 4719/4036/4036
f 4443/3987/3987 4712/3988/3988 3213/4038/4038 3212/4037/4037
f 4712/3988/3988 3194/3989/3989 3214/4039/4039 3213/4038/4038
f 3194/3989/3989 3195/3990/3990 3708/4040/4040 3214/4039/4039
f 3195/3990/3990 3196/3991/3991 3903/4041/4041 3708/4040/4040
f 3196/3991/3991 3618/3992/3992 4260/4042/4042 3903/4041/4041
f 3618/3992/3992 4053/3993/3993 4451/4043/4043 4260/4042/4042
f 4053/3993/3993 4323/3994/3994 4804/4044/4044 4451/4043/4043
f 4323/3994/3994 4444/3995/3995 3218/4045/4045 4804/4044/4044
f 4444/3995/3995 4713/3996/3996 3219/4046/4046 3218/4045/4045
f 4713/3996/3996 3197/3997/3997 3220/4047/4047 3219/4046/4046
f 3197/3997/3997 3198/3998/3998 3709/4048/4048 3220/4047/4047
f 3198/3998/3998 3199/3999/3999 3904/4049/4049 3709/4048/4048
f 3199/3999/3999 3619/4000/4000 4261/4050/4050 3904/4049/4049
f 4054/4002/4002 4325/4001/4001 4805/4051/4051 4452/4052/4052
f 4325/4001/4001 4445/4003/4003 3221/4053/4053 4805/4051/4051
f 4445/4003/4003 4714/4004/4004 3222/4054/4054 3221/4053/4053
f 4714/4004/4004 3200/4005/4005 3223/4055/4055 3222/4054/4054
f 3200/4005/4005 3201/4006/4006 3710/4056/4056 3223/4055/4055
f 3201/4006/4006 3202/4007/4007 3906/4057/4057 3710/4056/4056
f 3202/4007/4007 3620/4008/4008 4262/4058/4058 3906/4057/4057
f 3620/4008/4008 4055/4009/4009 4453/4059/4059 4262/4058/4058
f 4055/4009/4009 4326/4010/4010 4807/4060/4060 4453/4059/4059
f 4326/4010/4010 4446/4011/4011 3224/4061/4061 4807/4060/4060
f 4446/4011/4011 4715/4012/4012 3225/4062/4062 3224/4061/4061
f 4715/4012/4012 3203/4013/4013 3226/4063/4063 3225/4062/4062
f 3203/4013/4013 3204/4014/4014 3711/4064/4064 3226/4063/4063
f 3204/4014/4014 3205/4015/4015 3907/4065/4065 3711/4064/4064
f 3205/4015/4015 3621/4016/4016 4263/4066/4066 3907/4065/4065
f 3621/4016/4016 4056/4017/4017 4454/4067/4067 4263/4066/4066
f 4056/4017/4017 4328/4018/4018 4808/4068/4068 4454/4067/4067
f 4328/4018/4018 4447/4019/4019 3230/4069/4069 4808/4068/4068
f 4447/4019/4019 4717/4020/4020 3231/4070/4070 3230/4069/4069
f 4717/4020/4020 3206/4021/4021 3232/4071/4071 3231/4070/4070
f 3206/4021/4021 3207/4022/4022 3712/4072/4072 3232/4071/4071
f 3207/4022/4022 3208/4023/4023 3908/4073/4073 3712/4072/4072
f 3208/4023/4023 3622/4024/4024 4264/4074/4074 3908/4073/4073
f 3622/4024/4024 4057/4025/4025 4455/4075/4075 4264/4074/4074
f 4057/4025/4025 4329/4026/4026 4809/4076/4076 4455/4075/4075
f 4329/4026/4026 4448/4027/4027 3233/4077/4077 4809/4076/4076
f 4448/4027/4027 4718/4028/4028 3234/4078/4078 3233/4077/4077
f 4718/4028/4028 3209/4029/4029 3235/4079/4079 3234/4078/4078
f 3209/4029/4029 3210/4030/4030 3714/4080/4080 3235/4079/4079
f 3210/4030/4030 3211/4031/4031 3910/4081/4081 3714/4080/4080
f 3211/4031/4031 3623/4032/4032 4265/4082/4082 3910/4081/4081
f 3623/4032/4032 4058/4033/4033 4456/4083/4083 4265/4082/4082
f 4058/4033/4033 4330/4034/4034 4811/4084/4084 4456/4083/4083
f 4330/4034/4034 4449/4035/4035 3239/4085/4085 4811/4084/4084
f 4449/4035/4035 4719/4036/4036 3240/4086/4086 3239/4085/4085
f 4719/4036/4036 3212/4037/4037 3241/4087/4087 3240/4086/4086
f 3212/4037/4037 3213/4038/4038 3715/4088/4088 3241/4087/4087
f 3213/4038/4038 3214/4039/4039 3911/4089/4089 3715/4088/4088
f 3214/4039/4039 3708/4040/4040 4267/4090/4090 3911/4089/4089
f 3708/4040/4040 3903/4041/4041 4457/4091/4091 4267/4090/4090
f 3903/4041/4041 4260/4042/4042 4812/4092/4092 4457/4091/4091
f 4260/4042/4042 4451/4043/4043 3242/4093/4093 4812/4092/4092
f 4451/4043/4043 4804/4044/4044 3243/4094/4094 3242/4093/4093
f 4804/4044/4044 3218/4045/4045 3244/4095/4095 3243/4094/4094
f 3218/4045/4045 3219/4046/4046 3716/4096/4096 3244/4095/4095
f 3219/4046/4046 3220/4047/4047 3912/4097/4097 3716/4096/4096
f 3220/4047/4047 3709/4048/4048 4268/4098/4098 3912/4097/4097
f 3709/4048/4048 3904/4049/4049 4459/4099/4099 4268/4098/4098
f 3904/4049/4049 4261/4050/4050 4813/4100/4100 4459/4099/4099
f 4452/4052/4052 4805/4051/4051 3246/4101/4101 3245/4102/4102
f 4805/4051/4051 3221/4053/4053 3247/4103/4103 3246/4101/4101
f 3221/4053/4053 3222/4054/4054 3718/4104/4104 3247/4103/4103
f 3222/4054/4054 3223/4055/4055 3913/4105/4105 3718/4104/4104
f 3223/4055/4055 3710/4056/4056 4269/4106/4106 3913/4105/4105
f 3710/4056/4056 3906/4057/4057 4460/4107/4107 4269/4106/4106
f 3906/4057/4057 4262/4058/4058 4814/4108/4108 4460/4107/4107
f 4262/4058/4058 4453/4059/4059 3251/4109/4109 4814/4108/4108
f 4453/4059/4059 4807/4060/4060 3252/4110/4110 3251/4109/4109
f 4807/4060/4060 3224/4061/4061 3253/4111/4111 3252/4110/4110
f 3224/4061/4061 3225/4062/4062 3719/4112/4112 3253/4111/4111
f 3225/4062/4062 3226/4063/4063 3914/4113/4113 3719/4112/4112
f 3226/4063/4063 3711/4064/4064 4271/4114/4114 3914/4113/4113
f 3711/4064/4064 3907/4065/4065 4461/4115/4115 4271/4114/4114
f 3907/4065/4065 4263/4066/4066 4815/4116/4116 4461/4115/4115
f 4263/4066/4066 4454/4067/4067 3254/4117/4117 4815/4116/4116
f 4454/4067/4067 4808/4068/4068 3255/4118/4118 3254/4117/4117
f 4808/4068/4068 3230/4069/4069 3256/4119/4119 3255/4118/4118
f 3230/4069/4069 3231/4070/4070 3720/4120/4120 3256/4119/4119
f 3231/4070/4070 3232/4071/4071 3915/4121/4121 3720/4120/4120
f 3232/4071/4071 3712/4072/4072 4272/4122/4122 3915/4121/4121
f 3712/4072/4072 3908/4073/4073 4463/4123/4123 4272/4122/4122
f 3908/4073/4073 4264/4074/4074 4816/4124/4124 4463/4123/4123
f 4264/4074/4074 4455/4075/4075 3257/4125/4125 4816/4124/4124
f 4455/4075/4075 4809/4076/4076 3258/4126/4126 3257/4125/4125
f 4809/4076/4076 3233/4077/4077 3259/4127/4127 3258/4126/4126
f 3233/4077/4077 3234/4078/4078 3721/4128/4128 3259/4127/4127
f 3234/4078/4078 3235/4079/4079 3917/4129/4129 3721/4128/4128
f 3235/4079/4079 3714/4080/4080 4273/4130/4130 3917/4129/4129
f 3714/4080/4080 3910/4081/4081 4464/4131/4131 4273/4130/4130
f 3910/4081/4081 4265/4082/4082 4818/4132/4132 4464/4131/4131
f 4265/4082/4082 4456/4083/4083 3260/4133/4133 4818/4132/4132
f 4456/4083/4083 4811/4084/4084 3261/4134/4134 3260/4133/4133
f 4811/4084/4084 3239/4085/4085 3262/4135/4135 3261/4134/4134
f 3239/4085/4085 3240/4086/4086 3722/4136/4136 3262/4135/4135
f 3240/4086/4086 3241/4087/4087 3918/4137/4137 3722/4136/4136
f 3241/4087/4087 3715/4088/4088 4274/4138/4138 3918/4137/4137
f 3715/4088/4088 3911/4089/4089 4466/4139/4139 4274/4138/4138
f 3911/4089/4089 4267/4090/4090 4819/4140/4140 4466/4139/4139
f 4267/4090/4090 4457/4091/4091 3265/4141/4141 4819/4140/4140
f 4457/4091/4091 4812/4092/4092 3266/4142/4142 3265/4141/4141
f 4812/4092/4092 3242/4093/4093 3267/4143/4143 3266/4142/4142
f 3242/4093/4093 3243/4094/4094 3723/4144/4144 3267/4143/4143
f 3243/4094/4094 3244/4095/4095 3919/4145/4145 3723/4144/4144
f 3244/4095/4095 3716/4096/4096 4275/4146/4146 3919/4145/4145
f 3716/4096/4096 3912/4097/4097 4467/4147/4147 4275/4146/4146
f 3912/4097/4097 4268/4098/4098 4820/4148/4148 4467/4147/4147
f 4268/4098/4098 4459/4099/4099 3268/4149/4149 4820/4148/4148
f 4459/4099/4099 4813/4100/4100 3269/4150/4150 3268/4149/4149
f 3245/4102/4102 3246/4101/4101 3724/4151/4151 3270/4152/4152
f 3246/4101/4101 3247/4103/4103 3921/4153/4153 3724/4151/4151
f 3247/4103/4103 3718/4104/4104 4276/4154/4154 3921/4153/4153
f 3718/4104/4104 3913/4105/4105 4468/4155/4155 4276/4154/4154
f 3913/4105/4105 4269/4106/4106 4822/4156/4156 4468/4155/4155
f 4269/4106/4106 4460/4107/4107 3271/4157/4157 4822/4156/4156
f 4460/4107/4107 4814/4108/4108 3272/4158/4158 3271/4157/4157
f 4814/4108/4108 3251/4109/4109 3273/4159/4159 3272/4158/4158
f 3251/4109/4109 3252/4110/4110 3725/4160/4160 3273/4159/4159
f 3252/4110/4110 3253/4111/4111 3922/4161/4161 3725/4160/4160
f 3253/4111/4111 3719/4112/4112 4277/4162/4162 3922/4161/4161
f 3719/4112/4112 3914/4113/4113 4470/4163/4163 4277/4162/4162
f 3914/4113/4113 4271/4114/4114 4823/4164/4164 4470/4163/4163
f 4271/4114/4114 4461/4115/4115 3274/4165/4165 4823/4164/4164
f 4461/4115/4115 4815/4116/4116 3275/4166/4166 3274/4165/4165
f 4815/4116/4116 3254/4117/4117 3276/4167/4167 3275/4166/4166
f 3254/4117/4117 3255/4118/4118 3726/4168/4168 3276/4167/4167
f 3255/4118/4118 3256/4119/4119 3923/4169/4169 3726/4168/4168
f 3256/4119/4119 3720/4120/4120 4278/4170/4170 3923/4169/4169
f 3720/4120/4120 3915/4121/4121 4471/4171/4171 4278/4170/4170
f 3915/4121/4121 4272/4122/4122 4824/4172/4172 4471/4171/4171
f 4272/4122/4122 4463/4123/4123 3277/4173/4173 4824/4172/4172
f 4463/4123/4123 4816/4124/4124 3278/4174/4174 3277/4173/4173
f 4816/4124/4124 3257/4125/4125 3279/4175/4175 3278/4174/4174
f 3257/4125/4125 3258/4126/4126 3728/4176/4176 3279/4175/4175
f 3258/4126/4126 3259/4127/4127 3924/4177/4177 3728/4176/4176
f 3259/4127/4127 3721/4128/4128 4279/4178/4178 3924/4177/4177
f 3721/4128/4128 3917/4129/4129 4472/4179/4179 4279/4178/4178
f 3917/4129/4129 4273/4130/4130 4825/4180/4180 4472/4179/4179
f 4273/4130/4130 4464/4131/4131 3280/4181/4181 4825/4180/4180
f 4464/4131/4131 4818/4132/4132 3281/4182/4182 3280/4181/4181
f 4818/4132/4132 3260/4133/4133 3282/4183/4183 3281/4182/4182
f 3260/4133/4133 3261/4134/4134 3729/4184/4184 3282/4183/4183
f 3261/4134/4134 3262/4135/4135 3925/4185/4185 3729/4184/4184
f 3262/4135/4135 3722/4136/4136 4280/4186/4186 3925/4185/4185
f 3722/4136/4136 3918/4137/4137 4473/4187/4187 4280/4186/4186
f 3918/4137/4137 4274/4138/4138 4826/4188/4188 4473/4187/4187
f 4274/4138/4138 4466/4139/4139 3283/4189/4189 4826/4188/4188
f 4466/4139/4139 4819/4140/4140 3284/4190/4190 3283/4189/4189
f 4819/4140/4140 3265/4141/4141 3285/4191/4191 3284/4190/4190
f 3265/4141/4141 3266/4142/4142 3730/4192/4192 3285/4191/4191
f 3266/4142/4142 3267/4143/4143 3926/4193/4193 3730/4192/4192
f 3267/4143/4143 3723/4144/4144 4281/4194/4194 3926/4193/4193
f 3723/4144/4144 3919/4145/4145 4474/4195/4195 4281/4194/4194
f 3919/4145/4145 4275/4146/4146 4827/4196/4196 4474/4195/4195
f 4275/4146/4146 4467/4147/4147 3288/4197/4197 4827/4196/4196
f 4467/4147/4147 4820/4148/4148 3289/4198/4198 3288/4197/4197
f 4820/4148/4148 3268/4149/4149 3290/4199/4199 3289/4198/4198
f 3268/4149/4149 3269/4150/4150 3732/4200/4200 3290/4199/4199
f 3270/4152/4152 3724/4151/4151 4282/4201/4201 3927/4202/4202
f 3724/4151/4151 3921/4153/4153 4475/4203/4203 4282/4201/4201
f 3921/4153/4153 4276/4154/4154 4828/4204/4204 4475/4203/4203
f 4276/4154/4154 4468/4155/4155 3291/4205/4205 4828/4204/4204
f 4468/4155/4155 4822/4156/4156 3292/4206/4206 3291/4205/4205
f 4822/4156/4156 3271/4157/4157 3293/4207/4207 3292/4206/4206
f 3271/4157/4157 3272/4158/4158 3733/4208/4208 3293/4207/4207
f 3272/4158/4158 3273/4159/4159 3928/4209/4209 3733/4208/4208
f 3273/4159/4159 3725/4160/4160 4283/4210/4210 3928/4209/4209
f 3725/4160/4160 3922/4161/4161 4476/4211/4211 4283/4210/4210
f 3922/4161/4161 4277/4162/4162 4830/4212/4212 4476/4211/4211
f 4277/4162/4162 4470/4163/4163 3294/4213/4213 4830/4212/4212
f 4470/4163/4163 4823/4164/4164 3295/4214/4214 3294/4213/4213
f 4823/4164/4164 3274/4165/4165 3296/4215/4215 3295/4214/4214
f 3274/4165/4165 3275/4166/4166 3735/4216/4216 3296/4215/4215
f 3275/4166/4166 3276/4167/4167 3929/4217/4217 3735/4216/4216
f 3276/4167/4167 3726/4168/4168 4284/4218/4218 3929/4217/4217
f 3726/4168/4168 3923/4169/4169 4477/4219/4219 4284/4218/4218
f 3923/4169/4169 4278/4170/4170 4831/4220/4220 4477/4219/4219
f 4278/4170/4170 4471/4171/4171 3297/4221/4221 4831/4220/4220
f 4471/4171/4171 4824/4172/4172 3298/4222/4222 3297/4221/4221
f 4824/4172/4172 3277/4173/4173 3299/4223/4223 3298/4222/4222
f 3277/4173/4173 3278/4174/4174 3736/4224/4224 3299/4223/4223
f 3278/4174/4174 3279/4175/4175 3930/4225/4225 3736/4224/4224
f 3279/4175/4175 3728/4176/4176 4285/4226/4226 3930/4225/4225
f 3728/4176/4176 3924/4177/4177 4478/4227/4227 4285/4226/4226
f 3924/4177/4177 4279/4178/4178 4833/4228/4228 4478/4227/4227
f 4279/4178/4178 4472/4179/4179 3300/4229/4229 4833/4228/4228
f 4472/4179/4179 4825/4180/4180 3301/4230/4230 3300/4229/4229
f 4825/4180/4180 3280/4181/4181 3302/4231/4231 3301/4230/4230
f 3280/4181/4181 3281/4182/4182 3737/4232/4232 3302/4231/4231
f 3281/4182/4182 3282/4183/4183 3931/4233/4233 3737/4232/4232
f 3282/4183/4183 3729/4184/4184 4286/4234/4234 3931/4233/4233
f 3729/4184/4184 3925/4185/4185 4479/4235/4235 4286/4234/4234
f 3925/4185/4185 4280/4186/4186 4834/4236/4236 4479/4235/4235
f 4280/4186/4186 4473/4187/4187 3303/4237/4237 4834/4236/4236
f 4473/4187/4187 4826/4188/4188 3304/4238/4238 3303/4237/4237
f 4826/4188/4188 3283/4189/4189 3305/4239/4239 3304/4238/4238
f 3283/4189/4189 3284/4190/4190 3739/4240/4240 3305/4239/4239
f 3284/4190/4190 3285/4191/4191 3932/4241/4241 3739/4240/4240
f 3285/4191/4191 3730/4192/4192 4287/4242/4242 3932/4241/4241
f 3730/4192/4192 3926/4193/4193 4480/4243/4243 4287/4242/4242
f 3926/4193/4193 4281/4194/4194 4835/4244/4244 4480/4243/4243
f 4281/4194/4194 4474/4195/4195 3306/4245/4245 4835/4244/4244
f 4474/4195/4195 4827/4196/4196 3307/4246/4246 3306/4245/4245
f 4827/4196/4196 3288/4197/4197 3308/4247/4247 3307/4246/4246
f 3288/4197/4197 3289/4198/4198 3740/4248/4248 3308/4247/4247
f 3289/4198/4198 3290/4199/4199 3933/4249/4249 3740/4248/4248
f 3290/4199/4199 3732/4200/4200 4288/4250/4250 3933/4249/4249
f 3927/4202/4202 4282/4201/4201 4837/4251/4251 4481/4252/4252
f 4282/4201/4201 4475/4203/4203 3312/4253/4253 4837/4251/4251
f 4475/4203/4203 4828/4204/4204 3313/4254/4254 3312/4253/4253
f 4828/4204/4204 3291/4205/4205 3314/4255/4255 3313/4254/4254
f 3291/4205/4205 3292/4206/4206 3741/4256/4256 3314/4255/4255
f 3292/4206/4206 3293/4207/4207 3934/4257/4257 3741/4256/4256
f 3293/4207/4207 3733/4208/4208 4289/4258/4258 3934/4257/4257
f 3733/4208/4208 3928/4209/4209 4482/4259/4259 4289/4258/4258
f 3928/4209/4209 4283/4210/4210 4838/4260/4260 4482/4259/4259
f 4283/4210/4210 4476/4211/4211 3315/4261/4261 4838/4260/4260
f 4476/4211/4211 4830/4212/4212 3316/4262/4262 3315/4261/4261
f 4830/4212/4212 3294/4213/4213 3317/4263/4263 3316/4262/4262
f 3294/4213/4213 3295/4214/4214 3742/4264/4264 3317/4263/4263
f 3295/4214/4214 3296/4215/4215 3936/4265/4265 3742/4264/4264
f 3296/4215/4215 3735/4216/4216 4290/4266/4266 3936/4265/4265
f 3735/4216/4216 3929/4217/4217 4483/4267/4267 4290/4266/4266
f 3929/4217/4217 4284/4218/4218 4840/4268/4268 4483/4267/4267
f 4284/4218/4218 4477/4219/4219 3318/4269/4269 4840/4268/4268
f 4477/4219/4219 4831/4220/4220 3319/4270/4270 3318/4269/4269
f 4831/4220/4220 3297/4221/4221 3320/4271/4271 3319/4270/4270
f 3297/4221/4221 3298/4222/4222 3743/4272/4272 3320/4271/4271
f 3298/4222/4222 3299/4223/4223 3937/4273/4273 3743/4272/4272
f 3299/4223/4223 3736/4224/4224 4291/4274/4274 3937/4273/4273
f 3736/4224/4224 3930/4225/4225 4484/4275/4275 4291/4274/4274
f 3930/4225/4225 4285/4226/4226 4841/4276/4276 4484/4275/4275
f 4285/4226/4226 4478/4227/4227 3325/4277/4277 4841/4276/4276
f 4478/4227/4227 4833/4228/4228 3326/4278/4278 3325/4277/4277
f 4833/4228/4228 3300/4229/4229 3327/4279/4279 3326/4278/4278
f 3300/4229/4229 3301/4230/4230 3744/4280/4280 3327/4279/4279
f 3301/4230/4230 3302/4231/4231 3938/4281/4281 3744/4280/4280
f 3302/4231/4231 3737/4232/4232 4292/4282/4282 3938/4281/4281
f 3737/4232/4232 3931/4233/4233 4485/4283/4283 4292/4282/4282
f 3931/4233/4233 4286/4234/4234 4842/4284/4284 4485/4283/4283
f 4286/4234/4234 4479/4235/4235 3328/4285/4285 4842/4284/4284
f 4479/4235/4235 4834/4236/4236 3329/4286/4286 3328/4285/4285
f 4834/4236/4236 3303/4237/4237 3330/4287/4287 3329/4286/4286
f 3303/4237/4237 3304/4238/4238 3746/4288/4288 3330/4287/4287
f 3304/4238/4238 3305/4239/4239 3940/4289/4289 3746/4288/4288
f 3305/4239/4239 3739/4240/4240 4293/4290/4290 3940/4289/4289
f 3739/4240/4240 3932/4241/4241 4487/4291/4291 4293/4290/4290
f 3932/4241/4241 4287/4242/4242 4844/4292/4292 4487/4291/4291
f 4287/4242/4242 4480/4243/4243 3332/4293/4293 4844/4292/4292
f 4480/4243/4243 4835/4244/4244 3333/4294/4294 3332/4293/4293
f 4835/4244/4244 3306/4245/4245 3334/4295/4295 3333/4294/4294
f 3306/4245/4245 3307/4246/4246 3665/4296/4296 3334/4295/4295
f 3307/4246/4246 3308/4247/4247 3941/4297/4297 3665/4296/4296
f 3308/4247/4247 3740/4248/4248 4225/4298/4298 3941/4297/4297
f 3740/4248/4248 3933/4249/4249 4488/4299/4299 4225/4298/4298
f 3933/4249/4249 4288/4250/4250 4760/4300/4300 4488/4299/4299
f 4481/4252/4252 4837/4251/4251 3336/4301/4301 3335/4302/4302
f 4837/4251/4251 3312/4253/4253 3337/4303/4303 3336/4301/4301
f 3312/4253/4253 3313/4254/4254 3666/4304/4304 3337/4303/4303
f 3313/4254/4254 3314/4255/4255 3942/4305/4305 3666/4304/4304
f 3314/4255/4255 3741/4256/4256 4226/4306/4306 3942/4305/4305
f 3741/4256/4256 3934/4257/4257 4490/4307/4307 4226/4306/4306
f 3934/4257/4257 4289/4258/4258 4761/4308/4308 4490/4307/4307
f 4289/4258/4258 4482/4259/4259 3338/4309/4309 4761/4308/4308
f 4482/4259/4259 4838/4260/4260 3339/4310/4310 3338/4309/4309
f 4838/4260/4260 3315/4261/4261 3340/4311/4311 3339/4310/4310
f 3315/4261/4261 3316/4262/4262 3668/4312/4312 3340/4311/4311
f 3316/4262/4262 3317/4263/4263 3943/4313/4313 3668/4312/4312
f 3317/4263/4263 3742/4264/4264 4227/4314/4314 3943/4313/4313
f 3742/4264/4264 3936/4265/4265 4491/4315/4315 4227/4314/4314
f 3936/4265/4265 4290/4266/4266 4763/4316/4316 4491/4315/4315
f 4290/4266/4266 4483/4267/4267 3344/4317/4317 4763/4316/4316
f 4483/4267/4267 4840/4268/4268 3345/4318/4318 3344/4317/4317
f 4840/4268/4268 3318/4269/4269 3346/4319/4319 3345/4318/4318
f 3318/4269/4269 3319/4270/4270 3669/4320/4320 3346/4319/4319
f 3319/4270/4270 3320/4271/4271 3944/4321/4321 3669/4320/4320
f 3320/4271/4271 3743/4272/4272 4228/4322/4322 3944/4321/4321
f 3743/4272/4272 3937/4273/4273 4492/4323/4323 4228/4322/4322
f 3937/4273/4273 4291/4274/4274 4765/4324/4324 4492/4323/4323
f 4291/4274/4274 4484/4275/4275 3347/4325/4325 4765/4324/4324
f 4484/4275/4275 4841/4276/4276 3348/4326/4326 3347/4325/4325
f 4841/4276/4276 3325/4277/4277 3349/4327/4327 3348/4326/4326
f 3325/4277/4277 3326/4278/4278 3670/4328/4328 3349/4327/4327
f 3326/4278/4278 3327/4279/4279 3945/4329/4329 3670/4328/4328
f 3327/4279/4279 3744/4280/4280 4230/4330/4330 3945/4329/4329
f 3744/4280/4280 3938/4281/4281 4494/4331/4331 4230/4330/4330
f 3938/4281/4281 4292/4282/4282 4766/4332/4332 4494/4331/4331
f 4292/4282/4282 4485/4283/4283 3350/4333/4333 4766/4332/4332
f 4485/4283/4283 4842/4284/4284 3351/4334/4334 3350/4333/4333
f 4842/4284/4284 3328/4285/4285 3352/4335/4335 3351/4334/4334
f 3328/4285/4285 3329/4286/4286 3672/4336/4336 3352/4335/4335
f 3329/4286/4286 3330/4287/4287 3947/4337/4337 3672/4336/4336
f 3330/4287/4287 3746/4288/4288 4231/4338/4338 3947/4337/4337
f 3746/4288/4288 3940/4289/4289 4495/4339/4339 4231/4338/4338
f 3940/4289/4289 4293/4290/4290 4767/4340/4340 4495/4339/4339
f 4293/4290/4290 4487/4291/4291 3353/4341/4341 4767/4340/4340
f 4487/4291/4291 4844/4292/4292 3354/4342/4342 3353/4341/4341
f 4844/4292/4292 3332/4293/4293 3355/4343/4343 3354/4342/4342
f 3332/4293/4293 3333/4294/4294 3674/4344/4344 3355/4343/4343
f 3333/4294/4294 3334/4295/4295 3948/4345/4345 3674/4344/4344
f 3334/4295/4295 3665/4296/4296 4232/4346/4346 3948/4345/4345
f 3665/4296/4296 3941/4297/4297 4497/4347/4347 4232/4346/4346
f 3941/4297/4297 4225/4298/4298 4768/4348/4348 4497/4347/4347
f 4225/4298/4298 4488/4299/4299 3356/4349/4349 4768/4348/4348
f 4488/4299/4299 4760/4300/4300 3357/4350/4350 3356/4349/4349
f 3335/4302/4302 3336/4301/4301 3675/4351/4351 3358/4352/4352
f 3336/4301/4301 3337/4303/4303 3949/4353/4353 3675/4351/4351
f 3337/4303/4303 3666/4304/4304 4233/4354/4354 3949/4353/4353
f 3666/4304/4304 3942/4305/4305 4498/4355/4355 4233/4354/4354
f 3942/4305/4305 4226/4306/4306 4769/4356/4356 4498/4355/4355
f 4226/4306/4306 4490/4307/4307 3359/4357/4357 4769/4356/4356
f 4490/4307/4307 4761/4308/4308 3360/4358/4358 3359/4357/4357
f 4761/4308/4308 3338/4309/4309 3361/4359/4359 3360/4358/4358
f 3338/4309/4309 3339/4310/4310 3676/4360/4360 3361/4359/4359
f 3339/4310/4310 3340/4311/4311 3951/4361/4361 3676/4360/4360
f 3340/4311/4311 3668/4312/4312 4234/4362/4362 3951/4361/4361
f 3668/4312/4312 3943/4313/4313 4499/4363/4363 4234/4362/4362
f 3943/4313/4313 4227/4314/4314 4772/4364/4364 4499/4363/4363
f 4227/4314/4314 4491/4315/4315 3362/4365/4365 4772/4364/4364
f 4491/4315/4315 4763/4316/4316 3363/4366/4366 3362/4365/4365
f 4763/4316/4316 3344/4317/4317 3364/4367/4367 3363/4366/4366
f 3344/4317/4317 3345/4318/4318 3678/4368/4368 3364/4367/4367
f 3345/4318/4318 3346/4319/4319 3952/4369/4369 3678/4368/4368
f 3346/4319/4319 3669/4320/4320 4235/4370/4370 3952/4369/4369
f 3669/4320/4320 3944/4321/4321 4501/4371/4371 4235/4370/4370
f 3944/4321/4321 4228/4322/4322 4773/4372/4372 4501/4371/4371
f 4228/4322/4322 4492/4323/4323 3365/4373/4373 4773/4372/4372
f 4492/4323/4323 4765/4324/4324 3366/4374/4374 3365/4373/4373
f 4765/4324/4324 3347/4325/4325 3367/4375/4375 3366/4374/4374
f 3347/4325/4325 3348/4326/4326 3679/4376/4376 3367/4375/4375
f 3348/4326/4326 3349/4327/4327 3953/4377/4377 3679/4376/4376
f 3349/4327/4327 3670/4328/4328 4236/4378/4378 3953/4377/4377
f 3670/4328/4328 3945/4329/4329 4502/4379/4379 4236/4378/4378
f 3945/4329/4329 4230/4330/4330 4774/4380/4380 4502/4379/4379
f 4230/4330/4330 4494/4331/4331 3368/4381/4381 4774/4380/4380
f 4494/4331/4331 4766/4332/4332 3369/4382/4382 3368/4381/4381
f 4766/4332/4332 3350/4333/4333 3370/4383/4383 3369/4382/4382
f 3350/4333/4333 3351/4334/4334 3681/4384/4384 3370/4383/4383
f 3351/4334/4334 3352/4335/4335 3954/4385/4385 3681/4384/4384
f 3352/4335/4335 3672/4336/4336 4237/4386/4386 3954/4385/4385
f 3672/4336/4336 3947/4337/4337 4503/4387/4387 4237/4386/4386
f 3947/4337/4337 4231/4338/4338 4776/4388/4388 4503/4387/4387
f 4231/4338/4338 4495/4339/4339 3371/4389/4389 4776/4388/4388
f 4495/4339/4339 4767/4340/4340 3372/4390/4390 3371/4389/4389
f 4767/4340/4340 3353/4341/4341 3373/4391/4391 3372/4390/4390
f 3353/4341/4341 3354/4342/4342 3682/4392/4392 3373/4391/4391
f 3354/4342/4342 3355/4343/4343 3955/4393/4393 3682/4392/4392
f 3355/4343/4343 3674/4344/4344 4239/4394/4394 3955/4393/4393
f 3674/4344/4344 3948/4345/4345 4504/4395/4395 4239/4394/4394
f 3948/4345/4345 4232/4346/4346 4778/4396/4396 4504/4395/4395
f 4232/4346/4346 4497/4347/4347 3374/4397/4397 4778/4396/4396
f 4497/4347/4347 4768/4348/4348 3375/4398/4398 3374/4397/4397
f 4768/4348/4348 3356/4349/4349 3376/4399/4399 3375/4398/4398
f 3356/4349/4349 3357/4350/4350 3683/4400/4400 3376/4399/4399
f 3358/4352/4352 3675/4351/4351 4240/4401/4401 3956/4402/4402
f 3675/4351/4351 3949/4353/4353 4505/4403/4403 4240/4401/4401
f 3949/4353/4353 4233/4354/4354 4779/4404/4404 4505/4403/4403
f 4233/4354/4354 4498/4355/4355 3377/4405/4405 4779/4404/4404
f 4498/4355/4355 4769/4356/4356 3378/4406/4406 3377/4405/4405
f 4769/4356/4356 3359/4357/4357 3379/4407/4407 3378/4406/4406
f 3359/4357/4357 3360/4358/4358 3685/4408/4408 3379/4407/4407
f 3360/4358/4358 3361/4359/4359 3957/4409/4409 3685/4408/4408
f 3361/4359/4359 3676/4360/4360 4241/4410/4410 3957/4409/4409
f 3676/4360/4360 3951/4361/4361 4506/4411/4411 4241/4410/4410
f 3951/4361/4361 4234/4362/4362 4780/4412/4412 4506/4411/4411
f 4234/4362/4362 4499/4363/4363 3380/4413/4413 4780/4412/4412
f 4499/4363/4363 4772/4364/4364 3381/4414/4414 3380/4413/4413
f 4772/4364/4364 3362/4365/4365 3382/4415/4415 3381/4414/4414
f 3362/4365/4365 3363/4366/4366 3686/4416/4416 3382/4415/4415
f 3363/4366/4366 3364/4367/4367 3958/4417/4417 3686/4416/4416
f 3364/4367/4367 3678/4368/4368 4243/4418/4418 3958/4417/4417
f 3678/4368/4368 3952/4369/4369 4507/4419/4419 4243/4418/4418
f 3952/4369/4369 4235/4370/4370 4782/4420/4420 4507/4419/4419
f 4235/4370/4370 4501/4371/4371 3383/4421/4421 4782/4420/4420
f 4501/4371/4371 4773/4372/4372 3384/4422/4422 3383/4421/4421
f 4773/4372/4372 3365/4373/4373 3385/4423/4423 3384/4422/4422
f 3365/4373/4373 3366/4374/4374 3687/4424/4424 3385/4423/4423
f 3366/4374/4374 3367/4375/4375 3959/4425/4425 3687/4424/4424
f 3367/4375/4375 3679/4376/4376 4244/4426/4426 3959/4425/4425
f 3679/4376/4376 3953/4377/4377 4508/4427/4427 4244/4426/4426
f 3953/4377/4377 4236/4378/4378 4783/4428/4428 4508/4427/4427
f 4236/4378/4378 4502/4379/4379 3386/4429/4429 4783/4428/4428
f 4502/4379/4379 4774/4380/4380 3387/4430/4430 3386/4429/4429
f 4774/4380/4380 3368/4381/4381 3388/4431/4431 3387/4430/4430
f 3368/4381/4381 3369/4382/4382 3688/4432/4432 3388/4431/4431
f 3369/4382/4382 3370/4383/4383 3960/4433/4433 3688/4432/4432
f 3370/4383/4383 3681/4384/4384 4245/4434/4434 3960/4433/4433
f 3681/4384/4384 3954/4385/4385 4509/4435/4435 4245/4434/4434
f 3954/4385/4385 4237/4386/4386 4785/4436/4436 4509/4435/4435
f 4237/4386/4386 4503/4387/4387 3390/4437/4437 4785/4436/4436
f 4503/4387/4387 4776/4388/4388 3391/4438/4438 3390/4437/4437
f 4776/4388/4388 3371/4389/4389 3392/4439/4439 3391/4438/4438
f 3371/4389/4389 3372/4390/4390 3689/4440/4440 3392/4439/4439
f 3372/4390/4390 3373/4391/4391 3961/4441/4441 3689/4440/4440
f 3373/4391/4391 3682/4392/4392 4246/4442/4442 3961/4441/4441
f 3682/4392/4392 3955/4393/4393 4510/4443/4443 4246/4442/4442
f 3955/4393/4393 4239/4394/4394 4786/4444/4444 4510/4443/4443
f 4239/4394/4394 4504/4395/4395 3393/4445/4445 4786/4444/4444
f 4504/4395/4395 4778/4396/4396 3394/4446/4446 3393/4445/4445
f 4778/4396/4396 3374/4397/4397 3395/4447/4447 3394/4446/4446
f 3374/4397/4397 3375/4398/4398 3690/4448/4448 3395/4447/4447
f 3375/4398/4398 3376/4399/4399 3962/4449/4449 3690/4448/4448
f 3376/4399/4399 3683/4400/4400 4247/4450/4450 3962/4449/4449
f 3956/4402/4402 4240/4401/4401 4787/4451/4451 4511/4452/4452
f 4240/4401/4401 4505/4403/4403 3396/4453/4453 4787/4451/4451
f 4505/4403/4403 4779/4404/4404 3397/4454/4454 3396/4453/4453
f 4779/4404/4404 3377/4405/4405 3398/4455/4455 3397/4454/4454
f 3377/4405/4405 3378/4406/4406 3691/4456/4456 3398/4455/4455
f 3378/4406/4406 3379/4407/4407 3963/4457/4457 3691/4456/4456
f 3379/4407/4407 3685/4408/4408 4248/4458/4458 3963/4457/4457
f 3685/4408/4408 3957/4409/4409 4512/4459/4459 4248/4458/4458
f 3957/4409/4409 4241/4410/4410 4789/4460/4460 4512/4459/4459
f 4241/4410/4410 4506/4411/4411 3401/4461/4461 4789/4460/4460
f 4506/4411/4411 4780/4412/4412 3402/4462/4462 3401/4461/4461
f 4780/4412/4412 3380/4413/4413 3403/4463/4463 3402/4462/4462
f 3380/4413/4413 3381/4414/4414 3692/4464/4464 3403/4463/4463
f 3381/4414/4414 3382/4415/4415 3964/4465/4465 3692/4464/4464
f 3382/4415/4415 3686/4416/4416 4249/4466/4466 3964/4465/4465
f 3686/4416/4416 3958/4417/4417 4513/4467/4467 4249/4466/4466
f 3958/4417/4417 4243/4418/4418 4790/4468/4468 4513/4467/4467
f 4243/4418/4418 4507/4419/4419 3405/4469/4469 4790/4468/4468
f 4507/4419/4419 4782/4420/4420 3406/4470/4470 3405/4469/4469
f 4782/4420/4420 3383/4421/4421 3407/4471/4471 3406/4470/4470
f 3383/4421/4421 3384/4422/4422 3694/4472/4472 3407/4471/4471
f 3384/4422/4422 3385/4423/4423 3966/4473/4473 3694/4472/4472
f 3385/4423/4423 3687/4424/4424 4250/4474/4474 3966/4473/4473
f 3687/4424/4424 3959/4425/4425 4514/4475/4475 4250/4474/4474
f 3959/4425/4425 4244/4426/4426 4791/4476/4476 4514/4475/4475
f 4244/4426/4426 4508/4427/4427 3408/4477/4477 4791/4476/4476
f 4508/4427/4427 4783/4428/4428 3409/4478/4478 3408/4477/4477
f 4783/4428/4428 3386/4429/4429 3410/4479/4479 3409/4478/4478
f 3386/4429/4429 3387/4430/4430 3696/4480/4480 3410/4479/4479
f 3387/4430/4430 3388/4431/4431 3967/4481/4481 3696/4480/4480
f 3388/4431/4431 3688/4432/4432 4251/4482/4482 3967/4481/4481
f 3688/4432/4432 3960/4433/4433 4515/4483/4483 4251/4482/4482
f 3960/4433/4433 4245/4434/4434 4793/4484/4484 4515/4483/4483
f 4245/4434/4434 4509/4435/4435 3413/4485/4485 4793/4484/4484
f 4509/4435/4435 4785/4436/4436 3414/4486/4486 3413/4485/4485
f 4785/4436/4436 3390/4437/4437 3415/4487/4487 3414/4486/4486
f 3390/4437/4437 3391/4438/4438 3697/4488/4488 3415/4487/4487
f 3391/4438/4438 3392/4439/4439 3968/4489/4489 3697/4488/4488
f 3392/4439/4439 3689/4440/4440 4252/4490/4490 3968/4489/4489
f 3689/4440/4440 3961/4441/4441 4516/4491/4491 4252/4490/4490
f 3961/4441/4441 4246/4442/4442 4794/4492/4492 4516/4491/4491
f 4246/4442/4442 4510/4443/4443 3416/4493/4493 4794/4492/4492
f 4510/4443/4443 4786/4444/4444 3417/4494/4494 3416/4493/4493
f 4786/4444/4444 3393/4445/4445 3418/4495/4495 3417/4494/4494
f 3393/4445/4445 3394/4446/4446 3698/4496/4496 3418/4495/4495
f 3394/4446/4446 3395/4447/4447 3970/4497/4497 3698/4496/4496
f 3395/4447/4447 3690/4448/4448 4253/4498/4498 3970/4497/4497
f 3690/4448/4448 3962/4449/4449 4517/4499/4499 4253/4498/4498
f 3962/4449/4449 4247/4450/4450 4795/4500/4500 4517/4499/4499
f 4511/4452/4452 4787/4451/4451 3420/4501/4501 2503/4502/4502
f 4787/4451/4451 3396/4453/4453 3421/4503/4503 3420/4501/4501
f 3396/4453/4453 3397/4454/4454 3700/4504/4504 3421/4503/4503
f 3397/4454/4454 3398/4455/4455 3971/4505/4505 3700/4504/4504
f 3398/4455/4455 3691/4456/4456 4254/4506/4506 3971/4505/4505
f 3691/4456/4456 3963/4457/4457 4518/4507/4507 4254/4506/4506
f 3963/4457/4457 4248/4458/4458 4796/4508/4508 4518/4507/4507
f 4248/4458/4458 4512/4459/4459 2507/4509/4509 4796/4508/4508
f 4512/4459/4459 4789/4460/4460 3422/4510/4510 2507/4509/4509
f 4789/4460/4460 3401/4461/4461 3423/4511/4511 3422/4510/4510
f 3401/4461/4461 3402/4462/4462 3701/4512/4512 3423/4511/4511
f 3402/4462/4462 3403/4463/4463 3973/4513/4513 3701/4512/4512
f 3403/4463/4463 3692/4464/4464 4255/4514/4514 3973/4513/4513
f 3692/4464/4464 3964/4465/4465 4520/4515/4515 4255/4514/4514
f 3964/4465/4465 4249/4466/4466 4797/4516/4516 4520/4515/4515
f 4249/4466/4466 4513/4467/4467 2511/4517/4517 4797/4516/4516
f 4513/4467/4467 4790/4468/4468 3424/4518/4518 2511/4517/4517
f 4790/4468/4468 3405/4469/4469 3425/4519/4519 3424/4518/4518
f 3405/4469/4469 3406/4470/4470 3703/4520/4520 3425/4519/4519
f 3406/4470/4470 3407/4471/4471 3974/4521/4521 3703/4520/4520
f 3407/4471/4471 3694/4472/4472 4256/4522/4522 3974/4521/4521
f 3694/4472/4472 3966/4473/4473 4521/4523/4523 4256/4522/4522
f 3966/4473/4473 4250/4474/4474 4798/4524/4524 4521/4523/4523
f 4250/4474/4474 4514/4475/4475 2515/4525/4525 4798/4524/4524
f 4514/4475/4475 4791/4476/4476 3427/4526/4526 2515/4525/4525
f 4791/4476/4476 3408/4477/4477 3428/4527/4527 3427/4526/4526
f 3408/4477/4477 3409/4478/4478 3704/4528/4528 3428/4527/4527
f 3409/4478/4478 3410/4479/4479 3975/4529/4529 3704/4528/4528
f 3410/4479/4479 3696/4480/4480 4257/4530/4530 3975/4529/4529
f 3696/4480/4480 3967/4481/4481 4522/4531/4531 4257/4530/4530
f 3967/4481/4481 4251/4482/4482 4800/4532/4532 4522/4531/4531
f 4251/4482/4482 4515/4483/4483 2519/4533/4533 4800/4532/4532
f 4515/4483/4483 4793/4484/4484 3429/4534/4534 2519/4533/4533
f 4793/4484/4484 3413/4485/4485 3430/4535/4535 3429/4534/4534
f 3413/4485/4485 3414/4486/4486 3705/4536/4536 3430/4535/4535
f 3414/4486/4486 3415/4487/4487 3977/4537/4537 3705/4536/4536
f 3415/4487/4487 3697/4488/4488 4258/4538/4538 3977/4537/4537
f 3697/4488/4488 3968/4489/4489 4524/4539/4539 4258/4538/4538
f 3968/4489/4489 4252/4490/4490 4801/4540/4540 4524/4539/4539
f 4252/4490/4490 4516/4491/4491 2523/4541/4541 4801/4540/4540
f 4516/4491/4491 4794/4492/4492 3431/4542/4542 2523/4541/4541
f 4794/4492/4492 3416/4493/4493 3432/4543/4543 3431/4542/4542
f 3416/4493/4493 3417/4494/4494 3707/4544/4544 3432/4543/4543
f 3417/4494/4494 3418/4495/4495 3979/4545/4545 3707/4544/4544
f 3418/4495/4495 3698/4496/4496 4259/4546/4546 3979/4545/4545
f 3698/4496/4496 3970/4497/4497 4525/4547/4547 4259/4546/4546
f 3970/4497/4497 4253/4498/4498 4802/4548/4548 4525/4547/4547
f 4253/4498/4498 4517/4499/4499 2536/4549/4549 4802/4548/4548
f 4517/4499/4499 4795/4500/4500 2537/4550/4550 2536/4549/4549
f 2503/4502/4502 3420/4501/4501 3473/4551/4551 2504/4552/4552
f 3420/4501/4501 3421/4503/4503 3824/4553/4553 3473/4551/4551
f 3421/4503/4503 3700/4504/4504 4183/4554/4554 3824/4553/4553
f 3700/4504/4504 3971/4505/4505 4528/4555/4555 4183/4554/4554
f 3971/4505/4505 4254/4506/4506 4882/4556/4556 4528/4555/4555
f 4254/4506/4506 4518/4507/4507 2525/4557/4557 4882/4556/4556
f 4518/4507/4507 4796/4508/4508 2526/4558/4558 2525/4557/4557
f 4796/4508/4508 2507/4509/4509 2508/4559/4559 2526/4558/4558
f 2507/4509/4509 3422/4510/4510 3475/4560/4560 2508/4559/4559
f 3422/4510/4510 3423/4511/4511 3826/4561/4561 3475/4560/4560
f 3423/4511/4511 3701/4512/4512 4185/4562/4562 3826/4561/4561
f 3701/4512/4512 3973/4513/4513 4530/4563/4563 4185/4562/4562
f 3973/4513/4513 4255/4514/4514 4884/4564/4564 4530/4563/4563
f 4255/4514/4514 4520/4515/4515 2636/4565/4565 4884/4564/4564
f 4520/4515/4515 4797/4516/4516 2637/4566/4566 2636/4565/4565
f 4797/4516/4516 2511/4517/4517 2512/4567/4567 2637/4566/4566
f 2511/4517/4517 3424/4518/4518 3477/4568/4568 2512/4567/4567
f 3424/4518/4518 3425/4519/4519 3828/4569/4569 3477/4568/4568
f 3425/4519/4519 3703/4520/4520 4187/4570/4570 3828/4569/4569
f 3703/4520/4520 3974/4521/4521 4532/4571/4571 4187/4570/4570
f 3974/4521/4521 4256/4522/4522 4886/4572/4572 4532/4571/4571
f 4256/4522/4522 4521/4523/4523 2624/4573/4573 4886/4572/4572
f 4521/4523/4523 4798/4524/4524 2625/4574/4574 2624/4573/4573
f 4798/4524/4524 2515/4525/4525 2516/4575/4575 2625/4574/4574
f 2515/4525/4525 3427/4526/4526 3479/4576/4576 2516/4575/4575
f 3427/4526/4526 3428/4527/4527 3830/4577/4577 3479/4576/4576
f 3428/4527/4527 3704/4528/4528 4189/4578/4578 3830/4577/4577
f 3704/4528/4528 3975/4529/4529 4535/4579/4579 4189/4578/4578
f 3975/4529/4529 4257/4530/4530 4888/4580/4580 4535/4579/4579
f 4257/4530/4530 4522/4531/4531 2737/4581/4581 4888/4580/4580
f 4522/4531/4531 4800/4532/4532 2738/4582/4582 2737/4581/4581
f 4800/4532/4532 2519/4533/4533 2520/4583/4583 2738/4582/4582
f 2519/4533/4533 3429/4534/4534 3481/4584/4584 2520/4583/4583
f 3429/4534/4534 3430/4535/4535 3832/4585/4585 3481/4584/4584
f 3430/4535/4535 3705/4536/4536 4191/4586/4586 3832/4585/4585
f 3705/4536/4536 3977/4537/4537 4537/4587/4587 4191/4586/4586
f 3977/4537/4537 4258/4538/4538 4890/4588/4588 4537/4587/4587
f 4258/4538/4538 4524/4539/4539 2725/4589/4589 4890/4588/4588
f 4524/4539/4539 4801/4540/4540 2726/4590/4590 2725/4589/4589
f 4801/4540/4540 2523/4541/4541 2524/4591/4591 2726/4590/4590
f 2523/4541/4541 3431/4542/4542 3484/4592/4592 2524/4591/4591
f 3431/4542/4542 3432/4543/4543 3834/4593/4593 3484/4592/4592
f 3432/4543/4543 3707/4544/4544 4193/4594/4594 3834/4593/4593
f 3707/4544/4544 3979/4545/4545 4539/4595/4595 4193/4594/4594
f 3979/4545/4545 4259/4546/4546 4892/4596/4596 4539/4595/4595
f 4259/4546/4546 4525/4547/4547 2825/4597/4597 4892/4596/4596
f 4525/4547/4547 4802/4548/4548 2826/4598/4598 2825/4597/4597
f 4802/4548/4548 2536/4549/4549 2660/4599/4599 2826/4598/4598
f 2536/4549/4549 2537/4550/4550 3677/4600/4600 2660/4599/4599
f 2504/4552/4552 3473/4551/4551 4077/4601/4601 3877/4602/4602
f 3473/4551/4551 3824/4553/4553 4583/4603/4603 4077/4601/4601
f 3824/4553/4553 4183/4554/4554 4781/4604/4604 4583/4603/4603
f 4183/4554/4554 4528/4555/4555 2814/4605/4605 4781/4604/4604
f 4528/4555/4555 4882/4556/4556 2815/4606/4606 2814/4605/4605
f 4882/4556/4556 2525/4557/4557 2648/4607/4607 2815/4606/4606
f 2525/4557/4557 2526/4558/4558 3673/4608/4608 2648/4607/4607
f 2526/4558/4558 2508/4559/4559 3872/4609/4609 3673/4608/4608
f 2508/4559/4559 3475/4560/4560 4073/4610/4610 3872/4609/4609
f 3475/4560/4560 3826/4561/4561 4579/4611/4611 4073/4610/4610
f 3826/4561/4561 4185/4562/4562 4777/4612/4612 4579/4611/4611
f 4185/4562/4562 4530/4563/4563 2919/4613/4613 4777/4612/4612
f 4530/4563/4563 4884/4564/4564 2920/4614/4614 2919/4613/4613
f 4884/4564/4564 2636/4565/4565 2757/4615/4615 2920/4614/4614
f 2636/4565/4565 2637/4566/4566 3646/4616/4616 2757/4615/4615
f 2637/4566/4566 2512/4567/4567 3909/4617/4617 3646/4616/4616
f 2512/4567/4567 3477/4568/4568 4060/4618/4618 3909/4617/4617
f 3477/4568/4568 3828/4569/4569 4615/4619/4619 4060/4618/4618
f 3828/4569/4569 4187/4570/4570 4691/4620/4620 4615/4619/4619
f 4187/4570/4570 4532/4571/4571 2908/4621/4621 4691/4620/4620
f 4532/4571/4571 4886/4572/4572 2909/4622/4622 2908/4621/4621
f 4886/4572/4572 2624/4573/4573 2746/4623/4623 2909/4622/4622
f 2624/4573/4573 2625/4574/4574 3626/4624/4624 2746/4623/4623
f 2625/4574/4574 2516/4575/4575 3905/4625/4625 3626/4624/4624
f 2516/4575/4575 3479/4576/4576 4353/4626/4626 3905/4625/4625
f 3479/4576/4576 3830/4577/4577 4611/4627/4627 4353/4626/4626
f 3830/4577/4577 4189/4578/4578 4762/4628/4628 4611/4627/4627
f 4189/4578/4578 4535/4579/4579 3018/4629/4629 4762/4628/4628
f 4535/4579/4579 4888/4580/4580 3019/4630/4630 3018/4629/4629
f 4888/4580/4580 2737/4581/4581 2847/4631/4631 3019/4630/4630
f 2737/4581/4581 2738/4582/4582 3501/4632/4632 2847/4631/4631
f 2738/4582/4582 2520/4583/4583 3939/4633/4633 3501/4632/4632
f 2520/4583/4583 3481/4584/4584 4229/4634/4634 3939/4633/4633
f 3481/4584/4584 3832/4585/4585 4647/4635/4635 4229/4634/4634
f 3832/4585/4585 4191/4586/4586 4948/4636/4636 4647/4635/4635
f 4191/4586/4586 4537/4587/4587 3007/4637/4637 4948/4636/4636
f 4537/4587/4587 4890/4588/4588 3008/4638/4638 3007/4637/4637
f 4890/4588/4588 2725/4589/4589 2835/4639/4639 3008/4638/4638
f 2725/4589/4589 2726/4590/4590 3656/4640/4640 2835/4639/4639
f 2726/4590/4590 2524/4591/4591 3935/4641/4641 3656/4640/4640
f 2524/4591/4591 3484/4592/4592 4155/4642/4642 3935/4641/4641
f 3484/4592/4592 3834/4593/4593 4643/4643/4643 4155/4642/4642
f 3834/4593/4593 4193/4594/4594 4929/4644/4644 4643/4643/4643
f 4193/4594/4594 4539/4595/4595 2969/4645/4645 4929/4644/4644
f 4539/4595/4595 4892/4596/4596 2970/4646/4646 2969/4645/4645
f 4892/4596/4596 2825/4597/4597 2943/4647/4647 2970/4646/4646
f 2825/4597/4597 2826/4598/4598 3654/4648/4648 2943/4647/4647
f 2826/4598/4598 2660/4599/4599 3969/4649/4649 3654/4648/4648
f 2660/4599/4599 3677/4600/4600 4069/4650/4650 3969/4649/4649
f 3877/4602/4602 4077/4601/4601 4792/4651/4651 4677/4652/4652
f 4077/4601/4601 4583/4603/4603 2906/4653/4653 4792/4651/4651
f 4583/4603/4603 4781/4604/4604 2907/4654/4654 2906/4653/4653
f 4781/4604/4604 2814/4605/4605 2929/4655/4655 2907/4654/4654
f 2814/4605/4605 2815/4606/4606 3634/4656/4656 2929/4655/4655
f 2815/4606/4606 2648/4607/4607 3965/4657/4657 3634/4656/4656
f 2648/4607/4607 3673/4608/4608 4362/4658/4658 3965/4657/4657
f 3673/4608/4608 3872/4609/4609 4673/4659/4659 4362/4658/4658
f 3872/4609/4609 4073/4610/4610 4771/4660/4660 4673/4659/4659
f 4073/4610/4610 4579/4611/4611 3323/4661/4661 4771/4660/4660
f 4579/4611/4611 4777/4612/4612 3433/4662/4662 3323/4661/4661
f 4777/4612/4612 2919/4613/4613 3040/4663/4663 3433/4662/4662
f 2919/4613/4613 2920/4614/4614 3627/4664/4664 3040/4663/4663
f 2920/4614/4614 2757/4615/4615 4002/4665/4665 3627/4664/4664
f 2757/4615/4615 3646/4616/4616 4215/4666/4666 4002/4665/4665
f 3646/4616/4616 3909/4617/4617 4397/4667/4667 4215/4666/4666
f 3909/4617/4617 4060/4618/4618 4764/4668/4668 4397/4667/4667
f 4060/4618/4618 4615/4619/4619 3174/4669/4669 4764/4668/4668
f 4615/4619/4619 4691/4620/4620 3175/4670/4670 3174/4669/4669
f 4691/4620/4620 2908/4621/4621 3028/4671/4671 3175/4670/4670
f 2908/4621/4621 2909/4622/4622 3490/4672/4672 3028/4671/4671
f 2909/4622/4622 2746/4623/4623 3998/4673/4673 3490/4672/4672
f 2746/4623/4623 3626/4624/4624 4218/4674/4674 3998/4673/4673
f 3626/4624/4624 3905/4625/4625 4393/4675/4675 4218/4674/4674
f 3905/4625/4625 4353/4626/4626 4935/4676/4676 4393/4675/4675
f 4353/4626/4626 4611/4627/4627 2990/4677/4677 4935/4676/4676
f 4611/4627/4627 4762/4628/4628 2991/4678/4678 2990/4677/4677
f 4762/4628/4628 3018/4629/4629 3135/4679/4679 2991/4678/4678
f 3018/4629/4629 3019/4630/4630 3527/4680/4680 3135/4679/4679
f 3019/4630/4630 2847/4631/4631 4035/4681/4681 3527/4680/4680
f 2847/4631/4631 3501/4632/4632 4242/4682/4682 4035/4681/4681
f 3501/4632/4632 3939/4633/4633 4429/4683/4683 4242/4682/4682
f 3939/4633/4633 4229/4634/4634 4945/4684/4684 4429/4683/4683
f 4229/4634/4634 4647/4635/4635 2933/4685/4685 4945/4684/4684
f 4647/4635/4635 4948/4636/4636 2934/4686/4686 2933/4685/4685
f 4948/4636/4636 3007/4637/4637 3123/4687/4687 2934/4686/4686
f 3007/4637/4637 3008/4638/4638 3523/4688/4688 3123/4687/4687
f 3008/4638/4638 2835/4639/4639 4031/4689/4689 3523/4688/4688
f 2835/4639/4639 3656/4640/4640 4238/4690/4690 4031/4689/4689
f 3656/4640/4640 3935/4641/4641 4425/4691/4691 4238/4690/4690
f 3935/4641/4641 4155/4642/4642 4941/4692/4692 4425/4691/4691
f 4155/4642/4642 4643/4643/4643 2610/4693/4693 4941/4692/4692
f 4643/4643/4643 4929/4644/4644 2611/4694/4694 2610/4693/4693
f 4929/4644/4644 2969/4645/4645 3229/4695/4695 2611/4694/4694
f 2969/4645/4645 2970/4646/4646 3555/4696/4696 3229/4695/4695
f 2970/4646/4646 2943/4647/4647 3755/4697/4697 3555/4696/4696
f 2943/4647/4647 3654/4648/4648 4270/4698/4698 3755/4697/4697
f 3654/4648/4648 3969/4649/4649 4462/4699/4699 4270/4698/4698
f 3969/4649/4649 4069/4650/4650 4974/4700/4700 4462/4699/4699
f 4677/4652/4652 4792/4651/4651 3404/4701/4701 3286/4702/4702
f 4792/4651/4651 2906/4653/4653 3217/4703/4703 3404/4701/4701
f 2906/4653/4653 2907/4654/4654 3551/4704/4704 3217/4703/4703
f 2907/4654/4654 2929/4655/4655 3751/4705/4705 3551/4704/4704
f 2929/4655/4655 3634/4656/4656 4266/4706/4706 3751/4705/4705
f 3634/4656/4656 3965/4657/4657 4458/4707/4707 4266/4706/4706
f 3965/4657/4657 4362/4658/4658 4970/4708/4708 4458/4707/4707
f 4362/4658/4658 4673/4659/4659 2555/4709/4709 4970/4708/4708
f 4673/4659/4659 4771/4660/4660 2556/4710/4710 2555/4709/4709
f 4771/4660/4660 3323/4661/4661 3324/4711/4711 2556/4710/4710
f 3323/4661/4661 3433/4662/4662 3583/4712/4712 3324/4711/4711
f 3433/4662/4662 3040/4663/4663 3785/4713/4713 3583/4712/4712
f 3040/4663/4663 3627/4664/4664 4298/4714/4714 3785/4713/4713
f 3627/4664/4664 4002/4665/4665 4493/4715/4715 4298/4714/4714
f 4002/4665/4665 4215/4666/4666 4690/4716/4716 4493/4715/4715
f 4215/4666/4666 4397/4667/4667 2544/4717/4717 4690/4716/4716
f 4397/4667/4667 4764/4668/4668 2545/4718/4718 2544/4717/4717
f 4764/4668/4668 3174/4669/4669 3311/4719/4719 2545/4718/4718
f 3174/4669/4669 3175/4670/4670 3579/4720/4720 3311/4719/4719
f 3175/4670/4670 3028/4671/4671 3781/4721/4721 3579/4720/4720
f 3028/4671/4671 3490/4672/4672 4294/4722/4722 3781/4721/4721
f 3490/4672/4672 3998/4673/4673 4489/4723/4723 4294/4722/4722
f 3998/4673/4673 4218/4674/4674 4686/4724/4724 4489/4723/4723
f 4218/4674/4674 4393/4675/4675 2658/4725/4725 4686/4724/4724
f 4393/4675/4675 4935/4676/4676 2659/4726/4726 2658/4725/4725
f 4935/4676/4676 2990/4677/4677 3412/4727/4727 2659/4726/4726
f 2990/4677/4677 2991/4678/4678 3616/4728/4728 3412/4727/4727
f 2991/4678/4678 3135/4679/4679 3815/4729/4729 3616/4728/4728
f 3135/4679/4679 3527/4680/4680 4327/4730/4730 3815/4729/4729
f 3527/4680/4680 4035/4681/4681 4523/4731/4731 4327/4730/4730
f 4035/4681/4681 4242/4682/4682 4720/4732/4732 4523/4731/4731
f 4242/4682/4682 4429/4683/4683 2646/4733/4733 4720/4732/4732
f 4429/4683/4683 4945/4684/4684 2647/4734/4734 2646/4733/4733
f 4945/4684/4684 2933/4685/4685 3400/4735/4735 2647/4734/4734
f 2933/4685/4685 2934/4686/4686 3612/4736/4736 3400/4735/4735
f 2934/4686/4686 3123/4687/4687 3811/4737/4737 3612/4736/4736
f 3123/4687/4687 3523/4688/4688 4322/4738/4738 3811/4737/4737
f 3523/4688/4688 4031/4689/4689 4519/4739/4739 4322/4738/4738
f 4031/4689/4689 4238/4690/4690 4716/4740/4740 4519/4739/4739
f 4238/4690/4690 4425/4691/4691 2661/4741/4741 4716/4740/4740
f 4425/4691/4691 4941/4692/4692 2756/4742/4742 2661/4741/4741
f 4941/4692/4692 2610/4693/4693 3098/4743/4743 2756/4742/4742
f 2610/4693/4693 2611/4694/4694 3650/4744/4744 3098/4743/4743
f 2611/4694/4694 3229/4695/4695 4040/4745/4745 3650/4744/4744
f 3229/4695/4695 3555/4696/4696 4360/4746/4746 4040/4745/4745
f 3555/4696/4696 3755/4697/4697 4450/4747/4747 4360/4746/4746
f 3755/4697/4697 4270/4698/4698 4752/4748/4748 4450/4747/4747
f 4270/4698/4698 4462/4699/4699 2599/4749/4749 4752/4748/4748
f 4462/4699/4699 4974/4700/4700 2745/4750/4750 2599/4749/4749
f 3286/4702/4702 3404/4701/4701 3645/4751/4751 3287/4752/4752
f 3404/4701/4701 3217/4703/4703 3868/4753/4753 3645/4751/4751
f 3217/4703/4703 3551/4704/4704 4356/4754/4754 3868/4753/4753
f 3551/4704/4704 3751/4705/4705 4431/4755/4755 4356/4754/4754
f 3751/4705/4705 4266/4706/4706 4748/4756/4756 4431/4755/4755
f 4266/4706/4706 4458/4707/4707 2845/4757/4757 4748/4756/4756
f 4458/4707/4707 4970/4708/4708 2846/4758/4758 2845/4757/4757
f 4970/4708/4708 2555/4709/4709 2632/4759/4759 2846/4758/4758
f 2555/4709/4709 2556/4710/4710 3684/4760/4760 2632/4759/4759
f 2556/4710/4710 3324/4711/4711 3886/4761/4761 3684/4760/4760
f 3324/4711/4711 3583/4712/4712 4084/4762/4762 3886/4761/4761
f 3583/4712/4712 3785/4713/4713 4625/4763/4763 4084/4762/4762
f 3785/4713/4713 4298/4714/4714 4788/4764/4764 4625/4763/4763
f 4298/4714/4714 4493/4715/4715 2833/4765/4765 4788/4764/4764
f 4493/4715/4715 4690/4716/4716 2834/4766/4766 2833/4765/4765
f 4690/4716/4716 2544/4717/4717 2576/4767/4767 2834/4766/4766
f 2544/4717/4717 2545/4718/4718 3680/4768/4768 2576/4767/4767
f 2545/4718/4718 3311/4719/4719 4042/4769/4769 3680/4768/4768
f 3311/4719/4719 3579/4720/4720 4080/4770/4770 4042/4769/4769
f 3579/4720/4720 3781/4721/4721 4589/4771/4771 4080/4770/4770
f 3781/4721/4721 4294/4722/4722 4784/4772/4772 4589/4771/4771
f 4294/4722/4722 4489/4723/4723 2941/4773/4773 4784/4772/4772
f 4489/4723/4723 4686/4724/4724 2942/4774/4774 2941/4773/4773
f 4686/4724/4724 2658/4725/4725 2733/4775/4775 2942/4774/4774
f 2658/4725/4725 2659/4726/4726 3717/4776/4776 2733/4775/4775
f 2659/4726/4726 3412/4727/4727 3994/4777/4777 3717/4776/4776
f 3412/4727/4727 3616/4728/4728 4117/4778/4778 3994/4777/4777
f 3616/4728/4728 3815/4729/4729 4486/4779/4779 4117/4778/4778
f 3815/4729/4729 4327/4730/4730 4821/4780/4780 4486/4779/4779
f 4327/4730/4730 4523/4731/4731 2927/4781/4781 4821/4780/4780
f 4523/4731/4731 4720/4732/4732 2928/4782/4782 2927/4781/4781
f 4720/4732/4732 2646/4733/4733 3062/4783/4783 2928/4782/4782
f 2646/4733/4733 2647/4734/4734 3713/4784/4784 3062/4783/4783
f 2647/4734/4734 3400/4735/4735 4026/4785/4785 3713/4784/4784
f 3400/4735/4735 3612/4736/4736 4113/4786/4786 4026/4785/4785
f 3612/4736/4736 3811/4737/4737 4439/4787/4787 4113/4786/4786
f 3811/4737/4737 4322/4738/4738 4817/4788/4788 4439/4787/4787
f 4322/4738/4738 4519/4739/4739 3038/4789/4789 4817/4788/4788
f 4519/4739/4739 4716/4740/4740 3039/4790/4790 3038/4789/4789
f 4716/4740/4740 2661/4741/4741 2662/4791/4791 3039/4790/4790
f 2661/4741/4741 2756/4742/4742 3436/4792/4792 2662/4791/4791
f 2756/4742/4742 3098/4743/4743 3894/4793/4793 3436/4792/4792
f 3098/4743/4743 3650/4744/4744 4150/4794/4794 3894/4793/4793
f 3650/4744/4744 4040/4745/4745 4616/4795/4795 4150/4794/4794
f 4040/4745/4745 4360/4746/4746 4854/4796/4796 4616/4795/4795
f 4360/4746/4746 4450/4747/4747 3026/4797/4797 4854/4796/4796
f 4450/4747/4747 4752/4748/4748 3027/4798/4798 3026/4797/4797
f 4752/4748/4748 2599/4749/4749 2600/4799/4799 3027/4798/4798
f 2599/4749/4749 2745/4750/4750 3745/4800/4800 2600/4799/4799
f 3287/4752/4752 3645/4751/4751 4146/4801/4801 3874/4802/4802
f 3645/4751/4751 3868/4753/4753 4598/4803/4803 4146/4801/4801
f 3868/4753/4753 4356/4754/4754 4850/4804/4804 4598/4803/4803
f 4356/4754/4754 4431/4755/4755 3133/4805/4805 4850/4804/4804
f 4431/4755/4755 4748/4756/4756 3134/4806/4806 3133/4805/4805
f 4748/4756/4756 2845/4757/4757 2960/4807/4807 3134/4806/4806
f 2845/4757/4757 2846/4758/4758 3699/4808/4808 2960/4807/4807
f 2846/4758/4758 2632/4759/4759 3976/4809/4809 3699/4808/4808
f 2632/4759/4759 3684/4760/4760 4098/4810/4810 3976/4809/4809
f 3684/4760/4760 3886/4761/4761 4372/4811/4811 4098/4810/4810
f 3886/4761/4761 4084/4762/4762 4803/4812/4812 4372/4811/4811
f 4084/4762/4762 4625/4763/4763 3121/4813/4813 4803/4812/4812
f 4625/4763/4763 4788/4764/4764 3122/4814/4814 3121/4813/4813
f 4788/4764/4764 2833/4765/4765 2950/4815/4815 3122/4814/4814
f 2833/4765/4765 2834/4766/4766 3695/4816/4816 2950/4815/4815
f 2834/4766/4766 2576/4767/4767 3972/4817/4817 3695/4816/4816
f 2576/4767/4767 3680/4768/4768 4094/4818/4818 3972/4817/4817
f 3680/4768/4768 4042/4769/4769 4680/4819/4819 4094/4818/4818
f 4042/4769/4769 4080/4770/4770 4799/4820/4820 4680/4819/4819
f 4080/4770/4770 4589/4771/4771 3227/4821/4821 4799/4820/4820
f 4589/4771/4771 4784/4772/4772 3228/4822/4822 3227/4821/4821
f 4784/4772/4772 2941/4773/4773 3057/4823/4823 3228/4822/4822
f 2941/4773/4773 2942/4774/4774 3731/4824/4824 3057/4823/4823
f 2942/4774/4774 2733/4775/4775 4009/4825/4825 3731/4824/4824
f 2733/4775/4775 3717/4776/4776 4132/4826/4826 4009/4825/4825
f 3717/4776/4776 3994/4777/4777 4404/4827/4827 4132/4826/4826
f 3994/4777/4777 4117/4778/4778 4836/4828/4828 4404/4827/4827
f 4117/4778/4778 4486/4779/4779 3215/4829/4829 4836/4828/4828
f 4486/4779/4779 4821/4780/4780 3216/4830/4830 3215/4829/4829
f 4821/4780/4780 2927/4781/4781 3047/4831/4831 3216/4830/4830
f 2927/4781/4781 2928/4782/4782 3727/4832/4832 3047/4831/4831
f 2928/4782/4782 3062/4783/4783 4005/4833/4833 3727/4832/4832
f 3062/4783/4783 3713/4784/4784 4128/4834/4834 4005/4833/4833
f 3713/4784/4784 4026/4785/4785 4400/4835/4835 4128/4834/4834
f 4026/4785/4785 4113/4786/4786 4832/4836/4836 4400/4835/4835
f 4113/4786/4786 4439/4787/4787 3321/4837/4837 4832/4836/4836
f 4439/4787/4787 4817/4788/4788 3322/4838/4838 3321/4837/4837
f 4817/4788/4788 3038/4789/4789 3157/4839/4839 3322/4838/4838
f 3038/4789/4789 3039/4790/4790 3451/4840/4840 3157/4839/4839
f 3039/4790/4790 2662/4791/4791 4044/4841/4841 3451/4840/4840
f 2662/4791/4791 3436/4792/4792 4165/4842/4842 4044/4841/4841
f 3436/4792/4792 3894/4793/4793 4437/4843/4843 4165/4842/4842
f 3894/4793/4793 4150/4794/4794 4868/4844/4844 4437/4843/4843
f 4150/4794/4794 4616/4795/4795 3309/4845/4845 4868/4844/4844
f 4616/4795/4795 4854/4796/4796 3310/4846/4846 3309/4845/4845
f 4854/4796/4796 3026/4797/4797 3145/4847/4847 3310/4846/4846
f 3026/4797/4797 3027/4798/4798 3446/4848/4848 3145/4847/4847
f 3027/4798/4798 2600/4799/4799 4038/4849/4849 3446/4848/4848
f 2600/4799/4799 3745/4800/4800 4161/4850/4850 4038/4849/4849
f 3874/4802/4802 4146/4801/4801 4864/4851/4851 4433/4852/4852
f 4146/4801/4801 4598/4803/4803 2591/4853/4853 4864/4851/4851
f 4598/4803/4803 4850/4804/4804 3411/4854/4854 2591/4853/4853
f 4850/4804/4804 3133/4805/4805 3250/4855/4855 3411/4854/4854
f 3133/4805/4805 3134/4806/4806 3487/4856/4856 3250/4855/4855
f 3134/4806/4806 2960/4807/4807 3762/4857/4857 3487/4856/4856
f 2960/4807/4807 3699/4808/4808 4201/4858/4858 3762/4857/4857
f 3699/4808/4808 3976/4809/4809 4469/4859/4859 4201/4858/4858
f 3976/4809/4809 4098/4810/4810 4904/4860/4860 4469/4859/4859
f 4098/4810/4810 4372/4811/4811 2580/4861/4861 4904/4860/4860
f 4372/4811/4811 4803/4812/4812 3399/4862/4862 2580/4861/4861
f 4803/4812/4812 3121/4813/4813 3238/4863/4863 3399/4862/4862
f 3121/4813/4813 3122/4814/4814 3482/4864/4864 3238/4863/4863
f 3122/4814/4814 2950/4815/4815 3758/4865/4865 3482/4864/4864
f 2950/4815/4815 3695/4816/4816 4197/4866/4866 3758/4865/4865
f 3695/4816/4816 3972/4817/4817 4465/4867/4867 4197/4866/4866
f 3972/4817/4817 4094/4818/4818 4899/4868/4868 4465/4867/4867
f 4094/4818/4818 4680/4819/4819 2571/4869/4869 4899/4868/4868
f 4680/4819/4819 4799/4820/4820 2572/4870/4870 2571/4869/4869
f 4799/4820/4820 3227/4821/4821 3343/4871/4871 2572/4870/4870
f 3227/4821/4821 3228/4822/4822 3608/4872/4872 3343/4871/4871
f 3228/4822/4822 3057/4823/4823 3792/4873/4873 3608/4872/4872
f 3057/4823/4823 3731/4824/4824 4335/4874/4874 3792/4873/4873
f 3731/4824/4824 4009/4825/4825 4500/4875/4875 4335/4874/4874
f 4009/4825/4825 4132/4826/4826 4696/4876/4876 4500/4875/4875
f 4132/4826/4826 4404/4827/4827 2560/4877/4877 4696/4876/4876
f 4404/4827/4827 4836/4828/4828 2561/4878/4878 2560/4877/4877
f 4836/4828/4828 3215/4829/4829 3331/4879/4879 2561/4878/4878
f 3215/4829/4829 3216/4830/4830 3589/4880/4880 3331/4879/4879
f 3216/4830/4830 3047/4831/4831 3788/4881/4881 3589/4880/4880
f 3047/4831/4831 3727/4832/4832 4119/4882/4882 3788/4881/4881
f 3727/4832/4832 4005/4833/4833 4496/4883/4883 4119/4882/4882
f 4005/4833/4833 4128/4834/4834 4726/4884/4884 4496/4883/4883
f 4128/4834/4834 4400/4835/4835 2677/4885/4885 4726/4884/4884
f 4400/4835/4835 4832/4836/4836 2678/4886/4886 2677/4885/4885
f 4832/4836/4836 3321/4837/4837 3426/4887/4887 2678/4886/4886
f 3321/4837/4837 3322/4838/4838 3462/4888/4888 3426/4887/4887
f 3322/4838/4838 3157/4839/4839 3822/4889/4889 3462/4888/4888
f 3157/4839/4839 3451/4840/4840 4195/4890/4890 3822/4889/4889
f 3451/4840/4840 4044/4841/4841 4533/4891/4891 4195/4890/4890
f 4044/4841/4841 4165/4842/4842 4914/4892/4892 4533/4891/4891
f 4165/4842/4842 4437/4843/4843 2666/4893/4893 4914/4892/4892
f 4437/4843/4843 4868/4844/4844 2667/4894/4894 2666/4893/4893
f 4868/4844/4844 3309/4845/4845 3419/4895/4895 2667/4894/4894
f 3309/4845/4845 3310/4846/4846 3693/4896/4896 3419/4895/4895
f 3310/4846/4846 3145/4847/4847 3818/4897/4897 3693/4896/4896
f 3145/4847/4847 3446/4848/4848 4066/4898/4898 3818/4897/4897
f 3446/4848/4848 4038/4849/4849 4526/4899/4899 4066/4898/4898
f 4038/4849/4849 4161/4850/4850 4895/4900/4900 4526/4899/4899
f 4433/4852/4852 4864/4851/4851 3136/4901/4901 2877/4902/4902
f 4864/4851/4851 2591/4853/4853 2592/4903/4903 3136/4901/4901
f 2591/4853/4853 3411/4854/4854 3617/4904/4904 2592/4903/4903
f 3411/4854/4854 3250/4855/4855 3856/4905/4905 3617/4904/4904
f 3250/4855/4855 3487/4856/4856 4342/4906/4906 3856/4905/4905
f 3487/4856/4856 3762/4857/4857 4564/4907/4907 4342/4906/4906
f 3762/4857/4857 4201/4858/4858 4753/4908/4908 4564/4907/4907
f 4201/4858/4858 4469/4859/4859 2866/4909/4909 4753/4908/4908
f 4469/4859/4859 4904/4860/4860 3082/4910/4910 2866/4909/4909
f 4904/4860/4860 2580/4861/4861 2581/4911/4911 3082/4910/4910
f 2580/4861/4861 3399/4862/4862 3596/4912/4912 2581/4911/4911
f 3399/4862/4862 3238/4863/4863 3852/4913/4913 3596/4912/4912
f 3238/4863/4863 3482/4864/4864 4324/4914/4914 3852/4913/4913
f 3482/4864/4864 3758/4865/4865 4560/4915/4915 4324/4914/4914
f 3758/4865/4865 4197/4866/4866 4733/4916/4916 4560/4915/4915
f 4197/4866/4866 4465/4867/4867 2682/4917/4917 4733/4916/4916
f 4465/4867/4867 4899/4868/4868 2683/4918/4918 2682/4917/4917
f 4899/4868/4868 2571/4869/4869 2697/4919/4919 2683/4918/4918
f 2571/4869/4869 2572/4870/4870 3602/4920/4920 2697/4919/4919
f 2572/4870/4870 3343/4871/4871 3889/4921/4921 3602/4920/4920
f 3343/4871/4871 3608/4872/4872 4104/4922/4922 3889/4921/4921
f 3608/4872/4872 3792/4873/4873 4595/4923/4923 4104/4922/4922
f 3792/4873/4873 4335/4874/4874 4829/4924/4924 4595/4923/4923
f 4335/4874/4874 4500/4875/4875 2964/4925/4925 4829/4924/4924
f 4500/4875/4875 4696/4876/4876 3058/4926/4926 2964/4925/4925
f 4696/4876/4876 2560/4877/4877 2687/4927/4927 3058/4926/4926
f 2560/4877/4877 2561/4878/4878 3449/4928/4928 2687/4927/4927
f 2561/4878/4878 3331/4879/4879 3884/4929/4929 3449/4928/4928
f 3331/4879/4879 3589/4880/4880 4178/4930/4930 3884/4929/4929
f 3589/4880/4880 3788/4881/4881 4591/4931/4931 4178/4930/4930
f 3788/4881/4881 4119/4882/4882 4902/4932/4932 4591/4931/4931
f 4119/4882/4882 4496/4883/4883 3074/4933/4933 4902/4932/4932
f 4496/4883/4883 4726/4884/4884 3161/4934/4934 3074/4933/4933
f 4726/4884/4884 2677/4885/4885 2786/4935/4935 3161/4934/4934
f 2677/4885/4885 2678/4886/4886 3638/4936/4936 2786/4935/4935
f 2678/4886/4886 3426/4887/4887 3920/4937/4937 3638/4936/4936
f 3426/4887/4887 3462/4888/4888 4348/4938/4938 3920/4937/4937
f 3462/4888/4888 3822/4889/4889 4628/4939/4939 4348/4938/4938
f 3822/4889/4889 4195/4890/4890 4741/4940/4940 4628/4939/4939
f 4195/4890/4890 4533/4891/4891 3063/4941/4941 4741/4940/4940
f 4533/4891/4891 4914/4892/4892 3102/4942/4942 3063/4941/4941
f 4914/4892/4892 2666/4893/4893 2776/4943/4943 3102/4942/4942
f 2666/4893/4893 2667/4894/4894 3603/4944/4944 2776/4943/4943
f 2667/4894/4894 3419/4895/4895 3916/4945/4945 3603/4944/4944
f 3419/4895/4895 3693/4896/4896 4344/4946/4946 3916/4945/4945
f 3693/4896/4896 3818/4897/4897 4623/4947/4947 4344/4946/4946
f 3818/4897/4897 4066/4898/4898 4737/4948/4948 4623/4947/4947
f 4066/4898/4898 4526/4899/4899 3263/4949/4949 4737/4948/4948
f 4526/4899/4899 4895/4900/4900 3389/4950/4950 3263/4949/4949
f 2877/4902/4902 3136/4901/4901 3671/4951/4951 2878/4952/4952
f 3136/4901/4901 2592/4903/4903 3950/4953/4953 3671/4951/4951
f 2592/4903/4903 3617/4904/4904 4071/4954/4954 3950/4953/4953
f 3617/4904/4904 3856/4905/4905 4658/4955/4955 4071/4954/4954
f 3856/4905/4905 4342/4906/4906 4775/4956/4956 4658/4955/4955
f 4342/4906/4906 4564/4907/4907 2638/4957/4957 4775/4956/4956
f 4564/4907/4907 4753/4908/4908 2639/4958/4958 2638/4957/4957
f 4753/4908/4908 2866/4909/4909 2867/4959/4959 2639/4958/4958
f 2866/4909/4909 3082/4910/4910 3667/4960/4960 2867/4959/4959
f 3082/4910/4910 2581/4911/4911 3946/4961/4961 3667/4960/4960
f 2581/4911/4911 3596/4912/4912 4065/4962/4962 3946/4961/4961
f 3596/4912/4912 3852/4913/4913 4654/4963/4963 4065/4962/4962
f 3852/4913/4913 4324/4914/4914 4770/4964/4964 4654/4963/4963
f 4324/4914/4914 4560/4915/4915 3155/4965/4965 4770/4964/4964
f 4560/4915/4915 4733/4916/4916 3156/4966/4966 3155/4965/4965
f 4733/4916/4916 2682/4917/4917 2977/4967/4967 3156/4966/4966
f 2682/4917/4917 2683/4918/4918 3706/4968/4968 2977/4967/4967
f 2683/4918/4918 2697/4919/4919 3982/4969/4969 3706/4968/4968
f 2697/4919/4919 3602/4920/4920 4106/4970/4970 3982/4969/4969
f 3602/4920/4920 3889/4921/4921 4378/4971/4971 4106/4970/4970
f 3889/4921/4921 4104/4922/4922 4810/4972/4972 4378/4971/4971
f 4104/4922/4922 4595/4923/4923 3143/4973/4973 4810/4972/4972
f 4595/4923/4923 4829/4924/4924 3144/4974/4974 3143/4973/4973
f 4829/4924/4924 2964/4925/4925 2965/4975/4975 3144/4974/4974
f 2964/4925/4925 3058/4926/4926 3702/4976/4976 2965/4975/4975
f 3058/4926/4926 2687/4927/4927 3978/4977/4977 3702/4976/4976
f 2687/4927/4927 3449/4928/4928 4101/4978/4978 3978/4977/4977
f 3449/4928/4928 3884/4929/4929 4374/4979/4979 4101/4978/4978
f 3884/4929/4929 4178/4930/4930 4806/4980/4980 4374/4979/4979
f 4178/4930/4930 4591/4931/4931 3248/4981/4981 4806/4980/4980
f 4591/4931/4931 4902/4932/4932 3249/4982/4982 3248/4981/4981
f 4902/4932/4932 3074/4933/4933 3075/4983/4983 3249/4982/4982
f 3074/4933/4933 3161/4934/4934 3738/4984/4984 3075/4983/4983
f 3161/4934/4934 2786/4935/4935 4015/4985/4985 3738/4984/4984
f 2786/4935/4935 3638/4936/4936 4139/4986/4986 4015/4985/4985
f 3638/4936/4936 3920/4937/4937 4410/4987/4987 4139/4986/4986
f 3920/4937/4937 4348/4938/4938 4843/4988/4988 4410/4987/4987
f 4348/4938/4938 4628/4939/4939 3236/4989/4989 4843/4988/4988
f 4628/4939/4939 4741/4940/4940 3237/4990/4990 3236/4989/4989
f 4741/4940/4940 3063/4941/4941 3064/4991/4991 3237/4990/4990
f 3063/4941/4941 3102/4942/4942 3734/4992/4992 3064/4991/4991
f 3102/4942/4942 2776/4943/4943 4011/4993/4993 3734/4992/4992
f 2776/4943/4943 3603/4944/4944 4135/4994/4994 4011/4993/4993
f 3603/4944/4944 3916/4945/4945 4406/4995/4995 4135/4994/4994
f 3916/4945/4945 4344/4946/4946 4839/4996/4996 4406/4995/4995
f 4344/4946/4946 4623/4947/4947 3341/4997/4997 4839/4996/4996
f 4623/4947/4947 4737/4948/4948 3342/4998/4998 3341/4997/4997
f 4737/4948/4948 3263/4949/4949 3264/4999/4999 3342/4998/4998
f 3263/4949/4949 3389/4950/4950 3457/5000/5000 3264/4999/4999
f 43/86/86 44/88/88 3833/2587/2587 3483/2585/2585
f 1901/1901/1901 1851/1851/1851 3358/4352/4352 3956/4402/4402
f 451/451/451 401/401/401 2701/2902/2902 2721/2952/2952
f 2451/2451/2451 2401/2401/2401 2877/4902/4902 2878/4952/4952
f 6/12/12 7/14/14 4881/2513/2513 4527/2511/2511
f 2470/2470/2470 2469/2469/2469 3982/4969/4969 4106/4970/4970
f 14/28/28 15/30/30 4883/2529/2529 4529/2527/2527
f 2463/2463/2463 2462/2462/2462 4065/4962/4962 4654/4963/4963
f 1350/1350/1350 1400/1400/1400 4701/3900/3900 4304/3850/3850
f 22/44/44 23/46/46 4885/2545/2545 4531/2543/2543
f 2459/2459/2459 2458/2458/2458 2639/4958/4958 2867/4959/4959
f 1851/1851/1851 1801/1801/1801 3335/4302/4302 3358/4352/4352
f 600/600/600 650/650/650 2806/3150/3150 4972/3100/3100
f 2450/2450/2450 2500/2500/2500 3457/5000/5000 3389/4950/4950
f 30/60/60 31/62/62 4887/2561/2561 4534/2559/2559
f 800/800/800 850/850/850 2895/3350/3350 4927/3300/3300
f 2460/2460/2460 2459/2459/2459 2867/4959/4959 3667/4960/4960
f 1600/1600/1600 1650/1650/1650 3269/4150/4150 4813/4100/4100
f 38/76/76 39/78/78 4889/2577/2577 4536/2575/2575
f 1450/1450/1450 1500/1500/1500 3619/4000/4000 3180/3950/3950
f 46/92/92 47/94/94 4891/2593/2593 4538/2591/2591
f 1201/1201/1201 1151/1151/1151 4389/3652/3652 3065/3702/3702
f 851/851/851 801/801/801 2874/3302/3302 2896/3352/3352
f 201/201/201 151/151/151 4552/2652/2652 2601/2702/2702
f 2455/2455/2455 2454/2454/2454 4071/4954/4954 4658/4955/4955
f 1151/1151/1151 1101/1101/1101 3990/3602/3602 4389/3652/3652
f 2000/2000/2000 2050/2050/2050 2537/4550/4550 4795/4500/4500
f 2100/2100/2100 2150/2150/2150 4069/4650/4650 3677/4600/4600
f 2050/2050/2050 2100/2100/2100 3677/4600/4600 2537/4550/4550
f 151/151/151 101/101/101 3841/2602/2602 4552/2652/2652
f 1750/1750/1750 1800/1800/1800 4760/4300/4300 4288/4250/4250
f 101/101/101 51/2/2 2529/2504/2504 3841/2602/2602
f 8/16/16 9/18/18 2505/2517/2517 4995/2515/2515
f 1650/1650/1650 1700/1700/1700 3732/4200/4200 3269/4150/4150
f 2350/2350/2350 2400/2400/2400 4895/4900/4900 4161/4850/4850
f 16/32/32 17/34/34 2509/2533/2533 4996/2531/2531
f 1800/1800/1800 1850/1850/1850 3357/4350/4350 4760/4300/4300
f 24/48/48 25/50/50 2513/2549/2549 4997/2547/2547
f 2499/2499/2499 2498/2498/2498 3342/4998/4998 3264/4999/4999
f 32/64/64 33/66/66 2517/2565/2565 4998/2563/2563
f 1000/1000/1000 1050/1050/1050 2993/3550/3550 4957/3500/3500
f 2461/2461/2461 2460/2460/2460 3667/4960/4960 3946/4961/4961
f 1700/1700/1700 1750/1750/1750 4288/4250/4250 3732/4200/4200
f 40/80/80 41/82/82 2521/2581/2581 4999/2579/2579
f 2456/2456/2456 2455/2455/2455 4658/4955/4955 4775/4956/4956
f 2495/2495/2495 2494/2494/2494 4135/4994/4994 4406/4995/4995
f 48/96/96 49/98/98 2527/2597/2597 5000/2595/2595
f 2465/2465/2465 2464/2464/2464 4770/4964/4964 3155/4965/4965
f 1850/1850/1850 1900/1900/1900 3683/4400/4400 3357/4350/4350
f 1301/1301/1301 1251/1251/1251 3088/3752/3752 4022/3802/3802
f 650/650/650 700/700/700 3573/3200/3200 2806/3150/3150
f 4/8/8 5/10/10 4182/2509/2509 3823/2507/2507
f 12/24/24 13/26/26 4184/2525/2525 3825/2523/2523
f 1601/1601/1601 1551/1551/1551 4452/4052/4052 3245/4102/4102
f 2490/2490/2490 2489/2489/2489 3236/4989/4989 3237/4990/4990
f 2500/2500/2500 2499/2499/2499 3264/4999/4999 3457/5000/5000
f 2453/2453/2453 2452/2452/2452 3671/4951/4951 3950/4953/4953
f 2462/2462/2462 2461/2461/2461 3946/4961/4961 4065/4962/4962
f 20/40/40 21/42/42 4186/2541/2541 3827/2539/2539
f 450/450/450 500/500/500 3470/3000/3000 2720/2950/2950
f 28/56/56 29/58/58 4188/2557/2557 3829/2555/2555
f 2457/2457/2457 2456/2456/2456 4775/4956/4956 2638/4957/4957
f 2487/2487/2487 2486/2486/2486 4139/4986/4986 4410/4987/4987
f 1251/1251/1251 1201/1201/1201 3065/3702/3702 3088/3752/3752
f 1551/1551/1551 1501/1501/1501 4054/4002/4002 4452/4052/4052
f 551/551/551 501/501/501 3901/3002/3002 4610/3052/3052
f 601/601/601 551/551/551 4610/3052/3052 2787/3102/3102
f 36/72/72 37/74/74 4190/2573/2573 3831/2571/2571
f 2/4/4 3/6/6 3472/2505/2505 2502/2502/2502
f 1950/1950/1950 2000/2000/2000 4795/4500/4500 4247/4450/4450
f 501/501/501 451/451/451 2721/2952/2952 3901/3002/3002
f 950/950/950 1000/1000/1000 4957/3500/3500 4090/3450/3450
f 44/88/88 45/90/90 4192/2589/2589 3833/2587/2587
f 10/20/20 11/22/22 3474/2521/2521 2506/2519/2519
f 2482/2482/2482 2481/2481/2481 3248/4981/4981 3249/4982/4982
f 251/251/251 201/201/201 2601/2702/2702 2623/2752/2752
f 18/36/36 19/38/38 3476/2537/2537 2510/2535/2535
f 1900/1900/1900 1950/1950/1950 4247/4450/4450 3683/4400/4400
f 26/52/52 27/54/54 3478/2553/2553 2514/2551/2551
f 1100/1100/1100 1150/1150/1150 4350/3650/3650 3636/3600/3600
f 1050/1050/1050 1100/1100/1100 3636/3600/3600 2993/3550/3550
f 2201/2201/2201 2151/2151/2151 4677/4652/4652 3286/4702/4702
f 850/850/850 900/900/900 3532/3400/3400 2895/3350/3350
f 2250/2250/2250 2300/2300/2300 3745/4800/4800 2745/4750/4750
f 34/68/68 35/70/70 3480/2569/2569 2518/2567/2567
f 2493/2493/2493 2492/2492/2492 3734/4992/4992 4011/4993/4993
f 2491/2491/2491 2490/2490/2490 3237/4990/4990 3064/4991/4991
f 1951/1951/1951 1901/1901/1901 3956/4402/4402 4511/4452/4452
f 2497/2497/2497 2496/2496/2496 4839/4996/4996 3341/4997/4997
f 2496/2496/2496 2495/2495/2495 4406/4995/4995 4839/4996/4996
f 42/84/84 43/86/86 3483/2585/2585 2522/2583/2583
f 2001/2001/2001 1951/1951/1951 4511/4452/4452 2503/4502/4502
f 951/951/951 901/901/901 3803/3402/3402 4670/3452/3452
f 2458/2458/2458 2457/2457/2457 2638/4957/4957 2639/4958/4958
f 1001/1001/1001 951/951/951 4670/3452/3452 2971/3502/3502
f 700/700/700 750/750/750 4141/3250/3250 3573/3200/3200
f 1651/1651/1651 1601/1601/1601 3245/4102/4102 3270/4152/4152
f 1250/1250/1250 1300/1300/1300 3586/3800/3800 3087/3750/3750
f 2485/2485/2485 2484/2484/2484 3738/4984/4984 4015/4985/4985
f 901/901/901 851/851/851 2896/3352/3352 3803/3402/3402
f 2489/2489/2489 2488/2488/2488 4843/4988/4988 3236/4989/4989
f 2483/2483/2483 2482/2482/2482 3249/4982/4982 3075/4983/4983
f 900/900/900 950/950/950 4090/3450/3450 3532/3400/3400
f 1300/1300/1300 1350/1350/1350 4304/3850/3850 3586/3800/3800
f 2400/2400/2400 2450/2450/2450 3389/4950/4950 4895/4900/4900
f 2454/2454/2454 2453/2453/2453 3950/4953/4953 4071/4954/4954
f 2476/2476/2476 2475/2475/2475 2965/4975/4975 3702/4976/4976
f 7/14/14 8/16/16 4995/2515/2515 4881/2513/2513
f 2488/2488/2488 2487/2487/2487 4410/4987/4987 4843/4988/4988
f 651/651/651 601/601/601 2787/3102/3102 2807/3152/3152
f 2494/2494/2494 2493/2493/2493 4011/4993/4993 4135/4994/4994
f 2464/2464/2464 2463/2463/2463 4654/4963/4963 4770/4964/4964
f 15/30/30 16/32/32 4996/2531/2531 4883/2529/2529
f 150/150/150 200/200/200 4916/2700/2700 4209/2650/2650
f 23/46/46 24/48/48 4997/2547/2547 4885/2545/2545
f 2251/2251/2251 2201/2201/2201 3286/4702/4702 3287/4752/4752
f 2151/2151/2151 2101/2101/2101 3877/4602/4602 4677/4652/4652
f 2452/2452/2452 2451/2451/2451 2878/4952/4952 3671/4951/4951
f 2401/2401/2401 2351/2351/2351 4433/4852/4852 2877/4902/4902
f 31/62/62 32/64/64 4998/2563/2563 4887/2561/2561
f 50/100/100 100/99/99 3493/2600/2600 2528/2599/2599
f 2486/2486/2486 2485/2485/2485 4015/4985/4985 4139/4986/4986
f 2492/2492/2492 2491/2491/2491 3064/4991/4991 3734/4992/4992
f 2468/2468/2468 2467/2467/2467 2977/4967/4967 3706/4968/4968
f 39/78/78 40/80/80 4999/2579/2579 4889/2577/2577
f 1101/1101/1101 1051/1051/1051 2994/3552/3552 3990/3602/3602
f 2479/2479/2479 2478/2478/2478 4101/4978/4978 4374/4979/4979
f 550/550/550 600/600/600 4972/3100/3100 4109/3050/3050
f 1/1/1 2/4/4 2502/2502/2502 2501/2501/2501
f 47/94/94 48/96/96 5000/2595/2595 4891/2593/2593
f 2051/2051/2051 2001/2001/2001 2503/4502/4502 2504/4552/4552
f 9/18/18 10/20/20 2506/2519/2519 2505/2517/2517
f 1401/1401/1401 1351/1351/1351 4420/3852/3852 3158/3902/3902
f 350/350/350 400/400/400 4865/2900/2900 4158/2850/2850
f 2150/2150/2150 2200/2200/2200 4974/4700/4700 4069/4650/4650
f 1500/1500/1500 1550/1550/1550 4261/4050/4050 3619/4000/4000
f 2474/2474/2474 2473/2473/2473 3143/4973/4973 3144/4974/4974
f 100/99/99 150/150/150 4209/2650/2650 3493/2600/2600
f 17/34/34 18/36/36 2510/2535/2535 2509/2533/2533
f 1550/1550/1550 1600/1600/1600 4813/4100/4100 4261/4050/4050
f 301/301/301 251/251/251 2623/2752/2752 3869/2802/2802
f 2481/2481/2481 2480/2480/2480 4806/4980/4980 3248/4981/4981
f 1351/1351/1351 1301/1301/1301 4022/3802/3802 4420/3852/3852
f 401/401/401 351/351/351 4580/2852/2852 2701/2902/2902
f 25/50/50 26/52/52 2514/2551/2551 2513/2549/2549
f 1051/1051/1051 1001/1001/1001 2971/3502/3502 2994/3552/3552
f 2484/2484/2484 2483/2483/2483 3075/4983/4983 3738/4984/4984
f 250/250/250 300/300/300 3440/2800/2800 2622/2750/2750
f 2471/2471/2471 2470/2470/2470 4106/4970/4970 4378/4971/4971
f 33/66/66 34/68/68 2518/2567/2567 2517/2565/2565
f 351/351/351 301/301/301 3869/2802/2802 4580/2852/2852
f 5/10/10 6/12/12 4527/2511/2511 4182/2509/2509
f 41/82/82 42/84/84 2522/2583/2583 2521/2581/2581
f 13/26/26 14/28/28 4529/2527/2527 4184/2525/2525
f 2466/2466/2466 2465/2465/2465 3155/4965/4965 3156/4966/4966
f 1200/1200/1200 1250/1250/1250 3087/3750/3750 4746/3700/3700
f 49/98/98 50/100/100 2528/2599/2599 2527/2597/2597
f 21/42/42 22/44/44 4531/2543/2543 4186/2541/2541
f 300/300/300 350/350/350 4158/2850/2850 3440/2800/2800
f 51/2/2 1/1/1 2501/2501/2501 2529/2504/2504
f 750/750/750 800/800/800 4927/3300/3300 4141/3250/3250
f 2200/2200/2200 2250/2250/2250 2745/4750/4750 4974/4700/4700
f 2301/2301/2301 2251/2251/2251 3287/4752/4752 3874/4802/4802
f 29/58/58 30/60/60 4534/2559/2559 4188/2557/2557
f 1701/1701/1701 1651/1651/1651 3270/4152/4152 3927/4202/4202
f 37/74/74 38/76/76 4536/2575/2575 4190/2573/2573
f 200/200/200 250/250/250 2622/2750/2750 4916/2700/2700
f 2477/2477/2477 2476/2476/2476 3702/4976/4976 3978/4977/4977
f 2475/2475/2475 2474/2474/2474 3144/4974/4974 2965/4975/4975
f 2480/2480/2480 2479/2479/2479 4374/4979/4979 4806/4980/4980
f 2300/2300/2300 2350/2350/2350 4161/4850/4850 3745/4800/4800
f 45/90/90 46/92/92 4538/2591/2591 4192/2589/2589
f 1501/1501/1501 1451/1451/1451 3181/3952/3952 4054/4002/4002
f 3/6/6 4/8/8 3823/2507/2507 3472/2505/2505
f 2101/2101/2101 2051/2051/2051 2504/4552/4552 3877/4602/4602
f 500/500/500 550/550/550 4109/3050/3050 3470/3000/3000
f 11/22/22 12/24/24 3825/2523/2523 3474/2521/2521
f 1801/1801/1801 1751/1751/1751 4481/4252/4252 3335/4302/4302
f 1400/1400/1400 1450/1450/1450 3180/3950/3950 4701/3900/3900
f 1751/1751/1751 1701/1701/1701 3927/4202/4202 4481/4252/4252
f 19/38/38 20/40/40 3827/2539/2539 3476/2537/2537
f 1150/1150/1150 1200/1200/1200 4746/3700/3700 4350/3650/3650
f 801/801/801 751/751/751 4641/3252/3252 2874/3302/3302
f 2469/2469/2469 2468/2468/2468 3706/4968/4968 3982/4969/4969
f 751/751/751 701/701/701 3774/3202/3202 4641/3252/3252
f 27/54/54 28/56/56 3829/2555/2555 3478/2553/2553
f 2472/2472/2472 2471/2471/2471 4378/4971/4971 4810/4972/4972
f 2467/2467/2467 2466/2466/2466 3156/4966/4966 2977/4967/4967
f 2473/2473/2473 2472/2472/2472 4810/4972/4972 3143/4973/4973
f 1451/1451/1451 1401/1401/1401 3158/3902/3902 3181/3952/3952
f 35/70/70 36/72/72 3831/2571/2571 3480/2569/2569
f 2478/2478/2478 2477/2477/2477 3978/4977/4977 4101/4978/4978
f 2498/2498/2498 2497/2497/2497 3341/4997/4997 3342/4998/4998
f 2351/2351/2351 2301/2301/2301 3874/4802/4802 4433/4852/4852
f 400/400/400 450/450/450 2720/2950/2950 4865/2900/2900
f 701/701/701 651/651/651 2807/3152/3152 3774/3202/3202
