# Blender v3.6.3 OBJ File: 'Pillow Forest.blend'
# www.blender.org
mtllib Stand.mtl
o Stand_Cylinder.002
v 2.837246 12.585064 -5.157424
v 4.231882 12.614988 -5.856101
v 3.594181 12.593443 -6.861580
v 4.650138 12.593443 -4.743193
v 5.284032 12.598666 -6.383201
v 4.771761 12.614988 -7.344662
v 5.747375 12.614988 -5.397228
v 5.250556 12.585064 -7.578170
v 6.221080 12.585064 -5.640898
v 4.763860 12.614988 -6.122608
v 4.260182 12.614988 -7.099327
v 5.244569 12.614988 -5.134382
v 4.554804 12.585064 -7.788201
v 4.075648 12.585064 -7.539570
v 5.972717 12.585064 -4.957890
v 5.486684 12.585064 -4.722986
v 4.498414 12.614988 -5.370486
v 5.504446 12.614988 -5.882141
v 5.989170 12.585064 -6.103817
v 5.007107 12.614988 -5.633919
v 4.002913 12.614988 -6.360850
v 5.014689 12.614988 -6.859748
v 5.482467 12.585064 -7.115252
v 4.518097 12.614988 -6.610037
v 3.054897 12.593443 -5.718554
v 3.413909 12.593443 -4.995706
v 3.410658 12.614988 -5.444689
v 3.507192 12.614988 -6.074128
v 3.965840 12.614988 -5.145066
v 4.123625 12.585064 -4.888433
v 3.439174 12.585064 -6.408966
v 3.080731 12.614988 -5.279404
v 6.215838 12.570102 -5.167679
v 4.868402 12.570102 -7.857313
v 5.065032 12.570102 -4.668878
v 3.779845 12.570102 -7.234252
v 3.237305 12.570102 -6.083092
v 3.770948 12.570102 -4.922488
v 3.121871 12.570102 -5.031569
v 2.906865 12.570102 -5.460746
v 5.418834 12.570102 -6.758590
v 5.665406 12.570102 -6.266403
v 5.993691 12.614988 -5.523804
v 5.756272 12.614988 -5.997720
v 5.499570 12.585064 -6.300753
v 6.118268 12.585064 -5.065762
v 5.863774 12.614988 -5.154037
v 5.373457 12.614988 -4.906624
v 6.231623 12.585064 -5.376452
v 4.888033 12.585064 -4.683819
v 6.059810 12.614988 -5.271312
v 5.015529 12.614988 -6.248688
v 4.524516 12.614988 -7.221434
v 5.500639 12.614988 -5.272985
v 4.314919 12.585064 -7.675016
v 5.738431 12.585064 -4.833527
v 5.256608 12.614988 -5.760097
v 4.768547 12.614988 -6.734322
v 5.625474 12.614988 -5.030840
v 4.515143 12.614988 -5.998007
v 3.930919 12.614988 -6.985962
v 4.956624 12.614988 -4.938542
v 4.754469 12.614988 -5.501433
v 4.260717 12.614988 -6.487017
v 5.254622 12.585064 -4.684617
v 3.905969 12.585064 -7.376678
v 5.112756 12.614988 -4.786210
v 5.020623 12.614988 -7.466157
v 5.258042 12.614988 -6.992241
v 4.728352 12.585064 -7.840189
v 5.347051 12.585064 -6.605198
v 3.801448 12.614988 -6.615059
v 4.895249 12.614988 -7.102479
v 5.389441 12.585064 -7.350056
v 4.387419 12.614988 -6.855174
v 3.163009 12.585064 -5.942116
v 3.488147 12.614988 -6.274006
v 4.646532 12.614988 -6.977878
v 4.086198 12.614988 -6.739794
v 5.151608 12.614988 -7.230908
v 4.578133 12.614988 -5.056868
v 5.627341 12.614988 -5.641141
v 6.121533 12.585064 -5.888719
v 5.125202 12.614988 -5.382478
v 4.080321 12.614988 -5.009615
v 3.635026 12.585064 -4.947942
v 5.883700 12.614988 -5.769571
v 5.378623 12.614988 -5.516541
v 4.852433 12.614988 -5.210304
v 4.646675 12.614988 -7.583502
v 4.154935 12.614988 -7.338928
v 3.685833 12.585064 -7.083542
v 5.045066 12.585064 -7.744952
v 4.405320 12.614988 -7.466403
v 3.902396 12.614988 -7.202223
v 4.857982 12.614988 -7.670294
v 4.363554 12.585064 -4.812367
v 3.810444 12.614988 -5.644971
v 3.750343 12.614988 -6.220831
v 4.231823 12.614988 -5.252002
v 3.501702 12.585064 -6.620888
v 3.632096 12.614988 -6.449292
v 4.324459 12.614988 -5.020205
v 3.289611 12.614988 -5.911098
v 3.705931 12.614988 -5.068411
v 3.927615 12.585064 -4.913321
v 3.235657 12.614988 -5.357018
v 3.335031 12.585064 -6.228486
v 3.323479 12.614988 -6.098207
v 3.846694 12.614988 -4.983031
v 4.123684 12.614988 -6.106579
v 5.127656 12.614988 -6.622238
v 4.641845 12.614988 -6.366165
v 5.460405 12.585064 -6.915888
v 2.855971 12.585064 -5.308625
v 3.434031 12.614988 -5.755950
v 3.057358 12.614988 -5.495685
v 4.891300 12.614988 -6.491135
v 4.393128 12.614988 -6.241564
v 5.306377 12.614988 -6.775249
v 3.771335 12.614988 -5.930061
v 3.238410 12.614988 -5.632298
v 4.367715 12.614988 -5.619467
v 5.381854 12.614988 -6.114830
v 4.885876 12.614988 -5.879052
v 3.673952 12.614988 -5.277040
v 3.239962 12.614988 -5.131185
v 2.969559 12.585064 -5.081890
v 5.816284 12.585064 -6.205516
v 5.611415 12.614988 -6.166358
v 5.135331 12.614988 -6.004023
v 4.637158 12.614988 -5.754451
v 4.015365 12.614988 -5.442949
v 3.457786 12.614988 -5.194398
v 2.837246 12.465366 -5.157424
v 4.231882 12.435442 -5.856101
v 3.594181 12.456987 -6.861580
v 4.650138 12.456987 -4.743193
v 5.284032 12.451764 -6.383201
v 4.771761 12.435442 -7.344662
v 5.747375 12.435442 -5.397228
v 5.250556 12.465366 -7.578170
v 6.221080 12.465366 -5.640898
v 4.763860 12.435442 -6.122608
v 4.260182 12.435442 -7.099327
v 5.244569 12.435442 -5.134382
v 4.554804 12.465366 -7.788201
v 4.075648 12.465366 -7.539570
v 5.972717 12.465366 -4.957890
v 5.486684 12.465366 -4.722986
v 4.498414 12.435442 -5.370486
v 5.504446 12.435442 -5.882141
v 5.989169 12.465366 -6.103817
v 5.007107 12.435442 -5.633919
v 4.002913 12.435442 -6.360850
v 5.014689 12.435442 -6.859748
v 5.482467 12.465366 -7.115252
v 4.518097 12.435442 -6.610037
v 3.054897 12.456987 -5.718554
v 3.413909 12.456987 -4.995706
v 3.410658 12.435442 -5.444689
v 3.507192 12.435442 -6.074128
v 3.965840 12.435442 -5.145066
v 4.123625 12.465366 -4.888433
v 3.439174 12.465366 -6.408966
v 3.080730 12.435442 -5.279404
v 6.215838 12.480329 -5.167679
v 4.868402 12.480329 -7.857313
v 5.065032 12.480329 -4.668878
v 3.779845 12.480329 -7.234252
v 3.237305 12.480329 -6.083092
v 3.770948 12.480329 -4.922488
v 3.121871 12.480329 -5.031570
v 2.906866 12.480329 -5.460746
v 5.418834 12.480329 -6.758590
v 5.665406 12.480329 -6.266403
v 5.993691 12.435442 -5.523804
v 5.756271 12.435442 -5.997720
v 5.499570 12.465366 -6.300753
v 6.118268 12.465366 -5.065762
v 5.863774 12.435442 -5.154037
v 5.373457 12.435442 -4.906625
v 6.231623 12.465366 -5.376452
v 4.888033 12.465366 -4.683819
v 6.059811 12.435442 -5.271312
v 5.015529 12.435442 -6.248688
v 4.524516 12.435442 -7.221434
v 5.500639 12.435442 -5.272985
v 4.314919 12.465366 -7.675016
v 5.738431 12.465366 -4.833527
v 5.256608 12.435442 -5.760097
v 4.768547 12.435442 -6.734322
v 5.625474 12.435442 -5.030841
v 4.515143 12.435442 -5.998007
v 3.930919 12.435442 -6.985962
v 4.956624 12.435442 -4.938542
v 4.754469 12.435442 -5.501433
v 4.260717 12.435442 -6.487017
v 5.254622 12.465366 -4.684617
v 3.905969 12.465366 -7.376678
v 5.112756 12.435442 -4.786210
v 5.020623 12.435442 -7.466157
v 5.258042 12.435442 -6.992241
v 4.728352 12.465366 -7.840189
v 5.347051 12.465366 -6.605198
v 3.801448 12.435442 -6.615059
v 4.895249 12.435442 -7.102479
v 5.389441 12.465366 -7.350056
v 4.387419 12.435442 -6.855174
v 3.163009 12.465366 -5.942116
v 3.488147 12.435442 -6.274006
v 4.646532 12.435442 -6.977878
v 4.086198 12.435442 -6.739794
v 5.151608 12.435442 -7.230908
v 4.578133 12.435442 -5.056868
v 5.627341 12.435442 -5.641141
v 6.121533 12.465366 -5.888719
v 5.125202 12.435442 -5.382478
v 4.080321 12.435442 -5.009615
v 3.635026 12.465366 -4.947942
v 5.883700 12.435442 -5.769571
v 5.378623 12.435442 -5.516541
v 4.852433 12.435442 -5.210304
v 4.646675 12.435442 -7.583502
v 4.154935 12.435442 -7.338929
v 3.685833 12.465366 -7.083542
v 5.045066 12.465366 -7.744952
v 4.405320 12.435442 -7.466403
v 3.902396 12.435442 -7.202223
v 4.857982 12.435442 -7.670294
v 4.363554 12.465366 -4.812367
v 3.810444 12.435442 -5.644971
v 3.750343 12.435442 -6.220831
v 4.231823 12.435442 -5.252002
v 3.501702 12.465366 -6.620888
v 3.632096 12.435442 -6.449292
v 4.324459 12.435442 -5.020205
v 3.289611 12.435442 -5.911098
v 3.705931 12.435442 -5.068411
v 3.927615 12.465366 -4.913321
v 3.235656 12.435442 -5.357018
v 3.335032 12.465366 -6.228486
v 3.323479 12.435442 -6.098207
v 3.846694 12.435442 -4.983031
v 4.123684 12.435442 -6.106579
v 5.127656 12.435442 -6.622238
v 4.641845 12.435442 -6.366165
v 5.460405 12.465366 -6.915888
v 2.855971 12.465366 -5.308625
v 3.434031 12.435442 -5.755950
v 3.057358 12.435442 -5.495684
v 4.891300 12.435442 -6.491135
v 4.393128 12.435442 -6.241563
v 5.306377 12.435442 -6.775249
v 3.771335 12.435442 -5.930061
v 3.238410 12.435442 -5.632298
v 4.367715 12.435442 -5.619467
v 5.381854 12.435442 -6.114829
v 4.885876 12.435442 -5.879052
v 3.673952 12.435442 -5.277040
v 3.239962 12.435442 -5.131185
v 2.969559 12.465366 -5.081890
v 5.816284 12.465366 -6.205516
v 5.611415 12.435442 -6.166358
v 5.135331 12.435442 -6.004023
v 4.637158 12.435442 -5.754451
v 4.015365 12.435442 -5.442949
v 3.457786 12.435442 -5.194398
v 2.951563 12.611248 -5.214694
v 4.386467 12.614988 -5.933544
v 4.297207 12.614988 -5.736486
v 3.689629 12.612769 -6.739020
v 3.757368 12.612769 -6.928110
v 4.805853 12.612769 -4.834167
v 4.893929 12.614988 -7.404514
v 5.868461 12.614988 -5.459239
v 5.804708 12.614988 -5.274960
v 4.834057 12.614988 -7.224085
v 5.327496 12.613256 -6.234781
v 5.326324 12.585064 -7.469904
v 4.888588 12.614988 -6.185093
v 4.398206 12.614988 -7.159446
v 5.375361 12.614988 -5.208934
v 4.824868 12.614988 -6.000830
v 4.321861 12.614988 -6.977738
v 5.307755 12.614988 -5.018414
v 4.592561 12.611248 -7.700559
v 4.108956 12.611248 -7.454103
v 4.188726 12.585064 -7.609850
v 5.610680 12.585064 -4.771474
v 4.543843 12.614988 -5.220133
v 5.566223 12.614988 -5.762600
v 6.059232 12.585064 -6.006940
v 5.066449 12.614988 -5.508790
v 4.627429 12.614988 -5.434792
v 5.627873 12.614988 -5.939479
v 5.132152 12.614988 -5.697599
v 4.070604 12.614988 -6.233591
v 5.070704 12.614988 -6.739965
v 4.580621 12.614988 -6.487982
v 4.131325 12.614988 -6.425232
v 5.134516 12.614988 -6.924274
v 4.643971 12.614988 -6.672061
v 3.174619 12.612769 -5.821760
v 3.566537 12.612769 -5.029793
v 5.400306 12.586450 -6.324683
v 5.481980 12.585064 -7.012125
v 4.647477 12.585064 -7.819772
v 2.832712 12.585064 -5.226063
v 6.234450 12.585064 -5.510111
v 3.230808 12.583399 -5.015173
v 3.116377 12.585961 -5.851973
v 4.491960 12.585961 -4.770308
v 5.368905 12.585064 -4.697083
v 3.632803 12.585961 -6.989243
v 3.589478 12.614988 -5.534273
v 3.625726 12.614988 -6.148688
v 4.097616 12.614988 -5.195371
v 3.515430 12.614988 -5.347401
v 3.478815 12.614988 -5.925910
v 4.021860 12.585064 -4.905853
v 4.106756 12.611248 -4.940704
v 3.474222 12.585064 -6.511921
v 3.461396 12.611248 -6.352314
v 3.171739 12.614988 -5.324996
v 3.055526 12.612769 -5.607647
v 3.148664 12.614988 -5.199442
v 6.177999 12.582501 -5.119018
v 4.940134 12.582501 -7.816104
v 4.990223 12.582501 -4.674408
v 3.832231 12.582501 -7.294439
v 3.278174 12.582501 -6.144329
v 3.713479 12.582501 -4.932921
v 3.052282 12.582501 -5.053384
v 2.959148 12.583399 -5.558056
v 5.389076 12.582501 -6.693798
v 5.729057 12.582501 -6.241324
v 6.122187 12.611248 -5.590004
v 5.887936 12.611248 -6.057597
v 5.595695 12.582501 -6.281363
v 6.053492 12.585064 -5.013211
v 6.092156 12.611248 -5.152486
v 5.822016 12.614988 -5.889423
v 5.545836 12.611248 -6.243000
v 5.925129 12.611248 -5.040606
v 5.438173 12.611248 -4.800838
v 6.225782 12.582501 -5.249806
v 4.780190 12.585961 -4.697794
v 6.029675 12.614988 -5.397593
v 6.156853 12.611248 -5.330891
v 5.244459 12.614988 -4.846331
v 5.964114 12.614988 -5.212407
v 5.500100 12.614988 -4.968287
v 5.145871 12.613880 -6.313986
v 4.648691 12.614988 -7.283563
v 5.624750 12.614988 -5.335240
v 4.441187 12.585064 -7.737400
v 5.864000 12.585064 -4.897307
v 5.380857 12.614988 -5.822078
v 4.892584 12.614988 -6.796725
v 5.749134 12.614988 -5.093267
v 5.689578 12.611248 -4.916962
v 4.829647 12.614988 -6.612590
v 5.317616 12.614988 -5.638319
v 4.352493 12.611248 -7.585932
v 5.075706 12.614988 -6.126494
v 4.585524 12.614988 -7.099656
v 5.561999 12.614988 -5.151383
v 4.639502 12.614988 -6.060308
v 4.102331 12.614988 -7.042172
v 5.104277 12.614988 -5.042175
v 4.881082 12.614988 -5.568267
v 4.390057 12.614988 -6.548409
v 5.144604 12.582501 -4.674798
v 3.984382 12.585064 -7.460746
v 4.984114 12.611248 -4.727623
v 5.029693 12.614988 -4.851115
v 5.194245 12.611248 -4.727752
v 4.330821 12.614988 -6.363579
v 4.805414 12.614988 -5.359516
v 3.904367 12.611248 -7.302493
v 3.996850 12.614988 -6.865770
v 4.576151 12.614988 -5.876229
v 5.150582 12.611248 -7.529436
v 5.384834 12.611248 -7.061844
v 4.806771 12.582501 -7.856143
v 5.306782 12.586450 -6.511367
v 5.286469 12.614988 -6.881118
v 4.782177 12.611248 -7.767349
v 5.089479 12.614988 -7.351648
v 3.910525 12.614988 -6.488351
v 4.955935 12.614988 -6.980804
v 5.446825 12.585064 -7.229372
v 4.453408 12.614988 -6.732487
v 3.205689 12.582501 -6.023768
v 3.507634 12.614988 -6.185820
v 4.707539 12.614988 -6.856100
v 4.177554 12.614988 -6.612793
v 5.210668 12.614988 -7.109741
v 5.020563 12.614988 -7.165257
v 3.933153 12.614988 -6.681348
v 4.520874 12.614988 -6.915814
v 3.233129 12.611248 -6.009417
v 3.705904 12.614988 -6.535998
v 4.240905 12.614988 -6.796872
v 5.286069 12.611248 -7.298270
v 4.770890 12.614988 -7.040178
v 4.608758 12.612769 -4.893034
v 5.688101 12.614988 -5.519319
v 6.179732 12.585064 -5.766408
v 5.184114 12.614988 -5.256584
v 4.041152 12.614988 -5.078387
v 3.547398 12.585961 -4.964849
v 5.943205 12.614988 -5.647516
v 5.439631 12.614988 -5.394763
v 4.899834 12.614988 -5.063314
v 4.713498 12.614988 -5.122713
v 5.253677 12.614988 -5.453057
v 5.752655 12.614988 -5.703920
v 4.449312 12.614988 -5.027565
v 3.964345 12.614988 -4.998735
v 5.502982 12.614988 -5.578841
v 6.018162 12.611248 -5.836933
v 4.990780 12.614988 -5.300038
v 4.708160 12.614988 -7.463790
v 4.205132 12.614988 -7.219372
v 3.739483 12.582501 -7.171024
v 5.153810 12.585064 -7.667188
v 4.463861 12.614988 -7.343389
v 3.904646 12.614988 -7.096833
v 4.941082 12.614988 -7.570547
v 4.753505 12.614988 -7.628917
v 3.778447 12.611248 -7.134269
v 4.280150 12.614988 -7.403441
v 4.529361 12.614988 -7.528068
v 4.963806 12.611248 -7.712346
v 4.029406 12.614988 -7.271711
v 4.239354 12.585064 -4.855138
v 4.034117 12.614988 -5.757026
v 3.876138 12.614988 -6.292140
v 4.366106 12.614988 -5.310076
v 3.531849 12.585961 -6.732263
v 3.561464 12.614988 -6.361397
v 4.200797 12.614988 -5.016106
v 4.290919 12.614988 -5.140519
v 3.558295 12.611248 -6.548549
v 4.348186 12.611248 -4.901324
v 3.701440 12.614988 -6.341455
v 3.897360 12.614988 -5.536172
v 3.769589 12.614988 -6.081104
v 3.397937 12.614988 -5.995111
v 3.837254 12.614988 -5.104871
v 3.836691 12.582501 -4.918392
v 3.302084 12.614988 -5.390296
v 3.391355 12.585064 -6.315954
v 3.409555 12.614988 -6.187057
v 3.726928 12.611248 -4.963829
v 3.787608 12.614988 -5.022530
v 3.309308 12.614988 -6.013818
v 3.325902 12.614988 -5.265278
v 3.265607 12.614988 -5.780280
v 3.331476 12.611248 -6.173796
v 3.894674 12.611248 -4.943675
v 4.175192 12.614988 -5.980042
v 5.191182 12.613256 -6.506879
v 4.702853 12.614988 -6.244386
v 5.436859 12.582501 -6.824586
v 2.882670 12.582501 -5.391949
v 3.395469 12.614988 -5.586856
v 3.057362 12.614988 -5.381691
v 4.953691 12.614988 -6.370050
v 4.454135 12.614988 -6.119785
v 5.328497 12.611248 -6.676835
v 3.775345 12.614988 -5.779729
v 3.216214 12.614988 -5.484228
v 3.154253 12.614988 -5.572856
v 3.589268 12.614988 -5.838209
v 5.220848 12.614988 -6.695902
v 4.266178 12.614988 -6.177965
v 4.766296 12.614988 -6.428511
v 3.323333 12.614988 -5.689592
v 2.946235 12.611248 -5.395006
v 3.955282 12.614988 -6.022214
v 5.015220 12.614988 -6.554803
v 5.393193 12.611248 -6.855240
v 4.517486 12.614988 -6.303864
v 4.437580 12.614988 -5.500905
v 5.442046 12.614988 -5.998726
v 4.946785 12.614988 -5.757077
v 3.836049 12.614988 -5.211139
v 3.328214 12.612769 -5.062674
v 2.889507 12.585064 -5.112696
v 5.906281 12.585064 -6.165174
v 5.684289 12.614988 -6.087023
v 5.195693 12.614988 -5.881921
v 4.697578 12.614988 -5.631490
v 4.134813 12.614988 -5.351110
v 3.591868 12.614988 -5.127569
v 3.359788 12.614988 -5.162585
v 3.832785 12.614988 -5.352122
v 4.510209 12.614988 -5.690853
v 5.010326 12.614988 -5.941399
v 5.496654 12.614988 -6.145364
v 3.554523 12.614988 -5.228111
v 3.092790 12.611248 -5.102465
v 4.199312 12.614988 -5.535101
v 4.761517 12.614988 -5.816751
v 5.727465 12.611248 -6.187997
v 5.260522 12.614988 -6.065153
v 2.951563 12.439182 -5.214694
v 4.386467 12.435442 -5.933544
v 4.297207 12.435442 -5.736486
v 3.689629 12.437661 -6.739020
v 3.757368 12.437661 -6.928110
v 4.805853 12.437661 -4.834167
v 4.893929 12.435442 -7.404514
v 5.868461 12.435442 -5.459239
v 5.804708 12.435442 -5.274960
v 4.834057 12.435442 -7.224085
v 5.327496 12.437174 -6.234781
v 5.326325 12.465366 -7.469904
v 4.888588 12.435442 -6.185093
v 4.398205 12.435442 -7.159446
v 5.375361 12.435442 -5.208934
v 4.824868 12.435442 -6.000830
v 4.321861 12.435442 -6.977738
v 5.307755 12.435442 -5.018414
v 4.592561 12.439182 -7.700559
v 4.108956 12.439182 -7.454103
v 4.188726 12.465366 -7.609850
v 5.610680 12.465366 -4.771474
v 4.543843 12.435442 -5.220133
v 5.566223 12.435442 -5.762600
v 6.059232 12.465366 -6.006940
v 5.066449 12.435442 -5.508790
v 4.627429 12.435442 -5.434792
v 5.627873 12.435442 -5.939479
v 5.132152 12.435442 -5.697599
v 4.070604 12.435442 -6.233591
v 5.070704 12.435442 -6.739965
v 4.580621 12.435442 -6.487982
v 4.131325 12.435442 -6.425232
v 5.134516 12.435442 -6.924275
v 4.643971 12.435442 -6.672061
v 3.174619 12.437661 -5.821760
v 3.566537 12.437661 -5.029793
v 5.400306 12.463981 -6.324683
v 5.481980 12.465366 -7.012124
v 4.647477 12.465366 -7.819772
v 2.832712 12.465366 -5.226063
v 6.234450 12.465366 -5.510111
v 3.230808 12.467031 -5.015173
v 3.116377 12.464469 -5.851973
v 4.491960 12.464469 -4.770308
v 5.368905 12.465366 -4.697083
v 3.632803 12.464469 -6.989243
v 3.589478 12.435442 -5.534273
v 3.625726 12.435442 -6.148688
v 4.097616 12.435442 -5.195371
v 3.515430 12.435442 -5.347401
v 3.478815 12.435442 -5.925910
v 4.021860 12.465366 -4.905853
v 4.106756 12.439182 -4.940704
v 3.474222 12.465366 -6.511921
v 3.461396 12.439182 -6.352314
v 3.171739 12.435442 -5.324996
v 3.055526 12.437661 -5.607647
v 3.148664 12.435442 -5.199441
v 6.177999 12.467929 -5.119018
v 4.940134 12.467929 -7.816104
v 4.990223 12.467929 -4.674408
v 3.832232 12.467929 -7.294439
v 3.278174 12.467929 -6.144329
v 3.713479 12.467929 -4.932921
v 3.052282 12.467929 -5.053384
v 2.959148 12.467031 -5.558056
v 5.389076 12.467929 -6.693798
v 5.729058 12.467929 -6.241324
v 6.122187 12.439182 -5.590004
v 5.887936 12.439182 -6.057597
v 5.595695 12.467929 -6.281363
v 6.053491 12.465366 -5.013211
v 6.092156 12.439182 -5.152486
v 5.822016 12.435442 -5.889423
v 5.545836 12.439182 -6.243000
v 5.925129 12.439182 -5.040606
v 5.438173 12.439182 -4.800838
v 6.225782 12.467929 -5.249806
v 4.780190 12.464469 -4.697794
v 6.029675 12.435442 -5.397593
v 6.156853 12.439182 -5.330891
v 5.244459 12.435442 -4.846331
v 5.964114 12.435442 -5.212407
v 5.500100 12.435442 -4.968287
v 5.145871 12.436550 -6.313986
v 4.648691 12.435442 -7.283563
v 5.624750 12.435442 -5.335240
v 4.441187 12.465366 -7.737400
v 5.864000 12.465366 -4.897307
v 5.380857 12.435442 -5.822078
v 4.892584 12.435442 -6.796725
v 5.749133 12.435442 -5.093267
v 5.689578 12.439182 -4.916962
v 4.829647 12.435442 -6.612590
v 5.317616 12.435442 -5.638319
v 4.352493 12.439182 -7.585932
v 5.075706 12.435442 -6.126494
v 4.585524 12.435442 -7.099656
v 5.561999 12.435442 -5.151383
v 4.639502 12.435442 -6.060308
v 4.102330 12.435442 -7.042172
v 5.104277 12.435442 -5.042175
v 4.881082 12.435442 -5.568267
v 4.390057 12.435442 -6.548409
v 5.144604 12.467929 -4.674798
v 3.984382 12.465366 -7.460746
v 4.984115 12.439182 -4.727623
v 5.029693 12.435442 -4.851115
v 5.194245 12.439182 -4.727752
v 4.330821 12.435442 -6.363579
v 4.805414 12.435442 -5.359516
v 3.904366 12.439182 -7.302493
v 3.996850 12.435442 -6.865770
v 4.576151 12.435442 -5.876229
v 5.150582 12.439182 -7.529436
v 5.384834 12.439182 -7.061844
v 4.806771 12.467929 -7.856143
v 5.306782 12.463981 -6.511367
v 5.286469 12.435442 -6.881118
v 4.782177 12.439182 -7.767349
v 5.089479 12.435442 -7.351648
v 3.910525 12.435442 -6.488351
v 4.955935 12.435442 -6.980804
v 5.446825 12.465366 -7.229372
v 4.453408 12.435442 -6.732487
v 3.205689 12.467929 -6.023768
v 3.507634 12.435442 -6.185820
v 4.707539 12.435442 -6.856100
v 4.177554 12.435442 -6.612793
v 5.210668 12.435442 -7.109741
v 5.020563 12.435442 -7.165258
v 3.933153 12.435442 -6.681348
v 4.520874 12.435442 -6.915814
v 3.233129 12.439182 -6.009417
v 3.705904 12.435442 -6.535998
v 4.240905 12.435442 -6.796872
v 5.286069 12.439182 -7.298270
v 4.770890 12.435442 -7.040178
v 4.608758 12.437661 -4.893034
v 5.688101 12.435442 -5.519319
v 6.179732 12.465366 -5.766408
v 5.184114 12.435442 -5.256584
v 4.041152 12.435442 -5.078387
v 3.547398 12.464469 -4.964850
v 5.943205 12.435442 -5.647516
v 5.439631 12.435442 -5.394763
v 4.899834 12.435442 -5.063314
v 4.713498 12.435442 -5.122713
v 5.253677 12.435442 -5.453057
v 5.752655 12.435442 -5.703920
v 4.449312 12.435442 -5.027564
v 3.964345 12.435442 -4.998735
v 5.502982 12.435442 -5.578841
v 6.018162 12.439182 -5.836932
v 4.990780 12.435442 -5.300038
v 4.708160 12.435442 -7.463790
v 4.205132 12.435442 -7.219372
v 3.739483 12.467929 -7.171024
v 5.153810 12.465366 -7.667188
v 4.463861 12.435442 -7.343389
v 3.904646 12.435442 -7.096833
v 4.941082 12.435442 -7.570547
v 4.753505 12.435442 -7.628918
v 3.778447 12.439182 -7.134269
v 4.280150 12.435442 -7.403441
v 4.529361 12.435442 -7.528068
v 4.963806 12.439182 -7.712346
v 4.029406 12.435442 -7.271711
v 4.239354 12.465366 -4.855138
v 4.034117 12.435442 -5.757026
v 3.876138 12.435442 -6.292140
v 4.366106 12.435442 -5.310076
v 3.531849 12.464469 -6.732263
v 3.561464 12.435442 -6.361397
v 4.200797 12.435442 -5.016106
v 4.290919 12.435442 -5.140519
v 3.558295 12.439182 -6.548549
v 4.348186 12.439182 -4.901323
v 3.701440 12.435442 -6.341455
v 3.897360 12.435442 -5.536173
v 3.769589 12.435442 -6.081104
v 3.397936 12.435442 -5.995112
v 3.837254 12.435442 -5.104871
v 3.836692 12.467929 -4.918393
v 3.302084 12.435442 -5.390296
v 3.391355 12.465366 -6.315954
v 3.409555 12.435442 -6.187057
v 3.726929 12.439182 -4.963829
v 3.787608 12.435442 -5.022530
v 3.309308 12.435442 -6.013819
v 3.325902 12.435442 -5.265278
v 3.265607 12.435442 -5.780280
v 3.331476 12.439182 -6.173796
v 3.894674 12.439182 -4.943675
v 4.175192 12.435442 -5.980042
v 5.191182 12.437174 -6.506879
v 4.702853 12.435442 -6.244386
v 5.436859 12.467929 -6.824586
v 2.882670 12.467929 -5.391949
v 3.395469 12.435442 -5.586856
v 3.057362 12.435442 -5.381691
v 4.953691 12.435442 -6.370050
v 4.454135 12.435442 -6.119785
v 5.328497 12.439182 -6.676835
v 3.775344 12.435442 -5.779729
v 3.216214 12.435442 -5.484228
v 3.154253 12.435442 -5.572856
v 3.589268 12.435442 -5.838209
v 5.220848 12.435442 -6.695902
v 4.266178 12.435442 -6.177965
v 4.766296 12.435442 -6.428511
v 3.323333 12.435442 -5.689592
v 2.946235 12.439182 -5.395006
v 3.955282 12.435442 -6.022214
v 5.015220 12.435442 -6.554803
v 5.393194 12.439182 -6.855240
v 4.517486 12.435442 -6.303864
v 4.437580 12.435442 -5.500905
v 5.442046 12.435442 -5.998726
v 4.946785 12.435442 -5.757077
v 3.836048 12.435442 -5.211139
v 3.328214 12.437661 -5.062674
v 2.889507 12.465366 -5.112696
v 5.906281 12.465366 -6.165174
v 5.684289 12.435442 -6.087023
v 5.195693 12.435442 -5.881921
v 4.697578 12.435442 -5.631490
v 4.134813 12.435442 -5.351110
v 3.591868 12.435442 -5.127569
v 3.359788 12.435442 -5.162585
v 3.832785 12.435442 -5.352122
v 4.510209 12.435442 -5.690853
v 5.010326 12.435442 -5.941399
v 5.496654 12.435442 -6.145364
v 3.554523 12.435442 -5.228111
v 3.092790 12.439182 -5.102464
v 4.199312 12.435442 -5.535101
v 4.761517 12.435442 -5.816751
v 5.727465 12.439182 -6.187997
v 5.260522 12.435442 -6.065153
v 3.394145 12.525215 -4.974964
v 3.111808 12.525215 -5.029717
v 3.026901 12.525215 -5.715707
v 3.137978 12.525215 -5.918222
v 5.426262 12.525215 -7.368503
v 5.517257 12.525215 -7.134267
v 4.624036 12.525215 -4.693227
v 4.368795 12.525215 -4.780879
v 5.483427 12.525215 -6.321230
v 5.667344 12.525215 -6.269548
v 5.503862 12.525215 -4.695538
v 5.275944 12.525215 -4.669398
v 6.127671 12.525215 -5.035247
v 5.989703 12.525215 -4.928790
v 3.234380 12.525215 -6.082462
v 6.223586 12.525215 -5.159229
v 3.539837 12.525215 -6.872243
v 3.653062 12.525215 -7.065596
v 4.866272 12.525215 -7.868578
v 5.074003 12.525215 -7.756589
v 4.063949 12.525215 -7.569764
v 4.301781 12.525215 -7.706520
v 6.158354 12.525215 -5.907166
v 6.256314 12.525215 -5.659026
v 5.063556 12.525215 -4.665356
v 4.854037 12.525215 -4.668316
v 4.541667 12.525215 -7.819229
v 5.755797 12.525215 -4.804142
v 4.129354 12.525215 -4.869870
v 3.776141 12.525215 -7.235179
v 3.906547 12.525215 -7.402867
v 2.924844 12.525215 -5.074684
v 2.795306 12.525215 -5.136414
v 3.336087 12.525215 -6.247688
v 5.847889 12.525215 -6.211828
v 6.025230 12.525215 -6.120295
v 3.939028 12.525215 -4.902502
v 3.768321 12.525215 -4.920499
v 4.709541 12.525215 -7.865991
v 3.602303 12.525215 -4.942192
v 5.323164 12.525215 -6.402805
v 5.484385 12.525215 -6.937423
v 5.422513 12.525215 -6.758258
v 5.353786 12.525215 -6.580009
v 6.258270 12.525215 -5.392662
v 5.286172 12.525215 -7.595536
v 2.823426 12.525215 -5.277126
v 2.899356 12.525215 -5.453795
v 3.431123 12.525215 -6.428857
v 3.481555 12.525215 -6.646333
v 5.685682 12.614988 -5.213593
v 4.709859 12.614988 -7.161935
v 5.203752 12.614712 -6.188789
v 5.223378 12.611248 -7.418499
v 5.650568 12.607646 -6.241455
v 4.700510 12.614988 -5.938529
v 4.165547 12.614988 -6.921041
v 4.003308 12.611248 -7.380301
v 4.872005 12.607646 -7.795550
v 4.477579 12.611248 -7.647892
v 4.936875 12.614988 -5.436013
v 5.956127 12.611248 -5.955849
v 5.441961 12.614988 -5.700579
v 4.455802 12.614988 -6.425766
v 5.396758 12.611248 -6.955380
v 4.953187 12.614988 -6.675306
v 3.986603 12.614988 -5.885564
v 6.014100 12.611248 -5.097165
v 4.290206 12.614988 -5.427808
v 3.604245 12.614988 -6.264813
v 3.999039 12.611248 -4.946141
v 5.315807 12.611248 -4.760409
v 3.172620 12.607870 -5.053727
v 2.936916 12.611248 -5.298847
v 4.474545 12.611472 -4.881859
v 3.260026 12.607646 -6.087743
v 3.366120 12.614988 -5.852789
v 3.710022 12.614988 -5.164658
v 6.168529 12.607646 -5.207546
v 5.691301 12.614988 -5.824699
v 5.439355 12.611594 -6.245197
v 6.145292 12.611248 -5.461224
v 5.171665 12.614988 -4.938338
v 5.916859 12.614988 -5.335365
v 5.814100 12.611248 -4.980049
v 5.563075 12.611248 -4.854815
v 4.705180 12.614988 -6.550254
v 5.192951 12.614988 -5.575402
v 4.226974 12.611248 -7.521822
v 4.949492 12.614988 -6.063263
v 4.459297 12.614988 -7.037691
v 5.436874 12.614988 -5.087998
v 4.888909 12.611472 -4.764541
v 5.076789 12.607646 -4.697184
v 4.204537 12.614988 -6.300694
v 4.673836 12.614988 -5.284230
v 3.809556 12.607646 -7.226721
v 3.828814 12.614590 -6.808256
v 4.448014 12.614988 -5.812036
v 5.178970 12.614988 -6.808254
v 4.691133 12.611248 -7.737955
v 4.958978 12.614988 -7.286498
v 5.080563 12.614988 -7.043801
v 4.038626 12.614988 -6.552686
v 4.582504 12.614988 -6.793923
v 3.202180 12.611472 -5.923223
v 3.512588 12.611248 -6.448594
v 4.317536 12.614988 -6.672282
v 5.344171 12.611248 -7.177383
v 4.831858 12.614988 -6.918413
v 4.752484 12.614590 -4.963152
v 5.314423 12.614988 -5.330765
v 5.812886 12.614988 -5.582002
v 4.416564 12.614988 -5.174719
v 3.916896 12.614988 -5.050953
v 5.563959 12.614988 -5.457057
v 6.076921 12.611248 -5.714733
v 5.045111 12.614988 -5.165335
v 4.823691 12.614988 -7.517448
v 3.751072 12.611472 -7.035990
v 4.338175 12.614988 -7.281124
v 4.587743 12.614988 -7.405202
v 5.061271 12.611248 -7.625049
v 4.059512 12.614988 -7.158319
v 4.165668 12.614988 -5.108504
v 3.608031 12.611472 -6.648129
v 4.224361 12.611248 -4.924248
v 3.800544 12.614988 -6.417005
v 3.979920 12.614988 -5.275639
v 3.566582 12.614988 -5.674824
v 3.653718 12.611472 -4.990944
v 3.411041 12.614988 -6.102428
v 3.468209 12.614590 -5.091040
v 3.162225 12.614590 -5.702995
v 3.400591 12.611248 -6.261925
v 3.791243 12.607646 -4.938077
v 3.147763 12.614988 -5.441295
v 3.616537 12.614988 -6.002413
v 5.266500 12.611594 -6.590235
v 4.325998 12.614988 -6.055592
v 4.827477 12.614988 -6.306820
v 3.287083 12.614988 -5.527106
v 2.955032 12.607870 -5.488171
v 3.923922 12.614988 -6.159456
v 5.080253 12.614712 -6.435306
v 5.389967 12.607646 -6.761642
v 4.578494 12.614988 -6.182086
v 3.250531 12.614988 -5.236160
v 3.688341 12.614988 -5.431780
v 4.571589 12.614988 -5.567998
v 5.071241 12.614988 -5.819556
v 5.561565 12.614988 -6.044551
v 3.402678 12.614988 -5.296366
v 3.010194 12.611248 -5.152576
v 4.108618 12.614988 -5.642008
v 4.822218 12.614988 -5.694357
v 5.809805 12.611248 -6.130893
v 5.319894 12.614988 -5.943316
v 5.685682 12.435442 -5.213593
v 4.709859 12.435442 -7.161935
v 5.203752 12.435719 -6.188789
v 5.223378 12.439182 -7.418499
v 5.650568 12.442784 -6.241455
v 4.700510 12.435442 -5.938529
v 4.165547 12.435442 -6.921041
v 4.003308 12.439182 -7.380301
v 4.872005 12.442784 -7.795550
v 4.477579 12.439182 -7.647892
v 4.936875 12.435442 -5.436013
v 5.956128 12.439182 -5.955849
v 5.441961 12.435442 -5.700579
v 4.455802 12.435442 -6.425766
v 5.396758 12.439182 -6.955380
v 4.953187 12.435442 -6.675306
v 3.986603 12.435442 -5.885564
v 6.014100 12.439182 -5.097165
v 4.290206 12.435442 -5.427808
v 3.604245 12.435442 -6.264813
v 3.999039 12.439182 -4.946141
v 5.315807 12.439182 -4.760409
v 3.172620 12.442560 -5.053727
v 2.936916 12.439182 -5.298847
v 4.474545 12.438958 -4.881859
v 3.260027 12.442784 -6.087743
v 3.366120 12.435442 -5.852789
v 3.710022 12.435442 -5.164658
v 6.168529 12.442784 -5.207546
v 5.691301 12.435442 -5.824699
v 5.439355 12.438836 -6.245197
v 6.145292 12.439182 -5.461224
v 5.171665 12.435442 -4.938337
v 5.916859 12.435442 -5.335365
v 5.814099 12.439182 -4.980048
v 5.563075 12.439182 -4.854815
v 4.705180 12.435442 -6.550254
v 5.192951 12.435442 -5.575402
v 4.226974 12.439182 -7.521821
v 4.949492 12.435442 -6.063263
v 4.459297 12.435442 -7.037691
v 5.436874 12.435442 -5.087998
v 4.888909 12.438958 -4.764541
v 5.076789 12.442784 -4.697184
v 4.204537 12.435442 -6.300694
v 4.673836 12.435442 -5.284230
v 3.809556 12.442784 -7.226721
v 3.828814 12.435841 -6.808256
v 4.448014 12.435442 -5.812036
v 5.178970 12.435442 -6.808254
v 4.691133 12.439182 -7.737955
v 4.958978 12.435442 -7.286498
v 5.080563 12.435442 -7.043801
v 4.038626 12.435442 -6.552686
v 4.582504 12.435442 -6.793923
v 3.202180 12.438958 -5.923223
v 3.512588 12.439182 -6.448594
v 4.317536 12.435442 -6.672282
v 5.344171 12.439182 -7.177383
v 4.831858 12.435442 -6.918413
v 4.752484 12.435841 -4.963152
v 5.314423 12.435442 -5.330765
v 5.812886 12.435442 -5.582002
v 4.416564 12.435442 -5.174719
v 3.916896 12.435442 -5.050953
v 5.563959 12.435442 -5.457057
v 6.076921 12.439182 -5.714733
v 5.045111 12.435442 -5.165335
v 4.823691 12.435442 -7.517447
v 3.751072 12.438958 -7.035989
v 4.338175 12.435442 -7.281123
v 4.587743 12.435442 -7.405202
v 5.061271 12.439182 -7.625049
v 4.059512 12.435442 -7.158319
v 4.165668 12.435442 -5.108504
v 3.608031 12.438958 -6.648129
v 4.224361 12.439182 -4.924248
v 3.800544 12.435442 -6.417005
v 3.979920 12.435442 -5.275639
v 3.566582 12.435442 -5.674824
v 3.653718 12.438958 -4.990944
v 3.411041 12.435442 -6.102428
v 3.468209 12.435841 -5.091040
v 3.162225 12.435841 -5.702995
v 3.400591 12.439182 -6.261925
v 3.791243 12.442784 -4.938077
v 3.147763 12.435442 -5.441295
v 3.616537 12.435442 -6.002413
v 5.266500 12.438836 -6.590235
v 4.325998 12.435442 -6.055592
v 4.827477 12.435442 -6.306820
v 3.287083 12.435442 -5.527106
v 2.955032 12.442560 -5.488171
v 3.923922 12.435442 -6.159456
v 5.080253 12.435719 -6.435306
v 5.389967 12.442784 -6.761642
v 4.578494 12.435442 -6.182086
v 3.250531 12.435442 -5.236160
v 3.688341 12.435442 -5.431780
v 4.571589 12.435442 -5.567998
v 5.071241 12.435442 -5.819556
v 5.561565 12.435442 -6.044551
v 3.402678 12.435442 -5.296366
v 3.010194 12.439182 -5.152576
v 4.108618 12.435442 -5.642008
v 4.822218 12.435442 -5.694357
v 5.809805 12.439182 -6.130893
v 5.319894 12.435442 -5.943316
v 3.245019 12.525215 -5.002300
v 3.086585 12.525215 -5.828385
v 5.483392 12.525215 -7.247890
v 4.495616 12.525215 -4.731361
v 5.578260 12.525215 -6.295095
v 5.387676 12.525215 -4.674749
v 6.067601 12.525215 -4.983684
v 3.187189 12.525215 -6.002663
v 6.182508 12.525215 -5.088952
v 3.591434 12.525215 -6.974589
v 4.962362 12.525215 -7.824653
v 4.175317 12.525215 -7.640964
v 6.216355 12.525215 -5.784814
v 4.961594 12.525215 -4.666224
v 4.428502 12.525215 -7.769071
v 5.627570 12.525215 -4.742105
v 4.244440 12.525215 -4.830644
v 3.838888 12.525215 -7.316758
v 2.845360 12.525215 -5.098177
v 5.881771 12.525215 -4.868185
v 3.283401 12.525215 -6.162636
v 5.940644 12.525215 -6.177431
v 3.850892 12.525215 -4.911498
v 4.785389 12.525215 -7.877756
v 3.511317 12.525215 -4.955096
v 5.390297 12.525215 -6.351274
v 5.453067 12.525215 -6.845151
v 3.687384 12.525215 -4.930755
v 3.715786 12.525215 -7.152994
v 6.095958 12.525215 -6.025140
v 5.322088 12.525215 -6.487429
v 6.245938 12.525215 -5.262491
v 5.362995 12.525215 -7.488215
v 5.166465 12.525215 -4.666766
v 5.512372 12.525215 -7.032309
v 2.857785 12.525215 -5.358964
v 3.010963 12.525215 -5.053202
v 5.186784 12.525215 -7.682218
v 3.387875 12.525215 -6.334913
v 4.029675 12.525215 -4.891515
v 4.743384 12.525215 -4.673427
v 3.503922 12.525215 -6.759845
v 3.977732 12.525215 -7.489153
v 4.632276 12.525215 -7.848752
v 2.957432 12.525215 -5.577255
v 2.794651 12.525215 -5.199398
v 5.389636 12.525215 -6.671612
v 3.460492 12.525215 -6.534177
v 6.266232 12.525215 -5.527522
v 5.755234 12.525215 -6.241992
v 6.757752 5.620999 -14.075932
v 6.716341 6.650921 -14.822569
v 6.718257 5.993549 -14.503778
v 6.716270 11.595879 -14.821173
v 10.717056 5.620999 -12.435935
v 11.274290 6.650921 -12.934604
v 11.047514 5.993549 -12.710541
v 11.273355 11.595879 -12.933571
v 12.415718 5.620999 -8.335001
v 13.162355 6.650921 -8.376410
v 12.843565 5.993549 -8.374496
v 13.160959 11.595879 -8.376484
v 10.775721 5.620999 -4.375697
v 11.274390 6.650921 -3.818462
v 11.050326 5.993549 -4.045237
v 11.273354 11.595879 -3.819396
v 6.674785 5.620999 -2.677035
v 6.716197 6.650921 -1.930397
v 6.714282 5.993549 -2.249187
v 6.716270 11.595879 -1.931793
v 2.715482 5.620999 -4.317033
v 2.158247 6.650921 -3.818362
v 2.385023 5.993549 -4.042425
v 2.159183 11.595879 -3.819396
v 1.016821 5.620999 -8.417967
v 0.270184 6.650921 -8.376554
v 0.588974 5.993549 -8.378471
v 0.271579 11.595879 -8.376484
v 2.656817 5.620999 -12.377270
v 2.158148 6.650921 -12.934505
v 2.382212 5.993549 -12.707729
v 2.159183 11.595879 -12.933571
v 6.761597 5.561035 -13.318458
v 10.178722 5.561035 -11.903039
v 11.658243 5.561035 -8.331153
v 10.242826 5.561035 -4.914030
v 6.670940 5.561035 -3.434510
v 3.253816 5.561035 -4.849927
v 1.774295 5.561035 -8.421811
v 3.189713 5.561035 -11.838936
v 10.260393 4.788209 -12.922059
v 7.424402 4.788209 -14.096767
v 11.261846 4.788209 -4.832359
v 12.436551 4.788209 -7.668351
v 3.172144 4.788209 -3.830907
v 6.008135 4.788209 -2.656199
v 2.170694 4.788209 -11.920609
v 0.995987 4.788209 -9.084617
v 9.901436 4.782638 -12.463663
v 7.354089 4.782638 -13.518807
v 10.803450 4.782638 -5.191318
v 11.858593 4.782638 -7.738662
v 3.531103 4.782638 -4.289303
v 6.078448 4.782638 -3.234158
v 2.629089 4.782638 -11.561649
v 1.573945 4.782638 -9.014303
v 6.716269 10.105886 -15.720373
v 8.245577 9.123670 -15.512501
v 6.716272 8.141435 -15.720421
v 5.186962 9.123670 -15.512501
v 7.357784 9.535570 -15.768639
v 7.357784 8.711769 -15.768642
v 6.074754 8.711769 -15.768644
v 6.074754 9.535570 -15.768641
v 11.909216 8.141435 -13.569435
v 10.680814 9.123670 -14.503794
v 11.909183 10.105886 -13.569396
v 12.843580 9.123670 -12.341028
v 11.489697 8.711769 -14.057150
v 11.489695 9.535570 -14.057148
v 12.396933 9.535570 -13.149908
v 12.396935 8.711769 -13.149909
v 2.751724 9.123670 -14.503794
v 1.523318 8.141435 -13.569430
v 0.588959 9.123670 -12.341028
v 1.523355 10.105886 -13.569395
v 1.942841 8.711769 -14.057152
v 1.035602 8.711769 -13.149912
v 1.035604 9.535570 -13.149910
v 1.942844 9.535570 -14.057148
v 14.060207 8.141435 -8.376481
v 13.852287 9.123670 -9.905792
v 14.060158 10.105886 -8.376482
v 13.852285 9.123670 -6.847176
v 14.108427 8.711769 -9.017997
v 14.108425 9.535570 -9.017996
v 14.108425 9.535570 -7.734968
v 14.108427 8.711769 -7.734967
v 12.843580 9.123670 -4.411940
v 11.909182 10.105886 -3.183569
v 10.680814 9.123670 -2.249172
v 11.909220 8.141435 -3.183535
v 12.396933 9.535570 -3.603056
v 11.489696 9.535570 -2.695818
v 11.489697 8.711769 -2.695817
v 12.396935 8.711769 -3.603054
v 8.245577 9.123670 -1.240464
v 6.716269 10.105886 -1.032593
v 5.186961 9.123670 -1.240465
v 6.716267 8.141435 -1.032544
v 7.357784 9.535570 -0.984325
v 6.074754 9.535570 -0.984325
v 6.074754 8.711769 -0.984324
v 7.357785 8.711769 -0.984323
v 2.751724 9.123670 -2.249172
v 1.523356 10.105886 -3.183570
v 0.588959 9.123670 -4.411940
v 1.523321 8.141435 -3.183532
v 1.942842 9.535570 -2.695818
v 1.035604 9.535570 -3.603056
v 1.035603 8.711769 -3.603055
v 1.942841 8.711769 -2.695817
v -0.419750 9.123670 -6.847176
v -0.627620 10.105886 -8.376483
v -0.419750 9.123670 -9.905791
v -0.627670 8.141435 -8.376485
v -0.675889 9.535570 -7.734967
v -0.675889 9.535570 -9.017999
v -0.675890 8.711769 -9.018000
v -0.675890 8.711769 -7.734968
v 0.933975 9.123670 -9.301205
v 0.820286 9.427830 -8.850385
v 0.809541 9.720449 -8.376483
v 0.820286 9.427830 -7.902579
v 0.933975 9.123670 -7.451760
v 2.539583 8.526892 -4.199799
v 0.809541 8.526892 -8.376483
v 2.212080 8.819511 -4.542495
v 1.973694 9.123670 -4.941662
v 0.820286 8.819510 -8.850385
v 6.242366 8.819511 -2.480500
v 5.791547 9.123670 -2.594189
v 0.820286 8.819510 -7.902579
v 6.242366 9.427830 -2.480500
v 6.716269 9.720449 -2.469756
v 7.190173 9.427830 -2.480500
v 7.640991 9.123670 -2.594189
v 10.892954 8.526892 -4.199798
v 6.716269 8.526892 -2.469756
v 10.550257 8.819511 -3.872294
v 10.151089 9.123670 -3.633908
v 10.550256 9.427830 -3.872294
v 10.892954 9.720449 -4.199798
v 7.190173 8.819511 -2.480500
v 3.281448 9.123670 -3.633908
v 12.612251 9.427830 -7.902578
v 12.622997 9.720449 -8.376484
v 2.882279 8.819511 -3.872295
v 12.612251 9.427830 -8.850385
v 12.498562 9.123670 -9.301206
v 12.498562 9.123670 -7.451760
v 12.612251 8.819511 -8.850385
v 12.622997 8.526892 -8.376484
v 2.539583 9.720449 -12.553167
v 2.882280 9.427830 -3.872294
v 2.212080 9.427830 -12.210470
v 1.973694 9.123670 -11.811304
v 12.612251 8.819510 -7.902578
v 2.212080 8.819511 -12.210470
v 2.539583 8.526892 -12.553167
v 11.458843 9.123670 -4.941661
v 11.220457 8.819511 -4.542494
v 11.458845 9.123670 -11.811304
v 11.220457 9.427830 -12.210469
v 10.892955 9.720449 -12.553168
v 11.220457 9.427830 -4.542494
v 10.550257 9.427830 -12.880672
v 10.151089 9.123670 -13.119057
v 2.539583 9.720449 -4.199799
v 10.550257 8.819511 -12.880672
v 10.892955 8.526892 -12.553168
v 11.220457 8.819511 -12.210469
v 5.791547 9.123670 -14.158775
v 3.281448 9.123670 -13.119057
v 6.242366 8.819511 -14.272467
v 6.716270 8.526892 -14.283211
v 2.882281 9.427830 -12.880672
v 7.190172 8.819511 -14.272465
v 7.640991 9.123670 -14.158775
v 2.212080 9.427830 -4.542495
v 2.882281 8.819511 -12.880672
v 7.190172 9.427830 -14.272465
v 6.716270 9.720449 -14.283211
v 6.242366 9.427830 -14.272467
v 6.217796 9.443631 -15.630711
v 6.716270 9.763644 -15.638680
v 7.214741 9.443631 -15.630711
v 1.939229 8.803709 -13.858469
v 3.875290 8.839100 -4.908155
v 1.234282 9.443631 -3.599444
v 11.075041 9.123670 -9.231264
v 7.708117 9.123670 -15.503960
v 7.214741 8.803709 -15.630711
v 11.177624 9.408241 -8.820085
v 1.939229 9.443631 -13.858469
v 6.716270 8.483696 -15.638680
v 6.217796 8.803709 -15.630711
v 2.377725 9.123670 -14.117712
v 6.272665 9.408241 -3.915128
v 5.724422 9.123670 -15.503960
v 12.198256 8.803709 -13.153522
v 11.851418 8.483696 -13.511633
v 11.493308 8.803709 -13.858469
v 1.581121 9.763644 -3.241336
v 5.861489 9.123670 -4.017711
v 2.254914 8.839099 -8.820086
v 11.054812 9.123670 -14.117710
v 11.493308 9.443631 -13.858469
v 12.198255 9.443631 -3.599444
v 2.254915 8.839099 -7.932879
v 11.851416 9.763644 -13.511629
v 12.198256 9.443631 -13.153522
v 12.457499 9.123670 -12.715029
v 2.245420 8.572414 -8.376483
v 3.655043 9.204970 -11.619041
v 12.198255 8.803709 -3.599444
v 12.457497 9.123670 -4.037940
v 6.844490 9.204971 -3.919034
v 1.581121 8.483696 -13.511633
v 1.234283 8.803709 -13.153522
v 13.970495 8.803709 -7.878009
v 6.588048 9.042370 -12.833930
v 0.975041 9.123670 -12.715029
v 1.234283 9.443631 -13.153522
v 1.939229 9.443631 -2.894496
v 3.566615 9.278217 -11.526138
v 1.581120 9.763644 -13.511629
v 13.978466 8.483696 -8.376483
v 13.970495 8.803709 -8.874954
v 6.844490 9.042370 -3.919034
v 13.843742 9.123670 -7.384634
v 6.959344 9.123670 -3.937065
v 13.843744 9.123670 -9.368330
v 13.970495 9.443631 -8.874954
v 9.625986 8.954715 -11.660665
v 1.939229 8.803709 -2.894496
v 13.978464 9.763644 -8.376482
v 13.970495 9.443631 -7.878009
v 2.377725 9.123670 -2.635255
v 9.462420 9.123670 -11.766323
v 6.716270 8.969123 -12.830769
v 7.214740 8.803709 -1.122257
v 9.625986 9.292627 -11.660665
v 11.851416 9.763644 -3.241336
v 11.493309 9.443631 -2.894497
v 9.814062 9.414802 -11.474276
v 11.054812 9.123670 -2.635255
v 11.493309 8.803709 -2.894497
v 6.716269 8.483696 -1.114285
v 9.958826 9.042370 -5.315254
v 11.851418 8.483696 -3.241335
v 7.708117 9.123670 -1.249007
v 7.214740 9.443631 -1.122257
v 10.000450 9.292627 -11.286200
v 10.000450 8.954714 -11.286200
v 6.716269 9.763644 -1.114286
v 6.217796 9.443631 -1.122257
v -0.537957 8.803709 -7.878011
v 10.106110 9.123670 -11.122633
v 5.724422 9.123670 -1.249007
v 6.217796 8.803709 -1.122257
v 3.970118 9.123670 -11.766321
v 2.258819 9.204970 -8.248263
v 3.473710 9.204970 -11.437710
v 9.865923 8.969123 -5.226829
v -0.537957 8.803709 -8.874954
v 0.975040 9.123670 -4.037940
v 1.234282 8.803709 -3.599444
v -0.545929 8.483696 -8.376483
v 2.258820 9.042370 -8.248263
v 1.581120 8.483696 -3.241334
v -0.411207 9.123670 -7.384634
v -0.537957 9.443631 -7.878011
v 3.806551 9.292626 -11.660666
v 2.276850 9.123670 -8.133408
v -0.545928 9.763644 -8.376484
v -0.537957 9.443631 -8.874954
v 6.844490 9.042370 -12.833932
v -0.411206 9.123670 -9.368331
v 11.055069 9.123670 -8.831638
v 3.405244 9.123670 -11.343746
v 11.096018 9.292626 -8.641270
v 11.097208 9.414802 -8.376482
v 3.655042 9.042370 -5.133925
v 11.096018 9.292626 -8.111696
v 11.096018 8.954714 -8.111696
v 11.055069 9.123670 -7.921325
v 10.106108 9.123670 -5.630331
v 6.959345 9.123670 -12.815903
v 9.777496 9.042370 -5.133924
v 3.566615 8.969123 -5.226830
v 3.473710 9.042370 -11.437710
v 10.000450 8.954714 -5.466766
v 9.683531 9.123670 -5.065457
v 3.806551 8.954714 -11.660666
v 3.655042 9.042370 -11.619042
v 3.566615 8.969123 -11.526136
v 6.451483 9.292627 -3.996733
v 6.261112 9.123670 -4.037682
v 3.473710 9.042370 -5.315257
v 6.451483 8.954714 -3.996733
v 6.981056 8.954714 -3.996733
v 6.716269 8.832540 -3.995542
v 3.970118 9.123670 -4.986643
v 6.844490 9.204971 -12.833932
v 9.777496 9.204971 -5.133924
v 3.806551 9.292626 -5.092301
v 3.618476 9.414802 -5.278691
v 3.473710 9.204971 -5.315257
v 3.432086 9.292626 -5.466766
v 3.405244 9.123670 -5.409219
v 3.806551 8.954714 -5.092301
v 6.588048 9.204971 -12.833930
v 6.716270 9.278217 -12.830769
v 10.000450 9.292626 -5.466766
v 9.958826 9.204971 -5.315254
v 9.865921 9.278217 -5.226830
v 2.336519 8.954714 -8.641271
v 2.336519 8.954714 -8.111697
v 2.335328 8.832539 -8.376483
v 9.814060 9.414802 -5.278689
v 9.877634 9.674925 -5.215116
v 6.716269 9.414802 -12.757422
v 6.716270 9.674925 -12.847332
v 6.272666 9.408241 -12.837838
v 6.451483 9.292626 -12.756233
v 3.326427 9.123670 -5.630333
v 3.029731 9.123670 -5.898788
v 9.625985 9.292626 -5.092301
v 9.557245 9.408241 -4.908152
v 6.981056 9.292626 -12.756233
v 7.159873 9.408241 -12.837839
v 3.432086 8.954714 -5.466766
v 3.247940 8.839100 -5.535505
v 3.618477 8.832539 -11.474276
v 3.554902 8.572414 -11.537848
v 9.462420 9.123670 -4.986641
v 9.193964 9.123670 -4.689944
v 3.432086 8.954714 -11.286200
v 3.247939 8.839099 -11.217459
v 3.618476 8.832540 -5.278691
v 3.554903 8.572414 -5.215119
v 9.625986 8.954714 -5.092301
v 9.557245 8.839100 -4.908152
v 7.171428 9.123670 -12.715286
v 7.571050 9.123670 -12.735255
v 3.326427 9.123670 -11.122633
v 3.029730 9.123670 -10.854177
v 6.981056 8.954714 -12.756233
v 7.159873 8.839100 -12.837839
v 2.377467 9.123670 -7.921326
v 2.357496 9.123670 -7.521703
v 9.814060 8.832540 -5.278689
v 9.877634 8.572414 -5.215116
v 3.432087 9.292626 -11.286201
v 3.247939 9.408241 -11.217459
v 2.336519 9.292626 -8.111697
v 2.254915 9.408241 -7.932879
v 6.716269 8.832540 -12.757422
v 6.716270 8.572416 -12.847332
v 7.171427 9.123670 -4.037682
v 7.571050 9.123670 -4.017710
v 3.618477 9.414802 -11.474276
v 3.554902 9.674925 -11.537848
v 6.451483 8.954714 -12.756233
v 6.272666 8.839100 -12.837838
v 6.981056 9.292627 -3.996733
v 7.159873 9.408241 -3.915128
v 2.335328 9.414802 -8.376483
v 2.245420 9.674925 -8.376483
v 11.097208 8.832539 -8.376482
v 11.187119 8.572414 -8.376484
v 6.261112 9.123670 -12.715284
v 5.861488 9.123670 -12.735256
v 2.336519 9.292626 -8.641271
v 2.254914 9.408241 -8.820086
v 11.096018 8.954714 -8.641270
v 11.177624 8.839099 -8.820085
v 6.716269 9.414802 -3.995542
v 6.716269 9.674925 -3.905635
v 9.814062 8.832540 -11.474276
v 9.877634 8.572416 -11.537848
v 2.377467 9.123670 -8.831640
v 2.357496 9.123670 -9.231264
v 3.247940 9.408241 -5.535505
v 3.554903 9.674925 -5.215119
v 3.875290 9.408241 -4.908155
v 6.272665 8.839100 -3.915128
v 9.193964 9.123670 -12.063021
v 4.238572 9.123670 -4.689945
v 6.716269 8.572416 -3.905635
v 7.159873 8.839100 -3.915128
v 9.557245 8.839100 -11.844814
v 11.187119 9.674925 -8.376484
v 9.557245 9.408241 -11.844814
v 10.184597 8.839100 -5.535505
v 11.177624 9.408241 -7.932879
v 10.184597 9.408241 -5.535505
v 9.877634 9.674927 -11.537848
v 10.402807 9.123670 -5.898787
v 11.075041 9.123670 -7.521704
v 11.177624 8.839099 -7.932879
v 10.184599 9.408241 -11.217461
v 3.875290 9.408241 -11.844811
v 3.875290 8.839099 -11.844811
v 4.238572 9.123670 -12.063019
v 10.402807 9.123670 -10.854177
v 10.184599 8.839100 -11.217461
v 6.716270 9.123670 -12.863132
v 6.473194 9.123670 -12.815903
v 9.958828 9.042370 -11.437710
v 9.865923 8.969123 -11.526138
v 9.777496 9.042370 -11.619041
v 9.888805 9.123670 -11.549020
v 9.683533 9.123670 -11.687508
v 9.777496 9.204971 -11.619041
v 9.865923 9.278217 -11.526138
v 9.958828 9.204971 -11.437710
v 10.027292 9.123670 -11.343746
v 3.749006 9.123670 -11.687508
v 3.543731 9.123670 -11.549021
v 11.173717 9.042370 -8.248262
v 11.170553 8.969122 -8.376483
v 11.173717 9.042370 -8.504704
v 11.202915 9.123670 -8.376483
v 11.155687 9.123670 -8.619558
v 11.173717 9.204970 -8.504702
v 11.170553 9.278217 -8.376483
v 11.173717 9.204970 -8.248262
v 11.155687 9.123670 -8.133408
v 10.027292 9.123670 -5.409219
v 9.888806 9.123670 -5.203944
v 6.716269 9.123670 -3.889835
v 6.716269 9.278217 -3.922198
v 6.588048 9.204971 -3.919034
v 6.473194 9.123670 -3.937065
v 6.588048 9.042370 -3.919034
v 6.716269 8.969123 -3.922198
v 3.749005 9.123670 -5.065460
v 3.655042 9.204971 -5.133925
v 3.543731 9.123670 -5.203946
v 3.566615 9.278217 -5.226830
v 2.229620 9.123670 -8.376483
v 2.261982 9.278217 -8.376483
v 2.258819 9.204970 -8.504704
v 2.276849 9.123670 -8.619558
v 2.258820 9.042370 -8.504704
v 2.261983 8.969122 -8.376484
v 6.716270 12.511003 -14.119747
v 6.716270 12.243783 -14.915337
v 10.777370 12.511003 -12.437582
v 11.339933 12.243783 -13.000148
v 12.459534 12.511003 -8.376484
v 13.255123 12.243783 -8.376484
v 10.777369 12.511003 -4.315382
v 11.339933 12.243783 -3.752817
v 6.716269 12.511003 -2.633220
v 6.716269 12.243783 -1.837630
v 2.655168 12.511003 -4.315382
v 2.092603 12.243783 -3.752818
v 0.973007 12.511003 -8.376484
v 0.177416 12.243783 -8.376484
v 2.655169 12.511003 -12.437584
v 2.092603 12.243783 -13.000148
v 9.310991 12.546552 -10.971207
v 6.716269 12.546552 -12.045973
v 4.121547 12.546552 -10.971208
v 3.046779 12.546552 -8.376483
v 4.121547 12.546552 -5.781760
v 6.716269 12.546552 -4.706994
v 9.310991 12.546552 -5.781761
v 10.385759 12.546552 -8.376484
v 11.600948 11.549841 -13.261161
v 6.716269 11.549841 -15.284456
v 13.624243 11.549841 -8.376483
v 11.600947 11.549841 -3.491806
v 6.716269 11.549841 -1.468509
v 1.831591 11.549841 -3.491806
v -0.191705 11.549841 -8.376484
v 1.831591 11.549841 -13.261160
v 11.976751 10.728262 -13.636964
v 6.716269 10.728262 -15.815922
v 14.155708 10.728262 -8.376483
v 11.976750 10.728262 -3.116002
v 6.716269 10.728262 -0.937043
v 1.455788 10.728262 -3.116002
v -0.723171 10.728262 -8.376484
v 1.455788 10.728262 -13.636965
v 11.926325 10.362472 -13.586536
v 6.716270 10.362472 -15.744612
v 14.084396 10.362472 -8.376483
v 11.926325 10.362472 -3.166428
v 6.716269 10.362472 -1.008355
v 1.506213 10.362472 -3.166428
v -0.651859 10.362472 -8.376484
v 1.506214 10.362472 -13.586538
v 10.570442 10.362472 -12.230656
v 6.716269 10.362472 -13.827105
v 12.166889 10.362472 -8.376483
v 10.570442 10.362472 -4.522311
v 6.716269 10.362472 -2.925861
v 2.862096 10.362472 -4.522310
v 1.265648 10.362472 -8.376484
v 2.862097 10.362472 -12.230656
vt 0.687500 0.187500
vt 0.687500 0.218750
vt 0.718580 0.218920
vt 0.718425 0.187826
vt 0.687500 0.250000
vt 0.718696 0.250054
vt 0.749566 0.250434
vt 0.748644 0.220106
vt 0.747396 0.190104
vt 0.687500 0.687500
vt 0.687500 0.718750
vt 0.718743 0.718743
vt 0.718750 0.687500
vt 0.687500 0.750000
vt 0.718696 0.749946
vt 0.749566 0.749566
vt 0.749946 0.718696
vt 0.750000 0.687500
vt 0.687500 0.437500
vt 0.687500 0.468750
vt 0.718370 0.468370
vt 0.718425 0.437175
vt 0.687500 0.500000
vt 0.718587 0.500000
vt 0.750000 0.500000
vt 0.746528 0.465278
vt 0.747396 0.434896
vt 0.812500 0.687500
vt 0.812175 0.718424
vt 0.843370 0.718370
vt 0.843750 0.687500
vt 0.809896 0.747396
vt 0.840278 0.746528
vt 0.875000 0.750000
vt 0.875000 0.718750
vt 0.875000 0.687500
vt 0.796875 0.421875
vt 0.789063 0.445313
vt 0.808594 0.433594
vt 0.820313 0.414063
vt 0.781250 0.468750
vt 0.796875 0.453125
vt 0.812500 0.437500
vt 0.828125 0.421875
vt 0.843750 0.406250
vt 0.562500 0.437500
vt 0.562500 0.468750
vt 0.593750 0.468750
vt 0.593750 0.437500
vt 0.562500 0.500000
vt 0.593750 0.500000
vt 0.625000 0.500000
vt 0.625000 0.468750
vt 0.625000 0.437500
vt 0.562500 0.687500
vt 0.562826 0.718425
vt 0.593920 0.718580
vt 0.593750 0.687500
vt 0.565104 0.747396
vt 0.595106 0.748644
vt 0.625434 0.749566
vt 0.625054 0.718696
vt 0.625000 0.687500
vt 0.578125 0.796875
vt 0.585938 0.820313
vt 0.605849 0.831652
vt 0.601888 0.804362
vt 0.593750 0.843750
vt 0.609375 0.859375
vt 0.625000 0.875000
vt 0.628472 0.840278
vt 0.627604 0.809896
vt 0.796875 0.796875
vt 0.789063 0.820313
vt 0.808594 0.808594
vt 0.820313 0.789063
vt 0.781250 0.843750
vt 0.796875 0.828125
vt 0.812500 0.812500
vt 0.828125 0.796875
vt 0.843750 0.781250
vt 0.687500 0.812500
vt 0.687500 0.843750
vt 0.718370 0.843370
vt 0.718425 0.812175
vt 0.687500 0.875000
vt 0.718750 0.875000
vt 0.750000 0.875000
vt 0.746528 0.840278
vt 0.747396 0.809896
vt 0.562500 0.312500
vt 0.562500 0.343750
vt 0.593750 0.343750
vt 0.593750 0.312500
vt 0.562500 0.375000
vt 0.593750 0.375000
vt 0.625000 0.375000
vt 0.625000 0.343750
vt 0.625000 0.312500
vt 0.812500 0.312500
vt 0.812175 0.343425
vt 0.843370 0.343370
vt 0.843750 0.312500
vt 0.809896 0.372396
vt 0.840278 0.371528
vt 0.875000 0.375000
vt 0.875000 0.343750
vt 0.875000 0.312500
vt 0.687500 0.312500
vt 0.687500 0.343750
vt 0.718743 0.343743
vt 0.718750 0.312500
vt 0.687500 0.375000
vt 0.718696 0.374946
vt 0.749566 0.374566
vt 0.749946 0.343696
vt 0.750000 0.312500
vt 0.562500 0.562500
vt 0.562500 0.593750
vt 0.593750 0.593750
vt 0.593750 0.562500
vt 0.562500 0.625000
vt 0.593750 0.625000
vt 0.625000 0.625000
vt 0.625000 0.593750
vt 0.625000 0.562500
vt 0.796875 0.578125
vt 0.804362 0.601888
vt 0.831652 0.605849
vt 0.820313 0.585938
vt 0.809896 0.627604
vt 0.840278 0.628472
vt 0.875000 0.625000
vt 0.859375 0.609375
vt 0.843750 0.593750
vt 0.687500 0.562500
vt 0.687500 0.593750
vt 0.718580 0.593920
vt 0.718425 0.562826
vt 0.687500 0.625000
vt 0.718696 0.625054
vt 0.749566 0.625434
vt 0.748644 0.595106
vt 0.747396 0.565104
vt 0.406250 0.562500
vt 0.452474 0.562500
vt 0.445014 0.531250
vt 0.391927 0.531250
vt 0.494792 0.562500
vt 0.492405 0.531250
vt 0.491319 0.500000
vt 0.441623 0.500000
vt 0.385417 0.500000
vt 0.796875 0.203125
vt 0.789063 0.179688
vt 0.769152 0.168349
vt 0.773112 0.195638
vt 0.781250 0.156250
vt 0.765625 0.140625
vt 0.750000 0.125000
vt 0.746528 0.159722
vt 0.406250 0.437500
vt 0.452474 0.437500
vt 0.460281 0.406416
vt 0.421239 0.406568
vt 0.494792 0.437500
vt 0.497290 0.406303
vt 0.499152 0.375424
vt 0.466100 0.376325
vt 0.432413 0.377544
vt 0.442900 0.674575
vt 0.439661 0.649518
vt 0.409591 0.646193
vt 0.414507 0.668191
vt 0.433192 0.622846
vt 0.399949 0.621782
vt 0.367676 0.620796
vt 0.380112 0.643113
vt 0.387054 0.662277
vt 0.329213 0.351019
vt 0.353135 0.346870
vt 0.357726 0.332856
vt 0.337569 0.339028
vt 0.378873 0.341813
vt 0.380406 0.325422
vt 0.377901 0.311049
vt 0.361913 0.319043
vt 0.345926 0.327037
vt 0.578125 0.203125
vt 0.601888 0.195638
vt 0.605849 0.168349
vt 0.585938 0.179688
vt 0.627604 0.190104
vt 0.628472 0.159722
vt 0.625000 0.125000
vt 0.609375 0.140625
vt 0.593750 0.156250
vt 0.062500 0.468750
vt 0.130988 0.453776
vt 0.158810 0.430447
vt 0.093750 0.453125
vt 0.188748 0.442708
vt 0.214942 0.413342
vt 0.250000 0.375000
vt 0.187500 0.406250
vt 0.125000 0.437500
vt 0.188748 0.557292
vt 0.165449 0.528646
vt 0.105250 0.523112
vt 0.130988 0.546224
vt 0.154858 0.500000
vt 0.092446 0.500000
vt 0.000000 0.500000
vt 0.031250 0.515625
vt 0.062500 0.531250
vt 0.438225 0.327762
vt 0.469128 0.320449
vt 0.469312 0.293068
vt 0.438588 0.304144
vt 0.500121 0.315044
vt 0.500243 0.284723
vt 0.500000 0.250000
vt 0.469475 0.265262
vt 0.438950 0.280525
vt 0.336225 0.652488
vt 0.311438 0.647906
vt 0.326531 0.659359
vt 0.348088 0.666231
vt 0.286650 0.643325
vt 0.304975 0.652488
vt 0.323300 0.661650
vt 0.341625 0.670813
vt 0.359950 0.679975
vt 0.257777 0.562500
vt 0.284492 0.593021
vt 0.314009 0.593118
vt 0.285951 0.562500
vt 0.307334 0.619165
vt 0.337020 0.619941
vt 0.346087 0.593225
vt 0.319004 0.562500
vt 0.257776 0.437500
vt 0.285951 0.437500
vt 0.313842 0.406966
vt 0.284346 0.407053
vt 0.319004 0.437500
vt 0.345916 0.406861
vt 0.366313 0.379886
vt 0.335681 0.380728
vt 0.306165 0.381420
vt 0.843750 0.218750
vt 0.828125 0.203125
vt 0.808594 0.191406
vt 0.820313 0.210938
vt 0.812500 0.187500
vt 0.796875 0.171875
vt 0.781080 0.343580
vt 0.781250 0.312500
vt 0.779894 0.373644
vt 0.769152 0.456652
vt 0.773112 0.429362
vt 0.765625 0.484375
vt 0.875000 0.250000
vt 0.859375 0.234375
vt 0.831652 0.230849
vt 0.840278 0.253472
vt 0.804362 0.226888
vt 0.809896 0.252604
vt 0.565104 0.252604
vt 0.595106 0.251356
vt 0.597989 0.222989
vt 0.570638 0.226888
vt 0.625434 0.250434
vt 0.626356 0.220106
vt 0.777011 0.222989
vt 0.779894 0.251356
vt 0.687500 0.125000
vt 0.687500 0.156250
vt 0.718370 0.156630
vt 0.718750 0.125000
vt 0.656630 0.156630
vt 0.656250 0.125000
vt 0.656576 0.187826
vt 0.656250 0.593750
vt 0.656250 0.562500
vt 0.656250 0.625000
vt 0.656250 0.343750
vt 0.656250 0.312500
vt 0.656250 0.375000
vt 0.656630 0.843370
vt 0.656576 0.812174
vt 0.656250 0.875000
vt 0.656250 0.468750
vt 0.656250 0.437500
vt 0.656250 0.500000
vt 0.656257 0.718743
vt 0.656250 0.687500
vt 0.656304 0.749946
vt 0.656420 0.218920
vt 0.656304 0.250054
vt 0.534726 0.253552
vt 0.543349 0.230849
vt 0.515625 0.234375
vt 0.554688 0.210938
vt 0.531250 0.218750
vt 0.566406 0.191406
vt 0.546875 0.203125
vt 0.578125 0.171875
vt 0.562500 0.187500
vt 0.497306 0.593705
vt 0.530913 0.593744
vt 0.530599 0.562500
vt 0.499282 0.624641
vt 0.531160 0.624955
vt 0.499954 0.345075
vt 0.531244 0.343916
vt 0.531265 0.312818
vt 0.531144 0.375053
vt 0.531250 0.781250
vt 0.546875 0.796875
vt 0.566406 0.808594
vt 0.554688 0.789063
vt 0.562500 0.812500
vt 0.578125 0.828125
vt 0.500900 0.685346
vt 0.501281 0.715796
vt 0.531761 0.718056
vt 0.531363 0.687231
vt 0.500000 0.750000
vt 0.534750 0.746461
vt 0.492405 0.468750
vt 0.530301 0.468750
vt 0.530599 0.437500
vt 0.530165 0.500000
vt 0.777011 0.597989
vt 0.773112 0.570638
vt 0.779894 0.626356
vt 0.769152 0.831652
vt 0.773112 0.804362
vt 0.765625 0.859375
vt 0.781080 0.718580
vt 0.781250 0.687500
vt 0.779894 0.748644
vt 0.749946 0.656304
vt 0.781081 0.656420
vt 0.812174 0.656576
vt 0.500360 0.655128
vt 0.531295 0.656110
vt 0.562500 0.656250
vt 0.625000 0.656250
vt 0.656250 0.656250
vt 0.687500 0.656250
vt 0.277694 0.618852
vt 0.295949 0.635782
vt 0.323717 0.638014
vt 0.250000 0.625000
vt 0.268325 0.634163
vt 0.448300 0.724150
vt 0.445600 0.699363
vt 0.418583 0.689760
vt 0.422450 0.711225
vt 0.392872 0.680811
vt 0.396600 0.698300
vt 0.593750 0.656250
vt 0.843370 0.656630
vt 0.875000 0.656250
vt 0.718743 0.656257
vt 0.531647 0.282001
vt 0.562826 0.281576
vt 0.625054 0.281304
vt 0.656257 0.281257
vt 0.687500 0.281250
vt 0.749946 0.281304
vt 0.781081 0.281420
vt 0.812174 0.281576
vt 0.468608 0.347890
vt 0.437227 0.351699
vt 0.347434 0.361651
vt 0.320065 0.363812
vt 0.375851 0.359017
vt 0.718743 0.281257
vt 0.843370 0.281630
vt 0.875000 0.281250
vt 0.593920 0.281420
vt 0.748644 0.779894
vt 0.777011 0.777011
vt 0.804362 0.773112
vt 0.515625 0.765625
vt 0.543349 0.769152
vt 0.570638 0.773112
vt 0.626356 0.779894
vt 0.656420 0.781080
vt 0.687500 0.781250
vt 0.718580 0.781080
vt 0.831652 0.769152
vt 0.859375 0.765625
vt 0.597989 0.777012
vt 0.398805 0.378790
vt 0.406015 0.355595
vt 0.407641 0.335242
vt 0.472931 0.708742
vt 0.474150 0.737075
vt 0.471563 0.680768
vt 0.408235 0.315414
vt 0.408426 0.295787
vt 0.469876 0.652744
vt 0.466506 0.623878
vt 0.360188 0.437500
vt 0.382288 0.406724
vt 0.360188 0.562500
vt 0.339076 0.531250
vt 0.293340 0.531250
vt 0.329480 0.500000
vt 0.281674 0.500000
vt 0.276785 0.381603
vt 0.292922 0.365732
vt 0.265988 0.367006
vt 0.305594 0.355015
vt 0.281975 0.359012
vt 0.351618 0.640441
vt 0.361169 0.657147
vt 0.228627 0.438151
vt 0.254004 0.407734
vt 0.214962 0.586668
vt 0.254110 0.592319
vt 0.228627 0.561849
vt 0.369827 0.673195
vt 0.378275 0.689138
vt 0.317766 0.345023
vt 0.297963 0.351019
vt 0.329938 0.335031
vt 0.313950 0.343025
vt 0.205104 0.530925
vt 0.194413 0.500000
vt 0.232695 0.531250
vt 0.221294 0.500000
vt 0.382431 0.593348
vt 0.421337 0.593481
vt 0.746528 0.534722
vt 0.769152 0.543349
vt 0.765625 0.515625
vt 0.789063 0.554688
vt 0.781250 0.531250
vt 0.530301 0.531250
vt 0.562500 0.531250
vt 0.625000 0.531250
vt 0.656250 0.531250
vt 0.687500 0.531250
vt 0.259460 0.531250
vt 0.247419 0.500000
vt 0.158810 0.569553
vt 0.187500 0.593750
vt 0.093750 0.546875
vt 0.125000 0.562500
vt 0.460332 0.593610
vt 0.718370 0.531630
vt 0.808594 0.566406
vt 0.796875 0.546875
vt 0.828125 0.578125
vt 0.812500 0.562500
vt 0.593750 0.531250
vt 0.205104 0.469076
vt 0.165449 0.471354
vt 0.232695 0.468750
vt 0.339076 0.468750
vt 0.293340 0.468750
vt 0.391927 0.468750
vt 0.530911 0.406257
vt 0.562500 0.406250
vt 0.625000 0.406250
vt 0.656250 0.406250
vt 0.687500 0.406250
vt 0.748644 0.404894
vt 0.777011 0.402011
vt 0.804362 0.398112
vt 0.259460 0.468750
vt 0.105250 0.476888
vt 0.031250 0.484375
vt 0.445014 0.468750
vt 0.593750 0.406250
vt 0.831652 0.394152
vt 0.859375 0.390625
vt 0.718580 0.406081
vt 0.687500 0.187500
vt 0.718425 0.187826
vt 0.718580 0.218920
vt 0.687500 0.218750
vt 0.747396 0.190104
vt 0.748644 0.220106
vt 0.749566 0.250434
vt 0.718696 0.250054
vt 0.687500 0.250000
vt 0.687500 0.687500
vt 0.718750 0.687500
vt 0.718743 0.718743
vt 0.687500 0.718750
vt 0.750000 0.687500
vt 0.749946 0.718696
vt 0.749566 0.749566
vt 0.718696 0.749946
vt 0.687500 0.750000
vt 0.687500 0.437500
vt 0.718424 0.437175
vt 0.718376 0.468370
vt 0.687500 0.468750
vt 0.747396 0.434896
vt 0.746579 0.465088
vt 0.750474 0.500000
vt 0.718611 0.500000
vt 0.687500 0.500000
vt 0.812500 0.687500
vt 0.842448 0.687500
vt 0.841966 0.718268
vt 0.812175 0.718425
vt 0.864583 0.687500
vt 0.863987 0.718153
vt 0.859809 0.745226
vt 0.838596 0.746148
vt 0.809896 0.747396
vt 0.796875 0.421875
vt 0.819336 0.414388
vt 0.808256 0.433256
vt 0.789388 0.444336
vt 0.835938 0.408854
vt 0.822082 0.425163
vt 0.811849 0.436849
vt 0.800163 0.447082
vt 0.783854 0.460938
vt 0.562500 0.437500
vt 0.593750 0.437500
vt 0.593750 0.468750
vt 0.562500 0.468750
vt 0.625000 0.437500
vt 0.625000 0.468750
vt 0.625000 0.500000
vt 0.593750 0.500000
vt 0.562500 0.500000
vt 0.562500 0.687500
vt 0.593750 0.687500
vt 0.593920 0.718580
vt 0.562826 0.718425
vt 0.625000 0.687500
vt 0.625054 0.718696
vt 0.625434 0.749566
vt 0.595106 0.748644
vt 0.565104 0.747396
vt 0.578125 0.796875
vt 0.601888 0.804362
vt 0.605788 0.830410
vt 0.585612 0.819336
vt 0.627604 0.809896
vt 0.628852 0.838596
vt 0.629774 0.859809
vt 0.608670 0.849664
vt 0.591146 0.835938
vt 0.796875 0.796875
vt 0.819336 0.789388
vt 0.808256 0.808256
vt 0.789388 0.819336
vt 0.835938 0.783854
vt 0.822082 0.800163
vt 0.811849 0.811849
vt 0.800163 0.822082
vt 0.783854 0.835938
vt 0.687500 0.812500
vt 0.718424 0.812174
vt 0.718269 0.841967
vt 0.687500 0.842448
vt 0.747396 0.809896
vt 0.746148 0.838596
vt 0.745226 0.859809
vt 0.718153 0.863987
vt 0.687500 0.864583
vt 0.562500 0.312500
vt 0.593750 0.312500
vt 0.593750 0.343750
vt 0.562500 0.343750
vt 0.625000 0.312500
vt 0.625000 0.343750
vt 0.625000 0.375000
vt 0.593750 0.375000
vt 0.562500 0.375000
vt 0.812500 0.312500
vt 0.842448 0.312500
vt 0.841966 0.343269
vt 0.812175 0.343424
vt 0.864583 0.312500
vt 0.863987 0.343153
vt 0.859809 0.370226
vt 0.838596 0.371148
vt 0.809896 0.372396
vt 0.687500 0.312500
vt 0.718750 0.312500
vt 0.718743 0.343743
vt 0.687500 0.343750
vt 0.750000 0.312500
vt 0.749946 0.343696
vt 0.749566 0.374566
vt 0.718696 0.374946
vt 0.687500 0.375000
vt 0.562500 0.562500
vt 0.593750 0.562500
vt 0.593750 0.593750
vt 0.562500 0.593750
vt 0.625000 0.562500
vt 0.625000 0.593750
vt 0.625000 0.625000
vt 0.593750 0.625000
vt 0.562500 0.625000
vt 0.796875 0.578125
vt 0.819336 0.585612
vt 0.830410 0.605788
vt 0.804362 0.601888
vt 0.835938 0.591146
vt 0.849664 0.608670
vt 0.859809 0.629774
vt 0.838596 0.628852
vt 0.809896 0.627604
vt 0.687500 0.562500
vt 0.718425 0.562826
vt 0.718580 0.593920
vt 0.687500 0.593750
vt 0.747396 0.565104
vt 0.748644 0.595106
vt 0.749566 0.625434
vt 0.718696 0.625054
vt 0.687500 0.625000
vt 0.406250 0.562500
vt 0.391927 0.531250
vt 0.445014 0.531250
vt 0.452474 0.562500
vt 0.385417 0.500000
vt 0.441623 0.500000
vt 0.491319 0.500000
vt 0.492405 0.531250
vt 0.494792 0.562500
vt 0.796875 0.203125
vt 0.773112 0.195638
vt 0.769212 0.169590
vt 0.789388 0.180664
vt 0.746148 0.161404
vt 0.745226 0.140191
vt 0.766330 0.150336
vt 0.783854 0.164063
vt 0.406250 0.437500
vt 0.421239 0.406568
vt 0.460281 0.406416
vt 0.452474 0.437500
vt 0.432413 0.377544
vt 0.466100 0.376325
vt 0.499152 0.375424
vt 0.497290 0.406303
vt 0.494792 0.437500
vt 0.442900 0.674575
vt 0.414507 0.668191
vt 0.409591 0.646193
vt 0.439662 0.649518
vt 0.387054 0.662277
vt 0.380112 0.643113
vt 0.367676 0.620796
vt 0.399949 0.621782
vt 0.433192 0.622846
vt 0.329213 0.351019
vt 0.337221 0.339527
vt 0.357631 0.333391
vt 0.353134 0.346870
vt 0.343140 0.331034
vt 0.360955 0.323429
vt 0.382101 0.314158
vt 0.380729 0.325911
vt 0.378873 0.341813
vt 0.578125 0.203125
vt 0.585612 0.180664
vt 0.605788 0.169590
vt 0.601888 0.195638
vt 0.591146 0.164063
vt 0.608670 0.150336
vt 0.629774 0.140191
vt 0.628852 0.161404
vt 0.627604 0.190104
vt 0.085925 0.463542
vt 0.115761 0.445560
vt 0.160597 0.430401
vt 0.133917 0.453125
vt 0.141273 0.430990
vt 0.180857 0.413064
vt 0.239931 0.387297
vt 0.214020 0.414430
vt 0.188748 0.442708
vt 0.188748 0.557292
vt 0.133917 0.546875
vt 0.108761 0.523438
vt 0.165449 0.528646
vt 0.085926 0.536458
vt 0.058468 0.518229
vt 0.045987 0.500000
vt 0.097326 0.500000
vt 0.154858 0.500000
vt 0.438225 0.327762
vt 0.438573 0.305128
vt 0.469372 0.294123
vt 0.469128 0.320449
vt 0.438830 0.288398
vt 0.469588 0.274131
vt 0.503597 0.256795
vt 0.500514 0.285428
vt 0.500121 0.315044
vt 0.336225 0.652488
vt 0.347593 0.665659
vt 0.326811 0.659161
vt 0.312470 0.648097
vt 0.355996 0.675394
vt 0.337292 0.667269
vt 0.323839 0.661268
vt 0.311586 0.654416
vt 0.294913 0.644852
vt 0.257777 0.562500
vt 0.285951 0.562500
vt 0.314009 0.593118
vt 0.284492 0.593021
vt 0.319004 0.562500
vt 0.346087 0.593225
vt 0.337020 0.619941
vt 0.307334 0.619165
vt 0.257777 0.437500
vt 0.284346 0.407052
vt 0.313842 0.406966
vt 0.285951 0.437500
vt 0.306165 0.381420
vt 0.335681 0.380728
vt 0.366313 0.379886
vt 0.345916 0.406861
vt 0.319004 0.437500
vt 0.835938 0.216146
vt 0.819336 0.210612
vt 0.808256 0.191744
vt 0.822082 0.199837
vt 0.800163 0.177918
vt 0.811849 0.188151
vt 0.781250 0.312500
vt 0.781080 0.343580
vt 0.779894 0.373644
vt 0.773112 0.429362
vt 0.769320 0.455729
vt 0.767087 0.476047
vt 0.859809 0.254774
vt 0.838596 0.253852
vt 0.830410 0.230788
vt 0.849664 0.233670
vt 0.809896 0.252604
vt 0.804362 0.226888
vt 0.565104 0.252604
vt 0.570638 0.226888
vt 0.597989 0.222989
vt 0.595106 0.251356
vt 0.626356 0.220106
vt 0.625434 0.250434
vt 0.779894 0.251356
vt 0.777011 0.222989
vt 0.687500 0.135417
vt 0.718153 0.136013
vt 0.718269 0.158034
vt 0.687500 0.157552
vt 0.656847 0.136013
vt 0.656732 0.158034
vt 0.656576 0.187826
vt 0.656250 0.562500
vt 0.656250 0.593750
vt 0.656250 0.625000
vt 0.656250 0.312500
vt 0.656250 0.343750
vt 0.656250 0.375000
vt 0.656576 0.812174
vt 0.656732 0.841967
vt 0.656847 0.863987
vt 0.656250 0.437500
vt 0.656250 0.468750
vt 0.656250 0.500000
vt 0.656250 0.687500
vt 0.656257 0.718743
vt 0.656304 0.749946
vt 0.656420 0.218920
vt 0.656304 0.250054
vt 0.524122 0.233667
vt 0.544339 0.230814
vt 0.535188 0.254039
vt 0.539062 0.216146
vt 0.555664 0.210612
vt 0.552918 0.199837
vt 0.566744 0.191744
vt 0.563151 0.188151
vt 0.574837 0.177918
vt 0.530599 0.562500
vt 0.530913 0.593744
vt 0.497306 0.593705
vt 0.531160 0.624955
vt 0.499282 0.624641
vt 0.531265 0.312818
vt 0.531244 0.343916
vt 0.499954 0.345075
vt 0.531144 0.375053
vt 0.539062 0.783854
vt 0.555664 0.789388
vt 0.566744 0.808256
vt 0.552918 0.800163
vt 0.574837 0.822082
vt 0.563151 0.811849
vt 0.500900 0.685346
vt 0.531363 0.687231
vt 0.531849 0.717937
vt 0.501622 0.715126
vt 0.535291 0.746012
vt 0.504625 0.743719
vt 0.530599 0.437500
vt 0.530301 0.468750
vt 0.492405 0.468750
vt 0.530165 0.500000
vt 0.773112 0.570638
vt 0.777012 0.597989
vt 0.779894 0.626356
vt 0.773112 0.804362
vt 0.769212 0.830410
vt 0.766330 0.849664
vt 0.781250 0.687500
vt 0.781080 0.718580
vt 0.779894 0.748644
vt 0.781080 0.656420
vt 0.749946 0.656304
vt 0.812174 0.656576
vt 0.531295 0.656110
vt 0.500360 0.655128
vt 0.562500 0.656250
vt 0.656250 0.656250
vt 0.625000 0.656250
vt 0.687500 0.656250
vt 0.323717 0.638014
vt 0.296728 0.635651
vt 0.277201 0.617964
vt 0.275731 0.633732
vt 0.240539 0.613007
vt 0.447400 0.715888
vt 0.421387 0.704183
vt 0.418463 0.688887
vt 0.445488 0.698330
vt 0.397099 0.693341
vt 0.392830 0.680139
vt 0.593750 0.656250
vt 0.841967 0.656732
vt 0.863987 0.656847
vt 0.718743 0.656257
vt 0.531716 0.282129
vt 0.562826 0.281576
vt 0.656257 0.281257
vt 0.625054 0.281304
vt 0.687500 0.281250
vt 0.781080 0.281420
vt 0.749946 0.281304
vt 0.812174 0.281576
vt 0.437227 0.351699
vt 0.468608 0.347890
vt 0.320065 0.363812
vt 0.347434 0.361651
vt 0.375851 0.359017
vt 0.718743 0.281257
vt 0.841967 0.281732
vt 0.863987 0.281847
vt 0.593920 0.281420
vt 0.777011 0.777011
vt 0.748644 0.779894
vt 0.804362 0.773112
vt 0.544358 0.769195
vt 0.524232 0.766389
vt 0.570638 0.773112
vt 0.656420 0.781081
vt 0.626356 0.779894
vt 0.687500 0.781250
vt 0.718580 0.781080
vt 0.830410 0.769212
vt 0.849664 0.766330
vt 0.597989 0.777011
vt 0.406015 0.355595
vt 0.398805 0.378790
vt 0.407641 0.335242
vt 0.474008 0.728079
vt 0.472963 0.707673
vt 0.471563 0.680768
vt 0.408307 0.316191
vt 0.408800 0.302111
vt 0.469876 0.652744
vt 0.466506 0.623878
vt 0.382288 0.406724
vt 0.360188 0.437500
vt 0.293340 0.531250
vt 0.339076 0.531250
vt 0.360188 0.562500
vt 0.281674 0.500000
vt 0.329480 0.500000
vt 0.273118 0.367575
vt 0.293665 0.365880
vt 0.276244 0.382514
vt 0.289848 0.357680
vt 0.306578 0.354849
vt 0.351618 0.640441
vt 0.361169 0.657147
vt 0.253821 0.407965
vt 0.228627 0.438151
vt 0.228627 0.561849
vt 0.253938 0.592093
vt 0.214085 0.585602
vt 0.369516 0.672551
vt 0.375685 0.683937
vt 0.304082 0.349336
vt 0.318096 0.345196
vt 0.314586 0.343358
vt 0.326509 0.338123
vt 0.194413 0.500000
vt 0.205104 0.530925
vt 0.221294 0.500000
vt 0.232695 0.531250
vt 0.382431 0.593348
vt 0.421337 0.593481
vt 0.767087 0.523953
vt 0.769320 0.544271
vt 0.746579 0.534912
vt 0.783854 0.539062
vt 0.789388 0.555664
vt 0.530301 0.531250
vt 0.562500 0.531250
vt 0.656250 0.531250
vt 0.625000 0.531250
vt 0.687500 0.531250
vt 0.247419 0.500000
vt 0.259460 0.531250
vt 0.180917 0.586967
vt 0.160608 0.569604
vt 0.141273 0.569010
vt 0.115762 0.554440
vt 0.460332 0.593610
vt 0.718376 0.531630
vt 0.800163 0.552918
vt 0.808256 0.566744
vt 0.811849 0.563151
vt 0.822082 0.574837
vt 0.593750 0.531250
vt 0.165449 0.471354
vt 0.205104 0.469076
vt 0.232695 0.468750
vt 0.293340 0.468750
vt 0.339076 0.468750
vt 0.391927 0.468750
vt 0.530911 0.406257
vt 0.562500 0.406250
vt 0.656250 0.406250
vt 0.625000 0.406250
vt 0.687500 0.406250
vt 0.777011 0.402011
vt 0.748644 0.404894
vt 0.804362 0.398112
vt 0.259460 0.468750
vt 0.058468 0.481771
vt 0.108761 0.476563
vt 0.445014 0.468750
vt 0.593750 0.406250
vt 0.830410 0.394213
vt 0.849664 0.391330
vt 0.718580 0.406081
vt 0.186531 0.407176
vt 0.135543 0.432485
vt 0.236349 0.382534
vt 0.267877 0.633419
vt 0.287683 0.643516
vt 0.237046 0.617814
vt 0.873162 0.656786
vt 0.868978 0.629720
vt 0.873698 0.687500
vt 0.469122 0.266307
vt 0.438935 0.281509
vt 0.496322 0.250577
vt 0.797243 0.452408
vt 0.812398 0.437398
vt 0.781576 0.467773
vt 0.609748 0.142300
vt 0.593424 0.157227
vt 0.629720 0.131022
vt 0.765252 0.142300
vt 0.745280 0.131022
vt 0.781576 0.157227
vt 0.305756 0.652703
vt 0.323385 0.661590
vt 0.797243 0.172592
vt 0.812398 0.187603
vt 0.516351 0.765744
vt 0.532227 0.781576
vt 0.497691 0.750107
vt 0.827408 0.797243
vt 0.842773 0.781576
vt 0.812398 0.812398
vt 0.656786 0.873162
vt 0.687500 0.873698
vt 0.629720 0.868978
vt 0.873162 0.281786
vt 0.868978 0.254720
vt 0.873698 0.312500
vt 0.547592 0.202757
vt 0.532227 0.218424
vt 0.562603 0.187603
vt 0.718214 0.873162
vt 0.745280 0.868978
vt 0.656786 0.126838
vt 0.687500 0.126302
vt 0.408902 0.296363
vt 0.382262 0.309520
vt 0.577757 0.827408
vt 0.593424 0.842773
vt 0.562603 0.812398
vt 0.036497 0.484050
vt 0.022241 0.500000
vt 0.065428 0.468099
vt 0.718214 0.126838
vt 0.341133 0.670392
vt 0.359456 0.679402
vt 0.857700 0.390252
vt 0.868978 0.370280
vt 0.842773 0.406576
vt 0.329554 0.335398
vt 0.314051 0.343077
vt 0.345578 0.327537
vt 0.797243 0.827408
vt 0.781576 0.842774
vt 0.265439 0.367800
vt 0.282959 0.358846
vt 0.766662 0.483453
vt 0.758759 0.500000
vt 0.827408 0.577757
vt 0.812398 0.562603
vt 0.842774 0.593424
vt 0.298689 0.350830
vt 0.547592 0.797243
vt 0.873162 0.343214
vt 0.766662 0.516547
vt 0.781576 0.532227
vt 0.827408 0.202757
vt 0.842774 0.218424
vt 0.873162 0.718214
vt 0.868978 0.745280
vt 0.577757 0.172592
vt 0.857700 0.609748
vt 0.097348 0.548237
vt 0.135543 0.567515
vt 0.065428 0.531901
vt 0.097348 0.451763
vt 0.857700 0.765252
vt 0.378173 0.688598
vt 0.398648 0.698673
vt 0.362223 0.319377
vt 0.516202 0.234331
vt 0.473897 0.736081
vt 0.448188 0.723117
vt 0.609748 0.857700
vt 0.765252 0.857700
vt 0.186607 0.592862
vt 0.036497 0.515951
vt 0.797243 0.547592
vt 0.422539 0.710456
vt 0.857700 0.234748
vt 0.827408 0.422243
vt 0.875000 0.556369
vt 0.875000 0.631447
vt 0.864040 0.715277
vt 0.837581 0.750000
vt 0.787419 0.750000
vt 0.760960 0.715277
vt 0.750000 0.631447
vt 0.750000 0.556369
vt 0.625000 0.556369
vt 0.625000 0.631447
vt 0.614040 0.715277
vt 0.587581 0.750000
vt 0.537419 0.750000
vt 0.510960 0.715277
vt 0.500000 0.631447
vt 0.500000 0.556369
vt 0.489040 0.715277
vt 0.462581 0.750000
vt 0.412419 0.750000
vt 0.385960 0.715277
vt 0.375000 0.631447
vt 0.375000 0.556369
vt 0.364040 0.715277
vt 0.337581 0.750000
vt 0.287419 0.750000
vt 0.260960 0.715277
vt 0.250000 0.631447
vt 0.250000 0.556369
vt 0.239040 0.715277
vt 0.212581 0.750000
vt 0.162419 0.750000
vt 0.135960 0.715277
vt 0.125000 0.631447
vt 0.125000 0.556369
vt 0.239040 0.784723
vt 0.250000 0.868553
vt 0.250000 0.943631
vt 0.125000 0.943631
vt 0.125000 0.868553
vt 0.135960 0.784723
vt 0.114040 0.715277
vt 0.087581 0.750000
vt 0.037419 0.750000
vt 0.010960 0.715277
vt 0.000000 0.631447
vt 0.000000 0.556369
vt 1.000000 0.556369
vt 0.877159 0.500000
vt 0.997841 0.500000
vt 0.752931 0.488786
vt 0.916775 0.420919
vt 0.899695 0.399695
vt 0.750000 0.461701
vt 0.752159 0.500000
vt 0.872841 0.500000
vt 0.920919 0.416775
vt 0.988786 0.252931
vt 0.961701 0.250000
vt 0.627159 0.500000
vt 0.747842 0.500000
vt 0.988786 0.247070
vt 0.920919 0.083225
vt 0.899695 0.100305
vt 0.502159 0.500000
vt 0.622841 0.500000
vt 0.916775 0.079081
vt 0.752931 0.011214
vt 0.750000 0.038299
vt 0.377159 0.500000
vt 0.497841 0.500000
vt 0.747070 0.011214
vt 0.583225 0.079081
vt 0.600305 0.100305
vt 0.252159 0.500000
vt 0.372842 0.500000
vt 0.579081 0.083225
vt 0.511214 0.247069
vt 0.538299 0.250000
vt 0.127159 0.500000
vt 0.247841 0.500000
vt 0.511214 0.252930
vt 0.579081 0.416775
vt 0.600305 0.399695
vt 0.002159 0.500000
vt 0.122841 0.500000
vt 0.583225 0.420919
vt 0.747069 0.488786
vt 0.750000 0.430048
vt 0.877313 0.377313
vt 0.930048 0.250000
vt 0.877313 0.122687
vt 0.750000 0.069952
vt 0.622687 0.122687
vt 0.569952 0.250000
vt 0.622687 0.377313
vt 0.114040 0.784723
vt 0.000000 0.943631
vt 0.000000 0.868553
vt 0.010960 0.784723
vt 0.864040 0.784723
vt 0.875000 0.868553
vt 0.875000 0.943631
vt 0.750000 0.943631
vt 0.750000 0.868553
vt 0.760960 0.784723
vt 0.739040 0.715277
vt 0.712581 0.750000
vt 0.662419 0.750000
vt 0.635960 0.715277
vt 0.364040 0.784723
vt 0.375000 0.868553
vt 0.375000 0.943631
vt 0.260960 0.784723
vt 0.489040 0.784723
vt 0.500000 0.868553
vt 0.500000 0.943631
vt 0.385960 0.784723
vt 0.614040 0.784723
vt 0.625000 0.868553
vt 0.625000 0.943631
vt 0.510960 0.784723
vt 0.739040 0.784723
vt 0.635960 0.784723
vt 1.000000 0.631447
vt 0.989040 0.715277
vt 0.962581 0.750000
vt 0.912419 0.750000
vt 0.885960 0.715277
vt 0.930048 0.250000
vt 0.877313 0.122687
vt 0.961701 0.250000
vt 0.600305 0.100305
vt 0.750000 0.038299
vt 0.877313 0.377313
vt 0.899695 0.399695
vt 0.750000 0.461701
vt 0.750000 0.430048
vt 0.899695 0.100305
vt 0.622687 0.122687
vt 0.750000 0.069952
vt 0.538299 0.250000
vt 0.600305 0.399695
vt 0.622687 0.377313
vt 0.569952 0.250000
vt 0.989040 0.784723
vt 1.000000 0.868553
vt 1.000000 0.943631
vt 0.885960 0.784723
vt 0.125000 0.631447
vt 0.114040 0.715277
vt 0.364040 0.715277
vt 0.337581 0.750000
vt 0.989040 0.784723
vt 1.000000 0.868553
vt 0.614040 0.784723
vt 0.625000 0.868553
vt 0.364040 0.784723
vt 0.000000 0.868553
vt 0.010960 0.784723
vt 0.635960 0.784723
vt 0.087581 0.750000
vt 0.375000 0.868553
vt 0.114040 0.784723
vt 0.385960 0.784723
vt 0.864040 0.715277
vt 0.837581 0.750000
vt 0.662419 0.750000
vt 0.864040 0.784723
vt 0.635960 0.715277
vt 0.739040 0.715277
vt 0.712581 0.750000
vt 0.412419 0.750000
vt 0.875000 0.868553
vt 0.739040 0.784723
vt 0.385960 0.715277
vt 0.885960 0.784723
vt 0.510960 0.715277
vt 0.500000 0.631447
vt 0.750000 0.868553
vt 0.489040 0.715277
vt 0.912419 0.750000
vt 0.760960 0.784723
vt 0.260960 0.715277
vt 0.250000 0.631447
vt 0.885960 0.715277
vt 0.462581 0.750000
vt 0.239040 0.715277
vt 0.787419 0.750000
vt 0.489040 0.784723
vt 0.760960 0.715277
vt 0.212581 0.750000
vt 0.875000 0.631447
vt 0.500000 0.868553
vt 0.239040 0.784723
vt 0.510960 0.784723
vt 0.037419 0.750000
vt 0.750000 0.631447
vt 0.250000 0.868553
vt 0.010960 0.715277
vt 0.260960 0.784723
vt 0.125000 0.868553
vt 0.537419 0.750000
vt 0.000000 0.631447
vt 0.135960 0.784723
vt 1.000000 0.631447
vt 0.989040 0.715277
vt 0.625000 0.631447
vt 0.287419 0.750000
vt 0.162419 0.750000
vt 0.614040 0.715277
vt 0.962581 0.750000
vt 0.135960 0.715277
vt 0.375000 0.631447
vt 0.587581 0.750000
vt 0.114040 0.715277
vt 0.125000 0.631447
vt 0.125000 0.631447
vt 0.114040 0.715277
vt 0.337581 0.750000
vt 0.364040 0.715277
vt 0.364040 0.715277
vt 0.337581 0.750000
vt 1.000000 0.868553
vt 0.989040 0.784723
vt 0.989040 0.784723
vt 1.000000 0.868553
vt 0.625000 0.868553
vt 0.614040 0.784723
vt 0.614040 0.784723
vt 0.625000 0.868553
vt 0.364040 0.784723
vt 0.364040 0.784723
vt 0.010960 0.784723
vt 0.000000 0.868553
vt 0.000000 0.868553
vt 0.010960 0.784723
vt 0.635960 0.784723
vt 0.635960 0.784723
vt 0.087581 0.750000
vt 0.087581 0.750000
vt 0.375000 0.868553
vt 0.375000 0.868553
vt 0.114040 0.784723
vt 0.114040 0.784723
vt 0.385960 0.784723
vt 0.385960 0.784723
vt 0.837581 0.750000
vt 0.864040 0.715277
vt 0.864040 0.715277
vt 0.837581 0.750000
vt 0.662419 0.750000
vt 0.662419 0.750000
vt 0.864040 0.784723
vt 0.864040 0.784723
vt 0.635960 0.715277
vt 0.635960 0.715277
vt 0.712581 0.750000
vt 0.739040 0.715277
vt 0.739040 0.715277
vt 0.712581 0.750000
vt 0.412419 0.750000
vt 0.412419 0.750000
vt 0.875000 0.868553
vt 0.875000 0.868553
vt 0.739040 0.784723
vt 0.739040 0.784723
vt 0.385960 0.715277
vt 0.385960 0.715277
vt 0.885960 0.784723
vt 0.885960 0.784723
vt 0.500000 0.631447
vt 0.510960 0.715277
vt 0.510960 0.715277
vt 0.500000 0.631447
vt 0.750000 0.868553
vt 0.750000 0.868553
vt 0.489040 0.715277
vt 0.489040 0.715277
vt 0.912419 0.750000
vt 0.912419 0.750000
vt 0.760960 0.784723
vt 0.760960 0.784723
vt 0.250000 0.631447
vt 0.260960 0.715277
vt 0.260960 0.715277
vt 0.250000 0.631447
vt 0.885960 0.715277
vt 0.885960 0.715277
vt 0.462581 0.750000
vt 0.462581 0.750000
vt 0.239040 0.715277
vt 0.239040 0.715277
vt 0.787419 0.750000
vt 0.787419 0.750000
vt 0.489040 0.784723
vt 0.489040 0.784723
vt 0.037419 0.750000
vt 0.010960 0.784723
vt 0.037419 0.750000
vt 0.750000 0.631447
vt 0.760960 0.715277
vt 0.760960 0.715277
vt 0.750000 0.631447
vt 0.250000 0.868553
vt 0.239040 0.784723
vt 0.239040 0.784723
vt 0.250000 0.868553
vt 0.010960 0.715277
vt 0.010960 0.715277
vt 0.739040 0.715277
vt 0.260960 0.784723
vt 0.260960 0.784723
vt 0.125000 0.868553
vt 0.114040 0.784723
vt 0.125000 0.868553
vt 0.537419 0.750000
vt 0.510960 0.784723
vt 0.510960 0.784723
vt 0.537419 0.750000
vt 0.000000 0.631447
vt 0.000000 0.631447
vt 0.135960 0.784723
vt 0.135960 0.784723
vt 0.510960 0.715277
vt 0.989040 0.715277
vt 1.000000 0.631447
vt 1.000000 0.631447
vt 0.989040 0.715277
vt 0.625000 0.631447
vt 0.635960 0.715277
vt 0.625000 0.631447
vt 0.287419 0.750000
vt 0.287419 0.750000
vt 0.162419 0.750000
vt 0.162419 0.750000
vt 0.614040 0.715277
vt 0.614040 0.715277
vt 0.260960 0.715277
vt 0.962581 0.750000
vt 0.962581 0.750000
vt 0.135960 0.715277
vt 0.135960 0.715277
vt 0.375000 0.631447
vt 0.385960 0.715277
vt 0.375000 0.631447
vt 0.989040 0.784723
vt 0.587581 0.750000
vt 0.587581 0.750000
vt 0.364040 0.715277
vt 0.125000 0.631447
vt 0.614040 0.784723
vt 0.114040 0.715277
vt 0.337581 0.750000
vt 1.000000 0.868553
vt 0.625000 0.868553
vt 0.364040 0.784723
vt 0.000000 0.868553
vt 0.635960 0.784723
vt 0.587581 0.750000
vt 0.135960 0.715277
vt 0.375000 0.631447
vt 0.614040 0.715277
vt 0.962581 0.750000
vt 0.162419 0.750000
vt 0.989040 0.715277
vt 0.287419 0.750000
vt 0.625000 0.631447
vt 0.135960 0.784723
vt 0.260960 0.784723
vt 1.000000 0.631447
vt 0.537419 0.750000
vt 0.125000 0.868553
vt 0.000000 0.631447
vt 0.010960 0.715277
vt 0.510960 0.784723
vt 0.250000 0.868553
vt 0.750000 0.631447
vt 0.037419 0.750000
vt 0.239040 0.784723
vt 0.760960 0.715277
vt 0.500000 0.868553
vt 0.500000 0.868553
vt 0.875000 0.631447
vt 0.875000 0.631447
vt 0.212581 0.750000
vt 0.212581 0.750000
vt 0.510960 0.715277
vt 0.500000 0.631447
vt 0.739040 0.784723
vt 0.750000 0.868553
vt 0.489040 0.715277
vt 0.885960 0.784723
vt 0.912419 0.750000
vt 0.760960 0.784723
vt 0.260960 0.715277
vt 0.250000 0.631447
vt 0.885960 0.715277
vt 0.462581 0.750000
vt 0.239040 0.715277
vt 0.787419 0.750000
vt 0.489040 0.784723
vt 0.760960 0.715277
vt 0.212581 0.750000
vt 0.875000 0.631447
vt 0.500000 0.868553
vt 0.239040 0.784723
vt 0.864040 0.715277
vt 0.510960 0.784723
vt 0.010960 0.784723
vt 0.037419 0.750000
vt 0.750000 0.631447
vt 0.250000 0.868553
vt 0.010960 0.715277
vt 0.739040 0.715277
vt 0.260960 0.784723
vt 0.114040 0.784723
vt 0.125000 0.868553
vt 0.537419 0.750000
vt 0.000000 0.631447
vt 0.135960 0.784723
vt 1.000000 0.631447
vt 0.989040 0.715277
vt 0.635960 0.715277
vt 0.625000 0.631447
vt 0.287419 0.750000
vt 0.162419 0.750000
vt 0.614040 0.715277
vt 0.962581 0.750000
vt 0.135960 0.715277
vt 0.385960 0.715277
vt 0.375000 0.631447
vt 0.989040 0.784723
vt 0.587581 0.750000
vt 0.364040 0.715277
vt 0.125000 0.631447
vt 0.614040 0.784723
vt 0.114040 0.715277
vt 0.337581 0.750000
vt 1.000000 0.868553
vt 0.625000 0.868553
vt 0.364040 0.784723
vt 0.000000 0.868553
vt 0.635960 0.784723
vt 0.087581 0.750000
vt 0.375000 0.868553
vt 0.385960 0.784723
vt 0.837581 0.750000
vt 0.662419 0.750000
vt 0.864040 0.784723
vt 0.712581 0.750000
vt 0.412419 0.750000
vt 0.875000 0.868553
vt 0.500000 0.750000
vt 1.007750 0.784723
vt -0.007750 0.715277
vt 0.875000 0.631447
vt 0.885960 0.715277
vt 0.875000 0.750000
vt 0.864040 0.715277
vt 0.912419 0.750000
vt 0.885960 0.784723
vt 0.875000 0.868553
vt 0.864040 0.784723
vt 0.837581 0.750000
vt 0.087581 0.750000
vt 0.125000 0.750000
vt 0.750000 0.750000
vt 0.787419 0.750000
vt 0.760960 0.784723
vt 0.750000 0.868553
vt 0.739040 0.784723
vt 0.712581 0.750000
vt 0.662419 0.750000
vt 0.625000 0.750000
vt 0.500000 0.750000
vt 0.500000 0.868553
vt 0.489040 0.784723
vt 0.462581 0.750000
vt 0.489040 0.715277
vt 0.500000 0.631447
vt 0.412419 0.750000
vt 0.385960 0.784723
vt 0.375000 0.750000
vt 0.375000 0.868553
vt 0.250000 0.750000
vt 0.212581 0.750000
vt 0.239040 0.715277
vt 0.250000 0.631447
vt 0.330266 0.330266
vt 0.250000 0.363514
vt 0.169734 0.330266
vt 0.136486 0.250000
vt 0.169734 0.169734
vt 0.250000 0.136486
vt 0.330266 0.169734
vt 0.363514 0.250000
vt 0.875000 0.943631
vt 1.000000 0.943631
vt 0.997841 1.000000
vt 0.877159 1.000000
vt 0.416775 0.420919
vt 0.252931 0.488786
vt 0.250000 0.461701
vt 0.399695 0.399695
vt 0.750000 0.943631
vt 0.872841 1.000000
vt 0.752159 1.000000
vt 0.488786 0.252930
vt 0.420919 0.416775
vt 0.461701 0.250000
vt 0.625000 0.943631
vt 0.747842 1.000000
vt 0.627159 1.000000
vt 0.420919 0.083225
vt 0.488786 0.247069
vt 0.399695 0.100305
vt 0.500000 0.943631
vt 0.622841 1.000000
vt 0.502159 1.000000
vt 0.252930 0.011214
vt 0.416775 0.079081
vt 0.250000 0.038299
vt 0.375000 0.943631
vt 0.497842 1.000000
vt 0.377159 1.000000
vt 0.083225 0.079081
vt 0.247069 0.011214
vt 0.100305 0.100305
vt 0.250000 0.943631
vt 0.372841 1.000000
vt 0.252159 1.000000
vt 0.011214 0.247070
vt 0.079081 0.083225
vt 0.038299 0.250000
vt 0.125000 0.943631
vt 0.247841 1.000000
vt 0.127159 1.000000
vt 0.079081 0.416775
vt 0.011214 0.252931
vt 0.100305 0.399695
vt 0.000000 0.943631
vt 0.122841 1.000000
vt 0.002159 1.000000
vt 0.247070 0.488786
vt 0.083225 0.420919
vt 0.875000 0.943631
vt 1.000000 0.943631
vt 0.625000 0.943631
vt 0.750000 0.943631
vt 0.375000 0.943631
vt 0.500000 0.943631
vt 0.000000 0.943631
vt 0.125000 0.943631
vt 0.250000 0.943631
vt 0.375000 0.943631
vt 0.500000 0.943631
vt 0.625000 0.943631
vt 0.750000 0.943631
vt 0.875000 0.943631
vt 1.000000 0.943631
vt 0.125000 0.943631
vt 0.250000 0.943631
vt 0.000000 0.943631
vt 0.000000 0.943631
vt 0.125000 0.943631
vt 0.375000 0.943631
vt 0.500000 0.943631
vt 0.625000 0.943631
vt 0.750000 0.943631
vt 0.875000 0.943631
vt 1.000000 0.943631
vt 0.250000 0.943631
vn -0.0064 -0.9999 -0.0129
vn 0.0000 -1.0000 0.0000
vn -0.0067 -0.9999 -0.0128
vn -0.0073 -0.9999 -0.0128
vn -0.0001 -1.0000 0.0003
vn -0.0009 -1.0000 0.0015
vn -0.0102 -0.9997 0.0217
vn -0.0007 -1.0000 0.0027
vn -0.0022 -1.0000 0.0011
vn -0.0297 -0.9994 0.0149
vn -0.3629 -0.9139 0.1818
vn -0.0389 -0.9957 0.0836
vn -0.0014 -1.0000 0.0091
vn -0.0112 -0.9999 0.0056
vn -0.0112 -0.9999 0.0064
vn -0.1102 -0.9917 0.0661
vn -0.1116 -0.9922 0.0559
vn -0.0111 -0.9999 0.0083
vn -0.1071 -0.9901 0.0906
vn -0.4497 -0.7982 0.4009
vn -0.4904 -0.8181 0.3005
vn -0.5050 -0.8253 0.2529
vn -0.0120 -0.9992 0.0389
vn -0.0406 -0.9607 0.2747
vn -0.1364 -0.8802 0.4545
vn -0.1178 -0.9647 0.2356
vn -0.1675 -0.6425 0.7478
vn -0.1904 -0.5317 0.8252
vn -0.2700 -0.3434 0.8995
vn -0.2948 -0.5474 0.7832
vn -0.2939 -0.6581 0.6932
vn 0.0003 -1.0000 0.0001
vn 0.0023 -1.0000 0.0007
vn 0.0073 -1.0000 0.0016
vn 0.0305 -0.9993 0.0228
vn 0.1942 -0.9609 0.1971
vn 0.1289 -0.9798 0.1530
vn 0.0099 -0.9998 0.0156
vn 0.5660 -0.6434 0.5153
vn 0.4893 -0.7133 0.5019
vn 0.3901 -0.7576 0.5233
vn 0.0936 -0.9862 0.1365
vn 0.0079 -0.9999 0.0136
vn -0.0076 -0.9996 0.0272
vn 0.0309 -0.9845 0.1725
vn -0.0846 -0.9507 0.2983
vn -0.1127 -0.9809 0.1586
vn 0.1341 -0.7551 0.6417
vn 0.0069 -0.6936 0.7204
vn -0.2329 -0.5419 0.8075
vn -0.3564 -0.6646 0.6568
vn -0.3847 -0.7309 0.5637
vn 0.0064 -0.9999 0.0128
vn 0.0662 -0.9891 0.1313
vn 0.0634 -0.9890 0.1335
vn 0.0063 -0.9999 0.0130
vn 0.2772 -0.7889 0.5484
vn 0.2623 -0.7877 0.5575
vn 0.2277 -0.7813 0.5811
vn 0.0571 -0.9885 0.1401
vn 0.0059 -0.9999 0.0135
vn 0.0001 -1.0000 -0.0003
vn -0.0112 -0.9999 0.0065
vn -0.1102 -0.9916 0.0671
vn -0.0111 -0.9999 0.0089
vn -0.1061 -0.9892 0.1013
vn -0.4319 -0.7858 0.4427
vn -0.4893 -0.8169 0.3055
vn -0.5049 -0.8253 0.2530
vn -0.0383 -0.9992 -0.0137
vn -0.0168 -0.9999 0.0019
vn -0.1873 -0.9822 -0.0112
vn -0.2592 -0.9647 -0.0467
vn -0.0138 -0.9999 0.0036
vn -0.1447 -0.9892 0.0244
vn -0.6131 -0.7858 0.0808
vn -0.6774 -0.7301 -0.0895
vn -0.7312 -0.6581 -0.1796
vn -0.0003 -1.0000 -0.0001
vn -0.0026 -1.0000 -0.0011
vn -0.0081 -1.0000 -0.0044
vn -0.0263 -0.9996 -0.0102
vn -0.1196 -0.9845 -0.1281
vn -0.0906 -0.9875 -0.1287
vn -0.0082 -0.9999 -0.0129
vn -0.4337 -0.7551 -0.4917
vn -0.3820 -0.7716 -0.5086
vn -0.3291 -0.7813 -0.5303
vn -0.0780 -0.9885 -0.1296
vn 0.0143 -0.9999 0.0088
vn 0.0182 -0.9998 0.0120
vn 0.0223 -0.9996 0.0168
vn 0.0078 -0.9978 -0.0665
vn -0.0022 -0.9994 -0.0348
vn 0.0134 -0.9458 -0.3245
vn 0.0092 -0.9108 -0.4126
vn -0.0000 -0.9996 -0.0273
vn 0.0344 -0.9640 -0.2638
vn 0.1663 -0.6400 -0.7502
vn 0.0963 -0.5745 -0.8128
vn 0.0552 -0.4979 -0.8655
vn -0.0000 -0.9993 -0.0380
vn -0.0065 -0.9998 -0.0173
vn -0.0454 -0.9798 -0.1949
vn -0.0416 -0.9609 -0.2736
vn -0.0062 -0.9999 -0.0144
vn -0.0532 -0.9862 -0.1567
vn -0.1856 -0.7576 -0.6258
vn -0.1090 -0.7133 -0.6924
vn -0.0738 -0.6435 -0.7619
vn 0.2357 -0.6964 -0.6778
vn 0.0868 -0.9743 -0.2077
vn 0.0961 -0.8992 -0.4268
vn 0.2272 -0.5956 -0.7705
vn 0.0098 -0.9994 -0.0342
vn 0.0277 -0.9755 -0.2183
vn 0.1134 -0.7276 -0.6766
vn 0.1319 -0.5752 -0.8073
vn 0.1968 -0.3839 -0.9021
vn 0.0332 -0.9994 0.0126
vn 0.0167 -0.9999 -0.0005
vn 0.1627 -0.9866 0.0134
vn 0.2184 -0.9743 0.0548
vn 0.0136 -0.9999 -0.0068
vn 0.1197 -0.9910 -0.0600
vn 0.5314 -0.8042 -0.2662
vn 0.6376 -0.7643 0.0962
vn 0.6840 -0.6964 0.2171
vn 0.0013 -0.9999 -0.0163
vn 0.0011 -0.9999 -0.0123
vn 0.0305 -0.9909 -0.1310
vn 0.0415 -0.9847 -0.1690
vn 0.0012 -1.0000 -0.0071
vn 0.0190 -0.9967 -0.0795
vn 0.1222 -0.8616 -0.4926
vn 0.1696 -0.8031 -0.5712
vn 0.2131 -0.7509 -0.6250
vn 0.0606 -0.9975 0.0364
vn 0.3416 -0.9261 0.1599
vn 0.5101 -0.8036 0.3068
vn 0.3412 -0.9072 0.2460
vn 0.7423 -0.5491 0.3840
vn 0.7949 -0.4297 0.4284
vn 0.8344 -0.2282 0.5017
vn 0.7692 -0.3896 0.5065
vn 0.7239 -0.4940 0.4815
vn 0.0013 -1.0000 0.0007
vn 0.0079 -1.0000 0.0041
vn 0.0170 -0.9998 0.0070
vn 0.0002 -1.0000 -0.0015
vn 0.0015 -1.0000 -0.0087
vn 0.0047 -0.9998 -0.0168
vn -0.6818 -0.7309 -0.0294
vn -0.7394 -0.6646 -0.1078
vn -0.2896 -0.9507 -0.1108
vn -0.1945 -0.9809 -0.0047
vn -0.7862 -0.5419 -0.2970
vn -0.5728 -0.6936 -0.4368
vn -0.0393 -0.9829 0.1798
vn -0.0001 -0.9999 0.0171
vn -0.2510 -0.7414 0.6224
vn -0.5903 -0.7982 0.1201
vn -0.6382 -0.7696 0.0206
vn -0.1595 -0.9871 0.0131
vn -0.1366 -0.9901 0.0315
vn -0.0152 -0.9999 0.0029
vn -0.0133 -0.9999 0.0039
vn 0.0031 -1.0000 -0.0068
vn 0.0060 -0.9999 -0.0116
vn -0.2733 -0.7889 -0.5504
vn -0.0655 -0.9891 -0.1317
vn -0.0690 -0.9890 -0.1307
vn -0.2895 -0.7877 -0.5439
vn -0.0620 -0.9885 -0.1378
vn -0.2495 -0.7811 -0.5724
vn -0.0063 -0.9999 -0.0132
vn 0.0733 -0.9885 0.1322
vn 0.0068 -0.9999 0.0130
vn 0.3090 -0.7811 0.5425
vn 0.0269 -0.9961 -0.0838
vn 0.0419 -0.9870 -0.1554
vn 0.1050 -0.7676 -0.6323
vn 0.0419 -0.9683 -0.2461
vn 0.0748 -0.6767 -0.7325
vn -0.0011 -0.8817 -0.4718
vn 0.0525 -0.5581 -0.8281
vn -0.0535 -0.5333 -0.8443
vn -0.0025 -0.3466 -0.9380
vn 0.0006 -1.0000 -0.0023
vn 0.6316 -0.6766 0.3785
vn 0.6947 -0.5581 0.4538
vn 0.3772 -0.8817 0.2834
vn 0.2222 -0.9683 0.1137
vn 0.7498 -0.3466 0.5636
vn 0.6442 -0.5333 0.5483
vn 0.0065 -1.0000 0.0033
vn 0.0765 -0.9966 0.0314
vn 0.0249 -0.9997 0.0089
vn 0.0022 -1.0000 0.0008
vn 0.4741 -0.8601 0.1882
vn 0.0834 -0.9961 0.0280
vn -0.0137 -0.9999 -0.0102
vn 0.0489 -0.9875 0.1496
vn 0.0054 -0.9999 0.0143
vn 0.1786 -0.7716 0.6105
vn -0.0119 -0.9999 0.0051
vn 0.1731 -0.9812 0.0848
vn 0.2556 -0.9599 0.1149
vn 0.0235 -0.9997 0.0073
vn 0.6098 -0.7247 0.3209
vn 0.6855 -0.6369 0.3527
vn 0.6578 -0.7341 0.1683
vn 0.1738 -0.9826 0.0649
vn 0.2137 -0.9726 0.0915
vn 0.7036 -0.6779 0.2130
vn 0.2442 -0.9600 0.1372
vn 0.7177 -0.6230 0.3111
vn -0.1197 -0.9916 0.0481
vn -0.5377 -0.8169 0.2090
vn 0.0076 -0.9997 -0.0253
vn 0.0008 -1.0000 -0.0023
vn -0.0118 -0.9999 0.0051
vn 0.0087 -0.9998 -0.0203
vn -0.1189 -0.9917 0.0487
vn -0.5343 -0.8180 0.2129
vn -0.0114 -0.9999 0.0105
vn 0.5716 -0.7667 0.2921
vn 0.1498 -0.9870 0.0591
vn 0.0129 -0.9999 0.0021
vn -0.1060 -0.9871 0.1199
vn -0.3986 -0.7696 0.4988
vn 0.0011 -0.9998 -0.0210
vn 0.1306 -0.9901 0.0516
vn 0.5812 -0.7934 0.1810
vn 0.0108 -0.9999 0.0065
vn 0.0453 -0.9763 -0.2118
vn 0.2129 -0.6979 -0.6838
vn 0.0371 -0.9824 -0.1829
vn 0.0665 -0.9641 -0.2569
vn 0.1416 -0.6449 -0.7510
vn 0.0855 -0.9339 -0.3471
vn 0.1573 -0.5642 -0.8105
vn 0.0266 -0.9994 0.0228
vn 0.0008 -1.0000 -0.0085
vn 0.0116 -0.9964 -0.0838
vn 0.1922 -0.9752 0.1094
vn 0.0748 -0.9963 0.0416
vn 0.0073 -1.0000 0.0044
vn 0.2745 -0.9425 0.1907
vn 0.7126 -0.5644 0.4167
vn 0.0683 -0.8110 -0.5811
vn 0.1540 -0.4460 -0.8817
vn 0.0651 -0.3938 -0.9169
vn 0.1138 -0.2347 -0.9654
vn -0.0902 -0.9957 -0.0189
vn -0.1675 -0.9829 -0.0762
vn -0.6488 -0.7414 -0.1716
vn -0.2443 -0.9607 -0.1319
vn -0.6992 -0.6425 -0.3136
vn -0.0017 -1.0000 -0.0002
vn 0.3995 -0.8991 0.1789
vn 0.7253 -0.5747 0.3790
vn 0.7532 -0.5955 0.2794
vn 0.8403 -0.3839 0.3829
vn -0.0235 -0.9997 -0.0049
vn -0.4458 -0.8802 -0.1629
vn -0.7750 -0.5317 -0.3416
vn -0.8038 -0.5474 -0.2329
vn -0.8821 -0.3434 -0.3224
vn 0.0104 -0.9999 -0.0130
vn -0.0116 -0.9999 0.0123
vn 0.0867 -0.9866 -0.1383
vn 0.3047 -0.7644 -0.5683
vn -0.1032 -0.9822 0.1567
vn -0.3339 -0.7301 0.5962
vn -0.0064 0.9999 -0.0129
vn -0.0067 0.9999 -0.0128
vn 0.0000 1.0000 0.0000
vn -0.0073 0.9999 -0.0128
vn -0.0001 1.0000 0.0003
vn -0.0007 1.0000 0.0027
vn -0.0102 0.9997 0.0217
vn -0.0009 1.0000 0.0015
vn -0.0014 1.0000 0.0091
vn -0.0388 0.9957 0.0836
vn -0.3629 0.9139 0.1818
vn -0.0297 0.9994 0.0149
vn -0.0022 1.0000 0.0011
vn -0.0112 0.9999 0.0056
vn -0.1116 0.9922 0.0559
vn -0.1102 0.9917 0.0661
vn -0.0112 0.9999 0.0064
vn -0.5050 0.8253 0.2529
vn -0.4904 0.8180 0.3005
vn -0.4497 0.7982 0.4009
vn -0.1071 0.9901 0.0905
vn -0.0111 0.9999 0.0083
vn -0.0120 0.9992 0.0389
vn -0.1178 0.9647 0.2356
vn -0.1364 0.8802 0.4545
vn -0.0406 0.9607 0.2747
vn -0.2939 0.6581 0.6932
vn -0.2948 0.5474 0.7832
vn -0.2700 0.3434 0.8995
vn -0.1904 0.5317 0.8252
vn -0.1675 0.6425 0.7478
vn 0.0003 1.0000 0.0001
vn 0.0023 1.0000 0.0007
vn 0.0073 1.0000 0.0016
vn 0.0305 0.9993 0.0228
vn 0.0099 0.9998 0.0156
vn 0.1289 0.9798 0.1530
vn 0.1942 0.9609 0.1971
vn 0.0079 0.9999 0.0136
vn 0.0936 0.9862 0.1365
vn 0.3901 0.7576 0.5233
vn 0.4893 0.7133 0.5019
vn 0.5660 0.6434 0.5153
vn -0.0076 0.9996 0.0272
vn -0.1127 0.9809 0.1586
vn -0.0846 0.9507 0.2983
vn 0.0309 0.9845 0.1725
vn -0.3847 0.7309 0.5637
vn -0.3564 0.6646 0.6568
vn -0.2329 0.5419 0.8075
vn 0.0069 0.6936 0.7204
vn 0.1341 0.7551 0.6417
vn 0.0064 0.9999 0.0128
vn 0.0063 0.9999 0.0130
vn 0.0634 0.9890 0.1335
vn 0.0662 0.9891 0.1313
vn 0.0059 0.9999 0.0135
vn 0.0571 0.9885 0.1401
vn 0.2277 0.7813 0.5811
vn 0.2623 0.7877 0.5575
vn 0.2772 0.7889 0.5484
vn 0.0001 1.0000 -0.0003
vn -0.1102 0.9916 0.0671
vn -0.0112 0.9999 0.0065
vn -0.5049 0.8253 0.2530
vn -0.4893 0.8169 0.3055
vn -0.4319 0.7858 0.4427
vn -0.1061 0.9892 0.1013
vn -0.0111 0.9999 0.0089
vn -0.0383 0.9992 -0.0137
vn -0.2592 0.9647 -0.0467
vn -0.1873 0.9822 -0.0112
vn -0.0168 0.9999 0.0019
vn -0.7312 0.6581 -0.1796
vn -0.6774 0.7301 -0.0895
vn -0.6131 0.7858 0.0808
vn -0.1447 0.9892 0.0244
vn -0.0138 0.9999 0.0036
vn -0.0003 1.0000 -0.0001
vn -0.0026 1.0000 -0.0011
vn -0.0081 1.0000 -0.0044
vn -0.0263 0.9996 -0.0102
vn -0.0082 0.9999 -0.0129
vn -0.0906 0.9875 -0.1287
vn -0.1196 0.9845 -0.1280
vn -0.0780 0.9885 -0.1296
vn -0.3291 0.7813 -0.5303
vn -0.3820 0.7716 -0.5086
vn -0.4337 0.7551 -0.4917
vn 0.0143 0.9999 0.0088
vn 0.0182 0.9998 0.0120
vn 0.0223 0.9996 0.0168
vn 0.0078 0.9978 -0.0665
vn 0.0092 0.9108 -0.4126
vn 0.0134 0.9458 -0.3245
vn -0.0022 0.9994 -0.0348
vn 0.0552 0.4979 -0.8655
vn 0.0963 0.5745 -0.8128
vn 0.1663 0.6400 -0.7502
vn 0.0344 0.9640 -0.2638
vn -0.0000 0.9996 -0.0273
vn -0.0000 0.9993 -0.0380
vn -0.0416 0.9609 -0.2736
vn -0.0454 0.9798 -0.1949
vn -0.0065 0.9998 -0.0173
vn -0.0738 0.6434 -0.7619
vn -0.1090 0.7133 -0.6924
vn -0.1856 0.7576 -0.6258
vn -0.0532 0.9862 -0.1567
vn -0.0062 0.9999 -0.0144
vn 0.2357 0.6964 -0.6778
vn 0.2272 0.5955 -0.7705
vn 0.0961 0.8992 -0.4268
vn 0.0868 0.9743 -0.2077
vn 0.1968 0.3839 -0.9022
vn 0.1319 0.5752 -0.8073
vn 0.1134 0.7276 -0.6766
vn 0.0277 0.9755 -0.2183
vn 0.0098 0.9994 -0.0342
vn 0.0332 0.9994 0.0126
vn 0.2184 0.9743 0.0548
vn 0.1627 0.9866 0.0134
vn 0.0167 0.9999 -0.0005
vn 0.6840 0.6964 0.2171
vn 0.6376 0.7643 0.0962
vn 0.5314 0.8042 -0.2662
vn 0.1197 0.9910 -0.0600
vn 0.0136 0.9999 -0.0068
vn 0.0013 0.9999 -0.0163
vn 0.0415 0.9847 -0.1690
vn 0.0305 0.9909 -0.1310
vn 0.0011 0.9999 -0.0123
vn 0.2131 0.7509 -0.6250
vn 0.1696 0.8031 -0.5712
vn 0.1222 0.8616 -0.4926
vn 0.0190 0.9967 -0.0795
vn 0.0012 1.0000 -0.0071
vn 0.0606 0.9975 0.0364
vn 0.3412 0.9073 0.2459
vn 0.5101 0.8036 0.3068
vn 0.3416 0.9261 0.1599
vn 0.7239 0.4940 0.4815
vn 0.7692 0.3896 0.5065
vn 0.8344 0.2282 0.5018
vn 0.7949 0.4297 0.4284
vn 0.7423 0.5491 0.3840
vn 0.0013 1.0000 0.0007
vn 0.0079 1.0000 0.0041
vn 0.0170 0.9998 0.0070
vn 0.0002 1.0000 -0.0015
vn 0.0015 1.0000 -0.0087
vn 0.0047 0.9998 -0.0168
vn -0.6818 0.7309 -0.0294
vn -0.1945 0.9809 -0.0047
vn -0.2896 0.9507 -0.1108
vn -0.7394 0.6646 -0.1078
vn -0.5728 0.6936 -0.4368
vn -0.7862 0.5419 -0.2970
vn -0.0001 0.9999 0.0171
vn -0.0393 0.9829 0.1798
vn -0.2510 0.7414 0.6224
vn -0.5903 0.7982 0.1201
vn -0.1366 0.9901 0.0316
vn -0.1595 0.9871 0.0131
vn -0.6382 0.7696 0.0206
vn -0.0133 0.9999 0.0039
vn -0.0152 0.9999 0.0029
vn 0.0031 1.0000 -0.0068
vn 0.0060 0.9999 -0.0116
vn -0.2733 0.7889 -0.5504
vn -0.2895 0.7877 -0.5439
vn -0.0690 0.9890 -0.1307
vn -0.0655 0.9891 -0.1317
vn -0.2495 0.7811 -0.5723
vn -0.0620 0.9885 -0.1378
vn -0.0063 0.9999 -0.0132
vn 0.0068 0.9999 0.0130
vn 0.0733 0.9885 0.1322
vn 0.3090 0.7811 0.5425
vn 0.1050 0.7676 -0.6323
vn 0.0419 0.9870 -0.1554
vn 0.0269 0.9961 -0.0838
vn 0.0748 0.6767 -0.7325
vn 0.0419 0.9683 -0.2461
vn 0.0525 0.5581 -0.8281
vn -0.0011 0.8817 -0.4718
vn -0.0025 0.3466 -0.9380
vn -0.0535 0.5333 -0.8443
vn 0.0006 1.0000 -0.0023
vn 0.6316 0.6766 0.3785
vn 0.2222 0.9683 0.1137
vn 0.3772 0.8817 0.2834
vn 0.6947 0.5581 0.4538
vn 0.6442 0.5333 0.5483
vn 0.7498 0.3466 0.5636
vn 0.0065 1.0000 0.0033
vn 0.0022 1.0000 0.0008
vn 0.0249 0.9997 0.0089
vn 0.0765 0.9966 0.0314
vn 0.0834 0.9961 0.0280
vn 0.4741 0.8601 0.1882
vn -0.0137 0.9999 -0.0102
vn 0.0054 0.9999 0.0143
vn 0.0489 0.9875 0.1496
vn 0.1786 0.7716 0.6105
vn -0.0119 0.9999 0.0051
vn 0.0235 0.9997 0.0073
vn 0.2556 0.9599 0.1149
vn 0.1731 0.9812 0.0848
vn 0.6855 0.6369 0.3527
vn 0.6098 0.7247 0.3209
vn 0.6578 0.7341 0.1683
vn 0.7036 0.6779 0.2129
vn 0.2137 0.9726 0.0915
vn 0.1738 0.9826 0.0649
vn 0.7177 0.6230 0.3112
vn 0.2442 0.9600 0.1373
vn -0.1197 0.9916 0.0481
vn -0.5377 0.8169 0.2090
vn 0.0076 0.9997 -0.0253
vn 0.0008 1.0000 -0.0023
vn -0.0118 0.9999 0.0051
vn 0.0087 0.9998 -0.0204
vn -0.1189 0.9917 0.0487
vn -0.5343 0.8180 0.2129
vn -0.0114 0.9999 0.0105
vn 0.1498 0.9870 0.0591
vn 0.5716 0.7667 0.2921
vn 0.0129 0.9999 0.0021
vn -0.1060 0.9871 0.1199
vn -0.3986 0.7696 0.4988
vn 0.0011 0.9998 -0.0210
vn 0.5812 0.7934 0.1810
vn 0.1306 0.9901 0.0516
vn 0.0108 0.9999 0.0065
vn 0.0453 0.9763 -0.2118
vn 0.2129 0.6979 -0.6838
vn 0.1416 0.6449 -0.7510
vn 0.0665 0.9641 -0.2569
vn 0.0371 0.9824 -0.1829
vn 0.1573 0.5643 -0.8105
vn 0.0855 0.9339 -0.3471
vn 0.0266 0.9994 0.0228
vn 0.0116 0.9964 -0.0838
vn 0.0008 1.0000 -0.0085
vn 0.0073 1.0000 0.0044
vn 0.0748 0.9963 0.0416
vn 0.1922 0.9752 0.1094
vn 0.2745 0.9425 0.1907
vn 0.7126 0.5644 0.4167
vn 0.1540 0.4460 -0.8817
vn 0.0683 0.8110 -0.5811
vn 0.1138 0.2347 -0.9654
vn 0.0651 0.3938 -0.9169
vn -0.6488 0.7414 -0.1716
vn -0.1675 0.9829 -0.0762
vn -0.0902 0.9957 -0.0189
vn -0.6992 0.6425 -0.3136
vn -0.2443 0.9607 -0.1319
vn -0.0017 1.0000 -0.0002
vn 0.7253 0.5747 0.3790
vn 0.3995 0.8991 0.1789
vn 0.8403 0.3839 0.3829
vn 0.7532 0.5955 0.2794
vn -0.0235 0.9997 -0.0049
vn -0.7750 0.5317 -0.3416
vn -0.4457 0.8802 -0.1629
vn -0.8821 0.3434 -0.3224
vn -0.8038 0.5474 -0.2329
vn 0.0104 0.9999 -0.0130
vn -0.0116 0.9999 0.0123
vn 0.3047 0.7643 -0.5683
vn 0.0867 0.9866 -0.1383
vn -0.1032 0.9822 0.1567
vn -0.3339 0.7301 0.5962
vn 0.1633 0.0000 -0.9866
vn 0.2203 0.0000 -0.9754
vn 0.1654 0.0000 -0.9862
vn 0.8882 0.0000 0.4595
vn 0.8765 0.0000 0.4814
vn 0.8853 -0.0000 0.4650
vn -0.9316 0.0000 0.3635
vn -0.9883 -0.0000 0.1523
vn -0.8941 -0.0000 0.4478
vn 0.2847 0.0000 -0.9586
vn 0.3435 0.0000 -0.9392
vn 0.2370 0.0000 -0.9715
vn -0.2431 0.0000 0.9700
vn -0.2881 0.0000 0.9576
vn -0.2572 0.0000 0.9664
vn -0.1454 -0.0000 -0.9894
vn -0.0687 -0.0000 -0.9976
vn -0.2840 -0.0000 -0.9588
vn -0.6040 0.0000 -0.7970
vn -0.5297 0.0000 -0.8482
vn -0.6616 0.0000 -0.7498
vn 0.8716 0.0000 0.4901
vn 0.8575 -0.0000 0.5146
vn -0.7584 -0.0000 -0.6518
vn -0.9261 -0.0000 -0.3772
vn 0.8982 0.0000 0.4395
vn 0.8431 0.0000 0.5377
vn 0.9290 0.0000 0.3700
vn -0.4955 0.0000 0.8686
vn -0.5542 0.0000 0.8324
vn -0.2524 -0.0000 0.9676
vn 0.4956 0.0000 0.8685
vn 0.4510 -0.0000 0.8925
vn 0.5979 0.0000 0.8015
vn -0.9287 0.0000 0.3709
vn -0.9780 0.0000 0.2087
vn -0.8940 0.0000 0.4480
vn 0.0432 0.0000 -0.9991
vn 0.0737 0.0000 -0.9973
vn -0.0016 0.0000 -1.0000
vn 0.4245 0.0000 0.9054
vn 0.3622 0.0000 0.9321
vn -0.3989 0.0000 -0.9170
vn -0.4448 -0.0000 -0.8956
vn 0.3273 -0.0000 -0.9449
vn 0.2507 0.0000 -0.9681
vn 0.7729 0.0000 0.6346
vn 0.7579 0.0000 0.6524
vn 0.8000 0.0000 0.6000
vn 0.5213 0.0000 -0.8534
vn 0.8941 0.0000 -0.4479
vn 0.3087 -0.0000 -0.9512
vn -0.4710 0.0000 -0.8821
vn 0.8430 0.0000 0.5380
vn 0.8462 0.0000 0.5328
vn -0.5016 0.0000 0.8651
vn -0.7138 0.0000 0.7004
vn -0.3648 -0.0000 0.9311
vn 0.0861 0.0000 -0.9963
vn 0.1184 0.0000 -0.9930
vn 0.0910 -0.0000 -0.9959
vn 0.0680 -0.0000 0.9977
vn 0.2044 0.0000 0.9789
vn 0.1804 0.0000 -0.9836
vn 0.1614 0.0000 -0.9869
vn -0.4312 0.0000 0.9023
vn -0.8941 -0.0000 0.4479
vn -0.9546 0.0000 -0.2977
vn -0.9395 -0.0000 -0.3426
vn -0.9642 0.0000 -0.2653
vn 0.1514 0.0000 -0.9885
vn 0.8261 0.0000 0.5636
vn -0.8489 -0.0000 0.5285
vn -0.9808 -0.0000 -0.1949
vn -0.9280 0.0000 -0.3726
vn -0.9924 0.0000 -0.1233
vn -0.9985 0.0000 -0.0546
vn -0.8531 -0.0000 0.5217
vn -0.7527 -0.0000 0.6584
vn -0.0455 0.0000 -0.9990
vn -0.9932 -0.0000 -0.1162
vn 0.9328 -0.0000 0.3604
vn 0.9130 0.0000 0.4079
vn 0.9466 -0.0000 0.3223
vn 0.2699 -0.0000 -0.9629
vn -0.6250 -0.0000 0.7807
vn 0.8794 0.0000 0.4761
vn 0.9342 0.0000 0.3568
vn 0.1494 -0.0000 -0.9888
vn 0.1786 -0.0000 -0.9839
vn 0.9536 0.0000 0.3012
vn 0.9753 0.0000 0.2210
vn 0.7054 0.0000 0.7088
vn 0.2767 0.0000 0.9610
vn 0.8870 0.0000 0.4618
vn 0.9956 0.0000 0.0934
vn -0.9225 -0.0000 -0.3861
vn 0.9687 0.0000 0.2483
vn -0.9995 0.0000 0.0331
vn -0.3331 0.0000 0.9429
vn 0.6272 -0.4621 -0.6269
vn 0.6834 -0.2570 -0.6834
vn 0.7555 0.0628 -0.6522
vn 0.8941 0.0002 -0.4479
vn 0.9489 0.0002 -0.3155
vn 0.9953 0.0628 -0.0731
vn 0.9664 -0.2570 -0.0000
vn 0.8868 -0.4621 -0.0002
vn 0.6269 -0.4621 0.6272
vn 0.6834 -0.2570 0.6834
vn 0.6522 0.0628 0.7555
vn 0.4479 0.0002 0.8941
vn 0.3155 0.0002 0.9489
vn 0.0731 0.0628 0.9953
vn 0.0000 -0.2570 0.9664
vn 0.0002 -0.4621 0.8868
vn -0.0731 0.0628 0.9953
vn -0.3155 0.0002 0.9489
vn -0.4479 0.0002 0.8941
vn -0.6522 0.0628 0.7555
vn -0.6834 -0.2570 0.6834
vn -0.6272 -0.4621 0.6269
vn -0.7555 0.0628 0.6522
vn -0.8941 0.0002 0.4479
vn -0.9489 0.0002 0.3155
vn -0.9953 0.0628 0.0731
vn -0.9664 -0.2570 0.0000
vn -0.8868 -0.4621 0.0002
vn -0.9953 0.0628 -0.0731
vn -0.9489 0.0002 -0.3155
vn -0.8941 0.0002 -0.4479
vn -0.7555 0.0628 -0.6522
vn -0.6834 -0.2570 -0.6834
vn -0.6269 -0.4621 -0.6272
vn -0.9954 -0.0625 -0.0730
vn -0.9663 0.2574 0.0000
vn -0.8758 0.4827 -0.0000
vn -0.6193 0.4827 -0.6193
vn -0.6833 0.2574 -0.6833
vn -0.7555 -0.0625 -0.6522
vn -0.6522 0.0628 -0.7555
vn -0.4479 0.0002 -0.8941
vn -0.3155 0.0002 -0.9489
vn -0.0731 0.0628 -0.9953
vn -0.0000 -0.2570 -0.9664
vn -0.0002 -0.4621 -0.8868
vn 0.5759 -0.5851 -0.5710
vn -0.0035 -0.5851 -0.8110
vn 0.5252 -0.7894 -0.3177
vn -0.1467 -0.7894 -0.5960
vn 0.8110 -0.5851 -0.0035
vn 0.5960 -0.7894 -0.1467
vn 0.5710 -0.5851 0.5759
vn 0.3177 -0.7894 0.5252
vn 0.0035 -0.5851 0.8110
vn 0.1467 -0.7894 0.5960
vn -0.5759 -0.5851 0.5710
vn -0.5252 -0.7894 0.3177
vn -0.8110 -0.5851 0.0035
vn -0.5960 -0.7894 0.1467
vn -0.5710 -0.5851 -0.5759
vn -0.3177 -0.7894 -0.5252
vn -0.2637 -0.9588 0.1060
vn 0.1115 -0.9588 0.2614
vn -0.1060 -0.9588 -0.2637
vn -0.2614 -0.9588 0.1115
vn 0.2637 -0.9588 -0.1060
vn -0.1115 -0.9588 -0.2614
vn 0.1060 -0.9588 0.2637
vn 0.2614 -0.9588 -0.1115
vn -0.6522 -0.0625 -0.7555
vn 0.0000 0.4827 -0.8758
vn 0.0000 0.2574 -0.9663
vn -0.0730 -0.0625 -0.9954
vn 0.7555 -0.0625 -0.6522
vn 0.6833 0.2574 -0.6833
vn 0.6193 0.4827 -0.6193
vn 0.8758 0.4827 -0.0000
vn 0.9663 0.2574 0.0000
vn 0.9954 -0.0625 -0.0730
vn 0.9953 0.0628 0.0731
vn 0.9489 0.0002 0.3155
vn 0.8941 0.0002 0.4479
vn 0.7555 0.0628 0.6522
vn -0.7555 -0.0625 0.6522
vn -0.6833 0.2574 0.6833
vn -0.6193 0.4827 0.6193
vn -0.9954 -0.0625 0.0730
vn -0.0730 -0.0625 0.9954
vn 0.0000 0.2574 0.9663
vn 0.0000 0.4827 0.8758
vn -0.6522 -0.0625 0.7555
vn 0.6522 -0.0625 0.7555
vn 0.6833 0.2574 0.6833
vn 0.6193 0.4827 0.6193
vn 0.0730 -0.0625 0.9954
vn 0.9954 -0.0625 0.0730
vn 0.7555 -0.0625 0.6522
vn 0.0731 0.0628 -0.9953
vn 0.3155 0.0002 -0.9489
vn 0.4479 0.0002 -0.8941
vn 0.6522 0.0628 -0.7555
vn -0.3256 -0.8298 -0.4532
vn -0.5506 -0.8298 0.0902
vn 0.7910 -0.5939 -0.1471
vn -0.6633 -0.5939 0.4553
vn 0.1471 -0.5939 0.7910
vn 0.0902 -0.8298 0.5506
vn 0.6633 -0.5939 -0.4553
vn -0.1471 -0.5939 -0.7910
vn -0.4532 -0.8298 0.3256
vn 0.4553 -0.5939 0.6633
vn -0.0902 -0.8298 -0.5506
vn 0.4532 -0.8298 -0.3256
vn -0.7910 -0.5939 0.1471
vn -0.4553 -0.5939 -0.6633
vn 0.5506 -0.8298 -0.0902
vn 0.3256 -0.8298 0.4532
vn 0.0730 -0.0625 -0.9954
vn 0.6522 -0.0625 -0.7555
vn -0.4844 0.7286 -0.4843
vn -0.6748 0.7342 -0.0745
vn -0.0745 0.7342 0.6748
vn -0.2607 0.0000 0.9654
vn -0.4245 -0.7342 -0.5299
vn 0.0000 -0.7285 -0.6850
vn 0.6748 -0.7342 0.0745
vn 0.4844 -0.7285 0.4844
vn -0.0745 -0.7342 0.6748
vn 0.4245 -0.7342 -0.5299
vn 0.0745 -0.7342 0.6748
vn -0.9654 0.0000 -0.2607
vn -0.4844 -0.7285 0.4844
vn -0.6748 -0.7342 -0.0745
vn -0.6748 -0.7342 0.0745
vn 0.0745 0.7342 -0.6748
vn 0.2607 0.0000 -0.9654
vn 0.2607 0.0000 0.9654
vn 0.0745 -0.7342 -0.6748
vn 0.0745 0.7342 0.6748
vn 0.5298 0.7342 -0.4245
vn 0.8670 0.0000 -0.4983
vn -0.9654 0.0000 0.2607
vn 0.4844 -0.7285 -0.4844
vn 0.5299 -0.7342 -0.4245
vn -0.6748 0.7342 0.0745
vn 0.6748 -0.7342 -0.0745
vn -0.4245 0.7342 0.5298
vn -0.0000 0.7286 0.6850
vn 0.6850 -0.7285 0.0000
vn 0.4245 0.7342 0.5298
vn 0.9654 0.0000 -0.2607
vn 0.5299 -0.7342 0.4245
vn -0.5298 0.7342 -0.4245
vn -0.6850 0.7286 -0.0000
vn 0.6748 0.7342 -0.0745
vn 0.4983 0.0000 0.8670
vn -0.5298 0.7342 0.4245
vn 0.8670 0.0000 0.4983
vn 0.4245 -0.7342 0.5299
vn 0.5298 0.7342 0.4245
vn -0.8670 0.0000 0.4983
vn 0.4844 0.7286 -0.4844
vn -0.0000 -0.7285 0.6850
vn -0.5299 -0.7342 0.4245
vn -0.4245 -0.7342 0.5299
vn 0.4983 0.0000 -0.8670
vn 0.6850 0.7286 0.0000
vn -0.6850 -0.7285 0.0000
vn 0.4245 0.7342 -0.5298
vn -0.5299 -0.7342 -0.4245
vn -0.4844 -0.7285 -0.4844
vn -0.4983 0.0000 0.8670
vn 0.0000 0.7286 -0.6850
vn -0.0745 -0.7342 -0.6748
vn -0.4245 0.7342 -0.5298
vn 0.4844 0.7286 0.4844
vn -0.8670 0.0000 -0.4983
vn -0.2607 0.0000 -0.9654
vn 0.6748 0.7342 0.0745
vn -0.4983 0.0000 -0.8670
vn -0.0745 0.7342 -0.6748
vn -0.4843 0.7286 0.4844
vn 0.9654 0.0000 0.2607
vn -0.6660 0.7402 -0.0926
vn -0.3581 0.8623 -0.3581
vn -0.7063 0.0472 -0.7063
vn -0.6444 0.0492 -0.7631
vn 0.1404 0.0000 0.9901
vn -0.0926 0.7402 0.6660
vn -0.7631 0.0492 0.6444
vn -0.7300 0.0000 0.6834
vn -0.0000 -0.8623 -0.5064
vn -0.4054 -0.7402 -0.5365
vn 0.0840 -0.0492 -0.9953
vn -0.0000 -0.0472 -0.9989
vn 0.3581 -0.8623 0.3581
vn 0.6660 -0.7402 0.0926
vn 0.6444 -0.0492 0.7631
vn 0.7063 -0.0472 0.7063
vn -0.0926 -0.7402 0.6660
vn -0.7631 -0.0492 0.6444
vn 0.4054 -0.7402 -0.5365
vn -0.0840 -0.0492 -0.9953
vn 0.0926 -0.7402 0.6660
vn 0.7631 -0.0492 0.6444
vn -0.9901 0.0000 0.1404
vn -0.6834 0.0000 -0.7300
vn -0.3581 -0.8623 0.3581
vn -0.7063 -0.0472 0.7063
vn -0.6660 -0.7402 -0.0926
vn -0.6444 -0.0492 -0.7631
vn -0.6660 -0.7402 0.0926
vn -0.6444 -0.0492 0.7631
vn -0.1404 0.0000 -0.9901
vn 0.0926 0.7402 -0.6660
vn 0.7631 0.0492 -0.6444
vn 0.7300 0.0000 -0.6834
vn -0.1404 0.0000 0.9901
vn 0.7300 -0.0000 0.6834
vn 0.0926 -0.7402 -0.6660
vn 0.7631 -0.0492 -0.6444
vn 0.0926 0.7402 0.6660
vn 0.7631 0.0492 0.6444
vn 0.6008 0.0000 -0.7994
vn 0.5365 0.7402 -0.4054
vn 0.9953 0.0492 0.0840
vn 0.9995 0.0000 0.0330
vn -0.9901 0.0000 -0.1404
vn -0.6834 0.0000 0.7300
vn 0.3581 -0.8623 -0.3581
vn 0.7063 -0.0472 -0.7063
vn 0.5365 -0.7402 -0.4054
vn 0.9953 -0.0492 0.0840
vn -0.6660 0.7402 0.0926
vn -0.6444 0.0492 0.7631
vn 0.6660 -0.7402 -0.0926
vn 0.6444 -0.0492 -0.7631
vn -0.0000 0.8623 0.5064
vn -0.4054 0.7402 0.5365
vn 0.0840 0.0492 0.9953
vn -0.0000 0.0472 0.9989
vn 0.5064 -0.8623 0.0000
vn 0.9989 -0.0472 0.0000
vn 0.4054 0.7402 0.5365
vn -0.0840 0.0492 0.9953
vn 0.9901 0.0000 0.1404
vn 0.6834 0.0000 -0.7300
vn 0.5365 -0.7402 0.4054
vn 0.9953 -0.0492 -0.0840
vn -0.5064 0.8623 0.0000
vn -0.5365 0.7402 -0.4054
vn -0.9953 0.0492 0.0840
vn -0.9989 0.0472 0.0000
vn 0.6660 0.7402 -0.0926
vn 0.6444 0.0492 -0.7631
vn 0.7994 -0.0000 0.6008
vn -0.0330 -0.0000 0.9995
vn -0.5365 0.7402 0.4054
vn -0.9953 0.0492 -0.0840
vn 0.6008 0.0000 0.7994
vn 0.9995 0.0000 -0.0330
vn 0.4054 -0.7402 0.5365
vn -0.0840 -0.0492 0.9953
vn -0.0330 -0.0000 -0.9995
vn -0.2081 0.2348 -0.9495
vn -0.3590 -0.0000 -0.9333
vn 0.9989 0.0472 0.0000
vn 0.9953 0.0492 -0.0840
vn 0.9495 -0.2348 -0.2081
vn 0.9269 -0.3754 0.0000
vn -0.9989 -0.0472 0.0000
vn -0.9953 -0.0492 -0.0840
vn -0.9495 0.2348 -0.2081
vn -0.9269 0.3754 0.0000
vn -0.0840 0.0492 -0.9953
vn -0.2081 -0.2348 -0.9495
vn 0.9495 -0.2348 0.2081
vn -0.9953 -0.0492 0.0840
vn -0.9495 0.2348 0.2081
vn -0.7063 -0.0472 -0.7063
vn -0.5242 0.2348 -0.8185
vn -0.6554 0.3754 -0.6554
vn 0.0330 -0.0000 0.9995
vn 0.0840 -0.0492 0.9953
vn 0.2081 0.2348 0.9495
vn 0.3590 -0.0000 0.9333
vn -0.0000 0.0472 -0.9989
vn -0.0000 -0.3754 -0.9269
vn -0.7631 -0.0492 -0.6444
vn -0.8185 0.2348 -0.5243
vn 0.2081 -0.2348 0.9495
vn 0.0840 0.0492 -0.9953
vn 0.2081 -0.2348 -0.9495
vn 0.7063 0.0472 0.7063
vn 0.8185 -0.2348 0.5242
vn 0.6554 -0.3754 0.6554
vn -0.9995 0.0000 0.0330
vn -0.9333 -0.0000 0.3590
vn -0.7300 0.0000 -0.6834
vn -0.9138 -0.0000 -0.4061
vn 0.6444 0.0492 0.7631
vn 0.5243 -0.2348 0.8185
vn -0.9495 -0.2348 0.2081
vn 0.0330 0.0000 -0.9995
vn 0.3590 -0.0000 -0.9333
vn -0.7631 0.0492 -0.6444
vn -0.8185 -0.2348 -0.5243
vn -0.7063 0.0472 0.7063
vn -0.5243 -0.2348 0.8185
vn -0.6554 -0.3754 0.6554
vn 0.2081 0.2348 -0.9495
vn 0.6834 0.0000 0.7300
vn 0.4061 -0.0000 0.9138
vn -0.8185 -0.2348 0.5243
vn -0.6554 -0.3754 -0.6554
vn 0.5243 0.2348 0.8185
vn -0.5243 -0.2348 -0.8185
vn -0.9138 -0.0000 0.4061
vn -0.0000 0.3754 -0.9269
vn 0.6554 0.3754 0.6554
vn -0.8185 0.2348 0.5243
vn 0.8185 0.2348 0.5243
vn 0.9901 0.0000 -0.1404
vn -0.0926 0.7402 -0.6660
vn -0.3581 0.8623 0.3581
vn 0.6660 0.7402 0.0926
vn -0.7994 0.0000 -0.6009
vn 0.1404 0.0000 -0.9901
vn -0.4054 0.7402 -0.5365
vn -0.6008 0.0000 -0.7994
vn 0.3581 0.8623 0.3581
vn -0.0926 -0.7402 -0.6660
vn -0.5365 -0.7402 -0.4054
vn -0.0000 0.8623 -0.5064
vn -0.7994 0.0000 0.6008
vn -0.3581 -0.8623 -0.3581
vn 0.4054 0.7402 -0.5365
vn -0.4054 -0.7402 0.5365
vn -0.5064 -0.8623 0.0000
vn 0.5064 0.8623 0.0000
vn 0.7994 0.0000 -0.6008
vn -0.5365 -0.7402 0.4054
vn 0.5365 0.7402 0.4054
vn -0.0000 -0.8623 0.5064
vn 0.0000 -0.0472 0.9989
vn 0.3581 0.8623 -0.3581
vn 0.7063 0.0472 -0.7063
vn -0.6008 0.0000 0.7994
vn -0.9995 0.0000 -0.0330
vn -0.5395 0.8417 0.0242
vn -0.0000 0.9996 0.0282
vn 0.0242 -0.8417 -0.5395
vn 0.0282 -0.9996 0.0000
vn 0.5395 0.8417 0.0242
vn 0.3985 -0.8417 0.3644
vn 0.7376 0.0000 0.6752
vn 0.0242 -0.8417 0.5395
vn -0.0242 0.8417 -0.5395
vn -0.0282 0.9996 0.0000
vn 0.3985 0.8417 0.3644
vn 0.9990 0.0000 0.0441
vn -0.0242 0.8417 0.5395
vn 0.0441 0.0000 0.9990
vn 0.5395 -0.8417 0.0242
vn 0.0242 0.8417 0.5395
vn -0.0441 0.0000 0.9990
vn 0.0200 0.9996 -0.0200
vn -0.0000 -0.9996 0.0282
vn -0.0242 -0.8417 0.5395
vn -0.3644 0.8417 -0.3985
vn -0.5395 -0.8417 0.0242
vn 0.5395 -0.8417 -0.0242
vn 0.9990 0.0000 -0.0441
vn 0.0282 0.9996 0.0000
vn -0.0282 -0.9996 0.0000
vn 0.5395 0.8417 -0.0242
vn 0.0242 0.8417 -0.5395
vn -0.0242 -0.8417 -0.5395
vn -0.3985 -0.8417 0.3644
vn -0.0200 -0.9996 -0.0200
vn -0.9990 0.0000 0.0441
vn -0.0000 0.9996 -0.0282
vn 0.3644 -0.8417 -0.3985
vn -0.5395 0.8417 -0.0242
vn -0.3644 0.8417 0.3985
vn 0.0200 0.9996 0.0200
vn -0.0441 0.0000 -0.9990
vn 0.6752 0.0000 -0.7376
vn 0.3985 0.8417 -0.3644
vn -0.9990 0.0000 -0.0441
vn 0.3644 0.8417 -0.3985
vn -0.3985 0.8417 -0.3644
vn -0.0200 0.9996 0.0200
vn -0.5395 -0.8417 -0.0242
vn 0.7376 0.0000 -0.6752
vn 0.3644 0.8417 0.3985
vn -0.0200 0.9996 -0.0200
vn 0.3985 -0.8417 -0.3644
vn -0.3985 0.8417 0.3644
vn 0.6752 0.0000 0.7376
vn -0.0000 -0.9996 -0.0282
vn 0.0200 -0.9996 0.0200
vn 0.3644 -0.8417 0.3985
vn -0.3644 -0.8417 0.3985
vn -0.7376 0.0000 0.6752
vn -0.0200 -0.9996 0.0200
vn -0.3985 -0.8417 -0.3644
vn -0.6752 0.0000 -0.7376
vn -0.6752 0.0000 0.7376
vn -0.3644 -0.8417 -0.3985
vn 0.0441 0.0000 -0.9990
vn -0.7376 0.0000 -0.6752
vn 0.0200 -0.9996 -0.0200
vn 0.0000 -0.0000 -1.0000
vn 0.6554 -0.3754 -0.6554
vn 0.5243 -0.2348 -0.8185
vn 0.7071 -0.0000 -0.7071
vn 0.8185 -0.2348 -0.5242
vn 0.4061 -0.0000 -0.9138
vn 0.5243 0.2348 -0.8185
vn 0.6554 0.3754 -0.6554
vn 0.8185 0.2348 -0.5243
vn 0.9138 -0.0000 -0.4061
vn -0.4061 0.0000 -0.9138
vn -0.7071 -0.0000 -0.7071
vn 1.0000 -0.0000 0.0000
vn 0.9333 -0.0000 -0.3590
vn 0.9495 0.2348 -0.2081
vn 0.9269 0.3754 0.0000
vn 0.9495 0.2348 0.2081
vn 0.9333 -0.0000 0.3590
vn 0.9138 -0.0000 0.4061
vn 0.7071 0.0000 0.7071
vn 0.0000 -0.0000 1.0000
vn 0.0000 0.3754 0.9269
vn -0.2081 0.2348 0.9495
vn -0.3590 -0.0000 0.9333
vn -0.2081 -0.2348 0.9495
vn -0.0000 -0.3754 0.9269
vn -0.4061 -0.0000 0.9138
vn -0.5243 0.2348 0.8185
vn -0.7071 -0.0000 0.7071
vn -0.6554 0.3754 0.6554
vn -1.0000 -0.0000 0.0000
vn -0.9333 -0.0000 -0.3590
vn -0.9495 -0.2348 -0.2081
vn -0.9269 -0.3754 -0.0000
vn 0.0076 0.9999 -0.0076
vn 0.0000 0.9999 -0.0107
vn -0.0076 0.9999 -0.0076
vn -0.0107 0.9999 0.0000
vn -0.0076 0.9999 0.0076
vn 0.0000 0.9999 0.0107
vn 0.0076 0.9999 0.0076
vn 0.0107 0.9999 0.0000
vn 0.6076 0.5115 -0.6076
vn 0.0000 0.5115 -0.8593
vn 0.0000 0.7200 -0.6939
vn 0.4907 0.7200 -0.4907
vn 0.0000 0.9785 -0.2063
vn 0.1459 0.9785 -0.1459
vn 0.8593 0.5115 0.0000
vn 0.6939 0.7200 0.0000
vn 0.2063 0.9785 0.0000
vn 0.6076 0.5115 0.6076
vn 0.4907 0.7200 0.4907
vn 0.1459 0.9785 0.1459
vn -0.0000 0.5115 0.8593
vn -0.0000 0.7200 0.6939
vn 0.0000 0.9785 0.2063
vn -0.6076 0.5115 0.6076
vn -0.4907 0.7200 0.4907
vn -0.1459 0.9785 0.1459
vn -0.8593 0.5115 -0.0000
vn -0.6939 0.7200 -0.0000
vn -0.2063 0.9785 -0.0000
vn -0.6076 0.5115 -0.6076
vn -0.4907 0.7200 -0.4907
vn -0.1459 0.9785 -0.1459
vn 0.6962 0.1746 -0.6962
vn -0.0000 0.1746 -0.9846
vn 0.6962 0.1746 0.6962
vn 0.9846 0.1746 0.0000
vn -0.6962 0.1746 0.6962
vn 0.0000 0.1746 0.9846
vn -0.6962 0.1746 -0.6962
vn -0.9846 0.1746 -0.0000
vn -0.5043 -0.7010 0.5043
vn -0.0000 -0.7010 0.7131
vn 0.5043 -0.7010 0.5043
vn 0.7131 -0.7010 0.0000
vn 0.5043 -0.7010 -0.5043
vn 0.0000 -0.7010 -0.7131
vn -0.5043 -0.7010 -0.5043
vn -0.7131 -0.7010 -0.0000
usemtl COJIN.002
s 1
f 59/1/1 368/2/2 801/3/2 361/4/3
f 368/2/2 54/5/2 356/6/2 801/3/2
f 801/3/2 356/6/2 7/7/2 277/8/2
f 361/4/3 801/3/2 277/8/2 47/9/4
f 78/10/2 367/11/2 802/12/2 407/13/2
f 367/11/2 53/14/2 355/15/2 802/12/2
f 802/12/2 355/15/2 6/16/2 278/17/2
f 407/13/2 802/12/2 278/17/2 73/18/2
f 131/19/5 366/20/6 803/21/7 509/22/8
f 366/20/6 52/23/9 354/24/10 803/21/7
f 803/21/7 354/24/10 5/25/11 279/26/12
f 509/22/8 803/21/7 279/26/12 124/27/13
f 80/28/14 390/29/15 804/30/16 406/31/17
f 390/29/15 68/32/18 384/33/19 804/30/16
f 804/30/16 384/33/19 8/34/20 280/35/21
f 406/31/17 804/30/16 280/35/21 74/36/22
f 130/37/23 344/38/24 805/39/25 508/40/26
f 344/38/24 45/41/27 340/42/28 805/39/25
f 805/39/25 340/42/28 42/43/29 337/44/30
f 508/40/26 805/39/25 337/44/30 129/45/31
f 132/46/2 383/47/2 806/48/2 507/49/2
f 383/47/2 60/50/2 369/51/2 806/48/2
f 806/48/2 369/51/2 10/52/2 284/53/2
f 507/49/2 806/48/2 284/53/2 125/54/2
f 79/55/32 382/56/33 807/57/2 405/58/2
f 382/56/33 61/59/34 370/60/2 807/57/2
f 807/57/2 370/60/2 11/61/2 285/62/2
f 405/58/2 807/57/2 285/62/2 75/63/2
f 95/64/35 381/65/36 808/66/37 437/67/38
f 381/65/36 66/68/39 375/69/40 808/66/37
f 808/66/37 375/69/40 14/70/41 288/71/42
f 437/67/38 808/66/37 288/71/42 91/72/43
f 96/73/44 389/74/45 809/75/46 436/76/47
f 389/74/45 70/77/48 386/78/49 809/75/46
f 809/75/46 386/78/49 34/79/50 329/80/51
f 436/76/47 809/75/46 329/80/51 93/81/52
f 94/82/53 365/83/54 810/84/55 435/85/56
f 365/83/54 55/86/57 357/87/58 810/84/55
f 810/84/55 357/87/58 13/88/59 287/89/60
f 435/85/56 810/84/55 287/89/60 90/90/61
f 89/91/62 380/92/2 811/93/2 424/94/2
f 380/92/2 63/95/2 372/96/2 811/93/2
f 811/93/2 372/96/2 20/97/2 294/98/2
f 424/94/2 811/93/2 294/98/2 84/99/2
f 87/100/14 343/101/63 812/102/64 423/103/17
f 343/101/63 44/104/65 339/105/66 812/102/64
f 812/102/64 339/105/66 19/106/67 293/107/68
f 423/103/17 812/102/64 293/107/68 83/108/69
f 88/109/2 364/110/2 813/111/2 422/112/2
f 364/110/2 57/113/2 359/114/2 813/111/2
f 813/111/2 359/114/2 18/115/2 292/116/2
f 422/112/2 813/111/2 292/116/2 82/117/2
f 119/118/2 379/119/2 814/120/2 486/121/2
f 379/119/2 64/122/2 373/123/2 814/120/2
f 814/120/2 373/123/2 24/124/2 300/125/2
f 486/121/2 814/120/2 300/125/2 113/126/2
f 120/127/70 388/128/71 815/129/72 485/130/73
f 388/128/71 69/131/74 385/132/75 815/129/72
f 815/129/72 385/132/75 23/133/76 307/134/77
f 485/130/73 815/129/72 307/134/77 114/135/78
f 118/136/79 363/137/2 816/138/2 484/139/80
f 363/137/2 58/140/2 360/141/2 816/138/2
f 816/138/2 360/141/2 22/142/2 299/143/2
f 484/139/80 816/138/2 299/143/2 112/144/81
f 121/145/2 483/146/2 817/147/2 474/148/2
f 483/146/2 111/149/2 464/150/2 817/147/2
f 817/147/2 464/150/2 2/151/2 439/152/2
f 474/148/2 817/147/2 439/152/2 98/153/2
f 51/154/82 342/155/83 818/156/84 352/157/85
f 342/155/83 46/158/86 341/159/87 818/156/84
f 818/156/84 341/159/87 15/160/88 345/161/89
f 352/157/85 818/156/84 345/161/89 47/9/4
f 133/162/2 506/163/2 819/164/2 497/165/2
f 506/163/2 123/166/2 487/167/2 819/164/2
f 819/164/2 487/167/2 17/168/2 441/169/2
f 497/165/2 819/164/2 441/169/2 100/170/2
f 102/171/90 448/172/2 820/173/2 443/174/91
f 448/172/2 99/175/2 317/176/2 820/173/2
f 820/173/2 317/176/2 28/177/2 396/178/2
f 443/174/91 820/173/2 396/178/2 77/179/92
f 110/180/93 421/181/94 821/182/95 463/183/96
f 421/181/94 85/184/97 322/185/98 821/182/95
f 821/182/95 322/185/98 30/186/99 321/187/100
f 463/183/96 821/182/95 321/187/100 106/188/101
f 67/189/102 351/190/103 822/191/104 378/192/105
f 351/190/103 48/193/106 346/194/107 822/191/104
f 822/191/104 346/194/107 16/195/108 314/196/109
f 378/192/105 822/191/104 314/196/109 65/197/110
f 128/198/111 505/199/112 823/200/113 334/201/114
f 505/199/112 127/202/115 491/203/116 823/200/113
f 823/200/113 491/203/116 26/204/117 311/205/118
f 334/201/114 823/200/113 311/205/118 39/206/119
f 117/207/120 470/208/121 824/209/122 482/210/123
f 470/208/121 32/211/124 269/212/125 824/209/122
f 824/209/122 269/212/125 1/213/126 309/214/127
f 482/210/123 824/209/122 309/214/127 115/215/128
f 103/216/129 420/217/130 825/218/131 447/219/132
f 420/217/130 81/220/133 408/221/134 825/218/131
f 825/218/131 408/221/134 4/222/135 313/223/136
f 447/219/132 825/218/131 313/223/136 97/224/137
f 109/225/138 403/226/139 826/227/140 462/228/141
f 403/226/139 76/229/142 395/230/143 826/227/140
f 826/227/140 395/230/143 37/231/144 332/232/145
f 462/228/141 826/227/140 332/232/145 108/233/146
f 122/234/147 461/235/148 827/236/2 481/237/2
f 461/235/148 104/238/149 451/239/2 827/236/2
f 827/236/2 451/239/2 28/177/2 320/240/2
f 481/237/2 827/236/2 320/240/2 116/241/2
f 134/242/150 504/243/2 828/244/2 498/245/151
f 504/243/2 126/246/2 490/247/2 828/244/2
f 828/244/2 490/247/2 29/248/2 452/249/2
f 498/245/151 828/244/2 452/249/2 105/250/152
f 49/251/153 347/252/154 829/253/155 350/254/156
f 347/252/154 33/255/157 328/256/158 829/253/155
f 829/253/155 328/256/158 46/158/86 342/155/83
f 350/254/156 829/253/155 342/155/83 51/154/82
f 82/117/2 292/116/2 830/257/2 419/258/2
f 292/116/2 18/115/2 296/259/2 830/257/2
f 830/257/2 296/259/2 44/104/65 343/101/63
f 419/258/2 830/257/2 343/101/63 87/100/14
f 124/27/13 279/26/12 831/260/159 503/261/160
f 279/26/12 5/25/11 306/262/161 831/260/159
f 831/260/159 306/262/161 45/41/27 344/38/24
f 503/261/160 831/260/159 344/38/24 130/37/23
f 9/263/162 310/264/163 832/265/164 338/266/165
f 310/264/163 49/251/153 350/254/156 832/265/164
f 832/265/164 350/254/156 51/154/82 349/267/166
f 338/266/165 832/265/164 349/267/166 43/268/167
f 62/269/168 371/270/2 833/271/2 377/272/169
f 371/270/2 12/273/2 286/274/2 833/271/2
f 833/271/2 286/274/2 48/193/106 351/190/103
f 377/272/169 833/271/2 351/190/103 67/189/102
f 43/268/167 349/267/166 834/275/2 276/276/2
f 349/267/166 51/154/82 352/157/85 834/275/2
f 834/275/2 352/157/85 47/9/4 277/8/2
f 276/276/2 834/275/2 277/8/2 7/7/2
f 56/277/170 362/278/171 835/279/172 358/280/173
f 362/278/171 59/1/1 361/4/3 835/279/172
f 835/279/172 361/4/3 47/9/4 345/161/89
f 358/280/173 835/279/172 345/161/89 15/160/88
f 16/195/108 346/194/107 836/281/174 290/282/175
f 346/194/107 48/193/106 353/283/176 836/281/174
f 836/281/174 353/283/176 59/1/1 362/278/171
f 290/282/175 836/281/174 362/278/171 56/277/170
f 113/126/2 300/125/2 837/284/2 480/285/2
f 300/125/2 24/124/2 303/286/2 837/284/2
f 837/284/2 303/286/2 58/140/2 363/137/2
f 480/285/2 837/284/2 363/137/2 118/136/79
f 84/99/2 294/98/2 838/287/2 418/288/2
f 294/98/2 20/97/2 297/289/2 838/287/2
f 838/287/2 297/289/2 57/113/2 364/110/2
f 418/288/2 838/287/2 364/110/2 88/109/2
f 91/72/43 288/71/42 839/290/177 434/291/178
f 288/71/42 14/70/41 289/292/179 839/290/177
f 839/290/177 289/292/179 55/86/57 365/83/54
f 434/291/178 839/290/177 365/83/54 94/82/53
f 125/54/2 284/53/2 840/293/2 502/294/2
f 284/53/2 10/52/2 281/295/2 840/293/2
f 840/293/2 281/295/2 52/23/9 366/20/6
f 502/294/2 840/293/2 366/20/6 131/19/5
f 75/63/2 285/62/2 841/296/2 402/297/2
f 285/62/2 11/61/2 282/298/2 841/296/2
f 841/296/2 282/298/2 53/14/2 367/11/2
f 402/297/2 841/296/2 367/11/2 78/10/2
f 48/193/106 286/274/2 842/299/2 353/283/176
f 286/274/2 12/273/2 283/300/2 842/299/2
f 842/299/2 283/300/2 54/5/2 368/2/2
f 353/283/176 842/299/2 368/2/2 59/1/1
f 4/222/135 274/301/180 843/302/181 348/303/182
f 274/301/180 62/269/168 377/272/169 843/302/181
f 843/302/181 377/272/169 67/189/102 376/304/183
f 348/303/182 843/302/181 376/304/183 50/305/184
f 50/305/184 376/304/183 844/306/185 330/307/186
f 376/304/183 67/189/102 378/192/105 844/306/185
f 844/306/185 378/192/105 65/197/110 374/308/187
f 330/307/186 844/306/185 374/308/187 35/309/188
f 111/149/2 298/310/2 845/311/2 479/312/2
f 298/310/2 21/313/2 301/314/2 845/311/2
f 845/311/2 301/314/2 64/122/2 379/119/2
f 479/312/2 845/311/2 379/119/2 119/118/2
f 81/220/133 291/315/2 846/316/2 417/317/189
f 291/315/2 17/168/2 295/318/2 846/316/2
f 846/316/2 295/318/2 63/95/2 380/92/2
f 417/317/189 846/316/2 380/92/2 89/91/62
f 92/319/190 427/320/191 847/321/192 433/322/193
f 427/320/191 36/323/194 331/324/195 847/321/192
f 847/321/192 331/324/195 66/68/39 381/65/36
f 433/322/193 847/321/192 381/65/36 95/64/35
f 72/325/196 272/326/197 848/327/198 401/328/199
f 272/326/197 3/329/200 273/330/201 848/327/198
f 848/327/198 273/330/201 61/59/34 382/56/33
f 401/328/199 848/327/198 382/56/33 79/55/32
f 123/166/2 271/331/2 849/332/2 501/333/2
f 271/331/2 2/151/2 270/334/2 849/332/2
f 849/332/2 270/334/2 60/50/2 383/47/2
f 501/333/2 849/332/2 383/47/2 132/46/2
f 112/144/81 299/143/2 850/335/2 478/336/202
f 299/143/2 22/142/2 302/337/2 850/335/2
f 850/335/2 302/337/2 69/131/74 388/128/71
f 478/336/202 850/335/2 388/128/71 120/127/70
f 90/90/61 287/89/60 851/338/203 432/339/204
f 287/89/60 13/88/59 308/340/205 851/338/203
f 851/338/203 308/340/205 70/77/48 389/74/45
f 432/339/204 851/338/203 389/74/45 96/73/44
f 73/18/2 278/17/2 852/341/2 400/342/2
f 278/17/2 6/16/2 275/343/2 852/341/2
f 852/341/2 275/343/2 68/32/18 390/29/15
f 400/342/2 852/341/2 390/29/15 80/28/14
f 22/142/2 392/344/2 853/345/2 302/337/2
f 392/344/2 73/18/2 400/342/2 853/345/2
f 853/345/2 400/342/2 80/28/14 399/346/206
f 302/337/2 853/345/2 399/346/206 69/131/74
f 21/313/2 391/347/2 854/348/2 301/314/2
f 391/347/2 72/325/196 401/328/199 854/348/2
f 854/348/2 401/328/199 79/55/32 398/349/2
f 301/314/2 854/348/2 398/349/2 64/122/2
f 24/124/2 394/350/2 855/351/2 303/286/2
f 394/350/2 75/63/2 402/297/2 855/351/2
f 855/351/2 402/297/2 78/10/2 397/352/2
f 303/286/2 855/351/2 397/352/2 58/140/2
f 104/238/149 304/353/207 856/354/208 459/355/209
f 304/353/207 25/356/210 312/357/211 856/354/208
f 856/354/208 312/357/211 76/229/142 403/226/139
f 459/355/209 856/354/208 403/226/139 109/225/138
f 101/358/212 446/359/213 857/360/214 323/361/215
f 446/359/213 102/171/90 443/174/91 857/360/214
f 857/360/214 443/174/91 77/179/92 324/362/216
f 323/361/215 857/360/214 324/362/216 31/363/217
f 64/122/2 398/349/2 858/364/2 373/123/2
f 398/349/2 79/55/32 405/58/2 858/364/2
f 858/364/2 405/58/2 75/63/2 394/350/2
f 373/123/2 858/364/2 394/350/2 24/124/2
f 69/131/74 399/346/206 859/365/218 385/132/75
f 399/346/206 80/28/14 406/31/17 859/365/218
f 859/365/218 406/31/17 74/36/22 393/366/219
f 385/132/75 859/365/218 393/366/219 23/133/76
f 58/140/2 397/352/2 860/367/2 360/141/2
f 397/352/2 78/10/2 407/13/2 860/367/2
f 860/367/2 407/13/2 73/18/2 392/344/2
f 360/141/2 860/367/2 392/344/2 22/142/2
f 4/222/135 408/221/134 861/368/220 274/301/180
f 408/221/134 81/220/133 417/317/189 861/368/220
f 861/368/220 417/317/189 89/91/62 416/369/221
f 274/301/180 861/368/220 416/369/221 62/269/168
f 12/273/2 411/370/2 862/371/2 283/300/2
f 411/370/2 84/99/2 418/288/2 862/371/2
f 862/371/2 418/288/2 88/109/2 415/372/2
f 283/300/2 862/371/2 415/372/2 54/5/2
f 7/7/2 409/373/2 863/374/2 276/276/2
f 409/373/2 82/117/2 419/258/2 863/374/2
f 863/374/2 419/258/2 87/100/14 414/375/222
f 276/276/2 863/374/2 414/375/222 43/268/167
f 100/170/2 441/169/2 864/376/2 445/377/2
f 441/169/2 17/168/2 291/315/2 864/376/2
f 864/376/2 291/315/2 81/220/133 420/217/130
f 445/377/2 864/376/2 420/217/130 103/216/129
f 105/250/152 452/249/2 865/378/2 458/379/223
f 452/249/2 29/248/2 412/380/2 865/378/2
f 865/378/2 412/380/2 85/184/97 421/181/94
f 458/379/223 865/378/2 421/181/94 110/180/93
f 54/5/2 415/372/2 866/381/2 356/6/2
f 415/372/2 88/109/2 422/112/2 866/381/2
f 866/381/2 422/112/2 82/117/2 409/373/2
f 356/6/2 866/381/2 409/373/2 7/7/2
f 43/268/167 414/375/222 867/382/224 338/266/165
f 414/375/222 87/100/14 423/103/17 867/382/224
f 867/382/224 423/103/17 83/108/69 410/383/225
f 338/266/165 867/382/224 410/383/225 9/263/162
f 62/269/168 416/369/221 868/384/2 371/270/2
f 416/369/221 89/91/62 424/94/2 868/384/2
f 868/384/2 424/94/2 84/99/2 411/370/2
f 371/270/2 868/384/2 411/370/2 12/273/2
f 6/16/2 425/385/2 869/386/2 275/343/2
f 425/385/2 90/90/61 432/339/204 869/386/2
f 869/386/2 432/339/204 96/73/44 431/387/226
f 275/343/2 869/386/2 431/387/226 68/32/18
f 3/329/200 315/388/227 870/389/228 273/330/201
f 315/388/227 92/319/190 433/322/193 870/389/228
f 870/389/228 433/322/193 95/64/35 430/390/229
f 273/330/201 870/389/228 430/390/229 61/59/34
f 11/61/2 426/391/2 871/392/2 282/298/2
f 426/391/2 91/72/43 434/291/178 871/392/2
f 871/392/2 434/291/178 94/82/53 429/393/2
f 282/298/2 871/392/2 429/393/2 53/14/2
f 53/14/2 429/393/2 872/394/2 355/15/2
f 429/393/2 94/82/53 435/85/56 872/394/2
f 872/394/2 435/85/56 90/90/61 425/385/2
f 355/15/2 872/394/2 425/385/2 6/16/2
f 68/32/18 431/387/226 873/395/230 384/33/19
f 431/387/226 96/73/44 436/76/47 873/395/230
f 873/395/230 436/76/47 93/81/52 428/396/231
f 384/33/19 873/395/230 428/396/231 8/34/20
f 61/59/34 430/390/229 874/397/2 370/60/2
f 430/390/229 95/64/35 437/67/38 874/397/2
f 874/397/2 437/67/38 91/72/43 426/391/2
f 370/60/2 874/397/2 426/391/2 11/61/2
f 29/248/2 318/398/2 875/399/2 412/380/2
f 318/398/2 100/170/2 445/377/2 875/399/2
f 875/399/2 445/377/2 103/216/129 444/400/232
f 412/380/2 875/399/2 444/400/232 85/184/97
f 3/329/200 272/326/197 876/401/233 442/402/234
f 272/326/197 72/325/196 404/403/235 876/401/233
f 876/401/233 404/403/235 102/171/90 446/359/213
f 442/402/234 876/401/233 446/359/213 101/358/212
f 85/184/97 444/400/232 877/404/236 322/185/98
f 444/400/232 103/216/129 447/219/132 877/404/236
f 877/404/236 447/219/132 97/224/137 438/405/237
f 322/185/98 877/404/236 438/405/237 30/186/99
f 72/325/196 391/347/2 878/406/2 404/403/235
f 391/347/2 21/313/2 440/407/2 878/406/2
f 878/406/2 440/407/2 99/175/2 448/172/2
f 404/403/235 878/406/2 448/172/2 102/171/90
f 126/246/2 500/408/2 879/409/2 490/247/2
f 500/408/2 133/162/2 497/165/2 879/409/2
f 879/409/2 497/165/2 100/170/2 318/398/2
f 490/247/2 879/409/2 318/398/2 29/248/2
f 116/241/2 477/410/2 880/411/2 469/412/2
f 477/410/2 121/145/2 474/148/2 880/411/2
f 880/411/2 474/148/2 98/153/2 316/413/2
f 469/412/2 880/411/2 316/413/2 27/414/2
f 26/204/117 305/415/238 881/416/239 413/417/240
f 305/415/238 105/250/152 458/379/223 881/416/239
f 881/416/239 458/379/223 110/180/93 457/418/241
f 413/417/240 881/416/239 457/418/241 86/419/242
f 28/177/2 451/239/2 882/420/2 396/178/2
f 451/239/2 104/238/149 459/355/209 882/420/2
f 882/420/2 459/355/209 109/225/138 456/421/243
f 396/178/2 882/420/2 456/421/243 77/179/92
f 127/202/115 499/422/244 883/423/245 491/203/116
f 499/422/244 134/242/150 498/245/151 883/423/245
f 883/423/245 498/245/151 105/250/152 305/415/238
f 491/203/116 883/423/245 305/415/238 26/204/117
f 117/207/120 326/424/246 884/425/247 476/426/248
f 326/424/246 25/356/210 304/353/207 884/425/247
f 884/425/247 304/353/207 104/238/149 461/235/148
f 476/426/248 884/425/247 461/235/148 122/234/147
f 77/179/92 456/421/243 885/427/249 324/362/216
f 456/421/243 109/225/138 462/228/141 885/427/249
f 885/427/249 462/228/141 108/233/146 455/428/250
f 324/362/216 885/427/249 455/428/250 31/363/217
f 86/419/242 457/418/241 886/429/251 333/430/252
f 457/418/241 110/180/93 463/183/96 886/429/251
f 886/429/251 463/183/96 106/188/101 453/431/253
f 333/430/252 886/429/251 453/431/253 38/432/254
f 32/211/124 470/208/121 887/433/2 325/434/2
f 470/208/121 117/207/120 476/426/248 887/433/2
f 887/433/2 476/426/248 122/234/147 475/435/2
f 325/434/2 887/433/2 475/435/2 107/436/2
f 28/177/2 317/176/2 888/437/2 320/240/2
f 317/176/2 99/175/2 450/438/2 888/437/2
f 888/437/2 450/438/2 121/145/2 477/410/2
f 320/240/2 888/437/2 477/410/2 116/241/2
f 5/25/11 465/439/255 889/440/256 387/441/257
f 465/439/255 112/144/81 478/336/202 889/440/256
f 889/440/256 478/336/202 120/127/70 473/442/258
f 387/441/257 889/440/256 473/442/258 71/443/259
f 2/151/2 464/150/2 890/444/2 270/334/2
f 464/150/2 111/149/2 479/312/2 890/444/2
f 890/444/2 479/312/2 119/118/2 472/445/2
f 270/334/2 890/444/2 472/445/2 60/50/2
f 10/52/2 466/446/2 891/447/2 281/295/2
f 466/446/2 113/126/2 480/285/2 891/447/2
f 891/447/2 480/285/2 118/136/79 471/448/260
f 281/295/2 891/447/2 471/448/260 52/23/9
f 107/436/2 475/435/2 892/449/2 454/450/2
f 475/435/2 122/234/147 481/237/2 892/449/2
f 892/449/2 481/237/2 116/241/2 469/412/2
f 454/450/2 892/449/2 469/412/2 27/414/2
f 25/356/210 326/424/246 893/451/261 335/452/262
f 326/424/246 117/207/120 482/210/123 893/451/261
f 893/451/261 482/210/123 115/215/128 468/453/263
f 335/452/262 893/451/261 468/453/263 40/454/264
f 99/175/2 440/407/2 894/455/2 450/438/2
f 440/407/2 21/313/2 298/310/2 894/455/2
f 894/455/2 298/310/2 111/149/2 483/146/2
f 450/438/2 894/455/2 483/146/2 121/145/2
f 52/23/9 471/448/260 895/456/265 354/24/10
f 471/448/260 118/136/79 484/139/80 895/456/265
f 895/456/265 484/139/80 112/144/81 465/439/255
f 354/24/10 895/456/265 465/439/255 5/25/11
f 71/443/259 473/442/258 896/457/266 336/458/267
f 473/442/258 120/127/70 485/130/73 896/457/266
f 896/457/266 485/130/73 114/135/78 467/459/268
f 336/458/267 896/457/266 467/459/268 41/460/269
f 60/50/2 472/445/2 897/461/2 369/51/2
f 472/445/2 119/118/2 486/121/2 897/461/2
f 897/461/2 486/121/2 113/126/2 466/446/2
f 369/51/2 897/461/2 466/446/2 10/52/2
f 32/211/124 325/434/2 898/462/2 327/463/270
f 325/434/2 107/436/2 460/464/2 898/462/2
f 898/462/2 460/464/2 134/242/150 499/422/244
f 327/463/270 898/462/2 499/422/244 127/202/115
f 27/414/2 316/413/2 899/465/2 319/466/2
f 316/413/2 98/153/2 449/467/2 899/465/2
f 899/465/2 449/467/2 133/162/2 500/408/2
f 319/466/2 899/465/2 500/408/2 126/246/2
f 17/168/2 487/167/2 900/468/2 295/318/2
f 487/167/2 123/166/2 501/333/2 900/468/2
f 900/468/2 501/333/2 132/46/2 496/469/2
f 295/318/2 900/468/2 496/469/2 63/95/2
f 20/97/2 489/470/2 901/471/2 297/289/2
f 489/470/2 125/54/2 502/294/2 901/471/2
f 901/471/2 502/294/2 131/19/5 495/472/2
f 297/289/2 901/471/2 495/472/2 57/113/2
f 18/115/2 488/473/2 902/474/2 296/259/2
f 488/473/2 124/27/13 503/261/160 902/474/2
f 902/474/2 503/261/160 130/37/23 494/475/271
f 296/259/2 902/474/2 494/475/271 44/104/65
f 107/436/2 454/450/2 903/476/2 460/464/2
f 454/450/2 27/414/2 319/466/2 903/476/2
f 903/476/2 319/466/2 126/246/2 504/243/2
f 460/464/2 903/476/2 504/243/2 134/242/150
f 1/213/126 269/212/125 904/477/272 492/478/273
f 269/212/125 32/211/124 327/463/270 904/477/272
f 904/477/272 327/463/270 127/202/115 505/199/112
f 492/478/273 904/477/272 505/199/112 128/198/111
f 98/153/2 439/152/2 905/479/2 449/467/2
f 439/152/2 2/151/2 271/331/2 905/479/2
f 905/479/2 271/331/2 123/166/2 506/163/2
f 449/467/2 905/479/2 506/163/2 133/162/2
f 63/95/2 496/469/2 906/480/2 372/96/2
f 496/469/2 132/46/2 507/49/2 906/480/2
f 906/480/2 507/49/2 125/54/2 489/470/2
f 372/96/2 906/480/2 489/470/2 20/97/2
f 44/104/65 494/475/271 907/481/274 339/105/66
f 494/475/271 130/37/23 508/40/26 907/481/274
f 907/481/274 508/40/26 129/45/31 493/482/275
f 339/105/66 907/481/274 493/482/275 19/106/67
f 57/113/2 495/472/2 908/483/2 359/114/2
f 495/472/2 131/19/5 509/22/8 908/483/2
f 908/483/2 509/22/8 124/27/13 488/473/2
f 359/114/2 908/483/2 488/473/2 18/115/2
f 193/484/276 602/485/277 909/486/278 609/487/278
f 602/485/277 181/488/279 518/489/278 909/486/278
f 909/486/278 518/489/278 141/490/278 597/491/278
f 609/487/278 909/486/278 597/491/278 188/492/278
f 212/493/278 648/494/278 910/495/278 608/496/278
f 648/494/278 207/497/278 519/498/278 910/495/278
f 910/495/278 519/498/278 140/499/278 596/500/278
f 608/496/278 910/495/278 596/500/278 187/501/278
f 265/502/280 750/503/281 911/504/282 607/505/283
f 750/503/281 258/506/284 520/507/285 911/504/282
f 911/504/282 520/507/285 139/508/286 595/509/287
f 607/505/283 911/504/282 595/509/287 186/510/288
f 214/511/289 647/512/290 912/513/291 631/514/292
f 647/512/290 208/515/293 521/516/294 912/513/291
f 912/513/291 521/516/294 142/517/295 625/518/296
f 631/514/292 912/513/291 625/518/296 202/519/297
f 264/520/298 749/521/299 913/522/300 585/523/301
f 749/521/299 263/524/302 578/525/303 913/522/300
f 913/522/300 578/525/303 176/526/304 581/527/305
f 585/523/301 913/522/300 581/527/305 179/528/306
f 266/529/278 748/530/278 914/531/278 624/532/278
f 748/530/278 259/533/278 525/534/278 914/531/278
f 914/531/278 525/534/278 144/535/278 610/536/278
f 624/532/278 914/531/278 610/536/278 194/537/278
f 213/538/307 646/539/278 915/540/278 623/541/308
f 646/539/278 209/542/278 526/543/278 915/540/278
f 915/540/278 526/543/278 145/544/278 611/545/278
f 623/541/308 915/540/278 611/545/278 195/546/309
f 229/547/310 678/548/311 916/549/312 622/550/313
f 678/548/311 225/551/314 529/552/315 916/549/312
f 916/549/312 529/552/315 148/553/316 616/554/317
f 622/550/313 916/549/312 616/554/317 200/555/318
f 230/556/319 677/557/320 917/558/321 630/559/322
f 677/557/320 227/560/323 570/561/324 917/558/321
f 917/558/321 570/561/324 168/562/325 627/563/326
f 630/559/322 917/558/321 627/563/326 204/564/327
f 228/565/328 676/566/329 918/567/330 606/568/331
f 676/566/329 224/569/332 528/570/333 918/567/330
f 918/567/330 528/570/333 147/571/334 598/572/335
f 606/568/331 918/567/330 598/572/335 189/573/336
f 223/574/337 665/575/278 919/576/278 621/577/278
f 665/575/278 218/578/278 535/579/278 919/576/278
f 919/576/278 535/579/278 154/580/278 613/581/278
f 621/577/278 919/576/278 613/581/278 197/582/278
f 221/583/289 664/584/290 920/585/338 584/586/339
f 664/584/290 217/587/340 534/588/341 920/585/338
f 920/585/338 534/588/341 153/589/342 580/590/343
f 584/586/339 920/585/338 580/590/343 178/591/344
f 222/592/278 663/593/278 921/594/278 605/595/278
f 663/593/278 216/596/278 533/597/278 921/594/278
f 921/594/278 533/597/278 152/598/278 600/599/278
f 605/595/278 921/594/278 600/599/278 191/600/278
f 253/601/278 727/602/278 922/603/278 620/604/278
f 727/602/278 247/605/278 541/606/278 922/603/278
f 922/603/278 541/606/278 158/607/278 614/608/278
f 620/604/278 922/603/278 614/608/278 198/609/278
f 254/610/345 726/611/346 923/612/347 629/613/348
f 726/611/346 248/614/349 548/615/350 923/612/347
f 923/612/347 548/615/350 157/616/351 626/617/352
f 629/613/348 923/612/347 626/617/352 203/618/353
f 252/619/354 725/620/355 924/621/278 604/622/278
f 725/620/355 246/623/356 540/624/278 924/621/278
f 924/621/278 540/624/278 156/625/278 601/626/278
f 604/622/278 924/621/278 601/626/278 192/627/278
f 255/628/278 715/629/278 925/630/278 724/631/278
f 715/629/278 232/632/278 680/633/278 925/630/278
f 925/630/278 680/633/278 136/634/278 705/635/278
f 724/631/278 925/630/278 705/635/278 245/636/278
f 185/637/357 593/638/358 926/639/359 583/640/360
f 593/638/358 181/488/279 586/641/361 926/639/359
f 926/639/359 586/641/361 149/642/362 582/643/363
f 583/640/360 926/639/359 582/643/363 180/644/364
f 267/645/278 738/646/278 927/647/278 747/648/278
f 738/646/278 234/649/278 682/650/278 927/647/278
f 927/647/278 682/650/278 151/651/278 728/652/278
f 747/648/278 927/647/278 728/652/278 257/653/278
f 236/654/365 684/655/366 928/656/278 689/657/278
f 684/655/366 211/658/367 637/659/278 928/656/278
f 928/656/278 637/659/278 162/660/278 558/661/278
f 689/657/278 928/656/278 558/661/278 233/662/278
f 244/663/368 704/664/369 929/665/370 662/666/371
f 704/664/369 240/667/372 562/668/373 929/665/370
f 929/665/370 562/668/373 164/669/374 563/670/375
f 662/666/371 929/665/370 563/670/375 219/671/376
f 201/672/377 619/673/378 930/674/379 592/675/380
f 619/673/378 199/676/381 555/677/382 930/674/379
f 930/674/379 555/677/382 150/678/383 587/679/384
f 592/675/380 930/674/379 587/679/384 182/680/385
f 262/681/386 575/682/387 931/683/388 746/684/389
f 575/682/387 173/685/390 552/686/391 931/683/388
f 931/683/388 552/686/391 160/687/392 732/688/393
f 746/684/389 931/683/388 732/688/393 261/689/394
f 251/690/395 723/691/396 932/692/397 711/693/398
f 723/691/396 249/694/399 550/695/400 932/692/397
f 932/692/397 550/695/400 135/696/401 510/697/402
f 711/693/398 932/692/397 510/697/402 166/698/403
f 237/699/404 688/700/405 933/701/406 661/702/407
f 688/700/405 231/703/408 554/704/409 933/701/406
f 933/701/406 554/704/409 138/705/410 649/706/411
f 661/702/407 933/701/406 649/706/411 215/707/412
f 243/708/413 703/709/414 934/710/415 644/711/416
f 703/709/414 242/712/417 573/713/418 934/710/415
f 934/710/415 573/713/418 171/714/419 636/715/420
f 644/711/416 934/710/415 636/715/420 210/716/421
f 256/717/422 722/718/278 935/719/278 702/720/423
f 722/718/278 250/721/278 561/722/278 935/719/278
f 935/719/278 561/722/278 162/660/278 692/723/278
f 702/720/423 935/719/278 692/723/278 238/724/424
f 268/725/425 739/726/426 936/727/278 745/728/278
f 739/726/426 239/729/427 693/730/278 936/727/278
f 936/727/278 693/730/278 163/731/278 731/732/278
f 745/728/278 936/727/278 731/732/278 260/733/278
f 183/734/428 591/735/429 937/736/430 588/737/431
f 591/735/429 185/637/357 583/640/360 937/736/430
f 937/736/430 583/640/360 180/644/364 569/738/432
f 588/737/431 937/736/430 569/738/432 167/739/433
f 216/596/278 660/740/278 938/741/278 533/597/278
f 660/740/278 221/583/289 584/586/339 938/741/278
f 938/741/278 584/586/339 178/591/344 537/742/278
f 533/597/278 938/741/278 537/742/278 152/598/278
f 258/506/284 744/743/434 939/744/435 520/507/285
f 744/743/434 264/520/298 585/523/301 939/744/435
f 939/744/435 585/523/301 179/528/306 547/745/436
f 520/507/285 939/744/435 547/745/436 139/508/286
f 143/746/437 579/747/438 940/748/439 551/749/440
f 579/747/438 177/750/441 590/751/442 940/748/439
f 940/748/439 590/751/442 185/637/357 591/735/429
f 551/749/440 940/748/439 591/735/429 183/734/428
f 196/752/443 618/753/444 941/754/278 612/755/278
f 618/753/444 201/672/377 592/675/380 941/754/278
f 941/754/278 592/675/380 182/680/385 527/756/278
f 612/755/278 941/754/278 527/756/278 146/757/278
f 177/750/441 517/758/278 942/759/278 590/751/442
f 517/758/278 141/490/278 518/489/278 942/759/278
f 942/759/278 518/489/278 181/488/279 593/638/358
f 590/751/442 942/759/278 593/638/358 185/637/357
f 190/760/445 599/761/446 943/762/447 603/763/448
f 599/761/446 149/642/362 586/641/361 943/762/447
f 943/762/447 586/641/361 181/488/279 602/485/277
f 603/763/448 943/762/447 602/485/277 193/484/276
f 150/678/383 531/764/449 944/765/450 587/679/384
f 531/764/449 190/760/445 603/763/448 944/765/450
f 944/765/450 603/763/448 193/484/276 594/766/451
f 587/679/384 944/765/450 594/766/451 182/680/385
f 247/605/278 721/767/278 945/768/278 541/606/278
f 721/767/278 252/619/354 604/622/278 945/768/278
f 945/768/278 604/622/278 192/627/278 544/769/278
f 541/606/278 945/768/278 544/769/278 158/607/278
f 218/578/278 659/770/278 946/771/278 535/579/278
f 659/770/278 222/592/278 605/595/278 946/771/278
f 946/771/278 605/595/278 191/600/278 538/772/278
f 535/579/278 946/771/278 538/772/278 154/580/278
f 225/551/314 675/773/452 947/774/453 529/552/315
f 675/773/452 228/565/328 606/568/331 947/774/453
f 947/774/453 606/568/331 189/573/336 530/775/454
f 529/552/315 947/774/453 530/775/454 148/553/316
f 259/533/278 743/776/278 948/777/278 525/534/278
f 743/776/278 265/502/280 607/505/283 948/777/278
f 948/777/278 607/505/283 186/510/288 522/778/278
f 525/534/278 948/777/278 522/778/278 144/535/278
f 209/542/278 643/779/278 949/780/278 526/543/278
f 643/779/278 212/493/278 608/496/278 949/780/278
f 949/780/278 608/496/278 187/501/278 523/781/278
f 526/543/278 949/780/278 523/781/278 145/544/278
f 182/680/385 594/766/451 950/782/278 527/756/278
f 594/766/451 193/484/276 609/487/278 950/782/278
f 950/782/278 609/487/278 188/492/278 524/783/278
f 527/756/278 950/782/278 524/783/278 146/757/278
f 138/705/410 589/784/455 951/785/456 515/786/457
f 589/784/455 184/787/458 617/788/459 951/785/456
f 951/785/456 617/788/459 201/672/377 618/753/444
f 515/786/457 951/785/456 618/753/444 196/752/443
f 184/787/458 571/789/460 952/790/461 617/788/459
f 571/789/460 169/791/462 615/792/463 952/790/461
f 952/790/461 615/792/463 199/676/381 619/673/378
f 617/788/459 952/790/461 619/673/378 201/672/377
f 245/636/278 720/793/278 953/794/278 539/795/278
f 720/793/278 253/601/278 620/604/278 953/794/278
f 953/794/278 620/604/278 198/609/278 542/796/278
f 539/795/278 953/794/278 542/796/278 155/797/278
f 215/707/412 658/798/464 954/799/278 532/800/278
f 658/798/464 223/574/337 621/577/278 954/799/278
f 954/799/278 621/577/278 197/582/278 536/801/278
f 532/800/278 954/799/278 536/801/278 151/651/278
f 226/802/465 674/803/466 955/804/467 668/805/468
f 674/803/466 229/547/310 622/550/313 955/804/467
f 955/804/467 622/550/313 200/555/318 572/806/469
f 668/805/468 955/804/467 572/806/469 170/807/470
f 206/808/471 642/809/472 956/810/473 513/811/474
f 642/809/472 213/538/307 623/541/308 956/810/473
f 956/810/473 623/541/308 195/546/309 514/812/475
f 513/811/474 956/810/473 514/812/475 137/813/476
f 257/653/278 742/814/278 957/815/278 512/816/278
f 742/814/278 266/529/278 624/532/278 957/815/278
f 957/815/278 624/532/278 194/537/278 511/817/278
f 512/816/278 957/815/278 511/817/278 136/634/278
f 246/623/356 719/818/477 958/819/278 540/624/278
f 719/818/477 254/610/345 629/613/348 958/819/278
f 958/819/278 629/613/348 203/618/353 543/820/278
f 540/624/278 958/819/278 543/820/278 156/625/278
f 224/569/332 673/821/478 959/822/479 528/570/333
f 673/821/478 230/556/319 630/559/322 959/822/479
f 959/822/479 630/559/322 204/564/327 549/823/480
f 528/570/333 959/822/479 549/823/480 147/571/334
f 207/497/278 641/824/278 960/825/278 519/498/278
f 641/824/278 214/511/289 631/514/292 960/825/278
f 960/825/278 631/514/292 202/519/297 516/826/278
f 519/498/278 960/825/278 516/826/278 140/499/278
f 156/625/278 543/820/278 961/827/278 633/828/278
f 543/820/278 203/618/353 640/829/481 961/827/278
f 961/827/278 640/829/481 214/511/289 641/824/278
f 633/828/278 961/827/278 641/824/278 207/497/278
f 155/797/278 542/796/278 962/830/278 632/831/278
f 542/796/278 198/609/278 639/832/278 962/830/278
f 962/830/278 639/832/278 213/538/307 642/809/472
f 632/831/278 962/830/278 642/809/472 206/808/471
f 158/607/278 544/769/278 963/833/278 635/834/278
f 544/769/278 192/627/278 638/835/278 963/833/278
f 963/833/278 638/835/278 212/493/278 643/779/278
f 635/834/278 963/833/278 643/779/278 209/542/278
f 238/724/424 700/836/482 964/837/483 545/838/484
f 700/836/482 243/708/413 644/711/416 964/837/483
f 964/837/483 644/711/416 210/716/421 553/839/485
f 545/838/484 964/837/483 553/839/485 159/840/486
f 235/841/487 564/842/488 965/843/489 687/844/490
f 564/842/488 165/845/491 565/846/492 965/843/489
f 965/843/489 565/846/492 211/658/367 684/655/366
f 687/844/490 965/843/489 684/655/366 236/654/365
f 198/609/278 614/608/278 966/847/278 639/832/278
f 614/608/278 158/607/278 635/834/278 966/847/278
f 966/847/278 635/834/278 209/542/278 646/539/278
f 639/832/278 966/847/278 646/539/278 213/538/307
f 203/618/353 626/617/352 967/848/493 640/829/481
f 626/617/352 157/616/351 634/849/494 967/848/493
f 967/848/493 634/849/494 208/515/293 647/512/290
f 640/829/481 967/848/493 647/512/290 214/511/289
f 192/627/278 601/626/278 968/850/278 638/835/278
f 601/626/278 156/625/278 633/828/278 968/850/278
f 968/850/278 633/828/278 207/497/278 648/494/278
f 638/835/278 968/850/278 648/494/278 212/493/278
f 138/705/410 515/786/457 969/851/495 649/706/411
f 515/786/457 196/752/443 657/852/496 969/851/495
f 969/851/495 657/852/496 223/574/337 658/798/464
f 649/706/411 969/851/495 658/798/464 215/707/412
f 146/757/278 524/783/278 970/853/278 652/854/278
f 524/783/278 188/492/278 656/855/278 970/853/278
f 970/853/278 656/855/278 222/592/278 659/770/278
f 652/854/278 970/853/278 659/770/278 218/578/278
f 141/490/278 517/758/278 971/856/278 650/857/278
f 517/758/278 177/750/441 655/858/497 971/856/278
f 971/856/278 655/858/497 221/583/289 660/740/278
f 650/857/278 971/856/278 660/740/278 216/596/278
f 234/649/278 686/859/278 972/860/278 682/650/278
f 686/859/278 237/699/404 661/702/407 972/860/278
f 972/860/278 661/702/407 215/707/412 532/800/278
f 682/650/278 972/860/278 532/800/278 151/651/278
f 239/729/427 699/861/498 973/862/278 693/730/278
f 699/861/498 244/663/368 662/666/371 973/862/278
f 973/862/278 662/666/371 219/671/376 653/863/278
f 693/730/278 973/862/278 653/863/278 163/731/278
f 188/492/278 597/491/278 974/864/278 656/855/278
f 597/491/278 141/490/278 650/857/278 974/864/278
f 974/864/278 650/857/278 216/596/278 663/593/278
f 656/855/278 974/864/278 663/593/278 222/592/278
f 177/750/441 579/747/438 975/865/499 655/858/497
f 579/747/438 143/746/437 651/866/500 975/865/499
f 975/865/499 651/866/500 217/587/340 664/584/290
f 655/858/497 975/865/499 664/584/290 221/583/289
f 196/752/443 612/755/278 976/867/278 657/852/496
f 612/755/278 146/757/278 652/854/278 976/867/278
f 976/867/278 652/854/278 218/578/278 665/575/278
f 657/852/496 976/867/278 665/575/278 223/574/337
f 140/499/278 516/826/278 977/868/278 666/869/278
f 516/826/278 202/519/297 672/870/501 977/868/278
f 977/868/278 672/870/501 230/556/319 673/821/478
f 666/869/278 977/868/278 673/821/478 224/569/332
f 137/813/476 514/812/475 978/871/502 556/872/503
f 514/812/475 195/546/309 671/873/504 978/871/502
f 978/871/502 671/873/504 229/547/310 674/803/466
f 556/872/503 978/871/502 674/803/466 226/802/465
f 145/544/278 523/781/278 979/874/278 667/875/278
f 523/781/278 187/501/278 670/876/278 979/874/278
f 979/874/278 670/876/278 228/565/328 675/773/452
f 667/875/278 979/874/278 675/773/452 225/551/314
f 187/501/278 596/500/278 980/877/278 670/876/278
f 596/500/278 140/499/278 666/869/278 980/877/278
f 980/877/278 666/869/278 224/569/332 676/566/329
f 670/876/278 980/877/278 676/566/329 228/565/328
f 202/519/297 625/518/296 981/878/505 672/870/501
f 625/518/296 142/517/295 669/879/506 981/878/505
f 981/878/505 669/879/506 227/560/323 677/557/320
f 672/870/501 981/878/505 677/557/320 230/556/319
f 195/546/309 611/545/278 982/880/278 671/873/504
f 611/545/278 145/544/278 667/875/278 982/880/278
f 982/880/278 667/875/278 225/551/314 678/548/311
f 671/873/504 982/880/278 678/548/311 229/547/310
f 163/731/278 653/863/278 983/881/278 559/882/278
f 653/863/278 219/671/376 685/883/507 983/881/278
f 983/881/278 685/883/507 237/699/404 686/859/278
f 559/882/278 983/881/278 686/859/278 234/649/278
f 137/813/476 683/884/508 984/885/509 513/811/474
f 683/884/508 235/841/487 687/844/490 984/885/509
f 984/885/509 687/844/490 236/654/365 645/886/510
f 513/811/474 984/885/509 645/886/510 206/808/471
f 219/671/376 563/670/375 985/887/511 685/883/507
f 563/670/375 164/669/374 679/888/512 985/887/511
f 985/887/511 679/888/512 231/703/408 688/700/405
f 685/883/507 985/887/511 688/700/405 237/699/404
f 206/808/471 645/886/510 986/889/278 632/831/278
f 645/886/510 236/654/365 689/657/278 986/889/278
f 986/889/278 689/657/278 233/662/278 681/890/278
f 632/831/278 986/889/278 681/890/278 155/797/278
f 260/733/278 731/732/278 987/891/278 741/892/278
f 731/732/278 163/731/278 559/882/278 987/891/278
f 987/891/278 559/882/278 234/649/278 738/646/278
f 741/892/278 987/891/278 738/646/278 267/645/278
f 250/721/278 710/893/278 988/894/278 718/895/278
f 710/893/278 161/896/278 557/897/278 988/894/278
f 988/894/278 557/897/278 232/632/278 715/629/278
f 718/895/278 988/894/278 715/629/278 255/628/278
f 160/687/392 654/898/513 989/899/514 546/900/515
f 654/898/513 220/901/516 698/902/517 989/899/514
f 989/899/514 698/902/517 244/663/368 699/861/498
f 546/900/515 989/899/514 699/861/498 239/729/427
f 162/660/278 637/659/278 990/903/278 692/723/278
f 637/659/278 211/658/367 697/904/518 990/903/278
f 990/903/278 697/904/518 243/708/413 700/836/482
f 692/723/278 990/903/278 700/836/482 238/724/424
f 261/689/394 732/688/393 991/905/519 740/906/520
f 732/688/393 160/687/392 546/900/515 991/905/519
f 991/905/519 546/900/515 239/729/427 739/726/426
f 740/906/520 991/905/519 739/726/426 268/725/425
f 251/690/395 717/907/521 992/908/522 567/909/523
f 717/907/521 256/717/422 702/720/423 992/908/522
f 992/908/522 702/720/423 238/724/424 545/838/484
f 567/909/523 992/908/522 545/838/484 159/840/486
f 211/658/367 565/846/492 993/910/524 697/904/518
f 565/846/492 165/845/491 696/911/525 993/910/524
f 993/910/524 696/911/525 242/712/417 703/709/414
f 697/904/518 993/910/524 703/709/414 243/708/413
f 220/901/516 574/912/526 994/913/527 698/902/517
f 574/912/526 172/914/528 694/915/529 994/913/527
f 994/913/527 694/915/529 240/667/372 704/664/369
f 698/902/517 994/913/527 704/664/369 244/663/368
f 166/698/403 566/916/278 995/917/278 711/693/398
f 566/916/278 241/918/278 716/919/278 995/917/278
f 995/917/278 716/919/278 256/717/422 717/907/521
f 711/693/398 995/917/278 717/907/521 251/690/395
f 162/660/278 561/722/278 996/920/278 558/661/278
f 561/722/278 250/721/278 718/895/278 996/920/278
f 996/920/278 718/895/278 255/628/278 691/921/278
f 558/661/278 996/920/278 691/921/278 233/662/278
f 139/508/286 628/922/530 997/923/531 706/924/532
f 628/922/530 205/925/533 714/926/534 997/923/531
f 997/923/531 714/926/534 254/610/345 719/818/477
f 706/924/532 997/923/531 719/818/477 246/623/356
f 136/634/278 511/817/278 998/927/278 705/635/278
f 511/817/278 194/537/278 713/928/278 998/927/278
f 998/927/278 713/928/278 253/601/278 720/793/278
f 705/635/278 998/927/278 720/793/278 245/636/278
f 144/535/278 522/778/278 999/929/278 707/930/278
f 522/778/278 186/510/288 712/931/535 999/929/278
f 999/929/278 712/931/535 252/619/354 721/767/278
f 707/930/278 999/929/278 721/767/278 247/605/278
f 241/918/278 695/932/278 1000/933/278 716/919/278
f 695/932/278 161/896/278 710/893/278 1000/933/278
f 1000/933/278 710/893/278 250/721/278 722/718/278
f 716/919/278 1000/933/278 722/718/278 256/717/422
f 159/840/486 576/934/536 1001/935/537 567/909/523
f 576/934/536 174/936/538 709/937/539 1001/935/537
f 1001/935/537 709/937/539 249/694/399 723/691/396
f 567/909/523 1001/935/537 723/691/396 251/690/395
f 233/662/278 691/921/278 1002/938/278 681/890/278
f 691/921/278 255/628/278 724/631/278 1002/938/278
f 1002/938/278 724/631/278 245/636/278 539/795/278
f 681/890/278 1002/938/278 539/795/278 155/797/278
f 186/510/288 595/509/287 1003/939/540 712/931/535
f 595/509/287 139/508/286 706/924/532 1003/939/540
f 1003/939/540 706/924/532 246/623/356 725/620/355
f 712/931/535 1003/939/540 725/620/355 252/619/354
f 205/925/533 577/940/541 1004/941/542 714/926/534
f 577/940/541 175/942/543 708/943/544 1004/941/542
f 1004/941/542 708/943/544 248/614/349 726/611/346
f 714/926/534 1004/941/542 726/611/346 254/610/345
f 194/537/278 610/536/278 1005/944/278 713/928/278
f 610/536/278 144/535/278 707/930/278 1005/944/278
f 1005/944/278 707/930/278 247/605/278 727/602/278
f 713/928/278 1005/944/278 727/602/278 253/601/278
f 166/698/403 568/945/545 1006/946/278 566/916/278
f 568/945/545 261/689/394 740/906/520 1006/946/278
f 1006/946/278 740/906/520 268/725/425 701/947/278
f 566/916/278 1006/946/278 701/947/278 241/918/278
f 161/896/278 560/948/278 1007/949/278 557/897/278
f 560/948/278 260/733/278 741/892/278 1007/949/278
f 1007/949/278 741/892/278 267/645/278 690/950/278
f 557/897/278 1007/949/278 690/950/278 232/632/278
f 151/651/278 536/801/278 1008/951/278 728/652/278
f 536/801/278 197/582/278 737/952/278 1008/951/278
f 1008/951/278 737/952/278 266/529/278 742/814/278
f 728/652/278 1008/951/278 742/814/278 257/653/278
f 154/580/278 538/772/278 1009/953/278 730/954/278
f 538/772/278 191/600/278 736/955/278 1009/953/278
f 1009/953/278 736/955/278 265/502/280 743/776/278
f 730/954/278 1009/953/278 743/776/278 259/533/278
f 152/598/278 537/742/278 1010/956/278 729/957/278
f 537/742/278 178/591/344 735/958/546 1010/956/278
f 1010/956/278 735/958/546 264/520/298 744/743/434
f 729/957/278 1010/956/278 744/743/434 258/506/284
f 241/918/278 701/947/278 1011/959/278 695/932/278
f 701/947/278 268/725/425 745/728/278 1011/959/278
f 1011/959/278 745/728/278 260/733/278 560/948/278
f 695/932/278 1011/959/278 560/948/278 161/896/278
f 135/696/401 733/960/547 1012/961/548 510/697/402
f 733/960/547 262/681/386 746/684/389 1012/961/548
f 1012/961/548 746/684/389 261/689/394 568/945/545
f 510/697/402 1012/961/548 568/945/545 166/698/403
f 232/632/278 690/950/278 1013/962/278 680/633/278
f 690/950/278 267/645/278 747/648/278 1013/962/278
f 1013/962/278 747/648/278 257/653/278 512/816/278
f 680/633/278 1013/962/278 512/816/278 136/634/278
f 197/582/278 613/581/278 1014/963/278 737/952/278
f 613/581/278 154/580/278 730/954/278 1014/963/278
f 1014/963/278 730/954/278 259/533/278 748/530/278
f 737/952/278 1014/963/278 748/530/278 266/529/278
f 178/591/344 580/590/343 1015/964/549 735/958/546
f 580/590/343 153/589/342 734/965/550 1015/964/549
f 1015/964/549 734/965/550 263/524/302 749/521/299
f 735/958/546 1015/964/549 749/521/299 264/520/298
f 191/600/278 600/599/278 1016/966/278 736/955/278
f 600/599/278 152/598/278 729/957/278 1016/966/278
f 1016/966/278 729/957/278 258/506/284 750/503/281
f 736/955/278 1016/966/278 750/503/281 265/502/280
f 39/206/119 311/205/118 1017/967/551 752/968/552
f 311/205/118 26/204/117 751/969/553 1017/967/551
f 1017/967/551 751/969/553 160/687/392 552/686/391
f 752/968/552 1017/967/551 552/686/391 173/685/390
f 76/229/142 312/357/211 1018/970/554 754/971/555
f 312/357/211 25/356/210 753/972/556 1018/970/554
f 1018/970/554 753/972/556 159/840/486 553/839/485
f 754/971/555 1018/970/554 553/839/485 210/716/421
f 23/133/76 393/366/219 1019/973/557 756/974/558
f 393/366/219 74/36/22 755/975/559 1019/973/557
f 1019/973/557 755/975/559 208/515/293 634/849/494
f 756/974/558 1019/973/557 634/849/494 157/616/351
f 97/224/137 313/223/136 1020/976/560 758/977/561
f 313/223/136 4/222/135 757/978/562 1020/976/560
f 1020/976/560 757/978/562 138/705/410 554/704/409
f 758/977/561 1020/976/560 554/704/409 231/703/408
f 42/43/29 340/42/28 1021/979/563 760/980/564
f 340/42/28 45/41/27 759/981/565 1021/979/563
f 1021/979/563 759/981/565 179/528/306 581/527/305
f 760/980/564 1021/979/563 581/527/305 176/526/304
f 65/197/110 314/196/109 1022/982/566 762/983/567
f 314/196/109 16/195/108 761/984/568 1022/982/566
f 1022/982/566 761/984/568 150/678/383 555/677/382
f 762/983/567 1022/982/566 555/677/382 199/676/381
f 15/160/88 341/159/87 1023/985/569 764/986/570
f 341/159/87 46/158/86 763/987/571 1023/985/569
f 1023/985/569 763/987/571 180/644/364 582/643/363
f 764/986/570 1023/985/569 582/643/363 149/642/362
f 37/231/144 395/230/143 1024/988/572 765/989/573
f 395/230/143 76/229/142 754/971/555 1024/988/572
f 1024/988/572 754/971/555 210/716/421 636/715/420
f 765/989/573 1024/988/572 636/715/420 171/714/419
f 46/158/86 328/256/158 1025/990/574 763/987/571
f 328/256/158 33/255/157 766/991/575 1025/990/574
f 1025/990/574 766/991/575 167/739/433 569/738/432
f 763/987/571 1025/990/574 569/738/432 180/644/364
f 92/319/190 315/388/227 1026/992/576 768/993/577
f 315/388/227 3/329/200 767/994/578 1026/992/576
f 1026/992/576 767/994/578 137/813/476 556/872/503
f 768/993/577 1026/992/576 556/872/503 226/802/465
f 93/81/52 329/80/51 1027/995/579 770/996/580
f 329/80/51 34/79/50 769/997/581 1027/995/579
f 1027/995/579 769/997/581 168/562/325 570/561/324
f 770/996/580 1027/995/579 570/561/324 227/560/323
f 55/86/57 289/292/179 1028/998/582 772/999/583
f 289/292/179 14/70/41 771/1000/584 1028/998/582
f 1028/998/582 771/1000/584 148/553/316 530/775/454
f 772/999/583 1028/998/582 530/775/454 189/573/336
f 9/263/162 410/383/225 1029/1001/585 774/1002/586
f 410/383/225 83/108/69 773/1003/587 1029/1001/585
f 1029/1001/585 773/1003/587 217/587/340 651/866/500
f 774/1002/586 1029/1001/585 651/866/500 143/746/437
f 50/305/184 330/307/186 1030/1004/588 776/1005/589
f 330/307/186 35/309/188 775/1006/590 1030/1004/588
f 1030/1004/588 775/1006/590 169/791/462 571/789/460
f 776/1005/589 1030/1004/588 571/789/460 184/787/458
f 13/88/59 357/87/58 1031/1007/591 777/1008/592
f 357/87/58 55/86/57 772/999/583 1031/1007/591
f 1031/1007/591 772/999/583 189/573/336 598/572/335
f 777/1008/592 1031/1007/591 598/572/335 147/571/334
f 16/195/108 290/282/175 1032/1009/593 761/984/568
f 290/282/175 56/277/170 778/1010/594 1032/1009/593
f 1032/1009/593 778/1010/594 190/760/445 531/764/449
f 761/984/568 1032/1009/593 531/764/449 150/678/383
f 30/186/99 438/405/237 1033/1011/595 779/1012/596
f 438/405/237 97/224/137 758/977/561 1033/1011/595
f 1033/1011/595 758/977/561 231/703/408 679/888/512
f 779/1012/596 1033/1011/595 679/888/512 164/669/374
f 66/68/39 331/324/195 1034/1013/597 781/1014/598
f 331/324/195 36/323/194 780/1015/599 1034/1013/597
f 1034/1013/597 780/1015/599 170/807/470 572/806/469
f 781/1014/598 1034/1013/597 572/806/469 200/555/318
f 1/213/126 492/478/273 1035/1016/600 783/1017/601
f 492/478/273 128/198/111 782/1018/602 1035/1016/600
f 1035/1016/600 782/1018/602 262/681/386 733/960/547
f 783/1017/601 1035/1016/600 733/960/547 135/696/401
f 56/277/170 358/280/173 1036/1019/603 778/1010/594
f 358/280/173 15/160/88 764/986/570 1036/1019/603
f 1036/1019/603 764/986/570 149/642/362 599/761/446
f 778/1010/594 1036/1019/603 599/761/446 190/760/445
f 108/233/146 332/232/145 1037/1020/604 784/1021/605
f 332/232/145 37/231/144 765/989/573 1037/1020/604
f 1037/1020/604 765/989/573 171/714/419 573/713/418
f 784/1021/605 1037/1020/604 573/713/418 242/712/417
f 19/106/67 493/482/275 1038/1022/606 786/1023/607
f 493/482/275 129/45/31 785/1024/608 1038/1022/606
f 1038/1022/606 785/1024/608 263/524/302 734/965/550
f 786/1023/607 1038/1022/606 734/965/550 153/589/342
f 38/432/254 453/431/253 1039/1025/609 788/1026/610
f 453/431/253 106/188/101 787/1027/611 1039/1025/609
f 1039/1025/609 787/1027/611 240/667/372 694/915/529
f 788/1026/610 1039/1025/609 694/915/529 172/914/528
f 34/79/50 386/78/49 1040/1028/612 769/997/581
f 386/78/49 70/77/48 789/1029/613 1040/1028/612
f 1040/1028/612 789/1029/613 204/564/327 627/563/326
f 769/997/581 1040/1028/612 627/563/326 168/562/325
f 26/204/117 413/417/240 1041/1030/614 751/969/553
f 413/417/240 86/419/242 790/1031/615 1041/1030/614
f 1041/1030/614 790/1031/615 220/901/516 654/898/513
f 751/969/553 1041/1030/614 654/898/513 160/687/392
f 45/41/27 306/262/161 1042/1032/616 759/981/565
f 306/262/161 5/25/11 791/1033/617 1042/1032/616
f 1042/1032/616 791/1033/617 139/508/286 547/745/436
f 759/981/565 1042/1032/616 547/745/436 179/528/306
f 41/460/269 467/459/268 1043/1034/618 793/1035/619
f 467/459/268 114/135/78 792/1036/620 1043/1034/618
f 1043/1034/618 792/1036/620 248/614/349 708/943/544
f 793/1035/619 1043/1034/618 708/943/544 175/942/543
f 86/419/242 333/430/252 1044/1037/621 790/1031/615
f 333/430/252 38/432/254 788/1026/610 1044/1037/621
f 1044/1037/621 788/1026/610 172/914/528 574/912/526
f 790/1031/615 1044/1037/621 574/912/526 220/901/516
f 36/323/194 427/320/191 1045/1038/622 780/1015/599
f 427/320/191 92/319/190 768/993/577 1045/1038/622
f 1045/1038/622 768/993/577 226/802/465 668/805/468
f 780/1015/599 1045/1038/622 668/805/468 170/807/470
f 83/108/69 293/107/68 1046/1039/623 773/1003/587
f 293/107/68 19/106/67 786/1023/607 1046/1039/623
f 1046/1039/623 786/1023/607 153/589/342 534/588/341
f 773/1003/587 1046/1039/623 534/588/341 217/587/340
f 5/25/11 387/441/257 1047/1040/624 791/1033/617
f 387/441/257 71/443/259 794/1041/625 1047/1040/624
f 1047/1040/624 794/1041/625 205/925/533 628/922/530
f 791/1033/617 1047/1040/624 628/922/530 139/508/286
f 33/255/157 347/252/154 1048/1042/626 766/991/575
f 347/252/154 49/251/153 795/1043/627 1048/1042/626
f 1048/1042/626 795/1043/627 183/734/428 588/737/431
f 766/991/575 1048/1042/626 588/737/431 167/739/433
f 74/36/22 280/35/21 1049/1044/628 755/975/559
f 280/35/21 8/34/20 796/1045/629 1049/1044/628
f 1049/1044/628 796/1045/629 142/517/295 521/516/294
f 755/975/559 1049/1044/628 521/516/294 208/515/293
f 35/309/188 374/308/187 1050/1046/630 775/1006/590
f 374/308/187 65/197/110 762/983/567 1050/1046/630
f 1050/1046/630 762/983/567 199/676/381 615/792/463
f 775/1006/590 1050/1046/630 615/792/463 169/791/462
f 114/135/78 307/134/77 1051/1047/631 792/1036/620
f 307/134/77 23/133/76 756/974/558 1051/1047/631
f 1051/1047/631 756/974/558 157/616/351 548/615/350
f 792/1036/620 1051/1047/631 548/615/350 248/614/349
f 40/454/264 468/453/263 1052/1048/632 798/1049/633
f 468/453/263 115/215/128 797/1050/634 1052/1048/632
f 1052/1048/632 797/1050/634 249/694/399 709/937/539
f 798/1049/633 1052/1048/632 709/937/539 174/936/538
f 128/198/111 334/201/114 1053/1051/635 782/1018/602
f 334/201/114 39/206/119 752/968/552 1053/1051/635
f 1053/1051/635 752/968/552 173/685/390 575/682/387
f 782/1018/602 1053/1051/635 575/682/387 262/681/386
f 8/34/20 428/396/231 1054/1052/636 796/1045/629
f 428/396/231 93/81/52 770/996/580 1054/1052/636
f 1054/1052/636 770/996/580 227/560/323 669/879/506
f 796/1045/629 1054/1052/636 669/879/506 142/517/295
f 31/363/217 455/428/250 1055/1053/637 799/1054/638
f 455/428/250 108/233/146 784/1021/605 1055/1053/637
f 1055/1053/637 784/1021/605 242/712/417 696/911/525
f 799/1054/638 1055/1053/637 696/911/525 165/845/491
f 106/188/101 321/187/100 1056/1055/639 787/1027/611
f 321/187/100 30/186/99 779/1012/596 1056/1055/639
f 1056/1055/639 779/1012/596 164/669/374 562/668/373
f 787/1027/611 1056/1055/639 562/668/373 240/667/372
f 4/222/135 348/303/182 1057/1056/640 757/978/562
f 348/303/182 50/305/184 776/1005/589 1057/1056/640
f 1057/1056/640 776/1005/589 184/787/458 589/784/455
f 757/978/562 1057/1056/640 589/784/455 138/705/410
f 3/329/200 442/402/234 1058/1057/641 767/994/578
f 442/402/234 101/358/212 800/1058/642 1058/1057/641
f 1058/1057/641 800/1058/642 235/841/487 683/884/508
f 767/994/578 1058/1057/641 683/884/508 137/813/476
f 14/70/41 375/69/40 1059/1059/643 771/1000/584
f 375/69/40 66/68/39 781/1014/598 1059/1059/643
f 1059/1059/643 781/1014/598 200/555/318 616/554/317
f 771/1000/584 1059/1059/643 616/554/317 148/553/316
f 70/77/48 308/340/205 1060/1060/644 789/1029/613
f 308/340/205 13/88/59 777/1008/592 1060/1060/644
f 1060/1060/644 777/1008/592 147/571/334 549/823/480
f 789/1029/613 1060/1060/644 549/823/480 204/564/327
f 25/356/210 335/452/262 1061/1061/645 753/972/556
f 335/452/262 40/454/264 798/1049/633 1061/1061/645
f 1061/1061/645 798/1049/633 174/936/538 576/934/536
f 753/972/556 1061/1061/645 576/934/536 159/840/486
f 115/215/128 309/214/127 1062/1062/646 797/1050/634
f 309/214/127 1/213/126 783/1017/601 1062/1062/646
f 1062/1062/646 783/1017/601 135/696/401 550/695/400
f 797/1050/634 1062/1062/646 550/695/400 249/694/399
f 71/443/259 336/458/267 1063/1063/647 794/1041/625
f 336/458/267 41/460/269 793/1035/619 1063/1063/647
f 1063/1063/647 793/1035/619 175/942/543 577/940/541
f 794/1041/625 1063/1063/647 577/940/541 205/925/533
f 101/358/212 323/361/215 1064/1064/648 800/1058/642
f 323/361/215 31/363/217 799/1054/638 1064/1064/648
f 1064/1064/648 799/1054/638 165/845/491 564/842/488
f 800/1058/642 1064/1064/648 564/842/488 235/841/487
f 49/251/153 310/264/163 1065/1065/649 795/1043/627
f 310/264/163 9/263/162 774/1002/586 1065/1065/649
f 1065/1065/649 774/1002/586 143/746/437 551/749/440
f 795/1043/627 1065/1065/649 551/749/440 183/734/428
f 129/45/31 337/44/30 1066/1066/650 785/1024/608
f 337/44/30 42/43/29 760/980/564 1066/1066/650
f 1066/1066/650 760/980/564 176/526/304 578/525/303
f 785/1024/608 1066/1066/650 578/525/303 263/524/302
usemtl COJIN
f 1072/1067/651 1131/1068/652 1138/1069/653 1134/1070/654 1148/1071/655 1151/1072/656 1147/1073/657 1076/1074/658
f 1080/1075/659 1158/1076/660 1161/1077/661 1157/1078/662 1163/1079/663 1170/1080/664 1166/1081/665 1084/1082/666
f 1084/1082/666 1166/1081/665 1169/1083/667 1165/1084/668 1171/1085/669 1178/1086/670 1174/1087/671 1088/1088/672
f 1088/1088/672 1174/1087/671 1177/1089/673 1173/1090/674 1179/1091/675 1186/1092/676 1182/1093/677 1092/1094/678
f 1092/1094/678 1182/1093/677 1185/1095/679 1181/1096/680 1141/1097/681 1144/1098/682 1140/1099/683 1096/1100/684
f 1181/1096/680 1184/1101/685 1180/1102/686 1094/1103/687 1098/1104/688 1142/1105/689 1145/1106/690 1141/1097/681
f 1096/1100/684 1140/1099/683 1143/1107/691 1139/1108/692 1126/1109/693 1129/1110/694 1125/1111/695 1068/1112/696
f 1068/1113/696 1072/1067/651 1073/1114/697 1069/1115/698
f 1069/1116/698 1073/1117/697 1071/1118/699 1067/1119/700
f 1072/1067/651 1076/1074/658 1077/1120/701 1073/1121/697
f 1073/1122/697 1077/1123/701 1075/1124/702 1071/1118/699
f 1076/1074/658 1080/1075/659 1081/1125/703 1077/1126/701
f 1077/1127/701 1081/1128/703 1079/1129/704 1075/1124/702
f 1080/1075/659 1084/1082/666 1085/1130/705 1081/1131/703
f 1081/1132/703 1085/1133/705 1083/1134/706 1079/1129/704
f 1084/1082/666 1088/1088/672 1089/1135/707 1085/1136/705
f 1085/1137/705 1089/1138/707 1087/1139/708 1083/1134/706
f 1088/1088/672 1092/1094/678 1093/1140/709 1089/1141/707
f 1089/1142/707 1093/1143/709 1091/1144/710 1087/1139/708
f 1092/1094/678 1096/1100/684 1097/1145/711 1093/1146/709
f 1093/1147/709 1097/1148/711 1095/1149/712 1091/1144/710
f 1096/1100/684 1068/1112/696 1069/1150/698 1097/1151/711
f 1097/1152/711 1069/1153/698 1067/1119/700 1095/1149/712
f 1099/1154/713 1100/1155/714 1101/1156/715 1102/1157/716 1103/1158/717 1104/1159/718 1105/1160/719 1106/1161/720
f 1139/1108/692 1146/1162/721 1142/1105/689 1098/1104/688 1070/1163/722 1123/1164/723 1130/1165/724 1126/1109/693
f 1134/1070/654 1137/1166/725 1133/1167/726 1074/1168/727 1078/1169/728 1149/1170/729 1152/1171/730 1148/1071/655
f 1076/1074/658 1147/1073/657 1154/1172/731 1150/1173/732 1155/1174/733 1162/1175/734 1158/1076/660 1080/1075/659
f 1173/1090/674 1176/1176/735 1172/1177/736 1090/1178/737 1094/1103/687 1180/1102/686 1183/1179/738 1179/1091/675
f 1165/1084/668 1168/1180/739 1164/1181/740 1086/1182/741 1090/1178/737 1172/1177/736 1175/1183/742 1171/1085/669
f 1157/1078/662 1160/1184/743 1156/1185/744 1082/1186/745 1086/1182/741 1164/1181/740 1167/1187/746 1163/1079/663
f 1150/1173/732 1153/1188/747 1149/1170/729 1078/1169/728 1082/1186/745 1156/1185/744 1159/1189/748 1155/1174/733
f 1068/1113/696 1125/1190/695 1128/1191/749 1124/1192/750 1132/1193/751 1135/1194/752 1131/1068/652 1072/1067/651
f 1102/1157/716 1101/1156/715 1118/1195/753 1117/1196/754
f 1071/1118/699 1075/1124/702 1101/1156/715 1100/1155/714
f 1101/1156/715 1075/1124/702 1110/1197/755 1118/1195/753
f 1079/1129/704 1083/1134/706 1103/1158/717 1102/1157/716
f 1083/1134/706 1087/1139/708 1111/1198/756 1112/1199/757
f 1087/1139/708 1091/1144/710 1105/1160/719 1104/1159/718
f 1071/1118/699 1100/1155/714 1115/1200/758 1107/1201/759
f 1095/1149/712 1067/1119/700 1099/1154/713 1106/1161/720
f 1108/1202/760 1107/1201/759 1115/1200/758 1116/1203/761
f 1110/1197/755 1109/1204/762 1117/1196/754 1118/1195/753
f 1112/1199/757 1111/1198/756 1119/1205/763 1120/1206/764
f 1114/1207/765 1113/1208/766 1121/1209/767 1122/1210/768
f 1079/1129/704 1102/1157/716 1117/1196/754 1109/1204/762
f 1075/1124/702 1079/1129/704 1109/1204/762 1110/1197/755
f 1067/1119/700 1071/1118/699 1107/1201/759 1108/1202/760
f 1103/1158/717 1083/1134/706 1112/1199/757 1120/1206/764
f 1104/1159/718 1103/1158/717 1120/1206/764 1119/1205/763
f 1087/1139/708 1104/1159/718 1119/1205/763 1111/1198/756
f 1105/1160/719 1091/1144/710 1114/1207/765 1122/1210/768
f 1106/1161/720 1105/1160/719 1122/1210/768 1121/1209/767
f 1091/1144/710 1095/1149/712 1113/1208/766 1114/1207/765
f 1100/1155/714 1099/1154/713 1116/1203/761 1115/1200/758
f 1095/1149/712 1106/1161/720 1121/1209/767 1113/1208/766
f 1099/1154/713 1067/1119/700 1108/1202/760 1116/1203/761
f 1124/1192/750 1127/1211/769 1123/1212/723 1070/1213/722 1074/1168/727 1133/1167/726 1136/1214/770 1132/1193/751
f 1143/1107/691 1140/1099/683 1285/1215/771 1254/1216/772
f 1173/1090/674 1177/1089/673 1334/1217/773 1333/1218/774
f 1123/1212/723 1127/1211/769 1253/1219/775 1252/1220/776
f 1156/1185/744 1160/1184/743 1311/1221/777 1310/1222/778
f 1176/1176/735 1173/1090/674 1333/1218/774 1256/1223/779
f 1130/1165/724 1123/1164/723 1252/1224/776 1251/1225/780
f 1159/1189/748 1156/1185/744 1310/1222/778 1275/1226/781
f 1139/1108/692 1143/1107/691 1254/1216/772 1264/1227/782
f 1172/1177/736 1176/1176/735 1256/1223/779 1270/1228/783
f 1146/1162/721 1139/1108/692 1264/1227/782 1261/1229/784
f 1175/1183/742 1172/1177/736 1270/1228/783 1291/1230/785
f 1134/1070/654 1138/1069/653 1267/1231/786 1279/1232/787
f 1155/1174/733 1159/1189/748 1275/1226/781 1283/1233/788
f 1137/1166/725 1134/1070/654 1279/1232/787 1278/1234/789
f 1162/1175/734 1155/1174/733 1283/1233/788 1282/1235/790
f 1150/1173/732 1154/1172/731 1287/1236/791 1297/1237/792
f 1171/1085/669 1175/1183/742 1291/1230/785 1305/1238/793
f 1133/1167/726 1137/1166/725 1278/1234/789 1277/1239/794
f 1153/1188/747 1150/1173/732 1297/1237/792 1304/1240/795
f 1178/1086/670 1171/1085/669 1305/1238/793 1302/1241/796
f 1136/1214/770 1133/1167/726 1277/1239/794 1274/1242/797
f 1166/1081/665 1170/1080/664 1308/1243/798 1315/1244/799
f 1149/1170/729 1153/1188/747 1304/1240/795 1303/1245/800
f 1169/1083/667 1166/1081/665 1315/1244/799 1327/1246/801
f 1132/1193/751 1136/1214/770 1274/1242/797 1273/1247/802
f 1152/1171/730 1149/1170/729 1303/1245/800 1300/1248/803
f 1182/1093/677 1186/1092/676 1324/1249/804 1335/1250/805
f 1135/1194/752 1132/1193/751 1273/1247/802 1269/1251/806
f 1165/1084/668 1169/1083/667 1327/1246/801 1326/1252/807
f 1185/1095/679 1182/1093/677 1335/1250/805 1332/1253/808
f 1148/1071/655 1152/1171/730 1300/1248/803 1299/1254/809
f 1168/1180/739 1165/1084/668 1326/1252/807 1323/1255/810
f 1151/1072/656 1148/1071/655 1299/1254/809 1295/1256/811
f 1181/1096/680 1185/1095/679 1332/1253/808 1345/1257/812
f 1131/1068/652 1135/1194/752 1269/1251/806 1268/1258/813
f 1164/1181/740 1168/1180/739 1323/1255/810 1322/1259/814
f 1184/1101/685 1181/1096/680 1345/1257/812 1343/1260/815
f 1138/1069/653 1131/1068/652 1268/1258/813 1267/1231/786
f 1167/1187/746 1164/1181/740 1322/1259/814 1319/1261/816
f 1126/1109/693 1130/1165/724 1251/1225/780 1266/1262/817
f 1147/1073/657 1151/1072/656 1295/1256/811 1294/1263/818
f 1180/1102/686 1184/1101/685 1343/1260/815 1342/1264/819
f 1129/1110/694 1126/1109/693 1266/1262/817 1263/1265/820
f 1154/1172/731 1147/1073/657 1294/1263/818 1287/1236/791
f 1183/1179/738 1180/1102/686 1342/1264/819 1339/1266/821
f 1142/1105/689 1146/1162/721 1261/1229/784 1293/1267/822
f 1163/1079/663 1167/1187/746 1319/1261/816 1318/1268/823
f 1125/1111/695 1129/1110/694 1263/1265/820 1262/1269/824
f 1145/1106/690 1142/1105/689 1293/1267/822 1290/1270/825
f 1170/1080/664 1163/1079/663 1318/1268/823 1308/1243/798
f 1128/1191/749 1125/1190/695 1262/1271/824 1259/1272/826
f 1158/1076/660 1162/1175/734 1282/1235/790 1317/1273/827
f 1179/1091/675 1183/1179/738 1339/1266/821 1338/1274/828
f 1141/1097/681 1145/1106/690 1290/1270/825 1289/1275/829
f 1161/1077/661 1158/1076/660 1317/1273/827 1314/1276/830
f 1186/1092/676 1179/1091/675 1338/1274/828 1324/1249/804
f 1124/1192/750 1128/1191/749 1259/1272/826 1258/1277/831
f 1144/1098/682 1141/1097/681 1289/1275/829 1286/1278/832
f 1174/1087/671 1178/1086/670 1302/1241/796 1337/1279/833
f 1127/1211/769 1124/1192/750 1258/1277/831 1253/1219/775
f 1157/1078/662 1161/1077/661 1314/1276/830 1313/1280/834
f 1177/1089/673 1174/1087/671 1337/1279/833 1334/1217/773
f 1140/1099/683 1144/1098/682 1286/1278/832 1285/1215/771
f 1160/1184/743 1157/1078/662 1313/1280/834 1311/1221/777
f 1471/1281/835 1402/1282/836 1401/1283/837 1361/1284/838
f 1394/1285/839 1400/1286/840 1399/1287/841 1393/1288/842
f 1390/1289/843 1398/1290/844 1397/1291/845 1389/1292/846
f 1388/1293/847 1396/1294/848 1395/1295/849 1387/1296/850
f 1451/1297/851 1394/1285/839 1393/1288/842 1376/1298/852
f 1391/1299/853 1390/1300/843 1389/1301/846 1392/1302/854
f 1464/1303/855 1388/1293/847 1387/1296/850 1381/1304/856
f 1472/1305/857 1471/1281/835 1361/1284/838 1328/1306/858
f 1452/1307/859 1451/1297/851 1376/1298/852 1374/1308/860
f 1470/1309/861 1472/1305/857 1328/1306/858 1340/1310/862
f 1453/1311/863 1452/1307/859 1374/1308/860 1373/1312/864
f 1473/1313/865 1474/1314/866 1321/1315/867 1325/1316/868
f 1466/1317/869 1464/1303/855 1381/1304/856 1354/1318/870
f 1469/1319/871 1473/1313/865 1325/1316/868 1320/1320/872
f 1462/1321/873 1466/1317/869 1354/1318/870 1359/1322/874
f 1467/1323/875 1468/1324/876 1352/1325/877 1353/1326/878
f 1456/1327/879 1453/1311/863 1373/1312/864 1370/1328/880
f 1465/1329/881 1469/1319/871 1320/1320/872 1312/1330/882
f 1463/1331/883 1467/1323/875 1353/1326/878 1351/1332/884
f 1255/1333/885 1456/1327/879 1370/1328/880 1378/1334/886
f 1461/1335/887 1465/1329/881 1312/1330/882 1309/1336/888
f 1457/1337/889 1458/1338/890 1368/1339/891 1369/1340/892
f 1460/1341/893 1463/1331/883 1351/1332/884 1349/1342/894
f 1454/1343/895 1457/1337/889 1369/1340/892 1367/1344/896
f 1455/1345/897 1461/1335/887 1309/1336/888 1306/1346/898
f 1260/1347/899 1460/1341/893 1349/1342/894 1348/1348/900
f 1280/1349/901 1276/1350/902 1385/1351/903 1386/1352/904
f 1459/1353/905 1455/1345/897 1306/1346/898 1301/1354/906
f 1271/1355/907 1454/1343/895 1367/1344/896 1365/1356/908
f 1272/1357/909 1280/1349/901 1386/1352/904 1384/1358/910
f 1257/1359/911 1260/1347/899 1348/1348/900 1346/1360/912
f 1265/1361/913 1271/1355/907 1365/1356/908 1364/1362/914
f 1439/1363/915 1392/1302/854 1379/1364/916 1476/1365/917
f 1437/1366/918 1443/1367/919 1490/1368/920 1489/1369/921
f 1435/1370/922 1441/1371/923 1511/1372/924 1510/1373/925
f 1431/1374/926 1439/1363/915 1476/1365/917 1288/1375/927
f 1352/1325/877 1437/1366/918 1489/1369/921 1488/1376/928
f 1423/1377/929 1435/1370/922 1510/1373/925 1329/1378/930
f 1429/1379/931 1340/1310/862 1281/1380/932 1292/1381/933
f 1427/1382/934 1433/1383/935 1284/1384/936 1298/1385/937
f 1425/1386/938 1431/1374/926 1288/1375/927 1307/1387/939
f 1421/1388/940 1429/1379/931 1292/1381/933 1330/1389/941
f 1368/1339/891 1427/1382/934 1298/1385/937 1296/1390/942
f 1415/1391/943 1425/1392/938 1307/1393/939 1344/1394/944
f 1419/1395/945 1359/1322/874 1316/1396/946 1331/1397/947
f 1417/1398/948 1423/1377/929 1329/1378/930 1341/1399/949
f 1413/1400/950 1421/1388/940 1330/1389/941 1347/1401/951
f 1409/1402/952 1419/1395/945 1331/1397/947 1356/1403/953
f 1385/1351/903 1417/1398/948 1341/1399/949 1336/1404/954
f 1411/1405/955 1415/1391/943 1344/1394/944 1355/1406/956
f 1405/1407/957 1413/1400/950 1347/1401/951 1358/1408/958
f 1407/1409/959 1378/1334/886 1350/1410/960 1357/1411/961
f 1397/1291/845 1411/1405/955 1355/1406/956 1371/1412/962
f 1403/1413/963 1409/1402/952 1356/1403/953 1360/1414/964
f 1399/1287/841 1407/1409/959 1357/1411/961 1366/1415/965
f 1401/1283/837 1405/1407/957 1358/1408/958 1363/1416/966
f 1395/1295/849 1403/1413/963 1360/1414/964 1372/1417/967
f 1361/1284/838 1401/1283/837 1363/1416/966 1362/1418/968
f 1393/1288/842 1399/1287/841 1366/1415/965 1377/1419/969
f 1389/1292/846 1397/1291/845 1371/1412/962 1380/1420/970
f 1387/1296/850 1395/1295/849 1372/1417/967 1383/1421/971
f 1376/1298/852 1393/1288/842 1377/1419/969 1375/1422/972
f 1392/1302/854 1389/1301/846 1380/1423/970 1379/1364/916
f 1381/1304/856 1387/1296/850 1383/1421/971 1382/1424/973
f 1396/1294/848 1404/1425/974 1403/1413/963 1395/1295/849
f 1402/1282/836 1406/1426/975 1405/1407/957 1401/1283/837
f 1400/1286/840 1408/1427/976 1407/1409/959 1399/1287/841
f 1404/1425/974 1410/1428/977 1409/1402/952 1403/1413/963
f 1398/1290/844 1412/1429/978 1411/1405/955 1397/1291/845
f 1408/1427/976 1255/1333/885 1378/1334/886 1407/1409/959
f 1406/1426/975 1414/1430/979 1413/1400/950 1405/1407/957
f 1412/1429/978 1416/1431/980 1415/1391/943 1411/1405/955
f 1276/1350/902 1418/1432/981 1417/1398/948 1385/1351/903
f 1410/1428/977 1420/1433/982 1419/1395/945 1409/1402/952
f 1414/1430/979 1422/1434/983 1421/1388/940 1413/1400/950
f 1418/1432/981 1424/1435/984 1423/1377/929 1417/1398/948
f 1420/1433/982 1462/1321/873 1359/1322/874 1419/1395/945
f 1416/1431/980 1426/1436/985 1425/1392/938 1415/1391/943
f 1458/1338/890 1428/1437/986 1427/1382/934 1368/1339/891
f 1422/1434/983 1430/1438/987 1429/1379/931 1421/1388/940
f 1426/1439/985 1432/1440/988 1431/1374/926 1425/1386/938
f 1428/1437/986 1434/1441/989 1433/1383/935 1427/1382/934
f 1430/1438/987 1470/1309/861 1340/1310/862 1429/1379/931
f 1424/1435/984 1436/1442/990 1435/1370/922 1423/1377/929
f 1468/1324/876 1438/1443/991 1437/1366/918 1352/1325/877
f 1432/1440/988 1440/1444/992 1439/1363/915 1431/1374/926
f 1436/1442/990 1442/1445/993 1441/1371/923 1435/1370/922
f 1438/1443/991 1444/1446/994 1443/1367/919 1437/1366/918
f 1440/1444/992 1391/1299/853 1392/1302/854 1439/1363/915
f 1434/1441/989 1446/1447/995 1445/1448/996 1433/1383/935
f 1474/1314/866 1448/1449/997 1447/1450/998 1321/1315/867
f 1442/1445/993 1450/1451/999 1449/1452/1000 1441/1371/923
f 1446/1447/995 1265/1361/913 1364/1362/914 1445/1448/996
f 1448/1449/997 1459/1353/905 1301/1354/906 1447/1450/998
f 1450/1451/999 1272/1357/909 1384/1358/910 1449/1452/1000
f 1444/1446/994 1257/1359/911 1346/1360/912 1443/1367/919
f 1315/1244/799 1308/1243/798 1210/1453/1001 1205/1454/1002
f 1303/1245/800 1304/1240/795 1212/1455/1003 1213/1456/1004
f 1327/1246/801 1315/1244/799 1205/1454/1002 1197/1457/1005
f 1273/1247/802 1274/1242/797 1233/1458/1006 1234/1459/1007
f 1300/1248/803 1303/1245/800 1213/1456/1004 1215/1460/1008
f 1335/1250/805 1324/1249/804 1199/1461/1009 1193/1462/1010
f 1269/1251/806 1273/1247/802 1234/1459/1007 1236/1463/1011
f 1326/1252/807 1327/1246/801 1197/1457/1005 1198/1464/1012
f 1332/1253/808 1335/1250/805 1193/1462/1010 1196/1465/1013
f 1299/1254/809 1300/1248/803 1215/1460/1008 1216/1466/1014
f 1323/1255/810 1326/1252/807 1198/1464/1012 1200/1467/1015
f 1295/1256/811 1299/1254/809 1216/1466/1014 1218/1468/1016
f 1345/1257/812 1332/1253/808 1196/1465/1013 1187/1469/1017
f 1268/1258/813 1269/1251/806 1236/1463/1011 1237/1470/1018
f 1322/1259/814 1323/1255/810 1200/1467/1015 1201/1471/1019
f 1343/1260/815 1345/1257/812 1187/1469/1017 1188/1472/1020
f 1267/1231/786 1268/1258/813 1237/1470/1018 1238/1473/1021
f 1319/1261/816 1322/1259/814 1201/1471/1019 1202/1474/1022
f 1266/1262/817 1251/1225/780 1250/1475/1023 1239/1476/1024
f 1294/1263/818 1295/1256/811 1218/1468/1016 1219/1477/1025
f 1342/1264/819 1343/1260/815 1188/1472/1020 1189/1478/1026
f 1263/1265/820 1266/1262/817 1239/1476/1024 1241/1479/1027
f 1287/1236/791 1294/1263/818 1219/1477/1025 1224/1480/1028
f 1339/1266/821 1342/1264/819 1189/1478/1026 1190/1481/1029
f 1293/1267/822 1261/1229/784 1243/1482/1030 1220/1483/1031
f 1318/1268/823 1319/1261/816 1202/1474/1022 1203/1484/1032
f 1262/1269/824 1263/1265/820 1241/1479/1027 1242/1485/1033
f 1290/1270/825 1293/1267/822 1220/1483/1031 1222/1486/1034
f 1308/1243/798 1318/1268/823 1203/1484/1032 1210/1453/1001
f 1259/1272/826 1262/1271/824 1242/1487/1033 1244/1488/1035
f 1317/1273/827 1282/1235/790 1228/1489/1036 1204/1490/1037
f 1338/1274/828 1339/1266/821 1190/1481/1029 1191/1491/1038
f 1289/1275/829 1290/1270/825 1222/1486/1034 1223/1492/1039
f 1314/1276/830 1317/1273/827 1204/1490/1037 1206/1493/1040
f 1324/1249/804 1338/1274/828 1191/1491/1038 1199/1461/1009
f 1258/1277/831 1259/1272/826 1244/1488/1035 1245/1494/1041
f 1286/1278/832 1289/1275/829 1223/1492/1039 1225/1495/1042
f 1337/1279/833 1302/1241/796 1214/1496/1043 1192/1497/1044
f 1253/1219/775 1258/1277/831 1245/1494/1041 1248/1498/1045
f 1313/1280/834 1314/1276/830 1206/1493/1040 1207/1499/1046
f 1334/1217/773 1337/1279/833 1192/1497/1044 1194/1500/1047
f 1285/1215/771 1286/1278/832 1225/1495/1042 1226/1501/1048
f 1311/1221/777 1313/1280/834 1207/1499/1046 1208/1502/1049
f 1254/1216/772 1285/1215/771 1226/1501/1048 1247/1503/1050
f 1333/1218/774 1334/1217/773 1194/1500/1047 1195/1504/1051
f 1252/1220/776 1253/1219/775 1248/1498/1045 1249/1505/1052
f 1310/1222/778 1311/1221/777 1208/1502/1049 1209/1506/1053
f 1256/1223/779 1333/1218/774 1195/1504/1051 1246/1507/1054
f 1251/1225/780 1252/1224/776 1249/1508/1052 1250/1475/1023
f 1275/1226/781 1310/1222/778 1209/1506/1053 1232/1509/1055
f 1264/1227/782 1254/1216/772 1247/1503/1050 1240/1510/1056
f 1270/1228/783 1256/1223/779 1246/1507/1054 1235/1511/1057
f 1261/1229/784 1264/1227/782 1240/1510/1056 1243/1482/1030
f 1291/1230/785 1270/1228/783 1235/1511/1057 1221/1512/1058
f 1279/1232/787 1267/1231/786 1238/1473/1021 1229/1513/1059
f 1283/1233/788 1275/1226/781 1232/1509/1055 1227/1514/1060
f 1278/1234/789 1279/1232/787 1229/1513/1059 1230/1515/1061
f 1282/1235/790 1283/1233/788 1227/1514/1060 1228/1489/1036
f 1297/1237/792 1287/1236/791 1224/1480/1028 1217/1516/1062
f 1305/1238/793 1291/1230/785 1221/1512/1058 1211/1517/1063
f 1277/1239/794 1278/1234/789 1230/1515/1061 1231/1518/1064
f 1304/1240/795 1297/1237/792 1217/1516/1062 1212/1455/1003
f 1302/1241/796 1305/1238/793 1211/1517/1063 1214/1496/1043
f 1274/1242/797 1277/1239/794 1231/1518/1064 1233/1458/1006
f 1228/1489/1036 1227/1514/1060 1466/1317/869 1462/1321/873
f 1230/1515/1061 1229/1513/1059 1473/1313/865 1469/1319/871
f 1227/1514/1060 1232/1509/1055 1464/1303/855 1466/1317/869
f 1229/1513/1059 1238/1473/1021 1474/1314/866 1473/1313/865
f 1221/1512/1058 1235/1511/1057 1452/1307/859 1453/1311/863
f 1243/1482/1030 1240/1510/1056 1472/1305/857 1470/1309/861
f 1235/1511/1057 1246/1507/1054 1451/1297/851 1452/1307/859
f 1240/1510/1056 1247/1503/1050 1471/1281/835 1472/1305/857
f 1232/1509/1055 1209/1506/1053 1388/1293/847 1464/1303/855
f 1250/1475/1023 1249/1508/1052 1390/1300/843 1391/1299/853
f 1246/1507/1054 1195/1504/1051 1394/1285/839 1451/1297/851
f 1209/1506/1053 1208/1502/1049 1396/1294/848 1388/1293/847
f 1249/1505/1052 1248/1498/1045 1398/1290/844 1390/1289/843
f 1195/1504/1051 1194/1500/1047 1400/1286/840 1394/1285/839
f 1247/1503/1050 1226/1501/1048 1402/1282/836 1471/1281/835
f 1208/1502/1049 1207/1499/1046 1404/1425/974 1396/1294/848
f 1226/1501/1048 1225/1495/1042 1406/1426/975 1402/1282/836
f 1194/1500/1047 1192/1497/1044 1408/1427/976 1400/1286/840
f 1207/1499/1046 1206/1493/1040 1410/1428/977 1404/1425/974
f 1248/1498/1045 1245/1494/1041 1412/1429/978 1398/1290/844
f 1192/1497/1044 1214/1496/1043 1255/1333/885 1408/1427/976
f 1225/1495/1042 1223/1492/1039 1414/1430/979 1406/1426/975
f 1245/1494/1041 1244/1488/1035 1416/1431/980 1412/1429/978
f 1199/1461/1009 1191/1491/1038 1418/1432/981 1276/1350/902
f 1206/1493/1040 1204/1490/1037 1420/1433/982 1410/1428/977
f 1223/1492/1039 1222/1486/1034 1422/1434/983 1414/1430/979
f 1191/1491/1038 1190/1481/1029 1424/1435/984 1418/1432/981
f 1204/1490/1037 1228/1489/1036 1462/1321/873 1420/1433/982
f 1244/1488/1035 1242/1487/1033 1426/1436/985 1416/1431/980
f 1210/1453/1001 1203/1484/1032 1428/1437/986 1458/1338/890
f 1222/1486/1034 1220/1483/1031 1430/1438/987 1422/1434/983
f 1242/1485/1033 1241/1479/1027 1432/1440/988 1426/1439/985
f 1203/1484/1032 1202/1474/1022 1434/1441/989 1428/1437/986
f 1220/1483/1031 1243/1482/1030 1470/1309/861 1430/1438/987
f 1190/1481/1029 1189/1478/1026 1436/1442/990 1424/1435/984
f 1224/1480/1028 1219/1477/1025 1438/1443/991 1468/1324/876
f 1241/1479/1027 1239/1476/1024 1440/1444/992 1432/1440/988
f 1189/1478/1026 1188/1472/1020 1442/1445/993 1436/1442/990
f 1219/1477/1025 1218/1468/1016 1444/1446/994 1438/1443/991
f 1239/1476/1024 1250/1475/1023 1391/1299/853 1440/1444/992
f 1202/1474/1022 1201/1471/1019 1446/1447/995 1434/1441/989
f 1238/1473/1021 1237/1470/1018 1448/1449/997 1474/1314/866
f 1188/1472/1020 1187/1469/1017 1450/1451/999 1442/1445/993
f 1201/1471/1019 1200/1467/1015 1265/1361/913 1446/1447/995
f 1237/1470/1018 1236/1463/1011 1459/1353/905 1448/1449/997
f 1187/1469/1017 1196/1465/1013 1272/1357/909 1450/1451/999
f 1218/1468/1016 1216/1466/1014 1257/1359/911 1444/1446/994
f 1200/1467/1015 1198/1464/1012 1271/1355/907 1265/1361/913
f 1216/1466/1014 1215/1460/1008 1260/1347/899 1257/1359/911
f 1196/1465/1013 1193/1462/1010 1280/1349/901 1272/1357/909
f 1198/1464/1012 1197/1457/1005 1454/1343/895 1271/1355/907
f 1236/1463/1011 1234/1459/1007 1455/1345/897 1459/1353/905
f 1193/1462/1010 1199/1461/1009 1276/1350/902 1280/1349/901
f 1215/1460/1008 1213/1456/1004 1460/1341/893 1260/1347/899
f 1234/1459/1007 1233/1458/1006 1461/1335/887 1455/1345/897
f 1197/1457/1005 1205/1454/1002 1457/1337/889 1454/1343/895
f 1213/1456/1004 1212/1455/1003 1463/1331/883 1460/1341/893
f 1205/1454/1002 1210/1453/1001 1458/1338/890 1457/1337/889
f 1233/1458/1006 1231/1518/1064 1465/1329/881 1461/1335/887
f 1214/1496/1043 1211/1517/1063 1456/1327/879 1255/1333/885
f 1212/1455/1003 1217/1516/1062 1467/1323/875 1463/1331/883
f 1231/1518/1064 1230/1515/1061 1469/1319/871 1465/1329/881
f 1211/1517/1063 1221/1512/1058 1453/1311/863 1456/1327/879
f 1217/1516/1062 1224/1480/1028 1468/1324/876 1467/1323/875
f 1380/1420/970 1371/1412/962 1475/1519/1065 1379/1520/916
f 1355/1406/956 1344/1394/944 1475/1519/1065 1371/1412/962
f 1307/1387/939 1288/1375/927 1475/1519/1065 1344/1521/944
f 1476/1365/917 1379/1364/916 1475/1519/1065 1288/1375/927
f 1478/1522/1066 1479/1523/1067 1480/1524/1068 1477/1525/1069
f 1481/1526/1070 1482/1527/1071 1480/1524/1068 1479/1523/1067
f 1483/1528/1072 1484/1529/1073 1480/1524/1068 1482/1527/1071
f 1485/1530/1074 1477/1525/1069 1480/1524/1068 1484/1529/1073
f 1486/1531/1075 1362/1418/968 1487/1532/1076 1281/1380/932
f 1363/1416/966 1358/1408/958 1487/1532/1076 1362/1418/968
f 1347/1401/951 1330/1389/941 1487/1532/1076 1358/1408/958
f 1292/1381/933 1281/1380/932 1487/1532/1076 1330/1389/941
f 1489/1369/921 1490/1368/920 1491/1533/1077 1488/1376/928
f 1492/1534/1078 1493/1535/1079 1491/1533/1077 1490/1368/920
f 1494/1536/1080 1495/1537/1081 1491/1533/1077 1493/1535/1079
f 1496/1538/1082 1488/1376/928 1491/1533/1077 1495/1537/1081
f 1497/1539/1083 1382/1424/973 1498/1540/1084 1316/1396/946
f 1383/1421/971 1372/1417/967 1498/1540/1084 1382/1424/973
f 1360/1414/964 1356/1403/953 1498/1540/1084 1372/1417/967
f 1331/1397/947 1316/1396/946 1498/1540/1084 1356/1403/953
f 1298/1385/937 1284/1384/936 1499/1541/1085 1296/1390/942
f 1500/1542/1086 1501/1543/1087 1499/1541/1085 1284/1384/936
f 1502/1544/1088 1503/1545/1089 1499/1541/1085 1501/1543/1087
f 1504/1546/1090 1296/1390/942 1499/1541/1085 1503/1545/1089
f 1505/1547/1091 1506/1548/1092 1507/1549/1093 1350/1410/960
f 1508/1550/1094 1375/1422/972 1507/1549/1093 1506/1548/1092
f 1377/1419/969 1366/1415/965 1507/1549/1093 1375/1422/972
f 1357/1411/961 1350/1410/960 1507/1549/1093 1366/1415/965
f 1341/1399/949 1329/1378/930 1509/1551/1095 1336/1404/954
f 1510/1373/925 1511/1372/924 1509/1551/1095 1329/1378/930
f 1512/1552/1096 1513/1553/1097 1509/1551/1095 1511/1372/924
f 1514/1554/1098 1336/1404/954 1509/1551/1095 1513/1553/1097
f 1433/1383/935 1445/1448/996 1500/1542/1086 1284/1384/936
f 1321/1315/867 1447/1450/998 1478/1522/1066 1477/1525/1069
f 1441/1371/923 1449/1452/1000 1512/1552/1096 1511/1372/924
f 1445/1448/996 1364/1362/914 1501/1543/1087 1500/1542/1086
f 1447/1450/998 1301/1354/906 1479/1523/1067 1478/1522/1066
f 1449/1452/1000 1384/1358/910 1513/1553/1097 1512/1552/1096
f 1443/1367/919 1346/1360/912 1492/1534/1078 1490/1368/920
f 1364/1362/914 1365/1356/908 1502/1544/1088 1501/1543/1087
f 1346/1360/912 1348/1348/900 1493/1535/1079 1492/1534/1078
f 1384/1358/910 1386/1352/904 1514/1554/1098 1513/1553/1097
f 1365/1356/908 1367/1344/896 1503/1545/1089 1502/1544/1088
f 1301/1354/906 1306/1346/898 1481/1526/1070 1479/1523/1067
f 1386/1352/904 1385/1351/903 1336/1404/954 1514/1554/1098
f 1348/1348/900 1349/1342/894 1494/1536/1080 1493/1535/1079
f 1306/1346/898 1309/1336/888 1482/1527/1071 1481/1526/1070
f 1367/1344/896 1369/1340/892 1504/1546/1090 1503/1545/1089
f 1349/1342/894 1351/1332/884 1495/1537/1081 1494/1536/1080
f 1369/1340/892 1368/1339/891 1296/1390/942 1504/1546/1090
f 1309/1336/888 1312/1330/882 1483/1528/1072 1482/1527/1071
f 1378/1334/886 1370/1328/880 1505/1547/1091 1350/1410/960
f 1351/1332/884 1353/1326/878 1496/1538/1082 1495/1537/1081
f 1312/1330/882 1320/1320/872 1484/1529/1073 1483/1528/1072
f 1370/1328/880 1373/1312/864 1506/1548/1092 1505/1547/1091
f 1353/1326/878 1352/1325/877 1488/1376/928 1496/1538/1082
f 1359/1322/874 1354/1318/870 1497/1539/1083 1316/1396/946
f 1320/1320/872 1325/1316/868 1485/1530/1074 1484/1529/1073
f 1354/1318/870 1381/1304/856 1382/1424/973 1497/1539/1083
f 1325/1316/868 1321/1315/867 1477/1525/1069 1485/1530/1074
f 1373/1312/864 1374/1308/860 1508/1550/1094 1506/1548/1092
f 1340/1310/862 1328/1306/858 1486/1531/1075 1281/1380/932
f 1374/1308/860 1376/1298/852 1375/1422/972 1508/1550/1094
f 1328/1306/858 1361/1284/838 1362/1418/968 1486/1531/1075
usemtl COJIN.001
f 1531/1555/1099 1532/1556/1100 1533/1557/1101 1534/1558/1102 1535/1559/1103 1536/1560/1104 1537/1561/1105 1538/1562/1106
f 1539/1563/1107 1540/1564/1108 1516/1565/1109 1518/1566/1110
f 1518/1567/1110 1516/1568/1109 1515/1569/1111 1517/1570/1112
f 1541/1571/1113 1539/1563/1107 1518/1572/1110 1520/1573/1114
f 1520/1574/1114 1518/1575/1110 1517/1570/1112 1519/1576/1115
f 1542/1577/1116 1541/1571/1113 1520/1578/1114 1522/1579/1117
f 1522/1580/1117 1520/1581/1114 1519/1576/1115 1521/1582/1118
f 1543/1583/1119 1542/1577/1116 1522/1584/1117 1524/1585/1120
f 1524/1586/1120 1522/1587/1117 1521/1582/1118 1523/1588/1121
f 1544/1589/1122 1543/1583/1119 1524/1590/1120 1526/1591/1123
f 1526/1592/1123 1524/1593/1120 1523/1588/1121 1525/1594/1124
f 1545/1595/1125 1544/1589/1122 1526/1596/1123 1528/1597/1126
f 1528/1598/1126 1526/1599/1123 1525/1594/1124 1527/1600/1127
f 1546/1601/1128 1545/1595/1125 1528/1602/1126 1530/1603/1129
f 1530/1604/1129 1528/1605/1126 1527/1600/1127 1529/1606/1130
f 1540/1607/1108 1546/1601/1128 1530/1608/1129 1516/1609/1109
f 1516/1610/1109 1530/1611/1129 1529/1606/1130 1515/1569/1111
f 1517/1570/1112 1515/1569/1111 1532/1556/1100 1531/1555/1099
f 1515/1569/1111 1529/1606/1130 1533/1557/1101 1532/1556/1100
f 1529/1606/1130 1527/1600/1127 1534/1558/1102 1533/1557/1101
f 1527/1600/1127 1525/1594/1124 1535/1559/1103 1534/1558/1102
f 1525/1594/1124 1523/1588/1121 1536/1560/1104 1535/1559/1103
f 1523/1588/1121 1521/1582/1118 1537/1561/1105 1536/1560/1104
f 1521/1582/1118 1519/1576/1115 1538/1562/1106 1537/1561/1105
f 1519/1576/1115 1517/1570/1112 1531/1555/1099 1538/1562/1106
f 1540/1564/1108 1539/1563/1107 1547/1612/1131 1548/1613/1132
f 1541/1571/1113 1542/1577/1116 1550/1614/1133 1549/1615/1134
f 1543/1583/1119 1544/1589/1122 1552/1616/1135 1551/1617/1136
f 1546/1601/1128 1540/1607/1108 1548/1618/1132 1554/1619/1137
f 1545/1595/1125 1546/1601/1128 1554/1619/1137 1553/1620/1138
f 1539/1563/1107 1541/1571/1113 1549/1615/1134 1547/1612/1131
f 1542/1577/1116 1543/1583/1119 1551/1617/1136 1550/1614/1133
f 1544/1589/1122 1545/1595/1125 1553/1620/1138 1552/1616/1135
f 1551/1617/1136 1552/1616/1135 1560/1621/1139 1559/1622/1140
f 1549/1615/1134 1550/1614/1133 1558/1623/1141 1557/1624/1142
f 1548/1613/1132 1547/1612/1131 1555/1625/1143 1556/1626/1144
f 1553/1620/1138 1554/1619/1137 1562/1627/1145 1561/1628/1146
f 1552/1616/1135 1553/1620/1138 1561/1628/1146 1560/1621/1139
f 1550/1614/1133 1551/1617/1136 1559/1622/1140 1558/1623/1141
f 1547/1612/1131 1549/1615/1134 1557/1624/1142 1555/1625/1143
f 1554/1619/1137 1548/1618/1132 1556/1629/1144 1562/1627/1145
f 1562/1627/1145 1556/1629/1144 1564/1630/2 1570/1631/2
f 1559/1622/1140 1560/1621/1139 1568/1632/2 1567/1633/2
f 1557/1624/1142 1558/1623/1141 1566/1634/2 1565/1635/2
f 1556/1626/1144 1555/1625/1143 1563/1636/2 1564/1637/2
f 1561/1628/1146 1562/1627/1145 1570/1631/2 1569/1638/2
f 1560/1621/1139 1561/1628/1146 1569/1638/2 1568/1632/2
f 1558/1623/1141 1559/1622/1140 1567/1633/2 1566/1634/2
f 1555/1625/1143 1557/1624/1142 1565/1635/2 1563/1636/2
