# Blender v3.6.3 OBJ File: 'Pillow Forest.blend'
# www.blender.org
mtllib Stars.mtl
o Stars_Cube.011
v -6.495416 12.303763 -7.799557
v -6.251186 12.178301 -7.770030
v -6.397100 12.444196 -8.016060
v -6.152871 12.318733 -7.986534
v -6.578763 12.101777 -7.968421
v -6.334534 11.976315 -7.938895
v -6.480448 12.242209 -8.184924
v -6.236218 12.116747 -8.155398
v -6.392655 12.402723 -7.753551
v -6.238352 12.323456 -7.734897
v -6.176237 12.412181 -7.871683
v -6.330540 12.491447 -7.890337
v -6.320655 12.450798 -8.144830
v -6.166352 12.371531 -8.126175
v -6.219010 12.243917 -8.232863
v -6.373314 12.323183 -8.251518
v -6.493282 12.097054 -8.220058
v -6.338979 12.017787 -8.201404
v -6.401094 11.929063 -8.064617
v -6.555397 12.008329 -8.083272
v -6.565282 12.048979 -7.828780
v -6.410978 11.969712 -7.810125
v -6.358320 12.097327 -7.703437
v -6.512623 12.176594 -7.722091
v -6.546868 12.440912 -8.021353
v -6.599526 12.313297 -8.128040
v -6.661642 12.224573 -7.991254
v -6.608983 12.352188 -7.884566
v -6.122651 12.068323 -8.070389
v -6.069992 12.195937 -7.963700
v -6.132107 12.107213 -7.826914
v -6.184766 11.979598 -7.933602
v -6.272714 12.575150 -7.638336
v -6.189264 12.532282 -7.628247
v -6.239120 12.623135 -7.712312
v -6.155671 12.580266 -7.702223
v -6.130998 12.478803 -8.337445
v -6.214448 12.521671 -8.347534
v -6.242927 12.452655 -8.405232
v -6.159477 12.409786 -8.395144
v -6.458920 11.845360 -8.316619
v -6.542370 11.888228 -8.326708
v -6.575963 11.840244 -8.252731
v -6.492514 11.797376 -8.242642
v -6.517186 11.898839 -7.607421
v -6.600636 11.941708 -7.617510
v -6.572157 12.010724 -7.559811
v -6.488707 11.967855 -7.549722
v -6.807561 12.427980 -8.097029
v -6.779082 12.496996 -8.039330
v -6.812675 12.449013 -7.965353
v -6.841154 12.379996 -8.023052
v -5.890480 12.040514 -7.931902
v -5.918959 11.971498 -7.989602
v -5.952552 11.923514 -7.915625
v -5.924073 11.992531 -7.857926
v -6.164467 12.748404 -7.515292
v -6.134392 12.732954 -7.511656
v -6.152360 12.765697 -7.541953
v -6.122285 12.750247 -7.538317
v -6.083260 12.589758 -8.543075
v -6.113335 12.605207 -8.546711
v -6.123599 12.580335 -8.567505
v -6.093524 12.564885 -8.563869
v -6.567167 11.672107 -8.439663
v -6.597242 11.687556 -8.443299
v -6.609349 11.670263 -8.416638
v -6.579274 11.654814 -8.413002
v -6.618299 11.815303 -7.408244
v -6.648374 11.830752 -7.411880
v -6.638111 11.855625 -7.391086
v -6.608036 11.840176 -7.387450
v -7.016705 12.541306 -8.080006
v -7.006442 12.566178 -8.059211
v -7.018548 12.548885 -8.032551
v -7.028811 12.524012 -8.053345
v -5.702822 11.896499 -7.901610
v -5.713086 11.871626 -7.922404
v -5.725193 11.854332 -7.895744
v -5.714929 11.879206 -7.874949
v -6.118244 12.825746 -7.459119
v -6.108948 12.820970 -7.457995
v -6.114502 12.831091 -7.467360
v -6.105206 12.826315 -7.466236
v -6.059859 12.639832 -8.633732
v -6.069156 12.644608 -8.634855
v -6.072329 12.636919 -8.641283
v -6.063032 12.632144 -8.640160
v -6.613389 11.594765 -8.495836
v -6.622686 11.599541 -8.496960
v -6.626429 11.594195 -8.488719
v -6.617132 11.589419 -8.487595
v -6.662478 11.775903 -7.320099
v -6.671775 11.780678 -7.321223
v -6.668602 11.788366 -7.314795
v -6.659306 11.783591 -7.313672
v -7.110088 12.591568 -8.074825
v -7.106916 12.599257 -8.068398
v -7.110658 12.593911 -8.060156
v -7.113831 12.586223 -8.066584
v -5.617803 11.834288 -7.888371
v -5.620976 11.826599 -7.894799
v -5.624718 11.821254 -7.886558
v -5.621546 11.828942 -7.880130
v 1.959561 16.878223 -17.103319
v 2.203481 17.023705 -16.914200
v 1.983412 17.132456 -17.329649
v 2.227331 17.277935 -17.140528
v 2.196969 16.703213 -17.274889
v 2.440887 16.848692 -17.085770
v 2.220820 16.957443 -17.501219
v 2.464738 17.102924 -17.312098
v 1.895784 17.035168 -17.028454
v 2.049891 17.127081 -16.908968
v 2.064960 17.287704 -17.051962
v 1.910854 17.195789 -17.171448
v 2.083385 17.248106 -17.434214
v 2.237492 17.340019 -17.314730
v 2.387485 17.229448 -17.423126
v 2.233379 17.137535 -17.542612
v 2.374409 16.854067 -17.506451
v 2.528515 16.945980 -17.386963
v 2.513446 16.785358 -17.243969
v 2.359340 16.693443 -17.363455
v 2.186808 16.641129 -17.100689
v 2.340915 16.733044 -16.981203
v 2.190921 16.843615 -16.872807
v 2.036815 16.751699 -16.992292
v 1.906554 16.984142 -17.409643
v 2.056547 16.873569 -17.518040
v 2.041478 16.712946 -17.375046
v 1.891484 16.823519 -17.266649
v 2.532815 17.157629 -17.148767
v 2.382821 17.268202 -17.040371
v 2.367753 17.107578 -16.897377
v 2.517746 16.997007 -17.005775
v 1.734512 17.240665 -16.889235
v 1.817857 17.290375 -16.824615
v 1.742663 17.327534 -16.966568
v 1.826006 17.377243 -16.901947
v 2.256651 17.507824 -17.557823
v 2.173308 17.458117 -17.622444
v 2.254427 17.398317 -17.681067
v 2.337770 17.448025 -17.616446
v 2.689788 16.740482 -17.526184
v 2.606444 16.690773 -17.590803
v 2.598293 16.603905 -17.513470
v 2.681638 16.653614 -17.448851
v 2.250993 16.523031 -16.792974
v 2.167648 16.473324 -16.857594
v 2.086530 16.533123 -16.798971
v 2.169873 16.582832 -16.734350
v 1.813049 16.739452 -17.619734
v 1.731931 16.799252 -17.561111
v 1.723781 16.712383 -17.483778
v 1.804900 16.652584 -17.542400
v 2.619399 17.328564 -16.873016
v 2.700520 17.268766 -16.931641
v 2.692370 17.181898 -16.854307
v 2.611251 17.241697 -16.795683
v 1.562060 17.433041 -16.747526
v 1.592096 17.450956 -16.724237
v 1.564998 17.464348 -16.775396
v 1.595035 17.482262 -16.752108
v 2.276205 17.688812 -17.789536
v 2.246168 17.670897 -17.812824
v 2.275404 17.649345 -17.833952
v 2.305440 17.667259 -17.810663
v 2.862240 16.548107 -17.667891
v 2.832203 16.530193 -17.691179
v 2.829266 16.498886 -17.663309
v 2.859303 16.516800 -17.640020
v 2.178131 16.310251 -16.602592
v 2.148095 16.292337 -16.625881
v 2.118859 16.313889 -16.604753
v 2.148896 16.331802 -16.581465
v 1.577257 16.607187 -17.736940
v 1.548022 16.628738 -17.715813
v 1.545085 16.597433 -17.687943
v 1.574320 16.575882 -17.709070
v 2.849980 17.405268 -16.706348
v 2.879214 17.383717 -16.727474
v 2.876278 17.352409 -16.699604
v 2.847042 17.373960 -16.678476
v 1.483294 17.516506 -16.683956
v 1.492580 17.522043 -16.676756
v 1.484203 17.526182 -16.692572
v 1.493487 17.531719 -16.685371
v 2.284986 17.771723 -17.890829
v 2.275701 17.766186 -17.898027
v 2.284738 17.759523 -17.904558
v 2.294023 17.765060 -17.897358
v 2.941005 16.464643 -17.731462
v 2.931721 16.459105 -17.738661
v 2.930813 16.449429 -17.730045
v 2.940097 16.454966 -17.722847
v 2.148600 16.214964 -16.517391
v 2.139315 16.209425 -16.524590
v 2.130278 16.216087 -16.518059
v 2.139563 16.221624 -16.510859
v 1.473515 16.548573 -17.791834
v 1.464478 16.555233 -17.785303
v 1.463570 16.545555 -17.776688
v 1.472606 16.538895 -17.783218
v 2.951694 17.442255 -16.632200
v 2.960731 17.435593 -16.638731
v 2.959823 17.425915 -16.630116
v 2.950785 17.432575 -16.623585
v 15.616473 17.832815 -14.971327
v 15.715453 18.126760 -14.916021
v 15.473821 17.930410 -15.234737
v 15.572803 18.224356 -15.179432
v 15.879367 17.775101 -15.135082
v 15.978347 18.069046 -15.079777
v 15.736714 17.872698 -15.398494
v 15.835694 18.166643 -15.343187
v 15.483218 17.932386 -14.931644
v 15.545754 18.118099 -14.896703
v 15.455628 18.179762 -15.063126
v 15.393092 17.994047 -15.098066
v 15.472497 18.020386 -15.380162
v 15.535033 18.206100 -15.345221
v 15.701127 18.169636 -15.448681
v 15.638595 17.983921 -15.483624
v 15.906411 17.881357 -15.417812
v 15.968947 18.067070 -15.382870
v 16.059074 18.005411 -15.216448
v 15.996539 17.819696 -15.251390
v 15.917134 17.793358 -14.969295
v 15.979669 17.979073 -14.934353
v 15.813575 18.015535 -14.830892
v 15.751039 17.829823 -14.865833
v 15.501338 17.761816 -15.242733
v 15.667436 17.725353 -15.346193
v 15.757562 17.663691 -15.179771
v 15.591466 17.700155 -15.076311
v 15.860702 18.299303 -15.238204
v 15.694604 18.335766 -15.134743
v 15.784732 18.274105 -14.968321
v 15.950828 18.237640 -15.071781
v 15.255290 18.037828 -14.823801
v 15.289109 18.138266 -14.804903
v 15.206546 18.071177 -14.913805
v 15.240367 18.171614 -14.894907
v 15.438567 18.237354 -15.599028
v 15.404748 18.136917 -15.617925
v 15.494575 18.117195 -15.673878
v 15.528396 18.217634 -15.654981
v 16.196877 17.961630 -15.490714
v 16.163055 17.861191 -15.509611
v 16.211800 17.827845 -15.419607
v 16.245621 17.928282 -15.400710
v 16.047421 17.862541 -14.696590
v 16.013599 17.762104 -14.715487
v 15.923772 17.781824 -14.659534
v 15.957591 17.882261 -14.640636
v 15.566562 17.471800 -15.330849
v 15.476733 17.491518 -15.274895
v 15.525476 17.458172 -15.184891
v 15.615304 17.438450 -15.240845
v 15.836864 18.561007 -15.073671
v 15.926690 18.541286 -15.129623
v 15.975432 18.507938 -15.039619
v 15.885606 18.527660 -14.983665
v 15.027150 18.129648 -14.707407
v 15.039338 18.165846 -14.700596
v 15.009583 18.141666 -14.739843
v 15.021771 18.177864 -14.733032
v 15.335275 18.281849 -15.846771
v 15.323085 18.245651 -15.853581
v 15.355458 18.238544 -15.873747
v 15.367646 18.274742 -15.866936
v 16.425014 17.869808 -15.607109
v 16.412830 17.833611 -15.613919
v 16.430393 17.821592 -15.581482
v 16.442585 17.857792 -15.574673
v 16.129082 17.753805 -14.460934
v 16.116890 17.717607 -14.467745
v 16.084518 17.724716 -14.447578
v 16.096706 17.760912 -14.440767
v 15.469325 17.217690 -15.331161
v 15.436950 17.224796 -15.310996
v 15.454516 17.212780 -15.278560
v 15.486890 17.205673 -15.298725
v 15.965276 18.793785 -15.015791
v 15.997651 18.786678 -15.035955
v 16.015217 18.774658 -15.003517
v 15.982842 18.781767 -14.983353
v 14.925458 18.168221 -14.654072
v 14.929227 18.179411 -14.651966
v 14.920030 18.171936 -14.664099
v 14.923795 18.183125 -14.661993
v 15.288075 18.303953 -15.956120
v 15.284308 18.292763 -15.958225
v 15.294314 18.290567 -15.964458
v 15.298081 18.301756 -15.962353
v 16.526711 17.831236 -15.660442
v 16.522938 17.820045 -15.662548
v 16.528374 17.816332 -15.652521
v 16.532139 17.827522 -15.650415
v 16.167862 17.706694 -14.356289
v 16.164093 17.695505 -14.358395
v 16.154087 17.697701 -14.352161
v 16.157852 17.708891 -14.350056
v 15.426621 17.104366 -15.333993
v 15.416614 17.106564 -15.327760
v 15.422046 17.102850 -15.317734
v 15.432052 17.100651 -15.323967
v 16.020115 18.898806 -14.990549
v 16.030125 18.896608 -14.996782
v 16.035553 18.892893 -14.986755
v 16.025543 18.895090 -14.980522
v 9.657853 17.401381 -18.661179
v 9.804535 17.699951 -18.774025
v 9.345029 17.560524 -18.646736
v 9.491710 17.859097 -18.759581
v 9.594453 17.306919 -18.993523
v 9.741137 17.605490 -19.106367
v 9.281629 17.466063 -18.979080
v 9.428311 17.764633 -19.091925
v 9.657462 17.530638 -18.521006
v 9.750136 17.719275 -18.592300
v 9.552494 17.819820 -18.583176
v 9.459820 17.631184 -18.511881
v 9.211368 17.673899 -18.721817
v 9.304040 17.862534 -18.793112
v 9.263985 17.802855 -19.003086
v 9.171311 17.614218 -18.931791
v 9.336028 17.446741 -19.160805
v 9.428701 17.635376 -19.232098
v 9.626343 17.534830 -19.241224
v 9.533669 17.346195 -19.169928
v 9.782124 17.303478 -18.959991
v 9.874799 17.492115 -19.031286
v 9.914853 17.551796 -18.821312
v 9.822179 17.363159 -18.750017
v 9.321085 17.371630 -18.656834
v 9.281029 17.311949 -18.866808
v 9.478671 17.211403 -18.875933
v 9.518726 17.271084 -18.665958
v 9.567437 17.894932 -19.087145
v 9.607492 17.954613 -18.877171
v 9.805135 17.854065 -18.886295
v 9.765079 17.794384 -19.096270
v 9.686802 17.676655 -18.255144
v 9.736921 17.778671 -18.293701
v 9.579914 17.731031 -18.250210
v 9.630033 17.833050 -18.288767
v 9.009884 17.939667 -18.812778
v 8.959764 17.837648 -18.774220
v 8.938102 17.805372 -18.887777
v 8.988221 17.907391 -18.926334
v 9.399361 17.489361 -19.497959
v 9.349242 17.387342 -19.459402
v 9.456130 17.332964 -19.464336
v 9.506249 17.434982 -19.502895
v 10.126399 17.328365 -18.978884
v 10.076280 17.226347 -18.940325
v 10.097943 17.258623 -18.826769
v 10.148061 17.360641 -18.865326
v 9.211962 17.050900 -18.725576
v 9.233626 17.083176 -18.612019
v 9.340514 17.028797 -18.616955
v 9.318851 16.996521 -18.730511
v 9.767313 18.169495 -19.022593
v 9.745650 18.137217 -19.136148
v 9.852538 18.082840 -19.141085
v 9.874202 18.115116 -19.027527
v 9.722514 17.806929 -17.983522
v 9.740576 17.843697 -17.997417
v 9.683992 17.826527 -17.981743
v 9.702056 17.863293 -17.995640
v 8.721137 18.031935 -18.824492
v 8.703075 17.995169 -18.810595
v 8.695268 17.983536 -18.851521
v 8.713330 18.020302 -18.865417
v 9.363649 17.359085 -19.769581
v 9.345587 17.322319 -19.755686
v 9.384109 17.302723 -19.757463
v 9.402171 17.339489 -19.771360
v 10.383090 17.170847 -18.942507
v 10.365026 17.134079 -18.928612
v 10.372832 17.145710 -18.887686
v 10.390895 17.182478 -18.901583
v 9.128446 16.790150 -18.594961
v 9.136253 16.801783 -18.554035
v 9.174774 16.782185 -18.555813
v 9.166967 16.770554 -18.596739
v 9.919196 18.395462 -19.156364
v 9.911389 18.383829 -19.197290
v 9.949910 18.364231 -19.199068
v 9.957717 18.375862 -19.158142
v 9.739523 17.862272 -17.861500
v 9.745107 17.873636 -17.865795
v 9.727615 17.868328 -17.860950
v 9.733199 17.879694 -17.865246
v 8.593405 18.075651 -18.828344
v 8.587821 18.064285 -18.824049
v 8.585407 18.060690 -18.836699
v 8.590991 18.072056 -18.840994
v 9.346642 17.303743 -19.891603
v 9.341058 17.292377 -19.887308
v 9.352965 17.286320 -19.887857
v 9.358548 17.297686 -19.892155
v 10.498342 17.101730 -18.929054
v 10.492759 17.090363 -18.924759
v 10.495172 17.093960 -18.912107
v 10.500756 17.105324 -18.916405
v 9.088747 16.674015 -18.538584
v 9.091160 16.677612 -18.525934
v 9.103067 16.671555 -18.526484
v 9.100654 16.667957 -18.539133
v 9.985509 18.498055 -19.213970
v 9.983096 18.494461 -19.226620
v 9.995004 18.488403 -19.227169
v 9.997416 18.491999 -19.214520
v 15.365270 17.645844 -6.097906
v 15.383613 17.815916 -6.424867
v 15.356444 17.973318 -5.928060
v 15.374789 18.143391 -6.255022
v 14.996825 17.646469 -6.118253
v 15.015170 17.816542 -6.445214
v 14.988000 17.973944 -5.948408
v 15.006345 18.144016 -6.275370
v 15.542506 17.737144 -6.117139
v 15.554097 17.844597 -6.323712
v 15.548522 18.051495 -6.216404
v 15.536929 17.944042 -6.009831
v 15.287787 18.160717 -5.911105
v 15.299378 18.268167 -6.117680
v 15.066596 18.268562 -6.130535
v 15.055005 18.161110 -5.923962
v 14.817517 17.945263 -6.049562
v 14.829108 18.052715 -6.256135
v 14.834683 17.845816 -6.363443
v 14.823092 17.738365 -6.156870
v 15.072236 17.521692 -6.255596
v 15.083827 17.629143 -6.462169
v 15.316607 17.628750 -6.449313
v 15.305017 17.521297 -6.242740
v 15.281501 17.832142 -5.807347
v 15.048718 17.832537 -5.820203
v 15.054294 17.625637 -5.927511
v 15.287076 17.625244 -5.914655
v 15.084538 18.164616 -6.458619
v 15.317321 18.164221 -6.445764
v 15.322896 17.957323 -6.553071
v 15.090116 17.957718 -6.565927
v 15.854451 17.808790 -6.122778
v 15.860719 17.866901 -6.234497
v 15.851436 17.920685 -6.064744
v 15.857703 17.978794 -6.176463
v 15.235835 18.519619 -5.930039
v 15.229566 18.461508 -5.818321
v 15.103673 18.461721 -5.825274
v 15.109942 18.519833 -5.936992
v 14.517163 17.981070 -6.250497
v 14.510894 17.922958 -6.138778
v 14.513911 17.811064 -6.196811
v 14.520179 17.869175 -6.308531
v 15.142049 17.328350 -6.554953
v 15.135779 17.270239 -6.443235
v 15.261672 17.270025 -6.436283
v 15.267940 17.328136 -6.548001
v 15.087977 17.641588 -5.566290
v 15.213872 17.641375 -5.559338
v 15.216887 17.529480 -5.617372
v 15.090995 17.529694 -5.624324
v 15.280620 18.260166 -6.748950
v 15.154729 18.260380 -6.755903
v 15.157744 18.148485 -6.813937
v 15.283635 18.148272 -6.806985
v 16.168537 17.862627 -6.122658
v 16.170799 17.883570 -6.162920
v 16.167450 17.902952 -6.101744
v 16.169712 17.923895 -6.142006
v 15.186070 18.779341 -5.752226
v 15.183812 18.758400 -5.711964
v 15.138442 18.758476 -5.714469
v 15.140700 18.779419 -5.754732
v 14.203076 17.927233 -6.250617
v 14.200816 17.906288 -6.210354
v 14.201903 17.865963 -6.231269
v 14.204164 17.886906 -6.271532
v 15.187802 17.031460 -6.661310
v 15.185542 17.010517 -6.621048
v 15.230914 17.010441 -6.618542
v 15.233172 17.031384 -6.658805
v 15.113616 17.461233 -5.304824
v 15.158988 17.461155 -5.302319
v 15.160073 17.420830 -5.323235
v 15.114703 17.420908 -5.325740
v 15.256911 18.368952 -7.047534
v 15.211539 18.369028 -7.050041
v 15.212626 18.328701 -7.070956
v 15.257997 18.328625 -7.068450
v 16.308861 17.883554 -6.121614
v 16.309559 17.890028 -6.134060
v 16.308525 17.896019 -6.115149
v 16.309223 17.902493 -6.127595
v 15.166266 18.896492 -5.674685
v 15.165568 18.890018 -5.662240
v 15.151544 18.890043 -5.663013
v 15.152242 18.896517 -5.675460
v 14.062755 17.906303 -6.251660
v 14.062055 17.899830 -6.239214
v 14.062390 17.887367 -6.245680
v 14.063090 17.893839 -6.258125
v 15.206046 16.899841 -6.711036
v 15.205348 16.893366 -6.698589
v 15.219371 16.893341 -6.697815
v 15.220071 16.899815 -6.710261
v 15.122697 17.382690 -5.187019
v 15.136724 17.382668 -5.186245
v 15.137059 17.370203 -5.192710
v 15.123034 17.370226 -5.193484
v 15.248580 18.419634 -7.179790
v 15.234555 18.419657 -7.180564
v 15.234891 18.407192 -7.187030
v 15.248916 18.407169 -7.186255
v -3.623399 14.153042 -13.856684
v -3.443994 14.281519 -13.995483
v -3.790784 14.349967 -13.890759
v -3.611378 14.478443 -14.029558
v -3.711456 14.040470 -14.074701
v -3.532051 14.168946 -14.213501
v -3.878840 14.237394 -14.108775
v -3.699435 14.365871 -14.247576
v -3.579246 14.266565 -13.784672
v -3.465898 14.347736 -13.872366
v -3.571651 14.472153 -13.893893
v -3.684999 14.390982 -13.806200
v -3.853689 14.446687 -13.972677
v -3.740341 14.527858 -14.060371
v -3.795976 14.456736 -14.198114
v -3.909324 14.375564 -14.110420
v -3.856936 14.171177 -14.231894
v -3.743589 14.252347 -14.319588
v -3.637836 14.127932 -14.298059
v -3.751183 14.046761 -14.210365
v -3.582492 13.991055 -14.043888
v -3.469145 14.072227 -14.131581
v -3.413511 14.143349 -13.993839
v -3.526858 14.062178 -13.906145
v -3.861627 14.231796 -13.858514
v -3.917262 14.160673 -13.996256
v -3.811508 14.036257 -13.974728
v -3.755874 14.107380 -13.836985
v -3.566960 14.411533 -14.267273
v -3.511326 14.482656 -14.129531
v -3.405573 14.358240 -14.108003
v -3.461207 14.287117 -14.245746
v -3.503278 14.408655 -13.625980
v -3.441978 14.452554 -13.673407
v -3.560471 14.475941 -13.637623
v -3.499171 14.519840 -13.685049
v -3.920228 14.658882 -14.100584
v -3.981529 14.614983 -14.053158
v -4.011617 14.576519 -14.127651
v -3.950316 14.620417 -14.175077
v -3.819556 14.110258 -14.478279
v -3.880857 14.066360 -14.430853
v -3.823663 13.999073 -14.419210
v -3.762363 14.042972 -14.466637
v -3.341305 13.903930 -14.051102
v -3.402606 13.860031 -14.003675
v -3.372518 13.898496 -13.929182
v -3.311218 13.942395 -13.976608
v -4.031430 14.040144 -13.842693
v -4.001342 14.078609 -13.768200
v -3.944149 14.011322 -13.756557
v -3.974237 13.972857 -13.831051
v -3.348597 14.546056 -14.273209
v -3.378685 14.507591 -14.347702
v -3.321492 14.440305 -14.336060
v -3.291404 14.478769 -14.261566
v -3.427147 14.539859 -13.459633
v -3.405055 14.555679 -13.476725
v -3.447759 14.564108 -13.463829
v -3.425667 14.579929 -13.480921
v -4.091672 14.799857 -14.138191
v -4.113765 14.784037 -14.121099
v -4.124608 14.770174 -14.147946
v -4.102516 14.785995 -14.165039
v -3.895687 13.979054 -14.644626
v -3.917779 13.963233 -14.627534
v -3.897167 13.938984 -14.623338
v -3.875075 13.954804 -14.640430
v -3.209069 13.734877 -13.983160
v -3.231162 13.719055 -13.966068
v -3.220318 13.732918 -13.939220
v -3.198226 13.748738 -13.956312
v -4.155949 13.921766 -13.697216
v -4.145105 13.935629 -13.670368
v -4.124493 13.911380 -13.666173
v -4.135336 13.897517 -13.693020
v -3.187498 14.621395 -14.411240
v -3.198341 14.607533 -14.438087
v -3.177729 14.583284 -14.433890
v -3.166886 14.597146 -14.407043
v -3.393196 14.596451 -13.384195
v -3.386367 14.601341 -13.389479
v -3.399568 14.603947 -13.385492
v -3.392738 14.608837 -13.390776
v -4.166615 14.864386 -14.154501
v -4.173444 14.859495 -14.149218
v -4.176795 14.855210 -14.157516
v -4.169966 14.860101 -14.162800
v -3.929638 13.922462 -14.720064
v -3.936467 13.917572 -14.714781
v -3.930096 13.910076 -14.713484
v -3.923267 13.914967 -14.718767
v -3.149390 13.659418 -13.955042
v -3.156220 13.654527 -13.949759
v -3.152867 13.658813 -13.941460
v -3.146038 13.663703 -13.946743
v -4.213212 13.869390 -13.633782
v -4.209860 13.873674 -13.625484
v -4.203488 13.866179 -13.624187
v -4.206841 13.861894 -13.632486
v -3.115994 14.657020 -14.471774
v -3.119346 14.652735 -14.480072
v -3.112974 14.645239 -14.478775
v -3.109623 14.649524 -14.470477
v -28.162987 20.397781 -5.396679
v -27.715282 19.848730 -5.231177
v -27.682354 20.642529 -5.884920
v -27.234646 20.093481 -5.719418
v -28.475777 19.987988 -5.910021
v -28.028072 19.438934 -5.744518
v -27.995140 20.232737 -6.398262
v -27.547432 19.683685 -6.232759
v -27.843102 20.536940 -5.211598
v -27.560242 20.190048 -5.107034
v -27.256577 20.344681 -5.415504
v -27.539440 20.691570 -5.520066
v -27.428593 20.582577 -6.181500
v -27.145733 20.235685 -6.076937
v -27.343353 19.976780 -6.401265
v -27.626217 20.323668 -6.505827
v -28.150185 19.891417 -6.522405
v -27.867325 19.544525 -6.417840
v -28.170990 19.389896 -6.109371
v -28.453850 19.736782 -6.213934
v -28.564690 19.845779 -5.552502
v -28.281826 19.498890 -5.447939
v -28.084206 19.757801 -5.123610
v -28.367069 20.104691 -5.228172
v -28.041664 20.783531 -5.968367
v -28.239285 20.524626 -6.292696
v -28.542946 20.369997 -5.984225
v -28.345325 20.628902 -5.659897
v -27.365101 19.452564 -5.969540
v -27.167480 19.711470 -5.645213
v -27.471138 19.556843 -5.336742
v -27.668766 19.297932 -5.661071
v -27.444778 20.838221 -4.825713
v -27.291813 20.650616 -4.769161
v -27.280556 20.921846 -4.992539
v -27.127579 20.734243 -4.935988
v -26.850918 20.462187 -6.586950
v -27.003891 20.649790 -6.643499
v -27.110771 20.509769 -6.818902
v -26.957794 20.322165 -6.762352
v -28.265636 19.243248 -6.803726
v -28.418617 19.430851 -6.860275
v -28.582844 19.347221 -6.693450
v -28.429863 19.159622 -6.636899
v -28.706532 19.431679 -4.985938
v -28.859505 19.619278 -5.042489
v -28.752628 19.759304 -4.867085
v -28.599655 19.571697 -4.810537
v -28.641003 21.011368 -6.286915
v -28.534126 21.151386 -6.111511
v -28.698357 21.067760 -5.944686
v -28.805233 20.927742 -6.120089
v -26.905190 19.153727 -5.509351
v -27.012070 19.013704 -5.684753
v -27.176292 18.930077 -5.517927
v -27.069416 19.070103 -5.342524
v -27.077583 21.153149 -4.424820
v -27.022446 21.085537 -4.404440
v -27.018398 21.183285 -4.484942
v -26.963261 21.115677 -4.464562
v -26.525646 20.685354 -7.075963
v -26.580784 20.752962 -7.096344
v -26.619301 20.702499 -7.159555
v -26.564171 20.634888 -7.139176
v -28.632843 18.928320 -7.204619
v -28.687973 18.995930 -7.224998
v -28.747162 18.965794 -7.164876
v -28.692028 18.898178 -7.144496
v -29.129639 19.328506 -4.533096
v -29.184776 19.396114 -4.553476
v -29.146252 19.446577 -4.490263
v -29.091122 19.378967 -4.469882
v -29.039738 21.495899 -6.318087
v -29.001225 21.546364 -6.254872
v -29.060410 21.516224 -6.194750
v -29.098930 21.465763 -6.257963
v -26.611500 18.615702 -5.371473
v -26.650013 18.565243 -5.434688
v -26.709206 18.535103 -5.374565
v -26.670685 18.585564 -5.311352
v -26.919308 21.295826 -4.243606
v -26.902264 21.274923 -4.237307
v -26.901012 21.305140 -4.262192
v -26.883972 21.284241 -4.255892
v -26.375481 20.784218 -7.290249
v -26.392525 20.805117 -7.296548
v -26.404423 20.789522 -7.316090
v -26.387386 20.768620 -7.309789
v -28.791119 18.785643 -7.385832
v -28.808163 18.806540 -7.392133
v -28.826454 18.797226 -7.373548
v -28.809414 18.776325 -7.367247
v -29.317905 19.276348 -4.332889
v -29.334942 19.297249 -4.339190
v -29.323040 19.312845 -4.319649
v -29.305992 19.291946 -4.313350
v -29.216904 21.711424 -6.338330
v -29.204994 21.727020 -6.318790
v -29.223286 21.717710 -6.300206
v -29.235191 21.702108 -6.319747
v -26.475231 18.379358 -5.309691
v -26.487137 18.363760 -5.329233
v -26.505432 18.354443 -5.310647
v -26.493526 18.370041 -5.291108
v 1.196901 23.144245 -24.700018
v 1.829002 23.256439 -24.070793
v 1.615250 23.740685 -25.226627
v 2.247353 23.852877 -24.597401
v 1.680117 22.481113 -25.067207
v 2.312221 22.593307 -24.437981
v 2.098466 23.077553 -25.593815
v 2.730569 23.189747 -24.964588
v 1.160141 23.590546 -24.506241
v 1.559502 23.661430 -24.108698
v 1.823813 24.038258 -24.441408
v 1.424453 23.967375 -24.838949
v 2.019835 23.923330 -25.429199
v 2.419195 23.994213 -25.031656
v 2.724490 23.575251 -25.263647
v 2.325130 23.504366 -25.661188
v 2.367967 22.672562 -25.555912
v 2.767329 22.743446 -25.158367
v 2.503016 22.366617 -24.825659
v 2.103659 22.295734 -25.223200
v 1.508274 22.339777 -24.632952
v 1.907635 22.410660 -24.235405
v 1.602338 22.829626 -24.003420
v 1.202980 22.758743 -24.400963
v 1.326130 23.455360 -25.496971
v 1.631425 23.036396 -25.728960
v 1.367113 22.659567 -25.396250
v 1.061818 23.078533 -25.164259
v 2.865651 23.255459 -24.500347
v 2.560355 23.674423 -24.268360
v 2.296044 23.297596 -23.935648
v 2.601340 22.878632 -24.167637
v 0.905207 24.252296 -24.181852
v 1.121188 24.290630 -23.966850
v 1.048151 24.456093 -24.361786
v 1.264131 24.494427 -24.146788
v 2.750228 24.384491 -25.620075
v 2.534247 24.346157 -25.835075
v 2.699355 24.119574 -25.960537
v 2.915338 24.157907 -25.745539
v 3.022265 22.081696 -25.482758
v 2.806281 22.043362 -25.697758
v 2.663338 21.839565 -25.517820
v 2.879321 21.877901 -25.302822
v 1.393224 21.987835 -23.829536
v 1.177242 21.949499 -24.044533
v 1.012133 22.176083 -23.919071
v 1.228115 22.214418 -23.704071
v 0.967844 22.951500 -26.129688
v 0.802735 23.178085 -26.004225
v 0.659789 22.974289 -25.824293
v 0.824901 22.747705 -25.949755
v 3.102570 23.586285 -23.714855
v 3.267681 23.359703 -23.840317
v 3.124738 23.155907 -23.660379
v 2.959626 23.382488 -23.534920
v 0.609427 24.893158 -23.858656
v 0.687264 24.906975 -23.781174
v 0.660945 24.966606 -23.923504
v 0.738783 24.980419 -23.846020
v 3.089408 24.806530 -26.176384
v 3.011567 24.792713 -26.253868
v 3.071074 24.711056 -26.299086
v 3.148911 24.724873 -26.221601
v 3.318042 21.440832 -25.805950
v 3.240203 21.427017 -25.883436
v 3.188687 21.353573 -25.818586
v 3.266526 21.367386 -25.741102
v 0.915900 21.541275 -23.410738
v 0.838061 21.527460 -23.488222
v 0.778556 21.609119 -23.443007
v 0.856397 21.622936 -23.365522
v 0.332262 22.863464 -26.566643
v 0.272758 22.945126 -26.521427
v 0.221243 22.871677 -26.456577
v 0.280746 22.790018 -26.501795
v 3.646722 23.543972 -23.162813
v 3.706227 23.462313 -23.208027
v 3.654714 23.388866 -23.143183
v 3.595204 23.470526 -23.097967
v 0.470610 25.175129 -23.714853
v 0.494672 25.179398 -23.690899
v 0.486536 25.197830 -23.734898
v 0.510594 25.202101 -23.710943
v 3.241944 25.000048 -26.418751
v 3.217880 24.995777 -26.442701
v 3.236276 24.970535 -26.456680
v 3.260336 24.974806 -26.432728
v 3.456859 21.158865 -25.949759
v 3.432799 21.154594 -25.973709
v 3.416873 21.131891 -25.953663
v 3.440934 21.136162 -25.929710
v 0.709589 21.338215 -23.221907
v 0.685526 21.333944 -23.245857
v 0.667135 21.359186 -23.231878
v 0.691194 21.363455 -23.207928
v 0.053867 22.823696 -26.767572
v 0.035475 22.848938 -26.753595
v 0.019551 22.826235 -26.733551
v 0.037943 22.800993 -26.747530
v 3.889527 23.532999 -22.917082
v 3.907919 23.507757 -22.931061
v 3.891997 23.485054 -22.911015
v 3.873599 23.510296 -22.897038
v 33.779064 11.884729 -12.700545
v 34.275764 12.503294 -12.456436
v 33.664043 12.264734 -13.429438
v 34.160740 12.883301 -13.185326
v 34.434036 11.482376 -13.013667
v 34.930725 12.100939 -12.769558
v 34.319012 11.862387 -13.742559
v 34.815712 12.480951 -13.498449
v 33.537376 12.260202 -12.640659
v 33.851189 12.651012 -12.486431
v 33.778522 12.891100 -12.946941
v 33.464706 12.500290 -13.101170
v 33.821281 12.485535 -13.789302
v 34.135098 12.876341 -13.635075
v 34.548901 12.622137 -13.832904
v 34.235092 12.231327 -13.987135
v 34.743584 11.714666 -13.712566
v 35.057392 12.105473 -13.558337
v 35.130058 11.865385 -13.097826
v 34.816250 11.474575 -13.252054
v 34.459675 11.489334 -12.563921
v 34.773483 11.880140 -12.409694
v 34.359684 12.134354 -12.211863
v 34.045868 11.743546 -12.366090
v 33.569225 11.826092 -13.469160
v 33.983036 11.571882 -13.666990
v 34.055706 11.331795 -13.206479
v 33.641899 11.586002 -13.008649
v 34.952869 12.779676 -13.190346
v 34.539062 13.033884 -12.992517
v 34.611732 12.793793 -12.532005
v 35.025539 12.539585 -12.729837
v 33.040665 12.744198 -12.447044
v 33.210381 12.955557 -12.363636
v 33.001366 12.874048 -12.696096
v 33.171082 13.085400 -12.612688
v 34.061100 13.048565 -14.330292
v 33.891388 12.837212 -14.413700
v 34.115181 12.699730 -14.520691
v 34.284889 12.911085 -14.437282
v 35.554108 11.621479 -13.751952
v 35.384388 11.410120 -13.835361
v 35.423691 11.280277 -13.586308
v 35.593407 11.491632 -13.502899
v 34.703384 11.528465 -11.785295
v 34.533676 11.317114 -11.868704
v 34.309875 11.454592 -11.761717
v 34.479588 11.665947 -11.678306
v 33.486050 11.053732 -13.721604
v 33.262253 11.191214 -13.614614
v 33.301552 11.061369 -13.365561
v 33.525349 10.923889 -13.472551
v 35.069420 13.441790 -12.726446
v 35.293217 13.304310 -12.833435
v 35.332520 13.174463 -12.584382
v 35.108727 13.311943 -12.477393
v 32.525883 13.195175 -12.233974
v 32.587044 13.271348 -12.203913
v 32.511719 13.241972 -12.323730
v 32.572880 13.318143 -12.293670
v 33.980667 13.259880 -15.010481
v 33.919506 13.183712 -15.040541
v 34.000160 13.134161 -15.079101
v 34.061321 13.210333 -15.049041
v 36.068890 11.170500 -13.965023
v 36.007725 11.094332 -13.995083
v 36.021889 11.047533 -13.905325
v 36.083054 11.123707 -13.875265
v 34.675266 11.181969 -11.158456
v 34.614101 11.105799 -11.188515
v 34.533447 11.155344 -11.149954
v 34.594612 11.231518 -11.119896
v 33.005028 10.530613 -13.815147
v 32.924377 10.580158 -13.776588
v 32.938541 10.533365 -13.686832
v 33.019196 10.483822 -13.725390
v 35.575577 13.881859 -12.473606
v 35.656235 13.832315 -12.512165
v 35.670387 13.785517 -12.422407
v 35.589737 13.835060 -12.383849
v 32.293388 13.390450 -12.135687
v 32.312302 13.413997 -12.126394
v 32.289013 13.404914 -12.163431
v 32.307922 13.428463 -12.154139
v 33.943726 13.360760 -15.310984
v 33.924820 13.337215 -15.320276
v 33.949745 13.321899 -15.332194
v 33.968655 13.345446 -15.322901
v 36.301380 10.975225 -14.063309
v 36.282467 10.951681 -14.072601
v 36.286850 10.937216 -14.044857
v 36.305756 10.960764 -14.035564
v 34.669956 11.028461 -10.878720
v 34.651047 11.004915 -10.888013
v 34.626114 11.020231 -10.876095
v 34.645027 11.043779 -10.866802
v 32.793438 10.296661 -13.863522
v 32.768509 10.311979 -13.851604
v 32.772884 10.297512 -13.823858
v 32.797821 10.282198 -13.835777
v 35.796955 14.083477 -12.363218
v 35.821884 14.068161 -12.375139
v 35.826260 14.053698 -12.347393
v 35.801331 14.069016 -12.335472
v 20.924454 16.760906 -25.077717
v 21.623760 17.343292 -25.245703
v 20.323425 17.460369 -25.154800
v 21.022732 18.042753 -25.322786
v 20.845997 16.593559 -25.984505
v 21.545303 17.175945 -26.152493
v 20.244965 17.293020 -26.061590
v 20.944279 17.875408 -26.229574
v 20.979916 17.076601 -24.690947
v 21.421734 17.444551 -24.797079
v 21.042007 17.886469 -24.845778
v 20.600185 17.518520 -24.739647
v 20.151463 17.869919 -25.389383
v 20.593277 18.237869 -25.495514
v 20.543713 18.132137 -26.068422
v 20.101891 17.764189 -25.962286
v 20.446995 17.191761 -26.510216
v 20.888813 17.559708 -26.616348
v 21.268543 17.117792 -26.567646
v 20.826721 16.749844 -26.461514
v 21.275452 16.398441 -25.811777
v 21.717266 16.766392 -25.917908
v 21.766834 16.872124 -25.345003
v 21.325020 16.504173 -25.238873
v 20.086555 17.023403 -25.227543
v 20.036987 16.917675 -25.800447
v 20.416718 16.475754 -25.751747
v 20.466290 16.581490 -25.178841
v 21.402435 18.054823 -26.128452
v 21.452007 18.160557 -25.555546
v 21.831738 17.718639 -25.506844
v 21.782173 17.612907 -26.079748
v 21.060299 17.403599 -23.962156
v 21.299244 17.602592 -24.019554
v 20.854939 17.642599 -23.988495
v 21.093880 17.841591 -24.045893
v 19.973846 18.718697 -25.667656
v 19.734901 18.519705 -25.610260
v 19.708096 18.462524 -25.920097
v 19.947044 18.661518 -25.977495
v 20.808426 17.232712 -27.345139
v 20.569485 17.033718 -27.287739
v 20.774841 16.794720 -27.261398
v 21.013790 16.993717 -27.318800
v 22.133823 16.116608 -25.697033
v 21.894878 15.917615 -25.639633
v 21.921684 15.974792 -25.329796
v 22.160633 16.173788 -25.387194
v 19.546101 16.349590 -25.516138
v 19.572910 16.406771 -25.206299
v 19.778275 16.167774 -25.179960
v 19.751465 16.110592 -25.489799
v 22.117264 18.525719 -25.817493
v 22.090454 18.468536 -26.127331
v 22.295822 18.229542 -26.100994
v 22.322628 18.286720 -25.791155
v 21.137699 17.685860 -23.218485
v 21.223816 17.757576 -23.239174
v 21.063690 17.771992 -23.227978
v 21.149799 17.843704 -23.248663
v 19.378197 19.231068 -25.813885
v 19.292084 19.159351 -25.793196
v 19.282417 19.138744 -25.904861
v 19.368534 19.210463 -25.925549
v 20.731030 16.950455 -28.088806
v 20.644913 16.878736 -28.068123
v 20.718929 16.792606 -28.058630
v 20.805042 16.864323 -28.079315
v 22.576641 15.476960 -25.514095
v 22.490528 15.405245 -25.493410
v 22.500195 15.425854 -25.381744
v 22.586308 15.497568 -25.402431
v 19.026184 15.796622 -25.265898
v 19.035851 15.817229 -25.154236
v 19.109859 15.731097 -25.144741
v 19.100197 15.710491 -25.256405
v 22.768532 18.925821 -26.050884
v 22.758869 18.905214 -26.162550
v 22.832882 18.819082 -26.153057
v 22.842541 18.839687 -26.041395
v 21.171673 17.803936 -22.884556
v 21.198296 17.826103 -22.890951
v 21.148796 17.830561 -22.887491
v 21.175419 17.852730 -22.893885
v 19.116867 19.464794 -25.874584
v 19.090248 19.442625 -25.868189
v 19.087265 19.436256 -25.902706
v 19.113880 19.458427 -25.909100
v 20.697056 16.832375 -28.422737
v 20.670433 16.810204 -28.416344
v 20.693314 16.783583 -28.413406
v 20.719933 16.805752 -28.419804
v 22.778477 15.193686 -25.439102
v 22.751862 15.171517 -25.432707
v 22.754845 15.177887 -25.398191
v 22.781464 15.200054 -25.404587
v 18.789524 15.552821 -25.160252
v 18.792511 15.559196 -25.125736
v 18.815392 15.532568 -25.122803
v 18.812405 15.526200 -25.157318
v 23.056324 19.110111 -26.149973
v 23.053337 19.103741 -26.184490
v 23.076214 19.077116 -26.181557
v 23.079201 19.083485 -26.147038
v 28.570770 11.678577 10.102821
v 28.943882 12.075197 9.297501
v 28.784897 12.486197 10.599773
v 29.158005 12.882813 9.794456
v 27.698990 12.046692 9.880215
v 28.072102 12.443310 9.074896
v 27.913113 12.854306 10.377171
v 28.286228 13.250928 9.571850
v 29.094101 11.724956 10.152075
v 29.329830 11.975533 9.643280
v 29.465111 12.485785 9.957254
v 29.229378 12.235204 10.466051
v 28.795074 13.011641 10.647230
v 29.030804 13.262222 10.138428
v 28.480015 13.494797 9.997786
v 28.244286 13.244214 10.506586
v 27.527172 12.953972 10.031393
v 27.762897 13.204552 9.522598
v 27.627613 12.694303 9.208622
v 27.391884 12.443719 9.717417
v 27.826195 11.667283 9.536243
v 28.061924 11.917866 9.027443
v 28.612709 11.685293 9.168085
v 28.376984 11.434709 9.676888
v 28.407272 12.216378 10.850866
v 27.856480 12.448951 10.710224
v 27.721199 11.938701 10.396246
v 28.271988 11.706126 10.536896
v 28.585007 13.223379 9.137775
v 29.135796 12.990806 9.278421
v 29.000515 12.480556 8.964443
v 28.449726 12.713129 8.823801
v 29.914108 11.589348 10.294985
v 30.041595 11.724866 10.019815
v 29.987270 11.865299 10.464790
v 30.114758 12.000820 10.189621
v 29.030716 13.938837 10.641842
v 28.903225 13.803319 10.917007
v 28.605354 13.929098 10.840946
v 28.732834 14.064614 10.565784
v 26.942886 13.340158 9.379688
v 26.815399 13.204638 9.654854
v 26.742241 12.928685 9.485054
v 26.869720 13.064205 9.209885
v 27.953773 11.126188 8.757664
v 27.826286 10.990669 9.032829
v 28.124161 10.864889 9.108891
v 28.251644 11.000409 8.833725
v 27.637379 11.944092 11.349243
v 27.935257 11.818312 11.425301
v 27.862091 11.542357 11.255501
v 27.564217 11.668138 11.179441
v 29.292782 13.261369 8.495232
v 28.994904 13.387147 8.419172
v 28.921741 13.111194 8.249369
v 29.219612 12.985415 8.325432
v 30.718983 11.408172 10.450424
v 30.764931 11.457011 10.351259
v 30.745354 11.507622 10.511621
v 30.791298 11.556465 10.412453
v 29.076607 14.621910 11.127752
v 29.030666 14.573071 11.226923
v 28.923309 14.618399 11.199512
v 28.969257 14.667240 11.100346
v 26.138012 13.521334 9.224251
v 26.092068 13.472494 9.323420
v 26.065704 13.373042 9.262218
v 26.111649 13.421883 9.163052
v 27.826336 10.356436 8.447750
v 27.780388 10.307594 8.546917
v 27.887737 10.262262 8.574333
v 27.933685 10.311106 8.475159
v 27.392231 11.478629 12.003500
v 27.499580 11.433297 12.030914
v 27.473213 11.333848 11.969711
v 27.365868 11.379178 11.942305
v 29.491135 13.550328 7.732373
v 29.383778 13.595656 7.704958
v 29.357410 13.496205 7.643759
v 29.464767 13.450878 7.671171
v 31.075020 11.319605 10.521843
v 31.089233 11.334704 10.491188
v 31.083172 11.350347 10.540760
v 31.097374 11.365442 10.510109
v 29.104965 14.927390 11.341263
v 29.090767 14.912294 11.371916
v 29.057579 14.926308 11.363443
v 29.071785 14.941402 11.332790
v 25.781971 13.609899 9.152828
v 25.767773 13.594801 9.183487
v 25.759621 13.564060 9.164570
v 25.773823 13.579156 9.133915
v 27.766235 10.017211 8.302753
v 27.752029 10.002112 8.333410
v 27.785210 9.988101 8.341883
v 27.799416 10.003198 8.311230
v 27.278515 11.277997 12.297647
v 27.311699 11.263986 12.306124
v 27.303551 11.233244 12.287210
v 27.270363 11.247254 12.278738
v 29.586624 13.682247 7.395938
v 29.553448 13.696261 7.387464
v 29.545296 13.665520 7.368546
v 29.578480 13.651505 7.377022
v -16.457088 22.051329 -19.391756
v -15.832640 22.186232 -19.643805
v -16.648647 22.698242 -19.520096
v -16.024197 22.833149 -19.772146
v -16.669300 21.864336 -20.017588
v -16.044849 21.999237 -20.269638
v -16.860857 22.511251 -20.145927
v -16.236408 22.646152 -20.397976
v -16.276321 22.284325 -19.163713
v -15.881794 22.369556 -19.322956
v -16.002823 22.778275 -19.404041
v -16.397346 22.693043 -19.244795
v -16.663986 22.996771 -19.742840
v -16.269461 23.082005 -19.902084
v -16.403538 22.963860 -20.297483
v -16.798065 22.878628 -20.138239
v -16.811699 22.327927 -20.466774
v -16.417175 22.413155 -20.626020
v -16.296150 22.004438 -20.544937
v -16.690676 21.919205 -20.385691
v -16.424030 21.615482 -19.887648
v -16.029507 21.700710 -20.046890
v -15.895435 21.818855 -19.651491
v -16.289959 21.733624 -19.492249
v -16.949863 22.480469 -19.491636
v -17.083939 22.362328 -19.887033
v -16.962914 21.953606 -19.805950
v -16.828838 22.071751 -19.410551
v -15.864656 22.625732 -20.379181
v -15.730584 22.743874 -19.983782
v -15.609559 22.335155 -19.902697
v -15.743630 22.217014 -20.298098
v -16.034653 22.555351 -18.691370
v -15.821285 22.601444 -18.777493
v -16.100101 22.776394 -18.735224
v -15.886739 22.822487 -18.821346
v -16.552288 23.580601 -20.064482
v -16.765656 23.534504 -19.978359
v -16.838165 23.470612 -20.192200
v -16.624802 23.516706 -20.278320
v -16.658840 22.142132 -21.098360
v -16.872210 22.096039 -21.012238
v -16.806755 21.874994 -20.968386
v -16.593391 21.921089 -21.054508
v -15.927839 21.162977 -19.811373
v -16.141205 21.116882 -19.725250
v -16.068695 21.180777 -19.511414
v -15.855329 21.226868 -19.597534
v -17.551723 22.181904 -19.565182
v -17.479214 22.245796 -19.351345
v -17.413761 22.024754 -19.307495
v -17.486271 21.960861 -19.521332
v -15.207223 22.736624 -20.268400
v -15.279731 22.672729 -20.482239
v -15.214280 22.451687 -20.438385
v -15.141771 22.515579 -20.224548
v -15.807045 22.799658 -18.201202
v -15.730152 22.816269 -18.232239
v -15.830632 22.879322 -18.217005
v -15.753740 22.895931 -18.248043
v -16.806469 24.095074 -20.214367
v -16.883366 24.078463 -20.183331
v -16.909500 24.055435 -20.260395
v -16.832600 24.072048 -20.291435
v -16.886446 21.897823 -21.588530
v -16.963346 21.881212 -21.557491
v -16.939758 21.801550 -21.541687
v -16.862862 21.818161 -21.572725
v -15.810130 20.619019 -19.606401
v -15.887026 20.602407 -19.575365
v -15.860892 20.625435 -19.498299
v -15.783996 20.642048 -19.529337
v -18.038162 22.017029 -19.268620
v -18.012032 22.040054 -19.191555
v -17.988441 21.960392 -19.175751
v -18.014578 21.937366 -19.252817
v -14.678921 22.760117 -20.536915
v -14.705052 22.737091 -20.613981
v -14.681463 22.657429 -20.598177
v -14.655334 22.680454 -20.521112
v -15.708043 22.903927 -17.979723
v -15.684272 22.909061 -17.989315
v -15.715333 22.928553 -17.984608
v -15.691565 22.933687 -17.994202
v -16.914803 24.327045 -20.279005
v -16.938572 24.321913 -20.269409
v -16.946653 24.314793 -20.293232
v -16.922882 24.319931 -20.302828
v -16.985451 21.793556 -21.810011
v -17.009220 21.788418 -21.800415
v -17.001930 21.763794 -21.795528
v -16.978161 21.768929 -21.805122
v -15.754920 20.375568 -19.520321
v -15.778689 20.370434 -19.510727
v -15.770613 20.377552 -19.486904
v -15.746840 20.382687 -19.496498
v -18.258123 21.946236 -19.140821
v -18.250046 21.953348 -19.117002
v -18.242754 21.928726 -19.112116
v -18.250835 21.921606 -19.135937
v -14.442667 22.775875 -20.653793
v -14.450742 22.768757 -20.677616
v -14.443450 22.744129 -20.672729
v -14.435370 22.751249 -20.648909
vt 0.596514 0.278486
vt 0.596514 0.471514
vt 0.596514 0.471514
vt 0.596514 0.278486
vt 0.153486 0.528486
vt 0.346514 0.528486
vt 0.346514 0.528486
vt 0.153486 0.528486
vt 0.403486 0.721514
vt 0.403486 0.528486
vt 0.403486 0.528486
vt 0.403486 0.721514
vt 0.596514 0.028486
vt 0.596514 0.221514
vt 0.596514 0.221514
vt 0.596514 0.028486
vt 0.403486 0.778486
vt 0.596514 0.778486
vt 0.596514 0.778486
vt 0.403486 0.778486
vt 0.403486 0.471514
vt 0.403486 0.278486
vt 0.403486 0.278486
vt 0.403486 0.471514
vt 0.375000 0.000000
vt 0.625000 0.000000
vt 0.403486 0.028486
vt 0.625000 0.250000
vt 0.375000 0.250000
vt 0.403486 0.221514
vt 0.625000 0.500000
vt 0.375000 0.500000
vt 0.596514 0.528486
vt 0.625000 0.750000
vt 0.596514 0.721514
vt 0.375000 0.750000
vt 0.625000 1.000000
vt 0.596514 0.971514
vt 0.375000 1.000000
vt 0.403486 0.971514
vt 0.125000 0.500000
vt 0.346514 0.721514
vt 0.125000 0.750000
vt 0.153486 0.721514
vt 0.875000 0.500000
vt 0.846514 0.528486
vt 0.653486 0.528486
vt 0.875000 0.750000
vt 0.846514 0.721514
vt 0.653486 0.721514
vt 0.403486 0.471514
vt 0.596514 0.471514
vt 0.596514 0.971514
vt 0.596514 0.971514
vt 0.596514 0.778486
vt 0.653486 0.721514
vt 0.653486 0.528486
vt 0.653486 0.528486
vt 0.653486 0.721514
vt 0.596514 0.278486
vt 0.403486 0.971514
vt 0.403486 0.778486
vt 0.403486 0.971514
vt 0.846514 0.528486
vt 0.846514 0.528486
vt 0.403486 0.221514
vt 0.596514 0.721514
vt 0.596514 0.528486
vt 0.153486 0.721514
vt 0.346514 0.721514
vt 0.846514 0.721514
vt 0.403486 0.028486
vt 0.346514 0.528486
vt 0.346514 0.721514
vt 0.346514 0.721514
vt 0.346514 0.528486
vt 0.596514 0.221514
vt 0.403486 0.221514
vt 0.403486 0.221514
vt 0.596514 0.221514
vt 0.596514 0.528486
vt 0.596514 0.721514
vt 0.596514 0.721514
vt 0.596514 0.528486
vt 0.153486 0.721514
vt 0.153486 0.528486
vt 0.153486 0.528486
vt 0.153486 0.721514
vt 0.596514 0.028486
vt 0.596514 0.028486
vt 0.403486 0.721514
vt 0.403486 0.528486
vt 0.403486 0.528486
vt 0.403486 0.721514
vt 0.846514 0.721514
vt 0.403486 0.028486
vt 0.403486 0.278486
vt 0.403486 0.028486
vt 0.403486 0.278486
vt 0.596514 0.278486
vt 0.596514 0.471514
vt 0.403486 0.471514
vt 0.403486 0.778486
vt 0.596514 0.778486
vt 0.596514 0.971514
vt 0.403486 0.971514
vt 0.653486 0.528486
vt 0.846514 0.528486
vt 0.846514 0.721514
vt 0.653486 0.721514
vt 0.596514 0.278486
vt 0.596514 0.471514
vt 0.596514 0.471514
vt 0.596514 0.278486
vt 0.153486 0.528486
vt 0.346514 0.528486
vt 0.346514 0.528486
vt 0.153486 0.528486
vt 0.403486 0.721514
vt 0.403486 0.528486
vt 0.403486 0.528486
vt 0.403486 0.721514
vt 0.596514 0.028486
vt 0.596514 0.221514
vt 0.596514 0.221514
vt 0.596514 0.028486
vt 0.403486 0.778486
vt 0.596514 0.778486
vt 0.596514 0.778486
vt 0.403486 0.778486
vt 0.403486 0.471514
vt 0.403486 0.278486
vt 0.403486 0.278486
vt 0.403486 0.471514
vt 0.375000 0.000000
vt 0.625000 0.000000
vt 0.403486 0.028486
vt 0.625000 0.250000
vt 0.375000 0.250000
vt 0.403486 0.221514
vt 0.625000 0.500000
vt 0.375000 0.500000
vt 0.596514 0.528486
vt 0.625000 0.750000
vt 0.596514 0.721514
vt 0.375000 0.750000
vt 0.625000 1.000000
vt 0.596514 0.971514
vt 0.375000 1.000000
vt 0.403486 0.971514
vt 0.125000 0.500000
vt 0.346514 0.721514
vt 0.125000 0.750000
vt 0.153486 0.721514
vt 0.875000 0.500000
vt 0.846514 0.528486
vt 0.653486 0.528486
vt 0.875000 0.750000
vt 0.846514 0.721514
vt 0.653486 0.721514
vt 0.403486 0.471514
vt 0.596514 0.471514
vt 0.596514 0.971514
vt 0.596514 0.971514
vt 0.596514 0.778486
vt 0.653486 0.721514
vt 0.653486 0.528486
vt 0.653486 0.528486
vt 0.653486 0.721514
vt 0.596514 0.278486
vt 0.403486 0.971514
vt 0.403486 0.778486
vt 0.403486 0.971514
vt 0.846514 0.528486
vt 0.846514 0.528486
vt 0.403486 0.221514
vt 0.596514 0.721514
vt 0.596514 0.528486
vt 0.153486 0.721514
vt 0.346514 0.721514
vt 0.846514 0.721514
vt 0.403486 0.028486
vt 0.346514 0.528486
vt 0.346514 0.721514
vt 0.346514 0.721514
vt 0.346514 0.528486
vt 0.596514 0.221514
vt 0.403486 0.221514
vt 0.403486 0.221514
vt 0.596514 0.221514
vt 0.596514 0.528486
vt 0.596514 0.721514
vt 0.596514 0.721514
vt 0.596514 0.528486
vt 0.153486 0.721514
vt 0.153486 0.528486
vt 0.153486 0.528486
vt 0.153486 0.721514
vt 0.596514 0.028486
vt 0.596514 0.028486
vt 0.403486 0.721514
vt 0.403486 0.528486
vt 0.403486 0.528486
vt 0.403486 0.721514
vt 0.846514 0.721514
vt 0.403486 0.028486
vt 0.403486 0.278486
vt 0.403486 0.028486
vt 0.403486 0.278486
vt 0.596514 0.278486
vt 0.596514 0.471514
vt 0.403486 0.471514
vt 0.403486 0.778486
vt 0.596514 0.778486
vt 0.596514 0.971514
vt 0.403486 0.971514
vt 0.653486 0.528486
vt 0.846514 0.528486
vt 0.846514 0.721514
vt 0.653486 0.721514
vt 0.596514 0.278486
vt 0.596514 0.471514
vt 0.596514 0.471514
vt 0.596514 0.278486
vt 0.153486 0.528486
vt 0.346514 0.528486
vt 0.346514 0.528486
vt 0.153486 0.528486
vt 0.403486 0.721514
vt 0.403486 0.528486
vt 0.403486 0.528486
vt 0.403486 0.721514
vt 0.596514 0.028486
vt 0.596514 0.221514
vt 0.596514 0.221514
vt 0.596514 0.028486
vt 0.403486 0.778486
vt 0.596514 0.778486
vt 0.596514 0.778486
vt 0.403486 0.778486
vt 0.403486 0.471514
vt 0.403486 0.278486
vt 0.403486 0.278486
vt 0.403486 0.471514
vt 0.375000 0.000000
vt 0.625000 0.000000
vt 0.403486 0.028486
vt 0.625000 0.250000
vt 0.375000 0.250000
vt 0.403486 0.221514
vt 0.625000 0.500000
vt 0.375000 0.500000
vt 0.596514 0.528486
vt 0.625000 0.750000
vt 0.596514 0.721514
vt 0.375000 0.750000
vt 0.625000 1.000000
vt 0.596514 0.971514
vt 0.375000 1.000000
vt 0.403486 0.971514
vt 0.125000 0.500000
vt 0.346514 0.721514
vt 0.125000 0.750000
vt 0.153486 0.721514
vt 0.875000 0.500000
vt 0.846514 0.528486
vt 0.653486 0.528486
vt 0.875000 0.750000
vt 0.846514 0.721514
vt 0.653486 0.721514
vt 0.403486 0.471514
vt 0.596514 0.471514
vt 0.596514 0.971514
vt 0.596514 0.971514
vt 0.596514 0.778486
vt 0.653486 0.721514
vt 0.653486 0.528486
vt 0.653486 0.528486
vt 0.653486 0.721514
vt 0.596514 0.278486
vt 0.403486 0.971514
vt 0.403486 0.778486
vt 0.403486 0.971514
vt 0.846514 0.528486
vt 0.846514 0.528486
vt 0.403486 0.221514
vt 0.596514 0.721514
vt 0.596514 0.528486
vt 0.153486 0.721514
vt 0.346514 0.721514
vt 0.846514 0.721514
vt 0.403486 0.028486
vt 0.346514 0.528486
vt 0.346514 0.721514
vt 0.346514 0.721514
vt 0.346514 0.528486
vt 0.596514 0.221514
vt 0.403486 0.221514
vt 0.403486 0.221514
vt 0.596514 0.221514
vt 0.596514 0.528486
vt 0.596514 0.721514
vt 0.596514 0.721514
vt 0.596514 0.528486
vt 0.153486 0.721514
vt 0.153486 0.528486
vt 0.153486 0.528486
vt 0.153486 0.721514
vt 0.596514 0.028486
vt 0.596514 0.028486
vt 0.403486 0.721514
vt 0.403486 0.528486
vt 0.403486 0.528486
vt 0.403486 0.721514
vt 0.846514 0.721514
vt 0.403486 0.028486
vt 0.403486 0.278486
vt 0.403486 0.028486
vt 0.403486 0.278486
vt 0.596514 0.278486
vt 0.596514 0.471514
vt 0.403486 0.471514
vt 0.403486 0.778486
vt 0.596514 0.778486
vt 0.596514 0.971514
vt 0.403486 0.971514
vt 0.653486 0.528486
vt 0.846514 0.528486
vt 0.846514 0.721514
vt 0.653486 0.721514
vt 0.596514 0.278486
vt 0.596514 0.471514
vt 0.596514 0.471514
vt 0.596514 0.278486
vt 0.153486 0.528486
vt 0.346514 0.528486
vt 0.346514 0.528486
vt 0.153486 0.528486
vt 0.403486 0.721514
vt 0.403486 0.528486
vt 0.403486 0.528486
vt 0.403486 0.721514
vt 0.596514 0.028486
vt 0.596514 0.221514
vt 0.596514 0.221514
vt 0.596514 0.028486
vt 0.403486 0.778486
vt 0.596514 0.778486
vt 0.596514 0.778486
vt 0.403486 0.778486
vt 0.403486 0.471514
vt 0.403486 0.278486
vt 0.403486 0.278486
vt 0.403486 0.471514
vt 0.375000 0.000000
vt 0.625000 0.000000
vt 0.403486 0.028486
vt 0.625000 0.250000
vt 0.375000 0.250000
vt 0.403486 0.221514
vt 0.625000 0.500000
vt 0.375000 0.500000
vt 0.596514 0.528486
vt 0.625000 0.750000
vt 0.596514 0.721514
vt 0.375000 0.750000
vt 0.625000 1.000000
vt 0.596514 0.971514
vt 0.375000 1.000000
vt 0.403486 0.971514
vt 0.125000 0.500000
vt 0.346514 0.721514
vt 0.125000 0.750000
vt 0.153486 0.721514
vt 0.875000 0.500000
vt 0.846514 0.528486
vt 0.653486 0.528486
vt 0.875000 0.750000
vt 0.846514 0.721514
vt 0.653486 0.721514
vt 0.403486 0.471514
vt 0.596514 0.471514
vt 0.596514 0.971514
vt 0.596514 0.971514
vt 0.596514 0.778486
vt 0.653486 0.721514
vt 0.653486 0.528486
vt 0.653486 0.528486
vt 0.653486 0.721514
vt 0.596514 0.278486
vt 0.403486 0.971514
vt 0.403486 0.778486
vt 0.403486 0.971514
vt 0.846514 0.528486
vt 0.846514 0.528486
vt 0.403486 0.221514
vt 0.596514 0.721514
vt 0.596514 0.528486
vt 0.153486 0.721514
vt 0.346514 0.721514
vt 0.846514 0.721514
vt 0.403486 0.028486
vt 0.346514 0.528486
vt 0.346514 0.721514
vt 0.346514 0.721514
vt 0.346514 0.528486
vt 0.596514 0.221514
vt 0.403486 0.221514
vt 0.403486 0.221514
vt 0.596514 0.221514
vt 0.596514 0.528486
vt 0.596514 0.721514
vt 0.596514 0.721514
vt 0.596514 0.528486
vt 0.153486 0.721514
vt 0.153486 0.528486
vt 0.153486 0.528486
vt 0.153486 0.721514
vt 0.596514 0.028486
vt 0.596514 0.028486
vt 0.403486 0.721514
vt 0.403486 0.528486
vt 0.403486 0.528486
vt 0.403486 0.721514
vt 0.846514 0.721514
vt 0.403486 0.028486
vt 0.403486 0.278486
vt 0.403486 0.028486
vt 0.403486 0.278486
vt 0.596514 0.278486
vt 0.596514 0.471514
vt 0.403486 0.471514
vt 0.403486 0.778486
vt 0.596514 0.778486
vt 0.596514 0.971514
vt 0.403486 0.971514
vt 0.653486 0.528486
vt 0.846514 0.528486
vt 0.846514 0.721514
vt 0.653486 0.721514
vt 0.596514 0.278486
vt 0.596514 0.471514
vt 0.596514 0.471514
vt 0.596514 0.278486
vt 0.153486 0.528486
vt 0.346514 0.528486
vt 0.346514 0.528486
vt 0.153486 0.528486
vt 0.403486 0.721514
vt 0.403486 0.528486
vt 0.403486 0.528486
vt 0.403486 0.721514
vt 0.596514 0.028486
vt 0.596514 0.221514
vt 0.596514 0.221514
vt 0.596514 0.028486
vt 0.403486 0.778486
vt 0.596514 0.778486
vt 0.596514 0.778486
vt 0.403486 0.778486
vt 0.403486 0.471514
vt 0.403486 0.278486
vt 0.403486 0.278486
vt 0.403486 0.471514
vt 0.375000 0.000000
vt 0.625000 0.000000
vt 0.403486 0.028486
vt 0.625000 0.250000
vt 0.375000 0.250000
vt 0.403486 0.221514
vt 0.625000 0.500000
vt 0.375000 0.500000
vt 0.596514 0.528486
vt 0.625000 0.750000
vt 0.596514 0.721514
vt 0.375000 0.750000
vt 0.625000 1.000000
vt 0.596514 0.971514
vt 0.375000 1.000000
vt 0.403486 0.971514
vt 0.125000 0.500000
vt 0.346514 0.721514
vt 0.125000 0.750000
vt 0.153486 0.721514
vt 0.875000 0.500000
vt 0.846514 0.528486
vt 0.653486 0.528486
vt 0.875000 0.750000
vt 0.846514 0.721514
vt 0.653486 0.721514
vt 0.403486 0.471514
vt 0.596514 0.471514
vt 0.596514 0.971514
vt 0.596514 0.971514
vt 0.596514 0.778486
vt 0.653486 0.721514
vt 0.653486 0.528486
vt 0.653486 0.528486
vt 0.653486 0.721514
vt 0.596514 0.278486
vt 0.403486 0.971514
vt 0.403486 0.778486
vt 0.403486 0.971514
vt 0.846514 0.528486
vt 0.846514 0.528486
vt 0.403486 0.221514
vt 0.596514 0.721514
vt 0.596514 0.528486
vt 0.153486 0.721514
vt 0.346514 0.721514
vt 0.846514 0.721514
vt 0.403486 0.028486
vt 0.346514 0.528486
vt 0.346514 0.721514
vt 0.346514 0.721514
vt 0.346514 0.528486
vt 0.596514 0.221514
vt 0.403486 0.221514
vt 0.403486 0.221514
vt 0.596514 0.221514
vt 0.596514 0.528486
vt 0.596514 0.721514
vt 0.596514 0.721514
vt 0.596514 0.528486
vt 0.153486 0.721514
vt 0.153486 0.528486
vt 0.153486 0.528486
vt 0.153486 0.721514
vt 0.596514 0.028486
vt 0.596514 0.028486
vt 0.403486 0.721514
vt 0.403486 0.528486
vt 0.403486 0.528486
vt 0.403486 0.721514
vt 0.846514 0.721514
vt 0.403486 0.028486
vt 0.403486 0.278486
vt 0.403486 0.028486
vt 0.403486 0.278486
vt 0.596514 0.278486
vt 0.596514 0.471514
vt 0.403486 0.471514
vt 0.403486 0.778486
vt 0.596514 0.778486
vt 0.596514 0.971514
vt 0.403486 0.971514
vt 0.653486 0.528486
vt 0.846514 0.528486
vt 0.846514 0.721514
vt 0.653486 0.721514
vt 0.596514 0.278486
vt 0.596514 0.471514
vt 0.596514 0.471514
vt 0.596514 0.278486
vt 0.153486 0.528486
vt 0.346514 0.528486
vt 0.346514 0.528486
vt 0.153486 0.528486
vt 0.403486 0.721514
vt 0.403486 0.528486
vt 0.403486 0.528486
vt 0.403486 0.721514
vt 0.596514 0.028486
vt 0.596514 0.221514
vt 0.596514 0.221514
vt 0.596514 0.028486
vt 0.403486 0.778486
vt 0.596514 0.778486
vt 0.596514 0.778486
vt 0.403486 0.778486
vt 0.403486 0.471514
vt 0.403486 0.278486
vt 0.403486 0.278486
vt 0.403486 0.471514
vt 0.375000 0.000000
vt 0.625000 0.000000
vt 0.403486 0.028486
vt 0.625000 0.250000
vt 0.375000 0.250000
vt 0.403486 0.221514
vt 0.625000 0.500000
vt 0.375000 0.500000
vt 0.596514 0.528486
vt 0.625000 0.750000
vt 0.596514 0.721514
vt 0.375000 0.750000
vt 0.625000 1.000000
vt 0.596514 0.971514
vt 0.375000 1.000000
vt 0.403486 0.971514
vt 0.125000 0.500000
vt 0.346514 0.721514
vt 0.125000 0.750000
vt 0.153486 0.721514
vt 0.875000 0.500000
vt 0.846514 0.528486
vt 0.653486 0.528486
vt 0.875000 0.750000
vt 0.846514 0.721514
vt 0.653486 0.721514
vt 0.403486 0.471514
vt 0.596514 0.471514
vt 0.596514 0.971514
vt 0.596514 0.971514
vt 0.596514 0.778486
vt 0.653486 0.721514
vt 0.653486 0.528486
vt 0.653486 0.528486
vt 0.653486 0.721514
vt 0.596514 0.278486
vt 0.403486 0.971514
vt 0.403486 0.778486
vt 0.403486 0.971514
vt 0.846514 0.528486
vt 0.846514 0.528486
vt 0.403486 0.221514
vt 0.596514 0.721514
vt 0.596514 0.528486
vt 0.153486 0.721514
vt 0.346514 0.721514
vt 0.846514 0.721514
vt 0.403486 0.028486
vt 0.346514 0.528486
vt 0.346514 0.721514
vt 0.346514 0.721514
vt 0.346514 0.528486
vt 0.596514 0.221514
vt 0.403486 0.221514
vt 0.403486 0.221514
vt 0.596514 0.221514
vt 0.596514 0.528486
vt 0.596514 0.721514
vt 0.596514 0.721514
vt 0.596514 0.528486
vt 0.153486 0.721514
vt 0.153486 0.528486
vt 0.153486 0.528486
vt 0.153486 0.721514
vt 0.596514 0.028486
vt 0.596514 0.028486
vt 0.403486 0.721514
vt 0.403486 0.528486
vt 0.403486 0.528486
vt 0.403486 0.721514
vt 0.846514 0.721514
vt 0.403486 0.028486
vt 0.403486 0.278486
vt 0.403486 0.028486
vt 0.403486 0.278486
vt 0.596514 0.278486
vt 0.596514 0.471514
vt 0.403486 0.471514
vt 0.403486 0.778486
vt 0.596514 0.778486
vt 0.596514 0.971514
vt 0.403486 0.971514
vt 0.653486 0.528486
vt 0.846514 0.528486
vt 0.846514 0.721514
vt 0.653486 0.721514
vt 0.596514 0.278486
vt 0.596514 0.471514
vt 0.596514 0.471514
vt 0.596514 0.278486
vt 0.153486 0.528486
vt 0.346514 0.528486
vt 0.346514 0.528486
vt 0.153486 0.528486
vt 0.403486 0.721514
vt 0.403486 0.528486
vt 0.403486 0.528486
vt 0.403486 0.721514
vt 0.596514 0.028486
vt 0.596514 0.221514
vt 0.596514 0.221514
vt 0.596514 0.028486
vt 0.403486 0.778486
vt 0.596514 0.778486
vt 0.596514 0.778486
vt 0.403486 0.778486
vt 0.403486 0.471514
vt 0.403486 0.278486
vt 0.403486 0.278486
vt 0.403486 0.471514
vt 0.375000 0.000000
vt 0.625000 0.000000
vt 0.403486 0.028486
vt 0.625000 0.250000
vt 0.375000 0.250000
vt 0.403486 0.221514
vt 0.625000 0.500000
vt 0.375000 0.500000
vt 0.596514 0.528486
vt 0.625000 0.750000
vt 0.596514 0.721514
vt 0.375000 0.750000
vt 0.625000 1.000000
vt 0.596514 0.971514
vt 0.375000 1.000000
vt 0.403486 0.971514
vt 0.125000 0.500000
vt 0.346514 0.721514
vt 0.125000 0.750000
vt 0.153486 0.721514
vt 0.875000 0.500000
vt 0.846514 0.528486
vt 0.653486 0.528486
vt 0.875000 0.750000
vt 0.846514 0.721514
vt 0.653486 0.721514
vt 0.403486 0.471514
vt 0.596514 0.471514
vt 0.596514 0.971514
vt 0.596514 0.971514
vt 0.596514 0.778486
vt 0.653486 0.721514
vt 0.653486 0.528486
vt 0.653486 0.528486
vt 0.653486 0.721514
vt 0.596514 0.278486
vt 0.403486 0.971514
vt 0.403486 0.778486
vt 0.403486 0.971514
vt 0.846514 0.528486
vt 0.846514 0.528486
vt 0.403486 0.221514
vt 0.596514 0.721514
vt 0.596514 0.528486
vt 0.153486 0.721514
vt 0.346514 0.721514
vt 0.846514 0.721514
vt 0.403486 0.028486
vt 0.346514 0.528486
vt 0.346514 0.721514
vt 0.346514 0.721514
vt 0.346514 0.528486
vt 0.596514 0.221514
vt 0.403486 0.221514
vt 0.403486 0.221514
vt 0.596514 0.221514
vt 0.596514 0.528486
vt 0.596514 0.721514
vt 0.596514 0.721514
vt 0.596514 0.528486
vt 0.153486 0.721514
vt 0.153486 0.528486
vt 0.153486 0.528486
vt 0.153486 0.721514
vt 0.596514 0.028486
vt 0.596514 0.028486
vt 0.403486 0.721514
vt 0.403486 0.528486
vt 0.403486 0.528486
vt 0.403486 0.721514
vt 0.846514 0.721514
vt 0.403486 0.028486
vt 0.403486 0.278486
vt 0.403486 0.028486
vt 0.403486 0.278486
vt 0.596514 0.278486
vt 0.596514 0.471514
vt 0.403486 0.471514
vt 0.403486 0.778486
vt 0.596514 0.778486
vt 0.596514 0.971514
vt 0.403486 0.971514
vt 0.653486 0.528486
vt 0.846514 0.528486
vt 0.846514 0.721514
vt 0.653486 0.721514
vt 0.596514 0.278486
vt 0.596514 0.471514
vt 0.596514 0.471514
vt 0.596514 0.278486
vt 0.153486 0.528486
vt 0.346514 0.528486
vt 0.346514 0.528486
vt 0.153486 0.528486
vt 0.403486 0.721514
vt 0.403486 0.528486
vt 0.403486 0.528486
vt 0.403486 0.721514
vt 0.596514 0.028486
vt 0.596514 0.221514
vt 0.596514 0.221514
vt 0.596514 0.028486
vt 0.403486 0.778486
vt 0.596514 0.778486
vt 0.596514 0.778486
vt 0.403486 0.778486
vt 0.403486 0.471514
vt 0.403486 0.278486
vt 0.403486 0.278486
vt 0.403486 0.471514
vt 0.375000 0.000000
vt 0.625000 0.000000
vt 0.403486 0.028486
vt 0.625000 0.250000
vt 0.375000 0.250000
vt 0.403486 0.221514
vt 0.625000 0.500000
vt 0.375000 0.500000
vt 0.596514 0.528486
vt 0.625000 0.750000
vt 0.596514 0.721514
vt 0.375000 0.750000
vt 0.625000 1.000000
vt 0.596514 0.971514
vt 0.375000 1.000000
vt 0.403486 0.971514
vt 0.125000 0.500000
vt 0.346514 0.721514
vt 0.125000 0.750000
vt 0.153486 0.721514
vt 0.875000 0.500000
vt 0.846514 0.528486
vt 0.653486 0.528486
vt 0.875000 0.750000
vt 0.846514 0.721514
vt 0.653486 0.721514
vt 0.403486 0.471514
vt 0.596514 0.471514
vt 0.596514 0.971514
vt 0.596514 0.971514
vt 0.596514 0.778486
vt 0.653486 0.721514
vt 0.653486 0.528486
vt 0.653486 0.528486
vt 0.653486 0.721514
vt 0.596514 0.278486
vt 0.403486 0.971514
vt 0.403486 0.778486
vt 0.403486 0.971514
vt 0.846514 0.528486
vt 0.846514 0.528486
vt 0.403486 0.221514
vt 0.596514 0.721514
vt 0.596514 0.528486
vt 0.153486 0.721514
vt 0.346514 0.721514
vt 0.846514 0.721514
vt 0.403486 0.028486
vt 0.346514 0.528486
vt 0.346514 0.721514
vt 0.346514 0.721514
vt 0.346514 0.528486
vt 0.596514 0.221514
vt 0.403486 0.221514
vt 0.403486 0.221514
vt 0.596514 0.221514
vt 0.596514 0.528486
vt 0.596514 0.721514
vt 0.596514 0.721514
vt 0.596514 0.528486
vt 0.153486 0.721514
vt 0.153486 0.528486
vt 0.153486 0.528486
vt 0.153486 0.721514
vt 0.596514 0.028486
vt 0.596514 0.028486
vt 0.403486 0.721514
vt 0.403486 0.528486
vt 0.403486 0.528486
vt 0.403486 0.721514
vt 0.846514 0.721514
vt 0.403486 0.028486
vt 0.403486 0.278486
vt 0.403486 0.028486
vt 0.403486 0.278486
vt 0.596514 0.278486
vt 0.596514 0.471514
vt 0.403486 0.471514
vt 0.403486 0.778486
vt 0.596514 0.778486
vt 0.596514 0.971514
vt 0.403486 0.971514
vt 0.653486 0.528486
vt 0.846514 0.528486
vt 0.846514 0.721514
vt 0.653486 0.721514
vt 0.596514 0.278486
vt 0.596514 0.471514
vt 0.596514 0.471514
vt 0.596514 0.278486
vt 0.153486 0.528486
vt 0.346514 0.528486
vt 0.346514 0.528486
vt 0.153486 0.528486
vt 0.403486 0.721514
vt 0.403486 0.528486
vt 0.403486 0.528486
vt 0.403486 0.721514
vt 0.596514 0.028486
vt 0.596514 0.221514
vt 0.596514 0.221514
vt 0.596514 0.028486
vt 0.403486 0.778486
vt 0.596514 0.778486
vt 0.596514 0.778486
vt 0.403486 0.778486
vt 0.403486 0.471514
vt 0.403486 0.278486
vt 0.403486 0.278486
vt 0.403486 0.471514
vt 0.375000 0.000000
vt 0.625000 0.000000
vt 0.403486 0.028486
vt 0.625000 0.250000
vt 0.375000 0.250000
vt 0.403486 0.221514
vt 0.625000 0.500000
vt 0.375000 0.500000
vt 0.596514 0.528486
vt 0.625000 0.750000
vt 0.596514 0.721514
vt 0.375000 0.750000
vt 0.625000 1.000000
vt 0.596514 0.971514
vt 0.375000 1.000000
vt 0.403486 0.971514
vt 0.125000 0.500000
vt 0.346514 0.721514
vt 0.125000 0.750000
vt 0.153486 0.721514
vt 0.875000 0.500000
vt 0.846514 0.528486
vt 0.653486 0.528486
vt 0.875000 0.750000
vt 0.846514 0.721514
vt 0.653486 0.721514
vt 0.403486 0.471514
vt 0.596514 0.471514
vt 0.596514 0.971514
vt 0.596514 0.971514
vt 0.596514 0.778486
vt 0.653486 0.721514
vt 0.653486 0.528486
vt 0.653486 0.528486
vt 0.653486 0.721514
vt 0.596514 0.278486
vt 0.403486 0.971514
vt 0.403486 0.778486
vt 0.403486 0.971514
vt 0.846514 0.528486
vt 0.846514 0.528486
vt 0.403486 0.221514
vt 0.596514 0.721514
vt 0.596514 0.528486
vt 0.153486 0.721514
vt 0.346514 0.721514
vt 0.846514 0.721514
vt 0.403486 0.028486
vt 0.346514 0.528486
vt 0.346514 0.721514
vt 0.346514 0.721514
vt 0.346514 0.528486
vt 0.596514 0.221514
vt 0.403486 0.221514
vt 0.403486 0.221514
vt 0.596514 0.221514
vt 0.596514 0.528486
vt 0.596514 0.721514
vt 0.596514 0.721514
vt 0.596514 0.528486
vt 0.153486 0.721514
vt 0.153486 0.528486
vt 0.153486 0.528486
vt 0.153486 0.721514
vt 0.596514 0.028486
vt 0.596514 0.028486
vt 0.403486 0.721514
vt 0.403486 0.528486
vt 0.403486 0.528486
vt 0.403486 0.721514
vt 0.846514 0.721514
vt 0.403486 0.028486
vt 0.403486 0.278486
vt 0.403486 0.028486
vt 0.403486 0.278486
vt 0.596514 0.278486
vt 0.596514 0.471514
vt 0.403486 0.471514
vt 0.403486 0.778486
vt 0.596514 0.778486
vt 0.596514 0.971514
vt 0.403486 0.971514
vt 0.653486 0.528486
vt 0.846514 0.528486
vt 0.846514 0.721514
vt 0.653486 0.721514
vt 0.596514 0.278486
vt 0.596514 0.471514
vt 0.596514 0.471514
vt 0.596514 0.278486
vt 0.153486 0.528486
vt 0.346514 0.528486
vt 0.346514 0.528486
vt 0.153486 0.528486
vt 0.403486 0.721514
vt 0.403486 0.528486
vt 0.403486 0.528486
vt 0.403486 0.721514
vt 0.596514 0.028486
vt 0.596514 0.221514
vt 0.596514 0.221514
vt 0.596514 0.028486
vt 0.403486 0.778486
vt 0.596514 0.778486
vt 0.596514 0.778486
vt 0.403486 0.778486
vt 0.403486 0.471514
vt 0.403486 0.278486
vt 0.403486 0.278486
vt 0.403486 0.471514
vt 0.375000 0.000000
vt 0.625000 0.000000
vt 0.403486 0.028486
vt 0.625000 0.250000
vt 0.375000 0.250000
vt 0.403486 0.221514
vt 0.625000 0.500000
vt 0.375000 0.500000
vt 0.596514 0.528486
vt 0.625000 0.750000
vt 0.596514 0.721514
vt 0.375000 0.750000
vt 0.625000 1.000000
vt 0.596514 0.971514
vt 0.375000 1.000000
vt 0.403486 0.971514
vt 0.125000 0.500000
vt 0.346514 0.721514
vt 0.125000 0.750000
vt 0.153486 0.721514
vt 0.875000 0.500000
vt 0.846514 0.528486
vt 0.653486 0.528486
vt 0.875000 0.750000
vt 0.846514 0.721514
vt 0.653486 0.721514
vt 0.403486 0.471514
vt 0.596514 0.471514
vt 0.596514 0.971514
vt 0.596514 0.971514
vt 0.596514 0.778486
vt 0.653486 0.721514
vt 0.653486 0.528486
vt 0.653486 0.528486
vt 0.653486 0.721514
vt 0.596514 0.278486
vt 0.403486 0.971514
vt 0.403486 0.778486
vt 0.403486 0.971514
vt 0.846514 0.528486
vt 0.846514 0.528486
vt 0.403486 0.221514
vt 0.596514 0.721514
vt 0.596514 0.528486
vt 0.153486 0.721514
vt 0.346514 0.721514
vt 0.846514 0.721514
vt 0.403486 0.028486
vt 0.346514 0.528486
vt 0.346514 0.721514
vt 0.346514 0.721514
vt 0.346514 0.528486
vt 0.596514 0.221514
vt 0.403486 0.221514
vt 0.403486 0.221514
vt 0.596514 0.221514
vt 0.596514 0.528486
vt 0.596514 0.721514
vt 0.596514 0.721514
vt 0.596514 0.528486
vt 0.153486 0.721514
vt 0.153486 0.528486
vt 0.153486 0.528486
vt 0.153486 0.721514
vt 0.596514 0.028486
vt 0.596514 0.028486
vt 0.403486 0.721514
vt 0.403486 0.528486
vt 0.403486 0.528486
vt 0.403486 0.721514
vt 0.846514 0.721514
vt 0.403486 0.028486
vt 0.403486 0.278486
vt 0.403486 0.028486
vt 0.403486 0.278486
vt 0.596514 0.278486
vt 0.596514 0.471514
vt 0.403486 0.471514
vt 0.403486 0.778486
vt 0.596514 0.778486
vt 0.596514 0.971514
vt 0.403486 0.971514
vt 0.653486 0.528486
vt 0.846514 0.528486
vt 0.846514 0.721514
vt 0.653486 0.721514
vt 0.596514 0.278486
vt 0.596514 0.471514
vt 0.596514 0.471514
vt 0.596514 0.278486
vt 0.153486 0.528486
vt 0.346514 0.528486
vt 0.346514 0.528486
vt 0.153486 0.528486
vt 0.403486 0.721514
vt 0.403486 0.528486
vt 0.403486 0.528486
vt 0.403486 0.721514
vt 0.596514 0.028486
vt 0.596514 0.221514
vt 0.596514 0.221514
vt 0.596514 0.028486
vt 0.403486 0.778486
vt 0.596514 0.778486
vt 0.596514 0.778486
vt 0.403486 0.778486
vt 0.403486 0.471514
vt 0.403486 0.278486
vt 0.403486 0.278486
vt 0.403486 0.471514
vt 0.375000 0.000000
vt 0.625000 0.000000
vt 0.403486 0.028486
vt 0.625000 0.250000
vt 0.375000 0.250000
vt 0.403486 0.221514
vt 0.625000 0.500000
vt 0.375000 0.500000
vt 0.596514 0.528486
vt 0.625000 0.750000
vt 0.596514 0.721514
vt 0.375000 0.750000
vt 0.625000 1.000000
vt 0.596514 0.971514
vt 0.375000 1.000000
vt 0.403486 0.971514
vt 0.125000 0.500000
vt 0.346514 0.721514
vt 0.125000 0.750000
vt 0.153486 0.721514
vt 0.875000 0.500000
vt 0.846514 0.528486
vt 0.653486 0.528486
vt 0.875000 0.750000
vt 0.846514 0.721514
vt 0.653486 0.721514
vt 0.403486 0.471514
vt 0.596514 0.471514
vt 0.596514 0.971514
vt 0.596514 0.971514
vt 0.596514 0.778486
vt 0.653486 0.721514
vt 0.653486 0.528486
vt 0.653486 0.528486
vt 0.653486 0.721514
vt 0.596514 0.278486
vt 0.403486 0.971514
vt 0.403486 0.778486
vt 0.403486 0.971514
vt 0.846514 0.528486
vt 0.846514 0.528486
vt 0.403486 0.221514
vt 0.596514 0.721514
vt 0.596514 0.528486
vt 0.153486 0.721514
vt 0.346514 0.721514
vt 0.846514 0.721514
vt 0.403486 0.028486
vt 0.346514 0.528486
vt 0.346514 0.721514
vt 0.346514 0.721514
vt 0.346514 0.528486
vt 0.596514 0.221514
vt 0.403486 0.221514
vt 0.403486 0.221514
vt 0.596514 0.221514
vt 0.596514 0.528486
vt 0.596514 0.721514
vt 0.596514 0.721514
vt 0.596514 0.528486
vt 0.153486 0.721514
vt 0.153486 0.528486
vt 0.153486 0.528486
vt 0.153486 0.721514
vt 0.596514 0.028486
vt 0.596514 0.028486
vt 0.403486 0.721514
vt 0.403486 0.528486
vt 0.403486 0.528486
vt 0.403486 0.721514
vt 0.846514 0.721514
vt 0.403486 0.028486
vt 0.403486 0.278486
vt 0.403486 0.028486
vt 0.403486 0.278486
vt 0.596514 0.278486
vt 0.596514 0.471514
vt 0.403486 0.471514
vt 0.403486 0.778486
vt 0.596514 0.778486
vt 0.596514 0.971514
vt 0.403486 0.971514
vt 0.653486 0.528486
vt 0.846514 0.528486
vt 0.846514 0.721514
vt 0.653486 0.721514
vt 0.596514 0.278486
vt 0.596514 0.471514
vt 0.596514 0.471514
vt 0.596514 0.278486
vt 0.153486 0.528486
vt 0.346514 0.528486
vt 0.346514 0.528486
vt 0.153486 0.528486
vt 0.403486 0.721514
vt 0.403486 0.528486
vt 0.403486 0.528486
vt 0.403486 0.721514
vt 0.596514 0.028486
vt 0.596514 0.221514
vt 0.596514 0.221514
vt 0.596514 0.028486
vt 0.403486 0.778486
vt 0.596514 0.778486
vt 0.596514 0.778486
vt 0.403486 0.778486
vt 0.403486 0.471514
vt 0.403486 0.278486
vt 0.403486 0.278486
vt 0.403486 0.471514
vt 0.375000 0.000000
vt 0.625000 0.000000
vt 0.403486 0.028486
vt 0.625000 0.250000
vt 0.375000 0.250000
vt 0.403486 0.221514
vt 0.625000 0.500000
vt 0.375000 0.500000
vt 0.596514 0.528486
vt 0.625000 0.750000
vt 0.596514 0.721514
vt 0.375000 0.750000
vt 0.625000 1.000000
vt 0.596514 0.971514
vt 0.375000 1.000000
vt 0.403486 0.971514
vt 0.125000 0.500000
vt 0.346514 0.721514
vt 0.125000 0.750000
vt 0.153486 0.721514
vt 0.875000 0.500000
vt 0.846514 0.528486
vt 0.653486 0.528486
vt 0.875000 0.750000
vt 0.846514 0.721514
vt 0.653486 0.721514
vt 0.403486 0.471514
vt 0.596514 0.471514
vt 0.596514 0.971514
vt 0.596514 0.971514
vt 0.596514 0.778486
vt 0.653486 0.721514
vt 0.653486 0.528486
vt 0.653486 0.528486
vt 0.653486 0.721514
vt 0.596514 0.278486
vt 0.403486 0.971514
vt 0.403486 0.778486
vt 0.403486 0.971514
vt 0.846514 0.528486
vt 0.846514 0.528486
vt 0.403486 0.221514
vt 0.596514 0.721514
vt 0.596514 0.528486
vt 0.153486 0.721514
vt 0.346514 0.721514
vt 0.846514 0.721514
vt 0.403486 0.028486
vt 0.346514 0.528486
vt 0.346514 0.721514
vt 0.346514 0.721514
vt 0.346514 0.528486
vt 0.596514 0.221514
vt 0.403486 0.221514
vt 0.403486 0.221514
vt 0.596514 0.221514
vt 0.596514 0.528486
vt 0.596514 0.721514
vt 0.596514 0.721514
vt 0.596514 0.528486
vt 0.153486 0.721514
vt 0.153486 0.528486
vt 0.153486 0.528486
vt 0.153486 0.721514
vt 0.596514 0.028486
vt 0.596514 0.028486
vt 0.403486 0.721514
vt 0.403486 0.528486
vt 0.403486 0.528486
vt 0.403486 0.721514
vt 0.846514 0.721514
vt 0.403486 0.028486
vt 0.403486 0.278486
vt 0.403486 0.028486
vt 0.403486 0.278486
vt 0.596514 0.278486
vt 0.596514 0.471514
vt 0.403486 0.471514
vt 0.403486 0.778486
vt 0.596514 0.778486
vt 0.596514 0.971514
vt 0.403486 0.971514
vt 0.653486 0.528486
vt 0.846514 0.528486
vt 0.846514 0.721514
vt 0.653486 0.721514
vn 0.9112 0.3757 0.1692
vn 0.5169 -0.5799 -0.6297
vn 0.4777 -0.7126 -0.5139
vn 0.8949 0.2986 0.3315
vn 0.0911 0.9839 -0.1536
vn -0.3032 0.0283 -0.9525
vn -0.1487 -0.0584 -0.9871
vn 0.2685 0.9528 -0.1418
vn -0.9258 -0.3154 0.2082
vn -0.4607 0.3490 -0.8161
vn -0.4288 0.5116 -0.7446
vn -0.9210 -0.1915 0.3393
vn 0.4607 -0.3490 0.8161
vn 0.9258 0.3154 -0.2082
vn 0.9210 0.1915 -0.3393
vn 0.4288 -0.5116 0.7446
vn -0.9112 -0.3757 -0.1692
vn 0.2443 -0.9693 -0.0295
vn 0.3278 -0.9267 -0.1837
vn -0.8949 -0.2986 -0.3315
vn -0.6386 0.0137 -0.7694
vn -0.2443 0.9693 0.0295
vn -0.3278 0.9267 0.1837
vn -0.7450 -0.0845 -0.6617
vn -0.5419 0.3910 0.7440
vn 0.4793 -0.1336 0.8674
vn -0.6947 0.2446 0.6764
vn 0.8904 0.4536 -0.0379
vn -0.1308 0.9782 -0.1613
vn -0.2296 0.9090 -0.3479
vn 0.5419 -0.3910 -0.7440
vn -0.4793 0.1336 -0.8674
vn 0.6947 -0.2446 -0.6764
vn 0.1308 -0.9782 0.1613
vn 0.2296 -0.9090 0.3479
vn -0.8904 -0.4536 0.0379
vn 0.6386 -0.0137 0.7694
vn -0.5169 0.5799 0.6297
vn -0.7683 -0.6361 0.0718
vn -0.3740 0.3195 0.8707
vn 0.7683 0.6361 -0.0718
vn 0.3740 -0.3195 -0.8707
vn 0.3032 -0.0283 0.9525
vn -0.0911 -0.9839 0.1536
vn -0.7668 -0.1074 -0.6329
vn 0.4661 -0.7407 -0.4838
vn 0.7450 0.0845 0.6617
vn 0.7668 0.1074 0.6329
vn 0.3460 -0.9122 -0.2195
vn -0.2685 -0.9528 0.1418
vn 0.2237 -0.2497 -0.9421
vn 0.1869 -0.2320 -0.9546
vn -0.3094 -0.9408 0.1383
vn 0.8868 0.2789 0.3686
vn -0.4777 0.7126 0.5139
vn -0.8868 -0.2789 -0.3686
vn -0.4661 0.7407 0.4838
vn 0.6409 0.7615 -0.0967
vn 0.6076 0.7876 -0.1022
vn -0.3017 0.8196 -0.4871
vn 0.3017 -0.8196 0.4871
vn 0.7939 -0.1165 -0.5968
vn -0.2237 0.2497 0.9421
vn -0.6409 -0.7615 0.0967
vn 0.1487 0.0584 0.9871
vn -0.7939 0.1165 0.5968
vn -0.1113 -0.0788 -0.9907
vn -0.6076 -0.7876 0.1022
vn -0.9212 -0.3882 0.0262
vn -0.5324 0.1670 -0.8298
vn 0.9154 0.1611 -0.3688
vn -0.3174 0.7944 -0.5179
vn -0.0967 0.9905 -0.0978
vn 0.8690 0.4944 0.0190
vn 0.8137 -0.0855 -0.5750
vn 0.3174 -0.7944 0.5179
vn 0.0967 -0.9905 0.0978
vn 0.4854 -0.4352 -0.7582
vn -0.1869 0.2319 0.9546
vn 0.3094 0.9408 -0.1382
vn -0.2029 0.9657 -0.1621
vn -0.5916 0.4104 0.6940
vn 0.4191 -0.5478 0.7240
vn 0.4803 -0.0609 0.8750
vn -0.9154 -0.1611 0.3688
vn -0.4192 0.5478 -0.7240
vn -0.4803 0.0609 -0.8750
vn -0.8690 -0.4944 -0.0189
vn 0.1113 0.0788 0.9907
vn -0.8137 0.0855 0.5750
vn -0.3460 0.9122 0.2195
vn -0.4854 0.4352 0.7583
vn -0.0918 0.9705 -0.2227
vn 0.8739 0.4744 -0.1060
vn 0.5443 -0.3242 -0.7737
vn -0.4214 0.1718 -0.8904
vn -0.8739 -0.4744 0.1060
vn 0.0918 -0.9705 0.2228
vn 0.4214 -0.1718 0.8904
vn -0.5443 0.3242 0.7737
vn 0.5916 -0.4104 -0.6939
vn 0.9212 0.3883 -0.0263
vn 0.5324 -0.1670 0.8298
vn 0.2029 -0.9657 0.1621
vn 0.0392 0.8988 0.4366
vn 0.9482 0.2287 -0.2203
vn 0.9898 0.0970 -0.1041
vn 0.0279 0.8061 0.5911
vn -0.6825 0.6585 -0.3170
vn 0.2265 -0.0116 -0.9739
vn 0.3788 0.0707 -0.9228
vn -0.5831 0.7798 -0.2276
vn -0.2463 -0.9616 -0.1213
vn -0.1549 0.0118 -0.9879
vn -0.2993 0.1123 -0.9475
vn -0.3960 -0.9178 -0.0305
vn 0.1549 -0.0118 0.9879
vn 0.2463 0.9616 0.1213
vn 0.3960 0.9178 0.0305
vn 0.2993 -0.1123 0.9475
vn -0.0392 -0.8988 -0.4366
vn 0.8947 -0.3418 0.2875
vn 0.9604 -0.2167 0.1752
vn -0.0279 -0.8061 -0.5911
vn 0.0143 -0.3283 -0.9445
vn -0.8947 0.3418 -0.2875
vn -0.9604 0.2167 -0.1752
vn 0.0015 -0.4924 -0.8704
vn -0.8548 -0.3802 0.3533
vn -0.0293 0.1121 0.9933
vn -0.7790 -0.5689 0.2637
vn 0.0514 0.9725 0.2273
vn -0.7741 0.4801 -0.4127
vn -0.6877 0.4046 -0.6029
vn 0.8548 0.3802 -0.3533
vn 0.0293 -0.1121 -0.9933
vn 0.7790 0.5689 -0.2637
vn 0.7741 -0.4801 0.4127
vn 0.6877 -0.4046 0.6029
vn -0.0514 -0.9725 -0.2273
vn -0.0143 0.3283 0.9445
vn -0.9482 -0.2287 0.2203
vn 0.1352 -0.9850 -0.1074
vn -0.7738 -0.3149 0.5496
vn -0.1352 0.9850 0.1074
vn 0.7738 0.3149 -0.5496
vn -0.2265 0.0116 0.9739
vn 0.6825 -0.6585 0.3170
vn -0.0015 -0.5291 -0.8486
vn 0.9950 0.0653 -0.0760
vn -0.0015 0.4924 0.8704
vn 0.0015 0.5291 0.8486
vn 0.9714 -0.1859 0.1477
vn 0.5832 -0.7798 0.2276
vn 0.6798 0.2503 -0.6894
vn 0.6542 0.2337 -0.7193
vn 0.5567 -0.8049 0.2053
vn 0.0251 0.7803 0.6249
vn -0.9898 -0.0971 0.1041
vn -0.0251 -0.7803 -0.6250
vn -0.9950 -0.0653 0.0760
vn -0.2821 0.9594 0.0058
vn -0.3157 0.9487 -0.0184
vn -0.5923 0.3283 -0.7358
vn 0.5923 -0.3283 0.7358
vn 0.6890 0.7018 -0.1812
vn -0.6798 -0.2503 0.6894
vn 0.2821 -0.9594 -0.0058
vn -0.3788 -0.0707 0.9228
vn -0.6890 -0.7018 0.1812
vn 0.4131 0.0900 -0.9062
vn 0.3157 -0.9487 0.0184
vn -0.1126 -0.9578 -0.2646
vn -0.0362 -0.1441 -0.9889
vn 0.4297 0.9029 0.0088
vn -0.5668 0.3086 -0.7639
vn -0.7942 0.5000 -0.3453
vn -0.0137 0.9655 0.2600
vn 0.6643 0.7300 -0.1607
vn 0.5668 -0.3086 0.7639
vn 0.7943 -0.5000 0.3452
vn 0.8706 0.3137 -0.3791
vn -0.6542 -0.2337 0.7193
vn -0.5567 0.8049 -0.2053
vn -0.7960 0.4159 -0.4398
vn -0.8723 -0.3977 0.2845
vn 0.3322 -0.1357 0.9334
vn -0.0900 0.1519 0.9843
vn -0.4297 -0.9029 -0.0088
vn -0.3322 0.1357 -0.9334
vn 0.0900 -0.1520 -0.9843
vn 0.0137 -0.9655 -0.2600
vn -0.4132 -0.0900 0.9062
vn -0.6643 -0.7300 0.1608
vn -0.9714 0.1859 -0.1477
vn -0.8706 -0.3135 0.3791
vn -0.7257 0.5207 -0.4496
vn 0.0548 0.9863 0.1556
vn 0.8146 0.4262 -0.3934
vn 0.0340 -0.0393 -0.9986
vn -0.0548 -0.9863 -0.1556
vn 0.7258 -0.5207 0.4496
vn -0.0339 0.0393 0.9986
vn -0.8146 -0.4262 0.3935
vn 0.8723 0.3977 -0.2844
vn 0.1127 0.9578 0.2646
vn 0.0362 0.1441 0.9889
vn 0.7960 -0.4159 0.4398
vn -0.5132 0.8477 0.1341
vn 0.5770 0.6084 -0.5449
vn 0.6986 0.5835 -0.4140
vn -0.4550 0.8368 0.3046
vn -0.9611 -0.0352 -0.2738
vn 0.1290 -0.2745 -0.9529
vn 0.1977 -0.1089 -0.9742
vn -0.9559 0.1443 -0.2556
vn 0.4100 -0.8820 0.2325
vn -0.1816 -0.4772 -0.8598
vn -0.3545 -0.4694 -0.8087
vn 0.2715 -0.8976 0.3472
vn 0.1816 0.4772 0.8598
vn -0.4100 0.8820 -0.2325
vn -0.2715 0.8976 -0.3471
vn 0.3545 0.4694 0.8087
vn 0.5132 -0.8477 -0.1341
vn 0.9237 0.3712 0.0952
vn 0.8893 0.4531 -0.0619
vn 0.4550 -0.8368 -0.3046
vn 0.1665 -0.6105 -0.7743
vn -0.9237 -0.3712 -0.0952
vn -0.8893 -0.4531 0.0619
vn 0.2643 -0.7063 -0.6567
vn -0.4017 -0.6118 0.6814
vn -0.0390 0.4656 0.8842
vn -0.2289 -0.7417 0.6305
vn -0.5618 0.8233 -0.0813
vn -0.9246 -0.2541 -0.2840
vn -0.8204 -0.3370 -0.4619
vn 0.4017 0.6118 -0.6814
vn 0.0390 -0.4656 -0.8841
vn 0.2289 0.7417 -0.6305
vn 0.9246 0.2541 0.2840
vn 0.8204 0.3370 0.4618
vn 0.5618 -0.8233 0.0813
vn -0.1665 0.6105 0.7743
vn -0.5770 -0.6084 0.5449
vn 0.7206 -0.6792 0.1394
vn -0.3696 -0.4399 0.8185
vn -0.7206 0.6792 -0.1394
vn 0.3696 0.4399 -0.8185
vn -0.1290 0.2745 0.9529
vn 0.9611 0.0352 0.2738
vn 0.2863 -0.7257 -0.6256
vn 0.7242 0.5748 -0.3808
vn -0.2643 0.7063 0.6567
vn -0.2863 0.7257 0.6256
vn 0.8769 0.4704 -0.0990
vn 0.9559 -0.1443 0.2556
vn 0.3300 0.2839 -0.9003
vn 0.3190 0.2455 -0.9154
vn 0.9501 -0.1863 0.2501
vn -0.4389 0.8302 0.3437
vn -0.6987 -0.5835 0.4140
vn 0.4389 -0.8302 -0.3437
vn -0.7242 -0.5748 0.3809
vn -0.8237 0.5372 -0.1817
vn -0.8442 0.5009 -0.1909
vn -0.7058 -0.3922 -0.5899
vn 0.7058 0.3922 0.5899
vn 0.0799 0.8205 -0.5660
vn -0.3300 -0.2839 0.9003
vn 0.8236 -0.5372 0.1817
vn -0.1977 0.1089 0.9742
vn -0.0799 -0.8205 0.5660
vn 0.2131 -0.0690 -0.9746
vn 0.8442 -0.5009 0.1909
vn 0.5031 -0.8621 0.0611
vn 0.0087 -0.5238 -0.8518
vn -0.2373 0.8971 -0.3728
vn -0.6752 -0.4035 -0.6175
vn -0.9490 -0.2239 -0.2220
vn -0.6060 0.7949 -0.0303
vn 0.0440 0.8353 -0.5480
vn 0.6752 0.4035 0.6174
vn 0.9490 0.2239 0.2219
vn 0.4546 0.5620 -0.6910
vn -0.3190 -0.2455 0.9154
vn -0.9501 0.1863 -0.2501
vn -0.9024 -0.3237 -0.2843
vn -0.4080 -0.6620 0.6287
vn 0.3939 0.4653 0.7927
vn -0.1115 0.4566 0.8826
vn 0.2373 -0.8971 0.3728
vn -0.3939 -0.4653 -0.7927
vn 0.1113 -0.4567 -0.8826
vn 0.6060 -0.7949 0.0302
vn -0.2131 0.0691 0.9746
vn -0.0441 -0.8353 0.5480
vn -0.8769 -0.4704 0.0990
vn -0.4546 -0.5621 0.6909
vn -0.9148 -0.2125 -0.3434
vn -0.5718 0.8063 -0.1516
vn 0.3394 0.6062 -0.7192
vn -0.0037 -0.4125 -0.9110
vn 0.5717 -0.8063 0.1517
vn 0.9148 0.2125 0.3434
vn 0.0036 0.4126 0.9109
vn -0.3393 -0.6062 0.7192
vn 0.4080 0.6620 -0.6287
vn -0.5031 0.8620 -0.0612
vn -0.0088 0.5238 0.8518
vn 0.9024 0.3238 0.2843
vn 0.0497 0.9043 0.4239
vn -0.1861 0.5530 -0.8121
vn -0.0236 0.4970 -0.8674
vn 0.2259 0.8688 0.4406
vn -0.6237 0.1462 0.7679
vn -0.8595 -0.2051 -0.4682
vn -0.8283 -0.0517 -0.5579
vn -0.5787 0.3201 0.7501
vn 0.2399 -0.9541 -0.1792
vn -0.9236 -0.3622 -0.1255
vn -0.9422 -0.3310 0.0513
vn 0.2889 -0.9573 -0.0056
vn 0.9236 0.3622 0.1255
vn -0.2399 0.9541 0.1792
vn -0.2889 0.9573 0.0056
vn 0.9422 0.3310 -0.0513
vn -0.0498 -0.9043 -0.4239
vn 0.4958 0.2061 -0.8436
vn 0.3514 0.3063 -0.8847
vn -0.2259 -0.8688 -0.4406
vn -0.7316 -0.5575 -0.3924
vn -0.4958 -0.2061 0.8436
vn -0.3514 -0.3063 0.8847
vn -0.6009 -0.6780 -0.4233
vn 0.3773 -0.5970 0.7080
vn 0.8594 0.3844 0.3370
vn 0.3781 -0.7482 0.5452
vn -0.1689 0.9075 0.3845
vn -0.6510 -0.0739 0.7554
vn -0.7854 -0.1563 0.5989
vn -0.3773 0.5970 -0.7080
vn -0.8594 -0.3844 -0.3370
vn -0.3781 0.7482 -0.5452
vn 0.6510 0.0739 -0.7554
vn 0.7854 0.1563 -0.5989
vn 0.1689 -0.9075 -0.3845
vn 0.7316 0.5575 0.3924
vn 0.1860 -0.5530 0.8121
vn 0.3040 -0.7970 -0.5219
vn 0.5398 -0.4457 0.7142
vn -0.3040 0.7970 0.5219
vn -0.5398 0.4457 -0.7142
vn 0.8595 0.2051 0.4682
vn 0.6237 -0.1462 -0.7679
vn -0.5670 -0.7035 -0.4286
vn 0.0151 0.4814 -0.8764
vn 0.6009 0.6780 0.4233
vn 0.5670 0.7035 0.4286
vn 0.3154 0.3286 -0.8903
vn 0.5788 -0.3201 -0.7501
vn -0.6524 0.3062 -0.6932
vn -0.6761 0.2716 -0.6849
vn 0.5653 -0.3599 -0.7422
vn 0.2667 0.8562 0.4424
vn 0.0236 -0.4970 0.8674
vn -0.2667 -0.8562 -0.4424
vn -0.0151 -0.4813 0.8764
vn -0.4029 0.6780 0.6148
vn -0.4245 0.6465 0.6339
vn -0.8662 -0.2178 0.4497
vn 0.8662 0.2178 -0.4497
vn -0.3649 0.8441 -0.3928
vn 0.6524 -0.3062 0.6932
vn 0.4029 -0.6780 -0.6148
vn 0.8283 0.0517 0.5579
vn 0.3649 -0.8441 0.3928
vn -0.8169 -0.0149 -0.5766
vn 0.4245 -0.6465 -0.6339
vn 0.1223 -0.9343 -0.3348
vn -0.8501 -0.4396 -0.2899
vn -0.2992 0.9535 -0.0358
vn -0.8813 -0.2313 0.4121
vn -0.5995 -0.0459 0.7990
vn -0.1436 0.8823 0.4483
vn -0.3601 0.8629 -0.3547
vn 0.8813 0.2313 -0.4120
vn 0.5994 0.0458 -0.7991
vn -0.3730 0.5405 -0.7542
vn 0.6761 -0.2716 0.6849
vn -0.5653 0.3599 0.7422
vn -0.6530 -0.1459 0.7431
vn 0.3194 -0.6406 0.6983
vn 0.9422 0.3220 -0.0931
vn 0.8289 0.3876 0.4034
vn 0.2992 -0.9535 0.0357
vn -0.9422 -0.3220 0.0931
vn -0.8289 -0.3876 -0.4034
vn 0.1435 -0.8823 -0.4483
vn 0.8169 0.0150 0.5766
vn 0.3601 -0.8628 0.3547
vn -0.3154 -0.3286 0.8903
vn 0.3729 -0.5405 0.7542
vn -0.6954 -0.0294 0.7180
vn -0.2394 0.8988 0.3673
vn -0.4365 0.6051 -0.6658
vn -0.8924 -0.3230 -0.3150
vn 0.2394 -0.8988 -0.3673
vn 0.6953 0.0293 -0.7181
vn 0.8925 0.3229 0.3150
vn 0.4364 -0.6051 0.6658
vn -0.3194 0.6407 -0.6982
vn -0.1223 0.9343 0.3349
vn 0.8501 0.4396 0.2900
vn 0.6530 0.1460 -0.7431
vn 0.6756 0.6397 -0.3666
vn -0.6289 0.6419 -0.4386
vn -0.6609 0.5066 -0.5537
vn 0.7195 0.5043 -0.4775
vn 0.6176 0.4022 0.6759
vn -0.6869 0.4044 0.6039
vn -0.7172 0.5176 0.4666
vn 0.6632 0.5152 0.5429
vn -0.3991 -0.8801 0.2570
vn -0.4303 0.2793 0.8584
vn -0.2611 0.2952 0.9191
vn -0.2281 -0.9317 0.2827
vn 0.4303 -0.2793 -0.8584
vn 0.3991 0.8801 -0.2570
vn 0.2281 0.9317 -0.2827
vn 0.2611 -0.2952 -0.9191
vn -0.6756 -0.6397 0.3666
vn -0.6106 -0.0376 -0.7910
vn -0.6508 0.1329 -0.7475
vn -0.7195 -0.5043 0.4775
vn -0.6939 0.0398 0.7190
vn 0.6106 0.0376 0.7910
vn 0.6508 -0.1329 0.7475
vn -0.7296 -0.1306 0.6713
vn 0.5616 -0.7794 0.2777
vn 0.6190 -0.2473 -0.7455
vn 0.3654 -0.8814 0.2992
vn 0.5914 0.7775 -0.2140
vn 0.5340 0.2453 0.8091
vn 0.3341 0.2780 0.9006
vn -0.5616 0.7794 -0.2777
vn -0.6190 0.2473 0.7455
vn -0.3654 0.8814 -0.2992
vn -0.5340 -0.2453 -0.8091
vn -0.3341 -0.2780 -0.9006
vn -0.5914 -0.7775 0.2140
vn 0.6939 -0.0398 -0.7190
vn 0.6289 -0.6419 0.4386
vn -0.6557 -0.7551 0.0025
vn 0.6488 -0.7573 0.0746
vn 0.6557 0.7551 -0.0025
vn -0.6488 0.7573 -0.0746
vn 0.6869 -0.4044 -0.6039
vn -0.6176 -0.4022 -0.6759
vn -0.7346 -0.1705 0.6567
vn -0.6653 0.4720 -0.5784
vn 0.7296 0.1306 -0.6713
vn 0.7346 0.1705 -0.6567
vn -0.6572 0.1728 -0.7336
vn -0.6632 -0.5152 -0.5428
vn -0.6963 0.7117 0.0935
vn -0.7042 0.6974 0.1330
vn -0.6709 -0.5397 -0.5086
vn 0.7265 0.4697 -0.5015
vn 0.6609 -0.5066 0.5537
vn -0.7266 -0.4697 0.5015
vn 0.6653 -0.4720 0.5784
vn 0.6841 0.7093 0.1697
vn 0.6876 0.6951 0.2099
vn 0.1593 0.2945 0.9423
vn -0.1593 -0.2945 -0.9423
vn -0.1924 0.9324 -0.3059
vn 0.6963 -0.7117 -0.0935
vn -0.6841 -0.7093 -0.1697
vn 0.7172 -0.5176 -0.4666
vn 0.1924 -0.9324 0.3059
vn -0.7210 0.5420 0.4317
vn -0.6876 -0.6951 -0.2099
vn -0.5637 -0.7765 0.2817
vn -0.5898 0.1925 0.7843
vn 0.1863 0.9395 -0.2875
vn 0.1170 0.2970 0.9477
vn 0.5943 0.2318 0.7701
vn 0.6486 0.7351 -0.1974
vn -0.1503 0.9401 -0.3061
vn -0.1170 -0.2970 -0.9477
vn -0.5943 -0.2318 -0.7701
vn -0.6204 0.7372 -0.2675
vn 0.7042 -0.6974 -0.1330
vn 0.6709 0.5397 0.5086
vn 0.5005 0.1907 0.8445
vn 0.5266 -0.7783 0.3419
vn 0.2196 -0.2976 -0.9291
vn 0.6747 -0.2340 -0.7000
vn -0.1863 -0.9395 0.2875
vn -0.2196 0.2976 0.9291
vn -0.6747 0.2340 0.7000
vn -0.6487 -0.7350 0.1974
vn 0.7210 -0.5420 -0.4317
vn 0.1503 -0.9401 0.3061
vn 0.6572 -0.1728 0.7336
vn 0.6204 -0.7372 0.2675
vn 0.5028 0.3114 0.8063
vn 0.5571 0.8147 -0.1612
vn -0.5332 0.8165 -0.2214
vn -0.5875 0.3133 0.7461
vn -0.5571 -0.8146 0.1611
vn -0.5028 -0.3113 -0.8064
vn 0.5874 -0.3133 -0.7462
vn 0.5331 -0.8166 0.2213
vn -0.5266 0.7783 -0.3419
vn 0.5637 0.7765 -0.2817
vn 0.5898 -0.1926 -0.7843
vn -0.5005 -0.1907 -0.8445
vn 0.4244 0.8932 0.1485
vn -0.0169 0.3290 -0.9442
vn 0.1070 0.2012 -0.9737
vn 0.5740 0.7982 0.1825
vn -0.4622 0.5869 0.6648
vn -0.9036 0.0227 -0.4279
vn -0.8222 0.1199 -0.5564
vn -0.3552 0.7169 0.5999
vn -0.1594 -0.9807 0.1130
vn -0.9983 0.0062 -0.0577
vn -0.9907 0.0906 0.1016
vn -0.1030 -0.9538 0.2823
vn 0.9983 -0.0062 0.0577
vn 0.1594 0.9807 -0.1130
vn 0.1030 0.9538 -0.2823
vn 0.9907 -0.0906 -0.1016
vn -0.4244 -0.8932 -0.1485
vn 0.4747 -0.2493 -0.8441
vn 0.3774 -0.1169 -0.9186
vn -0.5740 -0.7982 -0.1825
vn -0.9160 -0.3148 -0.2485
vn -0.4747 0.2493 0.8441
vn -0.3774 0.1169 0.9186
vn -0.8444 -0.4801 -0.2376
vn 0.1684 -0.4714 0.8657
vn 0.9631 0.0977 0.2509
vn 0.0992 -0.6501 0.7534
vn 0.2216 0.9700 0.1000
vn -0.5730 0.4009 0.7148
vn -0.7397 0.3368 0.5826
vn -0.1684 0.4714 -0.8657
vn -0.9631 -0.0977 -0.2509
vn -0.0992 0.6501 -0.7534
vn 0.5730 -0.4009 -0.7148
vn 0.7397 -0.3368 -0.5826
vn -0.2216 -0.9700 -0.1000
vn 0.9160 0.3148 0.2485
vn 0.0169 -0.3290 0.9442
vn -0.0647 -0.9642 -0.2571
vn 0.3766 -0.4000 0.8355
vn 0.0647 0.9642 0.2571
vn -0.3766 0.4000 -0.8355
vn 0.9036 -0.0227 0.4279
vn 0.4622 -0.5869 -0.6648
vn -0.8233 -0.5171 -0.2338
vn 0.1360 0.1699 -0.9760
vn 0.8444 0.4801 0.2376
vn 0.8233 0.5171 0.2338
vn 0.3525 -0.0848 -0.9320
vn 0.3553 -0.7169 -0.5999
vn -0.5324 0.3274 -0.7806
vn -0.5669 0.3086 -0.7638
vn 0.3281 -0.7444 -0.5816
vn 0.6069 0.7718 0.1898
vn -0.1070 -0.2012 0.9737
vn -0.6069 -0.7718 -0.1898
vn -0.1360 -0.1698 0.9760
vn -0.0655 0.9244 0.3756
vn -0.0961 0.9106 0.4020
vn -0.8484 0.2724 0.4538
vn 0.8485 -0.2724 -0.4538
vn -0.0392 0.7719 -0.6345
vn 0.5324 -0.3274 0.7806
vn 0.0655 -0.9244 -0.3756
vn 0.8222 -0.1199 0.5564
vn 0.0392 -0.7719 0.6345
vn -0.7990 0.1424 -0.5842
vn 0.0961 -0.9106 -0.4020
vn -0.2712 -0.9614 -0.0469
vn -0.9723 -0.1365 -0.1896
vn 0.0891 0.9428 -0.3212
vn -0.8703 0.2558 0.4210
vn -0.5116 0.4178 0.7508
vn 0.2398 0.9559 0.1694
vn -0.0248 0.7972 -0.6032
vn 0.8703 -0.2558 -0.4210
vn 0.5117 -0.4178 -0.7508
vn -0.1894 0.4071 -0.8935
vn 0.5669 -0.3086 0.7638
vn -0.3281 0.7444 0.5816
vn -0.6035 0.3350 0.7236
vn 0.0976 -0.4899 0.8663
vn 0.9841 -0.1102 -0.1390
vn 0.9410 0.1311 0.3121
vn -0.0891 -0.9428 0.3212
vn -0.9841 0.1102 0.1390
vn -0.9409 -0.1311 -0.3122
vn -0.2398 -0.9559 -0.1694
vn 0.7990 -0.1424 0.5843
vn 0.0248 -0.7972 0.6032
vn -0.3525 0.0848 0.9320
vn 0.1895 -0.4071 0.8935
vn -0.5993 0.4467 0.6643
vn 0.1522 0.9849 0.0829
vn -0.2167 0.5134 -0.8303
vn -0.9682 -0.0248 -0.2489
vn -0.1521 -0.9849 -0.0828
vn 0.5994 -0.4467 -0.6642
vn 0.9682 0.0248 0.2489
vn 0.2168 -0.5133 0.8304
vn -0.0976 0.4898 -0.8663
vn 0.2712 0.9614 0.0469
vn 0.9723 0.1365 0.1896
vn 0.6035 -0.3350 -0.7236
vn 0.9358 0.0037 0.3526
vn 0.3741 -0.7322 -0.5692
vn 0.2673 -0.8402 -0.4718
vn 0.8617 -0.0615 0.5037
vn 0.4768 0.8766 -0.0645
vn -0.0849 0.1407 -0.9864
vn 0.0299 0.0021 -0.9996
vn 0.6243 0.7808 -0.0240
vn -0.9981 0.0576 0.0197
vn -0.1350 0.4971 -0.8571
vn -0.0592 0.6356 -0.7697
vn -0.9726 0.1705 0.1581
vn 0.1350 -0.4971 0.8571
vn 0.9981 -0.0576 -0.0197
vn 0.9726 -0.1705 -0.1581
vn 0.0592 -0.6356 0.7697
vn -0.9358 -0.0038 -0.3526
vn -0.1318 -0.9897 -0.0554
vn -0.0109 -0.9819 -0.1892
vn -0.8617 0.0615 -0.5037
vn -0.4299 0.2538 -0.8664
vn 0.1318 0.9897 0.0554
vn 0.0109 0.9819 0.1892
vn -0.5835 0.2032 -0.7863
vn -0.4885 0.5667 0.6635
vn 0.2221 -0.3047 0.9262
vn -0.6690 0.4889 0.5599
vn 0.9849 0.0837 0.1513
vn 0.2744 0.9552 -0.1114
vn 0.1942 0.9284 -0.3169
vn 0.4885 -0.5667 -0.6635
vn -0.2221 0.3047 -0.9262
vn 0.6690 -0.4889 -0.5599
vn -0.2744 -0.9552 0.1114
vn -0.1942 -0.9284 0.3169
vn -0.9849 -0.0837 -0.1513
vn 0.4299 -0.2538 0.8664
vn -0.3741 0.7322 0.5692
vn -0.9480 -0.2988 -0.1096
vn -0.3863 0.4371 0.8122
vn 0.9480 0.2988 0.1096
vn 0.3863 -0.4371 -0.8122
vn 0.0849 -0.1407 0.9864
vn -0.4768 -0.8766 0.0646
vn -0.6172 0.1901 -0.7635
vn 0.2406 -0.8619 -0.4464
vn 0.5835 -0.2032 0.7863
vn 0.6172 -0.1901 0.7635
vn 0.0179 -0.9753 -0.2201
vn -0.6243 -0.7808 0.0240
vn 0.2890 -0.3157 -0.9038
vn 0.2646 -0.2853 -0.9212
vn -0.6564 -0.7543 0.0143
vn 0.8400 -0.0767 0.5372
vn -0.2673 0.8402 0.4718
vn -0.8399 0.0767 -0.5372
vn -0.2406 0.8619 0.4464
vn 0.8834 0.4630 0.0717
vn 0.8639 0.4999 0.0624
vn 0.1218 0.8728 -0.4726
vn -0.1218 -0.8728 0.4726
vn 0.7915 -0.4077 -0.4552
vn -0.2890 0.3157 0.9038
vn -0.8834 -0.4630 -0.0717
vn -0.0299 -0.0021 0.9996
vn -0.7915 0.4077 0.4552
vn 0.0571 -0.0309 -0.9979
vn -0.8639 -0.4998 -0.0624
vn -0.9865 -0.0116 -0.1634
vn -0.2651 0.3558 -0.8962
vn 0.9619 -0.1966 -0.1903
vn 0.1040 0.8554 -0.5074
vn 0.2979 0.9537 -0.0422
vn 0.9699 0.1296 0.2062
vn 0.8169 -0.3865 -0.4281
vn -0.1040 -0.8554 0.5074
vn -0.2979 -0.9537 0.0422
vn 0.4235 -0.5863 -0.6906
vn -0.2645 0.2854 0.9212
vn 0.6564 0.7543 -0.0143
vn 0.2044 0.9708 -0.1257
vn -0.5170 0.6035 0.6071
vn 0.0409 -0.6655 0.7452
vn 0.2486 -0.2378 0.9390
vn -0.9619 0.1966 0.1902
vn -0.0409 0.6655 -0.7452
vn -0.2485 0.2377 -0.9390
vn -0.9699 -0.1296 -0.2062
vn -0.0571 0.0309 0.9979
vn -0.8169 0.3865 0.4281
vn -0.0179 0.9753 0.2201
vn -0.4234 0.5863 0.6906
vn 0.3185 0.9334 -0.1654
vn 0.9905 0.1093 0.0830
vn 0.5211 -0.5058 -0.6875
vn -0.1508 0.3184 -0.9359
vn -0.9905 -0.1093 -0.0830
vn -0.3186 -0.9333 0.1654
vn 0.1510 -0.3183 0.9359
vn -0.5211 0.5057 0.6875
vn 0.5170 -0.6034 -0.6071
vn 0.9865 0.0116 0.1634
vn 0.2651 -0.3557 0.8962
vn -0.2043 -0.9708 0.1257
vn 0.2864 0.8174 0.4998
vn 0.9887 -0.1464 -0.0338
vn 0.9556 -0.2840 0.0782
vn 0.2125 0.7359 0.6429
vn -0.3163 0.8675 -0.3838
vn 0.3860 -0.0962 -0.9175
vn 0.5452 -0.0776 -0.8347
vn -0.1979 0.9423 -0.2700
vn -0.5576 -0.7974 -0.2309
vn 0.0505 0.0695 -0.9963
vn -0.0512 0.2171 -0.9748
vn -0.6946 -0.7002 -0.1649
vn -0.0505 -0.0695 0.9963
vn 0.5576 0.7974 0.2309
vn 0.6946 0.7002 0.1649
vn 0.0512 -0.2171 0.9748
vn -0.2864 -0.8174 -0.4998
vn 0.6323 -0.6544 0.4147
vn 0.7597 -0.5634 0.3248
vn -0.2125 -0.7359 -0.6429
vn 0.0700 -0.3094 -0.9484
vn -0.6323 0.6544 -0.4147
vn -0.7597 0.5634 -0.3248
vn -0.0165 -0.4565 -0.8896
vn -0.9850 -0.0292 0.1699
vn -0.1731 0.1149 0.9782
vn -0.9691 -0.2325 0.0818
vn 0.3643 0.8810 0.3017
vn -0.4476 0.7369 -0.5065
vn -0.3611 0.6343 -0.6836
vn 0.9850 0.0292 -0.1699
vn 0.1731 -0.1149 -0.9782
vn 0.9691 0.2325 -0.0818
vn 0.4476 -0.7369 0.5065
vn 0.3611 -0.6343 0.6836
vn -0.3643 -0.8810 -0.3017
vn -0.0700 0.3094 0.9483
vn -0.9887 0.1464 0.0338
vn -0.2221 -0.9631 -0.1521
vn -0.9244 0.0007 0.3815
vn 0.2221 0.9631 0.1521
vn 0.9244 -0.0007 -0.3815
vn -0.3860 0.0962 0.9175
vn 0.3163 -0.8675 0.3838
vn -0.0370 -0.4893 -0.8713
vn 0.9432 -0.3153 0.1044
vn 0.0165 0.4565 0.8896
vn 0.0370 0.4893 0.8713
vn 0.7863 -0.5390 0.3019
vn 0.1979 -0.9423 0.2700
vn 0.8413 -0.0250 -0.5399
vn 0.8176 -0.0307 -0.5750
vn 0.1688 -0.9556 0.2416
vn 0.1939 0.7130 0.6738
vn -0.9556 0.2840 -0.0782
vn -0.1939 -0.7130 -0.6738
vn -0.9432 0.3153 -0.1044
vn 0.0982 0.9949 0.0248
vn 0.0682 0.9977 -0.0056
vn -0.2775 0.5277 -0.8028
vn 0.2776 -0.5277 0.8028
vn 0.9210 0.3896 -0.0071
vn -0.8413 0.0250 0.5399
vn -0.0982 -0.9949 -0.0248
vn -0.5452 0.0776 0.8347
vn -0.9210 -0.3896 0.0071
vn 0.5805 -0.0728 -0.8110
vn -0.0682 -0.9977 0.0056
vn -0.4075 -0.8443 -0.3480
vn 0.1007 -0.1198 -0.9877
vn 0.7239 0.6738 0.1484
vn -0.2563 0.4998 -0.8273
vn -0.4714 0.7629 -0.4424
vn 0.2964 0.8992 0.3220
vn 0.9051 0.4251 0.0107
vn 0.2564 -0.4998 0.8273
vn 0.4714 -0.7629 0.4425
vn 0.9796 -0.0384 -0.1973
vn -0.8176 0.0307 0.5750
vn -0.1688 0.9556 -0.2416
vn -0.4862 0.6857 -0.5416
vn -0.9944 -0.0388 0.0980
vn 0.0751 -0.2511 0.9650
vn -0.2117 0.1746 0.9616
vn -0.7239 -0.6738 -0.1484
vn -0.0751 0.2511 -0.9650
vn 0.2118 -0.1747 -0.9616
vn -0.2964 -0.8992 -0.3219
vn -0.5805 0.0727 0.8110
vn -0.9051 -0.4251 -0.0107
vn -0.7863 0.5390 -0.3019
vn -0.9796 0.0384 0.1973
vn -0.3817 0.7562 -0.5314
vn 0.3862 0.8925 0.2329
vn 0.9731 0.0870 -0.2131
vn 0.2053 -0.0493 -0.9774
vn -0.3862 -0.8925 -0.2329
vn 0.3817 -0.7563 0.5314
vn -0.2053 0.0492 0.9775
vn -0.9731 -0.0871 0.2131
vn 0.9944 0.0388 -0.0981
vn 0.4075 0.8443 0.3480
vn -0.1007 0.1198 0.9877
vn 0.4863 -0.6857 0.5416
vn -0.1776 0.9788 0.1024
vn 0.8533 0.3454 -0.3905
vn 0.9300 0.2765 -0.2424
vn -0.1610 0.9466 0.2792
vn -0.8351 0.3304 -0.4398
vn 0.1959 -0.3029 -0.9327
vn 0.3237 -0.1755 -0.9297
vn -0.7673 0.4947 -0.4082
vn 0.0017 -0.9715 0.2371
vn -0.1793 -0.3733 -0.9102
vn -0.3433 -0.3007 -0.8898
vn -0.1517 -0.9337 0.3243
vn 0.1793 0.3733 0.9102
vn -0.0017 0.9715 -0.2371
vn 0.1517 0.9337 -0.3243
vn 0.3433 0.3007 0.8898
vn 0.1776 -0.9788 -0.1024
vn 0.9594 -0.0051 0.2819
vn 0.9883 0.0837 0.1274
vn 0.1610 -0.9466 -0.2792
vn 0.0715 -0.6282 -0.7747
vn -0.9594 0.0051 -0.2819
vn -0.9883 -0.0837 -0.1274
vn 0.1026 -0.7538 -0.6490
vn -0.7211 -0.4147 0.5550
vn -0.0301 0.4458 0.8946
vn -0.6025 -0.6003 0.5260
vn -0.1901 0.9745 -0.1194
vn -0.8811 0.1139 -0.4590
vn -0.7835 -0.0022 -0.6214
vn 0.7211 0.4147 -0.5550
vn 0.0301 -0.4458 -0.8946
vn 0.6025 0.6003 -0.5260
vn 0.8811 -0.1139 0.4590
vn 0.7835 0.0022 0.6214
vn 0.1901 -0.9745 0.1194
vn -0.0715 0.6282 0.7747
vn -0.8533 -0.3454 0.3905
vn 0.3769 -0.9010 0.2146
vn -0.6540 -0.2677 0.7075
vn -0.3769 0.9010 -0.2146
vn 0.6540 0.2677 -0.7075
vn -0.1959 0.3029 0.9327
vn 0.8351 -0.3304 0.4398
vn 0.1095 -0.7801 -0.6160
vn 0.9437 0.2587 -0.2060
vn -0.1026 0.7539 0.6490
vn -0.1095 0.7801 0.6160
vn 0.9905 0.1044 0.0901
vn 0.7673 -0.4947 0.4082
vn 0.5757 0.1383 -0.8059
vn 0.5543 0.1069 -0.8254
vn 0.7474 -0.5314 0.3987
vn -0.1563 0.9345 0.3199
vn -0.9300 -0.2765 0.2424
vn 0.1563 -0.9345 -0.3199
vn -0.9437 -0.2587 0.2060
vn -0.5153 0.8085 -0.2843
vn -0.5457 0.7826 -0.2996
vn -0.6756 -0.0966 -0.7309
vn 0.6756 0.0966 0.7309
vn 0.4840 0.7296 -0.4832
vn -0.5757 -0.1383 0.8059
vn 0.5153 -0.8085 0.2843
vn -0.3237 0.1755 0.9297
vn -0.4840 -0.7296 0.4832
vn 0.3525 -0.1444 -0.9246
vn 0.5457 -0.7826 0.2995
vn 0.1263 -0.9882 0.0866
vn -0.0251 -0.4883 -0.8723
vn 0.1875 0.9202 -0.3435
vn -0.6467 -0.1186 -0.7535
vn -0.9038 0.1512 -0.4003
vn -0.2504 0.9649 -0.0792
vn 0.4535 0.7568 -0.4707
vn 0.6467 0.1186 0.7535
vn 0.9039 -0.1511 0.4003
vn 0.7525 0.3488 -0.5586
vn -0.5543 -0.1069 0.8254
vn -0.7475 0.5313 -0.3987
vn -0.8868 0.0410 -0.4604
vn -0.7355 -0.4589 0.4985
vn 0.3807 0.2820 0.8807
vn -0.0991 0.4650 0.8798
vn -0.1875 -0.9203 0.3435
vn -0.3806 -0.2820 -0.8807
vn 0.0990 -0.4649 -0.8798
vn 0.2505 -0.9649 0.0791
vn -0.3525 0.1444 0.9246
vn -0.4535 -0.7568 0.4707
vn -0.9905 -0.1044 -0.0901
vn -0.7525 -0.3488 0.5586
vn -0.8456 0.1488 -0.5127
vn -0.1921 0.9625 -0.1915
vn 0.6695 0.4332 -0.6034
vn 0.0161 -0.3806 -0.9246
vn 0.1922 -0.9625 0.1915
vn 0.8456 -0.1488 0.5127
vn -0.0160 0.3806 0.9246
vn -0.6695 -0.4331 0.6034
vn 0.7354 0.4589 -0.4986
vn -0.1262 0.9882 -0.0866
vn 0.0251 0.4883 0.8723
vn 0.8868 -0.0410 0.4604
vn 0.3004 0.8186 0.4896
vn 0.1896 0.5823 -0.7905
vn 0.3270 0.4692 -0.8203
vn 0.4442 0.7192 0.5343
vn -0.6582 0.3709 0.6552
vn -0.7689 0.1347 -0.6250
vn -0.6667 0.2650 -0.6967
vn -0.5494 0.5150 0.6580
vn -0.1018 -0.9741 -0.2021
vn -0.9503 0.0134 -0.3110
vn -0.9891 0.0494 -0.1384
vn -0.0913 -0.9956 -0.0233
vn 0.9503 -0.0134 0.3110
vn 0.1018 0.9741 0.2021
vn 0.0913 0.9956 0.0233
vn 0.9891 -0.0494 0.1384
vn -0.3004 -0.8186 -0.4896
vn 0.6869 0.0036 -0.7268
vn 0.6005 0.1509 -0.7853
vn -0.4442 -0.7192 -0.5343
vn -0.7976 -0.2399 -0.5534
vn -0.6869 -0.0036 0.7268
vn -0.6005 -0.1509 0.7853
vn -0.7177 -0.4009 -0.5694
vn -0.0124 -0.6953 0.7186
vn 0.8602 0.0314 0.5090
vn -0.0369 -0.8356 0.5481
vn 0.1103 0.9041 0.4128
vn -0.7623 0.1774 0.6224
vn -0.8854 0.1519 0.4393
vn 0.0124 0.6953 -0.7186
vn -0.8602 -0.0314 -0.5090
vn 0.0369 0.8356 -0.5481
vn 0.7623 -0.1774 -0.6224
vn 0.8854 -0.1519 -0.4393
vn -0.1103 -0.9041 -0.4128
vn 0.7976 0.2399 0.5534
vn -0.1896 -0.5823 0.7905
vn 0.0796 -0.8528 -0.5162
vn 0.1903 -0.6165 0.7640
vn -0.0796 0.8528 0.5162
vn -0.1903 0.6165 -0.7640
vn 0.7689 -0.1347 0.6250
vn 0.6582 -0.3709 -0.6552
vn -0.6953 -0.4373 -0.5705
vn 0.3581 0.4400 -0.8235
vn 0.7177 0.4009 0.5694
vn 0.6953 0.4373 0.5705
vn 0.5771 0.1852 -0.7954
vn 0.5494 -0.5150 -0.6580
vn -0.3484 0.5300 -0.7731
vn -0.3844 0.5068 -0.7716
vn 0.5210 -0.5467 -0.6555
vn 0.4763 0.6921 0.5424
vn -0.3270 -0.4692 0.8203
vn -0.4763 -0.6921 -0.5424
vn -0.3581 -0.4400 0.8235
vn -0.2312 0.7800 0.5815
vn -0.2662 0.7589 0.5943
vn -0.9534 0.1255 0.2742
vn 0.9534 -0.1255 -0.2742
vn 0.0556 0.9194 -0.3894
vn 0.3484 -0.5300 0.7731
vn 0.2312 -0.7800 -0.5815
vn 0.6666 -0.2650 0.6967
vn -0.0556 -0.9194 0.3894
vn -0.6391 0.2947 -0.7104
vn 0.2662 -0.7589 -0.5943
vn -0.1719 -0.9113 -0.3741
vn -0.8811 -0.0861 -0.4651
vn 0.0883 0.9959 -0.0194
vn -0.9651 0.1187 0.2336
vn -0.7133 0.1840 0.6763
vn 0.1118 0.8712 0.4781
vn 0.0597 0.9349 -0.3498
vn 0.9651 -0.1187 -0.2336
vn 0.7133 -0.1840 -0.6763
vn 0.0041 0.6413 -0.7673
vn 0.3844 -0.5068 0.7716
vn -0.5210 0.5468 0.6555
vn -0.7885 0.1115 0.6049
vn -0.0793 -0.7139 0.6958
vn 0.9936 -0.0577 0.0967
vn 0.8210 0.0458 0.5691
vn -0.0883 -0.9959 0.0194
vn -0.9936 0.0577 -0.0967
vn -0.8210 -0.0459 -0.5690
vn -0.1118 -0.8712 -0.4781
vn 0.6391 -0.2947 0.7104
vn -0.0597 -0.9349 0.3497
vn -0.5771 -0.1852 0.7954
vn -0.0041 -0.6413 0.7673
vn -0.7790 0.2354 0.5812
vn 0.0461 0.9226 0.3830
vn -0.0465 0.7252 -0.6870
vn -0.8716 0.0380 -0.4888
vn -0.0461 -0.9226 -0.3829
vn 0.7790 -0.2354 -0.5812
vn 0.8716 -0.0380 0.4888
vn 0.0464 -0.7252 0.6870
vn 0.0793 0.7138 -0.6958
vn 0.1719 0.9113 0.3741
vn 0.8811 0.0860 0.4651
vn 0.7885 -0.1115 -0.6049
vn 0.9208 0.3372 -0.1959
vn -0.2508 0.8319 -0.4950
vn -0.3082 0.7187 -0.6233
vn 0.9316 0.1952 -0.3067
vn 0.5828 0.1391 0.8006
vn -0.5889 0.6339 0.5015
vn -0.5484 0.7501 0.3695
vn 0.6913 0.2266 0.6861
vn -0.7379 -0.6642 0.1195
vn -0.4501 0.4211 0.7874
vn -0.3019 0.3720 0.8778
vn -0.6064 -0.7766 0.1711
vn 0.4501 -0.4211 -0.7874
vn 0.7379 0.6642 -0.1195
vn 0.6064 0.7766 -0.1711
vn 0.3019 -0.3720 -0.8778
vn -0.9208 -0.3372 0.1959
vn -0.4194 0.1958 -0.8864
vn -0.4010 0.3689 -0.8386
vn -0.9316 -0.1952 0.3067
vn -0.7522 0.2989 0.5873
vn 0.4194 -0.1958 0.8864
vn 0.4010 -0.3689 0.8386
vn -0.8388 0.1546 0.5220
vn 0.1690 -0.9338 0.3153
vn 0.6122 -0.4627 -0.6412
vn -0.0513 -0.9542 0.2949
vn 0.8665 0.4966 -0.0509
vn 0.4233 0.0255 0.9056
vn 0.2365 0.1312 0.9627
vn -0.1690 0.9338 -0.3153
vn -0.6122 0.4627 0.6412
vn 0.0513 0.9542 -0.2949
vn -0.4233 -0.0255 -0.9056
vn -0.2365 -0.1312 -0.9627
vn -0.8665 -0.4966 0.0509
vn 0.7522 -0.2989 -0.5873
vn 0.2508 -0.8319 0.4950
vn -0.8766 -0.4515 -0.1664
vn 0.2950 -0.9462 0.1328
vn 0.8766 0.4515 0.1664
vn -0.2950 0.9462 -0.1328
vn 0.5888 -0.6339 -0.5015
vn -0.5828 -0.1391 -0.8006
vn -0.8554 0.1196 0.5040
vn -0.3204 0.6883 -0.6508
vn 0.8388 -0.1546 -0.5220
vn 0.8554 -0.1196 -0.5040
vn -0.3946 0.4082 -0.8232
vn -0.6913 -0.2266 -0.6861
vn -0.3868 0.9219 0.0207
vn -0.4068 0.9117 0.0570
vn -0.7138 -0.2463 -0.6555
vn 0.9297 0.1605 -0.3316
vn 0.3082 -0.7187 0.6233
vn -0.9297 -0.1605 0.3316
vn 0.3204 -0.6883 0.6508
vn 0.8530 0.3984 0.3372
vn 0.8432 0.3839 0.3763
vn 0.0758 0.2125 0.9742
vn -0.0758 -0.2125 -0.9742
vn 0.2288 0.9360 -0.2675
vn 0.3868 -0.9219 -0.0207
vn -0.8530 -0.3984 -0.3372
vn 0.5484 -0.7501 -0.3695
vn -0.2288 -0.9360 0.2675
vn -0.5362 0.7742 0.3363
vn -0.8432 -0.3839 -0.3763
vn -0.8538 -0.5061 0.1224
vn -0.6132 0.4011 0.6805
vn 0.5722 0.7996 -0.1825
vn 0.0372 0.2308 0.9723
vn 0.4805 -0.0098 0.8769
vn 0.8997 0.4356 -0.0276
vn 0.2699 0.9272 -0.2597
vn -0.0372 -0.2308 -0.9723
vn -0.4806 0.0098 -0.8769
vn -0.2401 0.9169 -0.3187
vn 0.4068 -0.9117 -0.0571
vn 0.7138 0.2463 0.6555
vn 0.3660 -0.0124 0.9305
vn 0.1255 -0.9196 0.3724
vn 0.2652 -0.3585 -0.8951
vn 0.6592 -0.4714 -0.5858
vn -0.5722 -0.7996 0.1825
vn -0.2652 0.3585 0.8951
vn -0.6591 0.4714 0.5859
vn -0.8997 -0.4357 0.0277
vn 0.5362 -0.7742 -0.3363
vn -0.2699 -0.9272 0.2597
vn 0.3947 -0.4082 0.8231
vn 0.2400 -0.9170 0.3187
vn 0.4201 0.0985 0.9021
vn 0.8391 0.5440 -0.0024
vn -0.1401 0.9574 -0.2524
vn -0.5592 0.5119 0.6521
vn -0.8391 -0.5439 0.0024
vn -0.4200 -0.0984 -0.9022
vn 0.5592 -0.5119 -0.6521
vn 0.1400 -0.9574 0.2524
vn -0.1254 0.9196 -0.3724
vn 0.8538 0.5061 -0.1223
vn 0.6133 -0.4011 -0.6805
vn -0.3659 0.0124 -0.9306
vn 0.6890 0.6668 0.2840
vn 0.2853 0.3111 -0.9065
vn 0.3562 0.1459 -0.9230
vn 0.7834 0.5223 0.3369
vn -0.3284 0.7180 0.6137
vn -0.7321 0.3623 -0.5768
vn -0.5978 0.4216 -0.6818
vn -0.1707 0.7980 0.5780
vn -0.5300 -0.8479 0.0130
vn -0.8944 0.3828 -0.2312
vn -0.8864 0.4580 -0.0673
vn -0.5008 -0.8442 0.1910
vn 0.8944 -0.3828 0.2312
vn 0.5300 0.8479 -0.0130
vn 0.5008 0.8442 -0.1910
vn 0.8864 -0.4580 0.0673
vn -0.6890 -0.6668 -0.2840
vn 0.4989 -0.4102 -0.7635
vn 0.4737 -0.2508 -0.8443
vn -0.7834 -0.5223 -0.3369
vn -0.9026 0.0544 -0.4271
vn -0.4989 0.4102 0.7635
vn -0.4737 0.2508 0.8443
vn -0.9008 -0.1257 -0.4156
vn -0.1855 -0.5000 0.8459
vn 0.8644 -0.2732 0.4221
vn -0.2935 -0.6394 0.7107
vn 0.5423 0.8144 0.2063
vn -0.5076 0.5876 0.6301
vn -0.6579 0.5912 0.4665
vn 0.1855 0.5000 -0.8459
vn -0.8644 0.2732 -0.4221
vn 0.2935 0.6394 -0.7107
vn 0.5076 -0.5876 -0.6301
vn 0.6579 -0.5912 -0.4665
vn -0.5423 -0.8144 -0.2063
vn 0.9026 -0.0544 0.4271
vn -0.2853 -0.3111 0.9065
vn -0.3677 -0.8684 -0.3327
vn 0.0360 -0.5127 0.8578
vn 0.3677 0.8684 0.3327
vn -0.0360 0.5127 -0.8578
vn 0.7321 -0.3623 0.5768
vn 0.3284 -0.7180 -0.6137
vn -0.8961 -0.1679 -0.4108
vn 0.3714 0.1059 -0.9224
vn 0.9008 0.1257 0.4156
vn 0.8961 0.1679 0.4108
vn 0.4654 -0.2117 -0.8594
vn 0.1707 -0.7980 -0.5780
vn -0.2150 0.5043 -0.8364
vn -0.2565 0.4999 -0.8273
vn 0.1323 -0.8132 -0.5668
vn 0.8021 0.4855 0.3478
vn -0.3562 -0.1459 0.9229
vn -0.8021 -0.4855 -0.3478
vn -0.3713 -0.1059 0.9224
vn 0.2122 0.8807 0.4235
vn 0.1742 0.8794 0.4430
vn -0.7563 0.5727 0.3164
vn 0.7563 -0.5727 -0.3164
vn 0.3707 0.7296 -0.5747
vn 0.2150 -0.5043 0.8364
vn -0.2122 -0.8807 -0.4235
vn 0.5978 -0.4216 0.6818
vn -0.3707 -0.7296 0.5747
vn -0.5630 0.4337 -0.7035
vn -0.1742 -0.8794 -0.4430
vn -0.5943 -0.7877 -0.1623
vn -0.8988 0.2409 -0.3663
vn 0.4914 0.8393 -0.2324
vn -0.7760 0.5655 0.2792
vn -0.4523 0.5801 0.6774
vn 0.5405 0.7946 0.2767
vn 0.3873 0.7475 -0.5397
vn 0.7760 -0.5655 -0.2791
vn 0.4523 -0.5801 -0.6774
vn 0.1478 0.4485 -0.8815
vn 0.2565 -0.4999 0.8273
vn -0.1323 0.8132 0.5668
vn -0.5614 0.5381 0.6287
vn -0.2568 -0.4904 0.8328
vn 0.8802 -0.4737 0.0281
vn 0.8451 -0.2340 0.4807
vn -0.4914 -0.8393 0.2324
vn -0.8802 0.4737 -0.0281
vn -0.8451 0.2340 -0.4808
vn -0.5405 -0.7946 -0.2766
vn 0.5630 -0.4337 0.7035
vn -0.3872 -0.7475 0.5397
vn -0.4654 0.2117 0.8594
vn -0.1478 -0.4485 0.8815
vn -0.5049 0.6400 0.5792
vn 0.4879 0.8545 0.1785
vn 0.1504 0.5573 -0.8166
vn -0.8424 0.3427 -0.4158
vn -0.4879 -0.8545 -0.1784
vn 0.5049 -0.6400 -0.5791
vn 0.8424 -0.3427 0.4159
vn -0.1505 -0.5572 0.8166
vn 0.2568 0.4904 -0.8328
vn 0.5942 0.7878 0.1623
vn 0.8988 -0.2408 0.3663
vn 0.5614 -0.5381 -0.6287
usemtl Material.001
s 1
f 14/1/1 15/2/2 40/3/3 37/4/4
f 25/5/5 26/6/6 49/7/7 50/8/8
f 20/9/9 17/10/10 42/11/11 43/12/12
f 10/13/13 11/14/14 36/15/15 34/16/16
f 21/17/17 22/18/18 45/19/19 46/20/20
f 16/21/21 13/22/22 38/23/23 39/24/24
f 1/25/25 2/26/26 10/13/13 9/27/27
f 2/26/26 4/28/28 11/14/14 10/13/13
f 4/28/28 3/29/29 12/30/30 11/14/14
f 3/29/29 1/25/25 9/27/27 12/30/30
f 3/29/29 4/28/28 14/1/1 13/22/22
f 4/28/28 8/31/31 15/2/2 14/1/1
f 8/31/31 7/32/32 16/21/21 15/2/2
f 7/32/32 3/29/29 13/22/22 16/21/21
f 7/32/32 8/31/31 18/33/33 17/10/10
f 8/31/31 6/34/34 19/35/35 18/33/33
f 6/34/34 5/36/36 20/9/9 19/35/35
f 5/36/36 7/32/32 17/10/10 20/9/9
f 5/36/36 6/34/34 22/18/18 21/17/17
f 6/34/34 2/37/26 23/38/37 22/18/18
f 2/37/26 1/39/25 24/40/38 23/38/37
f 1/39/25 5/36/36 21/17/17 24/40/38
f 3/41/29 7/32/32 26/6/6 25/5/5
f 7/32/32 5/36/36 27/42/39 26/6/6
f 5/36/36 1/43/25 28/44/40 27/42/39
f 1/43/25 3/41/29 25/5/5 28/44/40
f 8/31/31 4/45/28 30/46/41 29/47/42
f 4/45/28 2/48/26 31/49/43 30/46/41
f 2/48/26 6/34/34 32/50/44 31/49/43
f 6/34/34 8/31/31 29/47/42 32/50/44
f 40/3/3 39/24/24 63/51/45 64/52/46
f 45/19/19 48/53/47 72/54/48 69/55/49
f 55/56/50 54/57/51 78/58/52 79/59/53
f 37/4/4 40/3/3 64/52/46 61/60/54
f 47/61/55 46/20/20 70/62/56 71/63/57
f 54/57/51 53/64/58 77/65/59 78/58/52
f 24/40/38 21/17/17 46/20/20 47/61/55
f 29/47/42 30/46/41 53/64/58 54/57/51
f 11/14/14 12/30/30 35/66/60 36/15/15
f 18/33/33 19/35/35 44/67/61 41/68/62
f 28/44/40 25/5/5 50/8/8 51/69/63
f 15/2/2 16/21/21 39/24/24 40/3/3
f 22/18/18 23/38/37 48/53/47 45/19/19
f 32/50/44 29/47/42 54/57/51 55/56/50
f 19/35/35 20/9/9 43/12/12 44/67/61
f 26/6/6 27/42/39 52/70/64 49/7/7
f 23/38/37 24/40/38 47/61/55 48/53/47
f 30/46/41 31/49/43 56/71/65 53/64/58
f 27/42/39 28/44/40 51/69/63 52/70/64
f 31/49/43 32/50/44 55/56/50 56/71/65
f 9/27/27 10/13/13 34/16/16 33/72/66
f 13/22/22 14/1/1 37/4/4 38/23/23
f 12/30/30 9/27/27 33/72/66 35/66/60
f 17/10/10 18/33/33 41/68/62 42/11/11
f 73/73/67 76/74/68 100/75/69 97/76/70
f 60/77/71 59/78/72 83/79/73 84/80/74
f 65/81/75 68/82/76 92/83/77 89/84/78
f 75/85/79 74/86/80 98/87/81 99/88/82
f 58/89/83 60/77/71 84/80/74 82/90/84
f 67/91/85 66/92/86 90/93/87 91/94/88
f 53/64/58 56/71/65 80/95/89 77/65/59
f 33/72/66 34/16/16 58/89/83 57/96/90
f 48/53/47 47/61/55 71/63/57 72/54/48
f 42/11/11 41/68/62 65/81/75 66/92/86
f 56/71/65 55/56/50 79/59/53 80/95/89
f 35/66/60 33/72/66 57/96/90 59/78/72
f 50/8/8 49/7/7 73/73/67 74/86/80
f 43/12/12 42/11/11 66/92/86 67/91/85
f 34/16/16 36/15/15 60/77/71 58/89/83
f 51/69/63 50/8/8 74/86/80 75/85/79
f 41/68/62 44/67/61 68/82/76 65/81/75
f 36/15/15 35/66/60 59/78/72 60/77/71
f 49/7/7 52/70/64 76/74/68 73/73/67
f 44/67/61 43/12/12 67/91/85 68/82/76
f 38/23/23 37/4/4 61/60/54 62/97/91
f 52/70/64 51/69/63 75/85/79 76/74/68
f 46/20/20 45/19/19 69/55/49 70/62/56
f 39/24/24 38/23/23 62/97/91 63/51/45
f 81/98/92 82/90/84 84/80/74 83/79/73
f 86/99/93 85/100/94 88/101/95 87/102/96
f 90/93/87 89/84/78 92/83/77 91/94/88
f 94/103/97 93/104/98 96/105/99 95/106/100
f 98/87/81 97/76/70 100/75/69 99/88/82
f 102/107/101 101/108/102 104/109/103 103/110/104
f 68/82/76 67/91/85 91/94/88 92/83/77
f 62/97/91 61/60/54 85/100/94 86/99/93
f 76/74/68 75/85/79 99/88/82 100/75/69
f 70/62/56 69/55/49 93/104/98 94/103/97
f 63/51/45 62/97/91 86/99/93 87/102/96
f 78/58/52 77/65/59 101/108/102 102/107/101
f 71/63/57 70/62/56 94/103/97 95/106/100
f 61/60/54 64/52/46 88/101/95 85/100/94
f 79/59/53 78/58/52 102/107/101 103/110/104
f 69/55/49 72/54/48 96/105/99 93/104/98
f 64/52/46 63/51/45 87/102/96 88/101/95
f 77/65/59 80/95/89 104/109/103 101/108/102
f 57/96/90 58/89/83 82/90/84 81/98/92
f 72/54/48 71/63/57 95/106/100 96/105/99
f 66/92/86 65/81/75 89/84/78 90/93/87
f 80/95/89 79/59/53 103/110/104 104/109/103
f 59/78/72 57/96/90 81/98/92 83/79/73
f 74/86/80 73/73/67 97/76/70 98/87/81
f 118/111/105 119/112/106 144/113/107 141/114/108
f 129/115/109 130/116/110 153/117/111 154/118/112
f 124/119/113 121/120/114 146/121/115 147/122/116
f 114/123/117 115/124/118 140/125/119 138/126/120
f 125/127/121 126/128/122 149/129/123 150/130/124
f 120/131/125 117/132/126 142/133/127 143/134/128
f 105/135/129 106/136/130 114/123/117 113/137/131
f 106/136/130 108/138/132 115/124/118 114/123/117
f 108/138/132 107/139/133 116/140/134 115/124/118
f 107/139/133 105/135/129 113/137/131 116/140/134
f 107/139/133 108/138/132 118/111/105 117/132/126
f 108/138/132 112/141/135 119/112/106 118/111/105
f 112/141/135 111/142/136 120/131/125 119/112/106
f 111/142/136 107/139/133 117/132/126 120/131/125
f 111/142/136 112/141/135 122/143/137 121/120/114
f 112/141/135 110/144/138 123/145/139 122/143/137
f 110/144/138 109/146/140 124/119/113 123/145/139
f 109/146/140 111/142/136 121/120/114 124/119/113
f 109/146/140 110/144/138 126/128/122 125/127/121
f 110/144/138 106/147/130 127/148/141 126/128/122
f 106/147/130 105/149/129 128/150/142 127/148/141
f 105/149/129 109/146/140 125/127/121 128/150/142
f 107/151/133 111/142/136 130/116/110 129/115/109
f 111/142/136 109/146/140 131/152/143 130/116/110
f 109/146/140 105/153/129 132/154/144 131/152/143
f 105/153/129 107/151/133 129/115/109 132/154/144
f 112/141/135 108/155/132 134/156/145 133/157/146
f 108/155/132 106/158/130 135/159/147 134/156/145
f 106/158/130 110/144/138 136/160/148 135/159/147
f 110/144/138 112/141/135 133/157/146 136/160/148
f 144/113/107 143/134/128 167/161/149 168/162/150
f 149/129/123 152/163/151 176/164/152 173/165/153
f 159/166/154 158/167/155 182/168/156 183/169/157
f 141/114/108 144/113/107 168/162/150 165/170/158
f 151/171/159 150/130/124 174/172/160 175/173/161
f 158/167/155 157/174/162 181/175/163 182/168/156
f 128/150/142 125/127/121 150/130/124 151/171/159
f 133/157/146 134/156/145 157/174/162 158/167/155
f 115/124/118 116/140/134 139/176/164 140/125/119
f 122/143/137 123/145/139 148/177/165 145/178/166
f 132/154/144 129/115/109 154/118/112 155/179/167
f 119/112/106 120/131/125 143/134/128 144/113/107
f 126/128/122 127/148/141 152/163/151 149/129/123
f 136/160/148 133/157/146 158/167/155 159/166/154
f 123/145/139 124/119/113 147/122/116 148/177/165
f 130/116/110 131/152/143 156/180/168 153/117/111
f 127/148/141 128/150/142 151/171/159 152/163/151
f 134/156/145 135/159/147 160/181/169 157/174/162
f 131/152/143 132/154/144 155/179/167 156/180/168
f 135/159/147 136/160/148 159/166/154 160/181/169
f 113/137/131 114/123/117 138/126/120 137/182/170
f 117/132/126 118/111/105 141/114/108 142/133/127
f 116/140/134 113/137/131 137/182/170 139/176/164
f 121/120/114 122/143/137 145/178/166 146/121/115
f 177/183/171 180/184/172 204/185/173 201/186/174
f 164/187/175 163/188/176 187/189/177 188/190/178
f 169/191/179 172/192/180 196/193/181 193/194/182
f 179/195/183 178/196/184 202/197/185 203/198/186
f 162/199/187 164/187/175 188/190/178 186/200/188
f 171/201/189 170/202/190 194/203/191 195/204/192
f 157/174/162 160/181/169 184/205/193 181/175/163
f 137/182/170 138/126/120 162/199/187 161/206/194
f 152/163/151 151/171/159 175/173/161 176/164/152
f 146/121/115 145/178/166 169/191/179 170/202/190
f 160/181/169 159/166/154 183/169/157 184/205/193
f 139/176/164 137/182/170 161/206/194 163/188/176
f 154/118/112 153/117/111 177/183/171 178/196/184
f 147/122/116 146/121/115 170/202/190 171/201/189
f 138/126/120 140/125/119 164/187/175 162/199/187
f 155/179/167 154/118/112 178/196/184 179/195/183
f 145/178/166 148/177/165 172/192/180 169/191/179
f 140/125/119 139/176/164 163/188/176 164/187/175
f 153/117/111 156/180/168 180/184/172 177/183/171
f 148/177/165 147/122/116 171/201/189 172/192/180
f 142/133/127 141/114/108 165/170/158 166/207/195
f 156/180/168 155/179/167 179/195/183 180/184/172
f 150/130/124 149/129/123 173/165/153 174/172/160
f 143/134/128 142/133/127 166/207/195 167/161/149
f 185/208/196 186/200/188 188/190/178 187/189/177
f 190/209/197 189/210/198 192/211/199 191/212/200
f 194/203/191 193/194/182 196/193/181 195/204/192
f 198/213/201 197/214/202 200/215/203 199/216/204
f 202/197/185 201/186/174 204/185/173 203/198/186
f 206/217/205 205/218/206 208/219/207 207/220/208
f 172/192/180 171/201/189 195/204/192 196/193/181
f 166/207/195 165/170/158 189/210/198 190/209/197
f 180/184/172 179/195/183 203/198/186 204/185/173
f 174/172/160 173/165/153 197/214/202 198/213/201
f 167/161/149 166/207/195 190/209/197 191/212/200
f 182/168/156 181/175/163 205/218/206 206/217/205
f 175/173/161 174/172/160 198/213/201 199/216/204
f 165/170/158 168/162/150 192/211/199 189/210/198
f 183/169/157 182/168/156 206/217/205 207/220/208
f 173/165/153 176/164/152 200/215/203 197/214/202
f 168/162/150 167/161/149 191/212/200 192/211/199
f 181/175/163 184/205/193 208/219/207 205/218/206
f 161/206/194 162/199/187 186/200/188 185/208/196
f 176/164/152 175/173/161 199/216/204 200/215/203
f 170/202/190 169/191/179 193/194/182 194/203/191
f 184/205/193 183/169/157 207/220/208 208/219/207
f 163/188/176 161/206/194 185/208/196 187/189/177
f 178/196/184 177/183/171 201/186/174 202/197/185
f 222/221/209 223/222/210 248/223/211 245/224/212
f 233/225/213 234/226/214 257/227/215 258/228/216
f 228/229/217 225/230/218 250/231/219 251/232/220
f 218/233/221 219/234/222 244/235/223 242/236/224
f 229/237/225 230/238/226 253/239/227 254/240/228
f 224/241/229 221/242/230 246/243/231 247/244/232
f 209/245/233 210/246/234 218/233/221 217/247/235
f 210/246/234 212/248/236 219/234/222 218/233/221
f 212/248/236 211/249/237 220/250/238 219/234/222
f 211/249/237 209/245/233 217/247/235 220/250/238
f 211/249/237 212/248/236 222/221/209 221/242/230
f 212/248/236 216/251/239 223/222/210 222/221/209
f 216/251/239 215/252/240 224/241/229 223/222/210
f 215/252/240 211/249/237 221/242/230 224/241/229
f 215/252/240 216/251/239 226/253/241 225/230/218
f 216/251/239 214/254/242 227/255/243 226/253/241
f 214/254/242 213/256/244 228/229/217 227/255/243
f 213/256/244 215/252/240 225/230/218 228/229/217
f 213/256/244 214/254/242 230/238/226 229/237/225
f 214/254/242 210/257/234 231/258/245 230/238/226
f 210/257/234 209/259/233 232/260/246 231/258/245
f 209/259/233 213/256/244 229/237/225 232/260/246
f 211/261/237 215/252/240 234/226/214 233/225/213
f 215/252/240 213/256/244 235/262/247 234/226/214
f 213/256/244 209/263/233 236/264/248 235/262/247
f 209/263/233 211/261/237 233/225/213 236/264/248
f 216/251/239 212/265/236 238/266/249 237/267/250
f 212/265/236 210/268/234 239/269/251 238/266/249
f 210/268/234 214/254/242 240/270/252 239/269/251
f 214/254/242 216/251/239 237/267/250 240/270/252
f 248/223/211 247/244/232 271/271/253 272/272/254
f 253/239/227 256/273/255 280/274/256 277/275/257
f 263/276/258 262/277/259 286/278/260 287/279/261
f 245/224/212 248/223/211 272/272/254 269/280/262
f 255/281/263 254/240/228 278/282/264 279/283/265
f 262/277/259 261/284/266 285/285/267 286/278/260
f 232/260/246 229/237/225 254/240/228 255/281/263
f 237/267/250 238/266/249 261/284/266 262/277/259
f 219/234/222 220/250/238 243/286/268 244/235/223
f 226/253/241 227/255/243 252/287/269 249/288/270
f 236/264/248 233/225/213 258/228/216 259/289/271
f 223/222/210 224/241/229 247/244/232 248/223/211
f 230/238/226 231/258/245 256/273/255 253/239/227
f 240/270/252 237/267/250 262/277/259 263/276/258
f 227/255/243 228/229/217 251/232/220 252/287/269
f 234/226/214 235/262/247 260/290/272 257/227/215
f 231/258/245 232/260/246 255/281/263 256/273/255
f 238/266/249 239/269/251 264/291/273 261/284/266
f 235/262/247 236/264/248 259/289/271 260/290/272
f 239/269/251 240/270/252 263/276/258 264/291/273
f 217/247/235 218/233/221 242/236/224 241/292/274
f 221/242/230 222/221/209 245/224/212 246/243/231
f 220/250/238 217/247/235 241/292/274 243/286/268
f 225/230/218 226/253/241 249/288/270 250/231/219
f 281/293/275 284/294/276 308/295/277 305/296/278
f 268/297/279 267/298/280 291/299/281 292/300/282
f 273/301/283 276/302/284 300/303/285 297/304/286
f 283/305/287 282/306/288 306/307/289 307/308/290
f 266/309/291 268/297/279 292/300/282 290/310/292
f 275/311/293 274/312/294 298/313/295 299/314/296
f 261/284/266 264/291/273 288/315/297 285/285/267
f 241/292/274 242/236/224 266/309/291 265/316/298
f 256/273/255 255/281/263 279/283/265 280/274/256
f 250/231/219 249/288/270 273/301/283 274/312/294
f 264/291/273 263/276/258 287/279/261 288/315/297
f 243/286/268 241/292/274 265/316/298 267/298/280
f 258/228/216 257/227/215 281/293/275 282/306/288
f 251/232/220 250/231/219 274/312/294 275/311/293
f 242/236/224 244/235/223 268/297/279 266/309/291
f 259/289/271 258/228/216 282/306/288 283/305/287
f 249/288/270 252/287/269 276/302/284 273/301/283
f 244/235/223 243/286/268 267/298/280 268/297/279
f 257/227/215 260/290/272 284/294/276 281/293/275
f 252/287/269 251/232/220 275/311/293 276/302/284
f 246/243/231 245/224/212 269/280/262 270/317/299
f 260/290/272 259/289/271 283/305/287 284/294/276
f 254/240/228 253/239/227 277/275/257 278/282/264
f 247/244/232 246/243/231 270/317/299 271/271/253
f 289/318/300 290/310/292 292/300/282 291/299/281
f 294/319/301 293/320/302 296/321/303 295/322/304
f 298/313/295 297/304/286 300/303/285 299/314/296
f 302/323/305 301/324/306 304/325/307 303/326/308
f 306/307/289 305/296/278 308/295/277 307/308/290
f 310/327/309 309/328/310 312/329/311 311/330/312
f 276/302/284 275/311/293 299/314/296 300/303/285
f 270/317/299 269/280/262 293/320/302 294/319/301
f 284/294/276 283/305/287 307/308/290 308/295/277
f 278/282/264 277/275/257 301/324/306 302/323/305
f 271/271/253 270/317/299 294/319/301 295/322/304
f 286/278/260 285/285/267 309/328/310 310/327/309
f 279/283/265 278/282/264 302/323/305 303/326/308
f 269/280/262 272/272/254 296/321/303 293/320/302
f 287/279/261 286/278/260 310/327/309 311/330/312
f 277/275/257 280/274/256 304/325/307 301/324/306
f 272/272/254 271/271/253 295/322/304 296/321/303
f 285/285/267 288/315/297 312/329/311 309/328/310
f 265/316/298 266/309/291 290/310/292 289/318/300
f 280/274/256 279/283/265 303/326/308 304/325/307
f 274/312/294 273/301/283 297/304/286 298/313/295
f 288/315/297 287/279/261 311/330/312 312/329/311
f 267/298/280 265/316/298 289/318/300 291/299/281
f 282/306/288 281/293/275 305/296/278 306/307/289
f 326/331/313 327/332/314 352/333/315 349/334/316
f 337/335/317 338/336/318 361/337/319 362/338/320
f 332/339/321 329/340/322 354/341/323 355/342/324
f 322/343/325 323/344/326 348/345/327 346/346/328
f 333/347/329 334/348/330 357/349/331 358/350/332
f 328/351/333 325/352/334 350/353/335 351/354/336
f 313/355/337 314/356/338 322/343/325 321/357/339
f 314/356/338 316/358/340 323/344/326 322/343/325
f 316/358/340 315/359/341 324/360/342 323/344/326
f 315/359/341 313/355/337 321/357/339 324/360/342
f 315/359/341 316/358/340 326/331/313 325/352/334
f 316/358/340 320/361/343 327/332/314 326/331/313
f 320/361/343 319/362/344 328/351/333 327/332/314
f 319/362/344 315/359/341 325/352/334 328/351/333
f 319/362/344 320/361/343 330/363/345 329/340/322
f 320/361/343 318/364/346 331/365/347 330/363/345
f 318/364/346 317/366/348 332/339/321 331/365/347
f 317/366/348 319/362/344 329/340/322 332/339/321
f 317/366/348 318/364/346 334/348/330 333/347/329
f 318/364/346 314/367/338 335/368/349 334/348/330
f 314/367/338 313/369/337 336/370/350 335/368/349
f 313/369/337 317/366/348 333/347/329 336/370/350
f 315/371/341 319/362/344 338/336/318 337/335/317
f 319/362/344 317/366/348 339/372/351 338/336/318
f 317/366/348 313/373/337 340/374/352 339/372/351
f 313/373/337 315/371/341 337/335/317 340/374/352
f 320/361/343 316/375/340 342/376/353 341/377/354
f 316/375/340 314/378/338 343/379/355 342/376/353
f 314/378/338 318/364/346 344/380/356 343/379/355
f 318/364/346 320/361/343 341/377/354 344/380/356
f 352/333/315 351/354/336 375/381/357 376/382/358
f 357/349/331 360/383/359 384/384/360 381/385/361
f 367/386/362 366/387/363 390/388/364 391/389/365
f 349/334/316 352/333/315 376/382/358 373/390/366
f 359/391/367 358/350/332 382/392/368 383/393/369
f 366/387/363 365/394/370 389/395/371 390/388/364
f 336/370/350 333/347/329 358/350/332 359/391/367
f 341/377/354 342/376/353 365/394/370 366/387/363
f 323/344/326 324/360/342 347/396/372 348/345/327
f 330/363/345 331/365/347 356/397/373 353/398/374
f 340/374/352 337/335/317 362/338/320 363/399/375
f 327/332/314 328/351/333 351/354/336 352/333/315
f 334/348/330 335/368/349 360/383/359 357/349/331
f 344/380/356 341/377/354 366/387/363 367/386/362
f 331/365/347 332/339/321 355/342/324 356/397/373
f 338/336/318 339/372/351 364/400/376 361/337/319
f 335/368/349 336/370/350 359/391/367 360/383/359
f 342/376/353 343/379/355 368/401/377 365/394/370
f 339/372/351 340/374/352 363/399/375 364/400/376
f 343/379/355 344/380/356 367/386/362 368/401/377
f 321/357/339 322/343/325 346/346/328 345/402/378
f 325/352/334 326/331/313 349/334/316 350/353/335
f 324/360/342 321/357/339 345/402/378 347/396/372
f 329/340/322 330/363/345 353/398/374 354/341/323
f 385/403/379 388/404/380 412/405/381 409/406/382
f 372/407/383 371/408/384 395/409/385 396/410/386
f 377/411/387 380/412/388 404/413/389 401/414/390
f 387/415/391 386/416/392 410/417/393 411/418/394
f 370/419/395 372/407/383 396/410/386 394/420/396
f 379/421/397 378/422/398 402/423/399 403/424/400
f 365/394/370 368/401/377 392/425/401 389/395/371
f 345/402/378 346/346/328 370/419/395 369/426/402
f 360/383/359 359/391/367 383/393/369 384/384/360
f 354/341/323 353/398/374 377/411/387 378/422/398
f 368/401/377 367/386/362 391/389/365 392/425/401
f 347/396/372 345/402/378 369/426/402 371/408/384
f 362/338/320 361/337/319 385/403/379 386/416/392
f 355/342/324 354/341/323 378/422/398 379/421/397
f 346/346/328 348/345/327 372/407/383 370/419/395
f 363/399/375 362/338/320 386/416/392 387/415/391
f 353/398/374 356/397/373 380/412/388 377/411/387
f 348/345/327 347/396/372 371/408/384 372/407/383
f 361/337/319 364/400/376 388/404/380 385/403/379
f 356/397/373 355/342/324 379/421/397 380/412/388
f 350/353/335 349/334/316 373/390/366 374/427/403
f 364/400/376 363/399/375 387/415/391 388/404/380
f 358/350/332 357/349/331 381/385/361 382/392/368
f 351/354/336 350/353/335 374/427/403 375/381/357
f 393/428/404 394/420/396 396/410/386 395/409/385
f 398/429/405 397/430/406 400/431/407 399/432/408
f 402/423/399 401/414/390 404/413/389 403/424/400
f 406/433/409 405/434/410 408/435/411 407/436/412
f 410/417/393 409/406/382 412/405/381 411/418/394
f 414/437/413 413/438/414 416/439/415 415/440/416
f 380/412/388 379/421/397 403/424/400 404/413/389
f 374/427/403 373/390/366 397/430/406 398/429/405
f 388/404/380 387/415/391 411/418/394 412/405/381
f 382/392/368 381/385/361 405/434/410 406/433/409
f 375/381/357 374/427/403 398/429/405 399/432/408
f 390/388/364 389/395/371 413/438/414 414/437/413
f 383/393/369 382/392/368 406/433/409 407/436/412
f 373/390/366 376/382/358 400/431/407 397/430/406
f 391/389/365 390/388/364 414/437/413 415/440/416
f 381/385/361 384/384/360 408/435/411 405/434/410
f 376/382/358 375/381/357 399/432/408 400/431/407
f 389/395/371 392/425/401 416/439/415 413/438/414
f 369/426/402 370/419/395 394/420/396 393/428/404
f 384/384/360 383/393/369 407/436/412 408/435/411
f 378/422/398 377/411/387 401/414/390 402/423/399
f 392/425/401 391/389/365 415/440/416 416/439/415
f 371/408/384 369/426/402 393/428/404 395/409/385
f 386/416/392 385/403/379 409/406/382 410/417/393
f 430/441/417 431/442/418 456/443/419 453/444/420
f 441/445/421 442/446/422 465/447/423 466/448/424
f 436/449/425 433/450/426 458/451/427 459/452/428
f 426/453/429 427/454/430 452/455/431 450/456/432
f 437/457/433 438/458/434 461/459/435 462/460/436
f 432/461/437 429/462/438 454/463/439 455/464/440
f 417/465/441 418/466/442 426/453/429 425/467/443
f 418/466/442 420/468/444 427/454/430 426/453/429
f 420/468/444 419/469/445 428/470/446 427/454/430
f 419/469/445 417/465/441 425/467/443 428/470/446
f 419/469/445 420/468/444 430/441/417 429/462/438
f 420/468/444 424/471/447 431/442/418 430/441/417
f 424/471/447 423/472/448 432/461/437 431/442/418
f 423/472/448 419/469/445 429/462/438 432/461/437
f 423/472/448 424/471/447 434/473/449 433/450/426
f 424/471/447 422/474/450 435/475/451 434/473/449
f 422/474/450 421/476/452 436/449/425 435/475/451
f 421/476/452 423/472/448 433/450/426 436/449/425
f 421/476/452 422/474/450 438/458/434 437/457/433
f 422/474/450 418/477/442 439/478/453 438/458/434
f 418/477/442 417/479/441 440/480/454 439/478/453
f 417/479/441 421/476/452 437/457/433 440/480/454
f 419/481/445 423/472/448 442/446/422 441/445/421
f 423/472/448 421/476/452 443/482/455 442/446/422
f 421/476/452 417/483/441 444/484/456 443/482/455
f 417/483/441 419/481/445 441/445/421 444/484/456
f 424/471/447 420/485/444 446/486/457 445/487/458
f 420/485/444 418/488/442 447/489/459 446/486/457
f 418/488/442 422/474/450 448/490/460 447/489/459
f 422/474/450 424/471/447 445/487/458 448/490/460
f 456/443/419 455/464/440 479/491/461 480/492/462
f 461/459/435 464/493/463 488/494/464 485/495/465
f 471/496/466 470/497/467 494/498/468 495/499/469
f 453/444/420 456/443/419 480/492/462 477/500/470
f 463/501/471 462/460/436 486/502/472 487/503/473
f 470/497/467 469/504/474 493/505/475 494/498/468
f 440/480/454 437/457/433 462/460/436 463/501/471
f 445/487/458 446/486/457 469/504/474 470/497/467
f 427/454/430 428/470/446 451/506/476 452/455/431
f 434/473/449 435/475/451 460/507/477 457/508/478
f 444/484/456 441/445/421 466/448/424 467/509/479
f 431/442/418 432/461/437 455/464/440 456/443/419
f 438/458/434 439/478/453 464/493/463 461/459/435
f 448/490/460 445/487/458 470/497/467 471/496/466
f 435/475/451 436/449/425 459/452/428 460/507/477
f 442/446/422 443/482/455 468/510/480 465/447/423
f 439/478/453 440/480/454 463/501/471 464/493/463
f 446/486/457 447/489/459 472/511/481 469/504/474
f 443/482/455 444/484/456 467/509/479 468/510/480
f 447/489/459 448/490/460 471/496/466 472/511/481
f 425/467/443 426/453/429 450/456/432 449/512/482
f 429/462/438 430/441/417 453/444/420 454/463/439
f 428/470/446 425/467/443 449/512/482 451/506/476
f 433/450/426 434/473/449 457/508/478 458/451/427
f 489/513/483 492/514/484 516/515/485 513/516/486
f 476/517/487 475/518/488 499/519/489 500/520/490
f 481/521/491 484/522/492 508/523/493 505/524/494
f 491/525/495 490/526/496 514/527/497 515/528/498
f 474/529/499 476/517/487 500/520/490 498/530/500
f 483/531/501 482/532/502 506/533/503 507/534/504
f 469/504/474 472/511/481 496/535/505 493/505/475
f 449/512/482 450/456/432 474/529/499 473/536/506
f 464/493/463 463/501/471 487/503/473 488/494/464
f 458/451/427 457/508/478 481/521/491 482/532/502
f 472/511/481 471/496/466 495/499/469 496/535/505
f 451/506/476 449/512/482 473/536/506 475/518/488
f 466/448/424 465/447/423 489/513/483 490/526/496
f 459/452/428 458/451/427 482/532/502 483/531/501
f 450/456/432 452/455/431 476/517/487 474/529/499
f 467/509/479 466/448/424 490/526/496 491/525/495
f 457/508/478 460/507/477 484/522/492 481/521/491
f 452/455/431 451/506/476 475/518/488 476/517/487
f 465/447/423 468/510/480 492/514/484 489/513/483
f 460/507/477 459/452/428 483/531/501 484/522/492
f 454/463/439 453/444/420 477/500/470 478/537/507
f 468/510/480 467/509/479 491/525/495 492/514/484
f 462/460/436 461/459/435 485/495/465 486/502/472
f 455/464/440 454/463/439 478/537/507 479/491/461
f 497/538/508 498/530/500 500/520/490 499/519/489
f 502/539/509 501/540/510 504/541/511 503/542/512
f 506/533/503 505/524/494 508/523/493 507/534/504
f 510/543/513 509/544/514 512/545/515 511/546/516
f 514/527/497 513/516/486 516/515/485 515/528/498
f 518/547/517 517/548/518 520/549/519 519/550/520
f 484/522/492 483/531/501 507/534/504 508/523/493
f 478/537/507 477/500/470 501/540/510 502/539/509
f 492/514/484 491/525/495 515/528/498 516/515/485
f 486/502/472 485/495/465 509/544/514 510/543/513
f 479/491/461 478/537/507 502/539/509 503/542/512
f 494/498/468 493/505/475 517/548/518 518/547/517
f 487/503/473 486/502/472 510/543/513 511/546/516
f 477/500/470 480/492/462 504/541/511 501/540/510
f 495/499/469 494/498/468 518/547/517 519/550/520
f 485/495/465 488/494/464 512/545/515 509/544/514
f 480/492/462 479/491/461 503/542/512 504/541/511
f 493/505/475 496/535/505 520/549/519 517/548/518
f 473/536/506 474/529/499 498/530/500 497/538/508
f 488/494/464 487/503/473 511/546/516 512/545/515
f 482/532/502 481/521/491 505/524/494 506/533/503
f 496/535/505 495/499/469 519/550/520 520/549/519
f 475/518/488 473/536/506 497/538/508 499/519/489
f 490/526/496 489/513/483 513/516/486 514/527/497
f 534/551/521 535/552/522 560/553/523 557/554/524
f 545/555/525 546/556/526 569/557/527 570/558/528
f 540/559/529 537/560/530 562/561/531 563/562/532
f 530/563/533 531/564/534 556/565/535 554/566/536
f 541/567/537 542/568/538 565/569/539 566/570/540
f 536/571/541 533/572/542 558/573/543 559/574/544
f 521/575/545 522/576/546 530/563/533 529/577/547
f 522/576/546 524/578/548 531/564/534 530/563/533
f 524/578/548 523/579/549 532/580/550 531/564/534
f 523/579/549 521/575/545 529/577/547 532/580/550
f 523/579/549 524/578/548 534/551/521 533/572/542
f 524/578/548 528/581/551 535/552/522 534/551/521
f 528/581/551 527/582/552 536/571/541 535/552/522
f 527/582/552 523/579/549 533/572/542 536/571/541
f 527/582/552 528/581/551 538/583/553 537/560/530
f 528/581/551 526/584/554 539/585/555 538/583/553
f 526/584/554 525/586/556 540/559/529 539/585/555
f 525/586/556 527/582/552 537/560/530 540/559/529
f 525/586/556 526/584/554 542/568/538 541/567/537
f 526/584/554 522/587/546 543/588/557 542/568/538
f 522/587/546 521/589/545 544/590/558 543/588/557
f 521/589/545 525/586/556 541/567/537 544/590/558
f 523/591/549 527/582/552 546/556/526 545/555/525
f 527/582/552 525/586/556 547/592/559 546/556/526
f 525/586/556 521/593/545 548/594/560 547/592/559
f 521/593/545 523/591/549 545/555/525 548/594/560
f 528/581/551 524/595/548 550/596/561 549/597/562
f 524/595/548 522/598/546 551/599/563 550/596/561
f 522/598/546 526/584/554 552/600/564 551/599/563
f 526/584/554 528/581/551 549/597/562 552/600/564
f 560/553/523 559/574/544 583/601/565 584/602/566
f 565/569/539 568/603/567 592/604/568 589/605/569
f 575/606/570 574/607/571 598/608/572 599/609/573
f 557/554/524 560/553/523 584/602/566 581/610/574
f 567/611/575 566/570/540 590/612/576 591/613/577
f 574/607/571 573/614/578 597/615/579 598/608/572
f 544/590/558 541/567/537 566/570/540 567/611/575
f 549/597/562 550/596/561 573/614/578 574/607/571
f 531/564/534 532/580/550 555/616/580 556/565/535
f 538/583/553 539/585/555 564/617/581 561/618/582
f 548/594/560 545/555/525 570/558/528 571/619/583
f 535/552/522 536/571/541 559/574/544 560/553/523
f 542/568/538 543/588/557 568/603/567 565/569/539
f 552/600/564 549/597/562 574/607/571 575/606/570
f 539/585/555 540/559/529 563/562/532 564/617/581
f 546/556/526 547/592/559 572/620/584 569/557/527
f 543/588/557 544/590/558 567/611/575 568/603/567
f 550/596/561 551/599/563 576/621/585 573/614/578
f 547/592/559 548/594/560 571/619/583 572/620/584
f 551/599/563 552/600/564 575/606/570 576/621/585
f 529/577/547 530/563/533 554/566/536 553/622/586
f 533/572/542 534/551/521 557/554/524 558/573/543
f 532/580/550 529/577/547 553/622/586 555/616/580
f 537/560/530 538/583/553 561/618/582 562/561/531
f 593/623/587 596/624/588 620/625/589 617/626/590
f 580/627/591 579/628/592 603/629/593 604/630/594
f 585/631/595 588/632/596 612/633/597 609/634/598
f 595/635/599 594/636/600 618/637/601 619/638/602
f 578/639/603 580/627/591 604/630/594 602/640/604
f 587/641/605 586/642/606 610/643/607 611/644/608
f 573/614/578 576/621/585 600/645/609 597/615/579
f 553/622/586 554/566/536 578/639/603 577/646/610
f 568/603/567 567/611/575 591/613/577 592/604/568
f 562/561/531 561/618/582 585/631/595 586/642/606
f 576/621/585 575/606/570 599/609/573 600/645/609
f 555/616/580 553/622/586 577/646/610 579/628/592
f 570/558/528 569/557/527 593/623/587 594/636/600
f 563/562/532 562/561/531 586/642/606 587/641/605
f 554/566/536 556/565/535 580/627/591 578/639/603
f 571/619/583 570/558/528 594/636/600 595/635/599
f 561/618/582 564/617/581 588/632/596 585/631/595
f 556/565/535 555/616/580 579/628/592 580/627/591
f 569/557/527 572/620/584 596/624/588 593/623/587
f 564/617/581 563/562/532 587/641/605 588/632/596
f 558/573/543 557/554/524 581/610/574 582/647/611
f 572/620/584 571/619/583 595/635/599 596/624/588
f 566/570/540 565/569/539 589/605/569 590/612/576
f 559/574/544 558/573/543 582/647/611 583/601/565
f 601/648/612 602/640/604 604/630/594 603/629/593
f 606/649/613 605/650/614 608/651/615 607/652/616
f 610/643/607 609/634/598 612/633/597 611/644/608
f 614/653/617 613/654/618 616/655/619 615/656/620
f 618/637/601 617/626/590 620/625/589 619/638/602
f 622/657/621 621/658/622 624/659/623 623/660/624
f 588/632/596 587/641/605 611/644/608 612/633/597
f 582/647/611 581/610/574 605/650/614 606/649/613
f 596/624/588 595/635/599 619/638/602 620/625/589
f 590/612/576 589/605/569 613/654/618 614/653/617
f 583/601/565 582/647/611 606/649/613 607/652/616
f 598/608/572 597/615/579 621/658/622 622/657/621
f 591/613/577 590/612/576 614/653/617 615/656/620
f 581/610/574 584/602/566 608/651/615 605/650/614
f 599/609/573 598/608/572 622/657/621 623/660/624
f 589/605/569 592/604/568 616/655/619 613/654/618
f 584/602/566 583/601/565 607/652/616 608/651/615
f 597/615/579 600/645/609 624/659/623 621/658/622
f 577/646/610 578/639/603 602/640/604 601/648/612
f 592/604/568 591/613/577 615/656/620 616/655/619
f 586/642/606 585/631/595 609/634/598 610/643/607
f 600/645/609 599/609/573 623/660/624 624/659/623
f 579/628/592 577/646/610 601/648/612 603/629/593
f 594/636/600 593/623/587 617/626/590 618/637/601
f 638/661/625 639/662/626 664/663/627 661/664/628
f 649/665/629 650/666/630 673/667/631 674/668/632
f 644/669/633 641/670/634 666/671/635 667/672/636
f 634/673/637 635/674/638 660/675/639 658/676/640
f 645/677/641 646/678/642 669/679/643 670/680/644
f 640/681/645 637/682/646 662/683/647 663/684/648
f 625/685/649 626/686/650 634/673/637 633/687/651
f 626/686/650 628/688/652 635/674/638 634/673/637
f 628/688/652 627/689/653 636/690/654 635/674/638
f 627/689/653 625/685/649 633/687/651 636/690/654
f 627/689/653 628/688/652 638/661/625 637/682/646
f 628/688/652 632/691/655 639/662/626 638/661/625
f 632/691/655 631/692/656 640/681/645 639/662/626
f 631/692/656 627/689/653 637/682/646 640/681/645
f 631/692/656 632/691/655 642/693/657 641/670/634
f 632/691/655 630/694/658 643/695/659 642/693/657
f 630/694/658 629/696/660 644/669/633 643/695/659
f 629/696/660 631/692/656 641/670/634 644/669/633
f 629/696/660 630/694/658 646/678/642 645/677/641
f 630/694/658 626/697/650 647/698/661 646/678/642
f 626/697/650 625/699/649 648/700/662 647/698/661
f 625/699/649 629/696/660 645/677/641 648/700/662
f 627/701/653 631/692/656 650/666/630 649/665/629
f 631/692/656 629/696/660 651/702/663 650/666/630
f 629/696/660 625/703/649 652/704/664 651/702/663
f 625/703/649 627/701/653 649/665/629 652/704/664
f 632/691/655 628/705/652 654/706/665 653/707/666
f 628/705/652 626/708/650 655/709/667 654/706/665
f 626/708/650 630/694/658 656/710/668 655/709/667
f 630/694/658 632/691/655 653/707/666 656/710/668
f 664/663/627 663/684/648 687/711/669 688/712/670
f 669/679/643 672/713/671 696/714/672 693/715/673
f 679/716/674 678/717/675 702/718/676 703/719/677
f 661/664/628 664/663/627 688/712/670 685/720/678
f 671/721/679 670/680/644 694/722/680 695/723/681
f 678/717/675 677/724/682 701/725/683 702/718/676
f 648/700/662 645/677/641 670/680/644 671/721/679
f 653/707/666 654/706/665 677/724/682 678/717/675
f 635/674/638 636/690/654 659/726/684 660/675/639
f 642/693/657 643/695/659 668/727/685 665/728/686
f 652/704/664 649/665/629 674/668/632 675/729/687
f 639/662/626 640/681/645 663/684/648 664/663/627
f 646/678/642 647/698/661 672/713/671 669/679/643
f 656/710/668 653/707/666 678/717/675 679/716/674
f 643/695/659 644/669/633 667/672/636 668/727/685
f 650/666/630 651/702/663 676/730/688 673/667/631
f 647/698/661 648/700/662 671/721/679 672/713/671
f 654/706/665 655/709/667 680/731/689 677/724/682
f 651/702/663 652/704/664 675/729/687 676/730/688
f 655/709/667 656/710/668 679/716/674 680/731/689
f 633/687/651 634/673/637 658/676/640 657/732/690
f 637/682/646 638/661/625 661/664/628 662/683/647
f 636/690/654 633/687/651 657/732/690 659/726/684
f 641/670/634 642/693/657 665/728/686 666/671/635
f 697/733/691 700/734/692 724/735/693 721/736/694
f 684/737/695 683/738/696 707/739/697 708/740/698
f 689/741/699 692/742/700 716/743/701 713/744/702
f 699/745/703 698/746/704 722/747/705 723/748/706
f 682/749/707 684/737/695 708/740/698 706/750/708
f 691/751/709 690/752/710 714/753/711 715/754/712
f 677/724/682 680/731/689 704/755/713 701/725/683
f 657/732/690 658/676/640 682/749/707 681/756/714
f 672/713/671 671/721/679 695/723/681 696/714/672
f 666/671/635 665/728/686 689/741/699 690/752/710
f 680/731/689 679/716/674 703/719/677 704/755/713
f 659/726/684 657/732/690 681/756/714 683/738/696
f 674/668/632 673/667/631 697/733/691 698/746/704
f 667/672/636 666/671/635 690/752/710 691/751/709
f 658/676/640 660/675/639 684/737/695 682/749/707
f 675/729/687 674/668/632 698/746/704 699/745/703
f 665/728/686 668/727/685 692/742/700 689/741/699
f 660/675/639 659/726/684 683/738/696 684/737/695
f 673/667/631 676/730/688 700/734/692 697/733/691
f 668/727/685 667/672/636 691/751/709 692/742/700
f 662/683/647 661/664/628 685/720/678 686/757/715
f 676/730/688 675/729/687 699/745/703 700/734/692
f 670/680/644 669/679/643 693/715/673 694/722/680
f 663/684/648 662/683/647 686/757/715 687/711/669
f 705/758/716 706/750/708 708/740/698 707/739/697
f 710/759/717 709/760/718 712/761/719 711/762/720
f 714/753/711 713/744/702 716/743/701 715/754/712
f 718/763/721 717/764/722 720/765/723 719/766/724
f 722/747/705 721/736/694 724/735/693 723/748/706
f 726/767/725 725/768/726 728/769/727 727/770/728
f 692/742/700 691/751/709 715/754/712 716/743/701
f 686/757/715 685/720/678 709/760/718 710/759/717
f 700/734/692 699/745/703 723/748/706 724/735/693
f 694/722/680 693/715/673 717/764/722 718/763/721
f 687/711/669 686/757/715 710/759/717 711/762/720
f 702/718/676 701/725/683 725/768/726 726/767/725
f 695/723/681 694/722/680 718/763/721 719/766/724
f 685/720/678 688/712/670 712/761/719 709/760/718
f 703/719/677 702/718/676 726/767/725 727/770/728
f 693/715/673 696/714/672 720/765/723 717/764/722
f 688/712/670 687/711/669 711/762/720 712/761/719
f 701/725/683 704/755/713 728/769/727 725/768/726
f 681/756/714 682/749/707 706/750/708 705/758/716
f 696/714/672 695/723/681 719/766/724 720/765/723
f 690/752/710 689/741/699 713/744/702 714/753/711
f 704/755/713 703/719/677 727/770/728 728/769/727
f 683/738/696 681/756/714 705/758/716 707/739/697
f 698/746/704 697/733/691 721/736/694 722/747/705
f 742/771/729 743/772/730 768/773/731 765/774/732
f 753/775/733 754/776/734 777/777/735 778/778/736
f 748/779/737 745/780/738 770/781/739 771/782/740
f 738/783/741 739/784/742 764/785/743 762/786/744
f 749/787/745 750/788/746 773/789/747 774/790/748
f 744/791/749 741/792/750 766/793/751 767/794/752
f 729/795/753 730/796/754 738/783/741 737/797/755
f 730/796/754 732/798/756 739/784/742 738/783/741
f 732/798/756 731/799/757 740/800/758 739/784/742
f 731/799/757 729/795/753 737/797/755 740/800/758
f 731/799/757 732/798/756 742/771/729 741/792/750
f 732/798/756 736/801/759 743/772/730 742/771/729
f 736/801/759 735/802/760 744/791/749 743/772/730
f 735/802/760 731/799/757 741/792/750 744/791/749
f 735/802/760 736/801/759 746/803/761 745/780/738
f 736/801/759 734/804/762 747/805/763 746/803/761
f 734/804/762 733/806/764 748/779/737 747/805/763
f 733/806/764 735/802/760 745/780/738 748/779/737
f 733/806/764 734/804/762 750/788/746 749/787/745
f 734/804/762 730/807/754 751/808/765 750/788/746
f 730/807/754 729/809/753 752/810/766 751/808/765
f 729/809/753 733/806/764 749/787/745 752/810/766
f 731/811/757 735/802/760 754/776/734 753/775/733
f 735/802/760 733/806/764 755/812/767 754/776/734
f 733/806/764 729/813/753 756/814/768 755/812/767
f 729/813/753 731/811/757 753/775/733 756/814/768
f 736/801/759 732/815/756 758/816/769 757/817/770
f 732/815/756 730/818/754 759/819/771 758/816/769
f 730/818/754 734/804/762 760/820/772 759/819/771
f 734/804/762 736/801/759 757/817/770 760/820/772
f 768/773/731 767/794/752 791/821/773 792/822/774
f 773/789/747 776/823/775 800/824/776 797/825/777
f 783/826/778 782/827/779 806/828/780 807/829/781
f 765/774/732 768/773/731 792/822/774 789/830/782
f 775/831/783 774/790/748 798/832/784 799/833/785
f 782/827/779 781/834/786 805/835/787 806/828/780
f 752/810/766 749/787/745 774/790/748 775/831/783
f 757/817/770 758/816/769 781/834/786 782/827/779
f 739/784/742 740/800/758 763/836/788 764/785/743
f 746/803/761 747/805/763 772/837/789 769/838/790
f 756/814/768 753/775/733 778/778/736 779/839/791
f 743/772/730 744/791/749 767/794/752 768/773/731
f 750/788/746 751/808/765 776/823/775 773/789/747
f 760/820/772 757/817/770 782/827/779 783/826/778
f 747/805/763 748/779/737 771/782/740 772/837/789
f 754/776/734 755/812/767 780/840/792 777/777/735
f 751/808/765 752/810/766 775/831/783 776/823/775
f 758/816/769 759/819/771 784/841/793 781/834/786
f 755/812/767 756/814/768 779/839/791 780/840/792
f 759/819/771 760/820/772 783/826/778 784/841/793
f 737/797/755 738/783/741 762/786/744 761/842/794
f 741/792/750 742/771/729 765/774/732 766/793/751
f 740/800/758 737/797/755 761/842/794 763/836/788
f 745/780/738 746/803/761 769/838/790 770/781/739
f 801/843/795 804/844/796 828/845/797 825/846/798
f 788/847/799 787/848/800 811/849/801 812/850/802
f 793/851/803 796/852/804 820/853/805 817/854/806
f 803/855/807 802/856/808 826/857/809 827/858/810
f 786/859/811 788/847/799 812/850/802 810/860/812
f 795/861/813 794/862/814 818/863/815 819/864/816
f 781/834/786 784/841/793 808/865/817 805/835/787
f 761/842/794 762/786/744 786/859/811 785/866/818
f 776/823/775 775/831/783 799/833/785 800/824/776
f 770/781/739 769/838/790 793/851/803 794/862/814
f 784/841/793 783/826/778 807/829/781 808/865/817
f 763/836/788 761/842/794 785/866/818 787/848/800
f 778/778/736 777/777/735 801/843/795 802/856/808
f 771/782/740 770/781/739 794/862/814 795/861/813
f 762/786/744 764/785/743 788/847/799 786/859/811
f 779/839/791 778/778/736 802/856/808 803/855/807
f 769/838/790 772/837/789 796/852/804 793/851/803
f 764/785/743 763/836/788 787/848/800 788/847/799
f 777/777/735 780/840/792 804/844/796 801/843/795
f 772/837/789 771/782/740 795/861/813 796/852/804
f 766/793/751 765/774/732 789/830/782 790/867/819
f 780/840/792 779/839/791 803/855/807 804/844/796
f 774/790/748 773/789/747 797/825/777 798/832/784
f 767/794/752 766/793/751 790/867/819 791/821/773
f 809/868/820 810/860/812 812/850/802 811/849/801
f 814/869/821 813/870/822 816/871/823 815/872/824
f 818/863/815 817/854/806 820/853/805 819/864/816
f 822/873/825 821/874/826 824/875/827 823/876/828
f 826/857/809 825/846/798 828/845/797 827/858/810
f 830/877/829 829/878/830 832/879/831 831/880/832
f 796/852/804 795/861/813 819/864/816 820/853/805
f 790/867/819 789/830/782 813/870/822 814/869/821
f 804/844/796 803/855/807 827/858/810 828/845/797
f 798/832/784 797/825/777 821/874/826 822/873/825
f 791/821/773 790/867/819 814/869/821 815/872/824
f 806/828/780 805/835/787 829/878/830 830/877/829
f 799/833/785 798/832/784 822/873/825 823/876/828
f 789/830/782 792/822/774 816/871/823 813/870/822
f 807/829/781 806/828/780 830/877/829 831/880/832
f 797/825/777 800/824/776 824/875/827 821/874/826
f 792/822/774 791/821/773 815/872/824 816/871/823
f 805/835/787 808/865/817 832/879/831 829/878/830
f 785/866/818 786/859/811 810/860/812 809/868/820
f 800/824/776 799/833/785 823/876/828 824/875/827
f 794/862/814 793/851/803 817/854/806 818/863/815
f 808/865/817 807/829/781 831/880/832 832/879/831
f 787/848/800 785/866/818 809/868/820 811/849/801
f 802/856/808 801/843/795 825/846/798 826/857/809
f 846/881/833 847/882/834 872/883/835 869/884/836
f 857/885/837 858/886/838 881/887/839 882/888/840
f 852/889/841 849/890/842 874/891/843 875/892/844
f 842/893/845 843/894/846 868/895/847 866/896/848
f 853/897/849 854/898/850 877/899/851 878/900/852
f 848/901/853 845/902/854 870/903/855 871/904/856
f 833/905/857 834/906/858 842/893/845 841/907/859
f 834/906/858 836/908/860 843/894/846 842/893/845
f 836/908/860 835/909/861 844/910/862 843/894/846
f 835/909/861 833/905/857 841/907/859 844/910/862
f 835/909/861 836/908/860 846/881/833 845/902/854
f 836/908/860 840/911/863 847/882/834 846/881/833
f 840/911/863 839/912/864 848/901/853 847/882/834
f 839/912/864 835/909/861 845/902/854 848/901/853
f 839/912/864 840/911/863 850/913/865 849/890/842
f 840/911/863 838/914/866 851/915/867 850/913/865
f 838/914/866 837/916/868 852/889/841 851/915/867
f 837/916/868 839/912/864 849/890/842 852/889/841
f 837/916/868 838/914/866 854/898/850 853/897/849
f 838/914/866 834/917/858 855/918/869 854/898/850
f 834/917/858 833/919/857 856/920/870 855/918/869
f 833/919/857 837/916/868 853/897/849 856/920/870
f 835/921/861 839/912/864 858/886/838 857/885/837
f 839/912/864 837/916/868 859/922/871 858/886/838
f 837/916/868 833/923/857 860/924/872 859/922/871
f 833/923/857 835/921/861 857/885/837 860/924/872
f 840/911/863 836/925/860 862/926/873 861/927/874
f 836/925/860 834/928/858 863/929/875 862/926/873
f 834/928/858 838/914/866 864/930/876 863/929/875
f 838/914/866 840/911/863 861/927/874 864/930/876
f 872/883/835 871/904/856 895/931/877 896/932/878
f 877/899/851 880/933/879 904/934/880 901/935/881
f 887/936/882 886/937/883 910/938/884 911/939/885
f 869/884/836 872/883/835 896/932/878 893/940/886
f 879/941/887 878/900/852 902/942/888 903/943/889
f 886/937/883 885/944/890 909/945/891 910/938/884
f 856/920/870 853/897/849 878/900/852 879/941/887
f 861/927/874 862/926/873 885/944/890 886/937/883
f 843/894/846 844/910/862 867/946/892 868/895/847
f 850/913/865 851/915/867 876/947/893 873/948/894
f 860/924/872 857/885/837 882/888/840 883/949/895
f 847/882/834 848/901/853 871/904/856 872/883/835
f 854/898/850 855/918/869 880/933/879 877/899/851
f 864/930/876 861/927/874 886/937/883 887/936/882
f 851/915/867 852/889/841 875/892/844 876/947/893
f 858/886/838 859/922/871 884/950/896 881/887/839
f 855/918/869 856/920/870 879/941/887 880/933/879
f 862/926/873 863/929/875 888/951/897 885/944/890
f 859/922/871 860/924/872 883/949/895 884/950/896
f 863/929/875 864/930/876 887/936/882 888/951/897
f 841/907/859 842/893/845 866/896/848 865/952/898
f 845/902/854 846/881/833 869/884/836 870/903/855
f 844/910/862 841/907/859 865/952/898 867/946/892
f 849/890/842 850/913/865 873/948/894 874/891/843
f 905/953/899 908/954/900 932/955/901 929/956/902
f 892/957/903 891/958/904 915/959/905 916/960/906
f 897/961/907 900/962/908 924/963/909 921/964/910
f 907/965/911 906/966/912 930/967/913 931/968/914
f 890/969/915 892/957/903 916/960/906 914/970/916
f 899/971/917 898/972/918 922/973/919 923/974/920
f 885/944/890 888/951/897 912/975/921 909/945/891
f 865/952/898 866/896/848 890/969/915 889/976/922
f 880/933/879 879/941/887 903/943/889 904/934/880
f 874/891/843 873/948/894 897/961/907 898/972/918
f 888/951/897 887/936/882 911/939/885 912/975/921
f 867/946/892 865/952/898 889/976/922 891/958/904
f 882/888/840 881/887/839 905/953/899 906/966/912
f 875/892/844 874/891/843 898/972/918 899/971/917
f 866/896/848 868/895/847 892/957/903 890/969/915
f 883/949/895 882/888/840 906/966/912 907/965/911
f 873/948/894 876/947/893 900/962/908 897/961/907
f 868/895/847 867/946/892 891/958/904 892/957/903
f 881/887/839 884/950/896 908/954/900 905/953/899
f 876/947/893 875/892/844 899/971/917 900/962/908
f 870/903/855 869/884/836 893/940/886 894/977/923
f 884/950/896 883/949/895 907/965/911 908/954/900
f 878/900/852 877/899/851 901/935/881 902/942/888
f 871/904/856 870/903/855 894/977/923 895/931/877
f 913/978/924 914/970/916 916/960/906 915/959/905
f 918/979/925 917/980/926 920/981/927 919/982/928
f 922/973/919 921/964/910 924/963/909 923/974/920
f 926/983/929 925/984/930 928/985/931 927/986/932
f 930/967/913 929/956/902 932/955/901 931/968/914
f 934/987/933 933/988/934 936/989/935 935/990/936
f 900/962/908 899/971/917 923/974/920 924/963/909
f 894/977/923 893/940/886 917/980/926 918/979/925
f 908/954/900 907/965/911 931/968/914 932/955/901
f 902/942/888 901/935/881 925/984/930 926/983/929
f 895/931/877 894/977/923 918/979/925 919/982/928
f 910/938/884 909/945/891 933/988/934 934/987/933
f 903/943/889 902/942/888 926/983/929 927/986/932
f 893/940/886 896/932/878 920/981/927 917/980/926
f 911/939/885 910/938/884 934/987/933 935/990/936
f 901/935/881 904/934/880 928/985/931 925/984/930
f 896/932/878 895/931/877 919/982/928 920/981/927
f 909/945/891 912/975/921 936/989/935 933/988/934
f 889/976/922 890/969/915 914/970/916 913/978/924
f 904/934/880 903/943/889 927/986/932 928/985/931
f 898/972/918 897/961/907 921/964/910 922/973/919
f 912/975/921 911/939/885 935/990/936 936/989/935
f 891/958/904 889/976/922 913/978/924 915/959/905
f 906/966/912 905/953/899 929/956/902 930/967/913
f 950/991/937 951/992/938 976/993/939 973/994/940
f 961/995/941 962/996/942 985/997/943 986/998/944
f 956/999/945 953/1000/946 978/1001/947 979/1002/948
f 946/1003/949 947/1004/950 972/1005/951 970/1006/952
f 957/1007/953 958/1008/954 981/1009/955 982/1010/956
f 952/1011/957 949/1012/958 974/1013/959 975/1014/960
f 937/1015/961 938/1016/962 946/1003/949 945/1017/963
f 938/1016/962 940/1018/964 947/1004/950 946/1003/949
f 940/1018/964 939/1019/965 948/1020/966 947/1004/950
f 939/1019/965 937/1015/961 945/1017/963 948/1020/966
f 939/1019/965 940/1018/964 950/991/937 949/1012/958
f 940/1018/964 944/1021/967 951/992/938 950/991/937
f 944/1021/967 943/1022/968 952/1011/957 951/992/938
f 943/1022/968 939/1019/965 949/1012/958 952/1011/957
f 943/1022/968 944/1021/967 954/1023/969 953/1000/946
f 944/1021/967 942/1024/970 955/1025/971 954/1023/969
f 942/1024/970 941/1026/972 956/999/945 955/1025/971
f 941/1026/972 943/1022/968 953/1000/946 956/999/945
f 941/1026/972 942/1024/970 958/1008/954 957/1007/953
f 942/1024/970 938/1027/962 959/1028/973 958/1008/954
f 938/1027/962 937/1029/961 960/1030/974 959/1028/973
f 937/1029/961 941/1026/972 957/1007/953 960/1030/974
f 939/1031/965 943/1022/968 962/996/942 961/995/941
f 943/1022/968 941/1026/972 963/1032/975 962/996/942
f 941/1026/972 937/1033/961 964/1034/976 963/1032/975
f 937/1033/961 939/1031/965 961/995/941 964/1034/976
f 944/1021/967 940/1035/964 966/1036/977 965/1037/978
f 940/1035/964 938/1038/962 967/1039/979 966/1036/977
f 938/1038/962 942/1024/970 968/1040/980 967/1039/979
f 942/1024/970 944/1021/967 965/1037/978 968/1040/980
f 976/993/939 975/1014/960 999/1041/981 1000/1042/982
f 981/1009/955 984/1043/983 1008/1044/984 1005/1045/985
f 991/1046/986 990/1047/987 1014/1048/988 1015/1049/989
f 973/994/940 976/993/939 1000/1042/982 997/1050/990
f 983/1051/991 982/1010/956 1006/1052/992 1007/1053/993
f 990/1047/987 989/1054/994 1013/1055/995 1014/1048/988
f 960/1030/974 957/1007/953 982/1010/956 983/1051/991
f 965/1037/978 966/1036/977 989/1054/994 990/1047/987
f 947/1004/950 948/1020/966 971/1056/996 972/1005/951
f 954/1023/969 955/1025/971 980/1057/997 977/1058/998
f 964/1034/976 961/995/941 986/998/944 987/1059/999
f 951/992/938 952/1011/957 975/1014/960 976/993/939
f 958/1008/954 959/1028/973 984/1043/983 981/1009/955
f 968/1040/980 965/1037/978 990/1047/987 991/1046/986
f 955/1025/971 956/999/945 979/1002/948 980/1057/997
f 962/996/942 963/1032/975 988/1060/1000 985/997/943
f 959/1028/973 960/1030/974 983/1051/991 984/1043/983
f 966/1036/977 967/1039/979 992/1061/1001 989/1054/994
f 963/1032/975 964/1034/976 987/1059/999 988/1060/1000
f 967/1039/979 968/1040/980 991/1046/986 992/1061/1001
f 945/1017/963 946/1003/949 970/1006/952 969/1062/1002
f 949/1012/958 950/991/937 973/994/940 974/1013/959
f 948/1020/966 945/1017/963 969/1062/1002 971/1056/996
f 953/1000/946 954/1023/969 977/1058/998 978/1001/947
f 1009/1063/1003 1012/1064/1004 1036/1065/1005 1033/1066/1006
f 996/1067/1007 995/1068/1008 1019/1069/1009 1020/1070/1010
f 1001/1071/1011 1004/1072/1012 1028/1073/1013 1025/1074/1014
f 1011/1075/1015 1010/1076/1016 1034/1077/1017 1035/1078/1018
f 994/1079/1019 996/1067/1007 1020/1070/1010 1018/1080/1020
f 1003/1081/1021 1002/1082/1022 1026/1083/1023 1027/1084/1024
f 989/1054/994 992/1061/1001 1016/1085/1025 1013/1055/995
f 969/1062/1002 970/1006/952 994/1079/1019 993/1086/1026
f 984/1043/983 983/1051/991 1007/1053/993 1008/1044/984
f 978/1001/947 977/1058/998 1001/1071/1011 1002/1082/1022
f 992/1061/1001 991/1046/986 1015/1049/989 1016/1085/1025
f 971/1056/996 969/1062/1002 993/1086/1026 995/1068/1008
f 986/998/944 985/997/943 1009/1063/1003 1010/1076/1016
f 979/1002/948 978/1001/947 1002/1082/1022 1003/1081/1021
f 970/1006/952 972/1005/951 996/1067/1007 994/1079/1019
f 987/1059/999 986/998/944 1010/1076/1016 1011/1075/1015
f 977/1058/998 980/1057/997 1004/1072/1012 1001/1071/1011
f 972/1005/951 971/1056/996 995/1068/1008 996/1067/1007
f 985/997/943 988/1060/1000 1012/1064/1004 1009/1063/1003
f 980/1057/997 979/1002/948 1003/1081/1021 1004/1072/1012
f 974/1013/959 973/994/940 997/1050/990 998/1087/1027
f 988/1060/1000 987/1059/999 1011/1075/1015 1012/1064/1004
f 982/1010/956 981/1009/955 1005/1045/985 1006/1052/992
f 975/1014/960 974/1013/959 998/1087/1027 999/1041/981
f 1017/1088/1028 1018/1080/1020 1020/1070/1010 1019/1069/1009
f 1022/1089/1029 1021/1090/1030 1024/1091/1031 1023/1092/1032
f 1026/1083/1023 1025/1074/1014 1028/1073/1013 1027/1084/1024
f 1030/1093/1033 1029/1094/1034 1032/1095/1035 1031/1096/1036
f 1034/1077/1017 1033/1066/1006 1036/1065/1005 1035/1078/1018
f 1038/1097/1037 1037/1098/1038 1040/1099/1039 1039/1100/1040
f 1004/1072/1012 1003/1081/1021 1027/1084/1024 1028/1073/1013
f 998/1087/1027 997/1050/990 1021/1090/1030 1022/1089/1029
f 1012/1064/1004 1011/1075/1015 1035/1078/1018 1036/1065/1005
f 1006/1052/992 1005/1045/985 1029/1094/1034 1030/1093/1033
f 999/1041/981 998/1087/1027 1022/1089/1029 1023/1092/1032
f 1014/1048/988 1013/1055/995 1037/1098/1038 1038/1097/1037
f 1007/1053/993 1006/1052/992 1030/1093/1033 1031/1096/1036
f 997/1050/990 1000/1042/982 1024/1091/1031 1021/1090/1030
f 1015/1049/989 1014/1048/988 1038/1097/1037 1039/1100/1040
f 1005/1045/985 1008/1044/984 1032/1095/1035 1029/1094/1034
f 1000/1042/982 999/1041/981 1023/1092/1032 1024/1091/1031
f 1013/1055/995 1016/1085/1025 1040/1099/1039 1037/1098/1038
f 993/1086/1026 994/1079/1019 1018/1080/1020 1017/1088/1028
f 1008/1044/984 1007/1053/993 1031/1096/1036 1032/1095/1035
f 1002/1082/1022 1001/1071/1011 1025/1074/1014 1026/1083/1023
f 1016/1085/1025 1015/1049/989 1039/1100/1040 1040/1099/1039
f 995/1068/1008 993/1086/1026 1017/1088/1028 1019/1069/1009
f 1010/1076/1016 1009/1063/1003 1033/1066/1006 1034/1077/1017
f 1054/1101/1041 1055/1102/1042 1080/1103/1043 1077/1104/1044
f 1065/1105/1045 1066/1106/1046 1089/1107/1047 1090/1108/1048
f 1060/1109/1049 1057/1110/1050 1082/1111/1051 1083/1112/1052
f 1050/1113/1053 1051/1114/1054 1076/1115/1055 1074/1116/1056
f 1061/1117/1057 1062/1118/1058 1085/1119/1059 1086/1120/1060
f 1056/1121/1061 1053/1122/1062 1078/1123/1063 1079/1124/1064
f 1041/1125/1065 1042/1126/1066 1050/1113/1053 1049/1127/1067
f 1042/1126/1066 1044/1128/1068 1051/1114/1054 1050/1113/1053
f 1044/1128/1068 1043/1129/1069 1052/1130/1070 1051/1114/1054
f 1043/1129/1069 1041/1125/1065 1049/1127/1067 1052/1130/1070
f 1043/1129/1069 1044/1128/1068 1054/1101/1041 1053/1122/1062
f 1044/1128/1068 1048/1131/1071 1055/1102/1042 1054/1101/1041
f 1048/1131/1071 1047/1132/1072 1056/1121/1061 1055/1102/1042
f 1047/1132/1072 1043/1129/1069 1053/1122/1062 1056/1121/1061
f 1047/1132/1072 1048/1131/1071 1058/1133/1073 1057/1110/1050
f 1048/1131/1071 1046/1134/1074 1059/1135/1075 1058/1133/1073
f 1046/1134/1074 1045/1136/1076 1060/1109/1049 1059/1135/1075
f 1045/1136/1076 1047/1132/1072 1057/1110/1050 1060/1109/1049
f 1045/1136/1076 1046/1134/1074 1062/1118/1058 1061/1117/1057
f 1046/1134/1074 1042/1137/1066 1063/1138/1077 1062/1118/1058
f 1042/1137/1066 1041/1139/1065 1064/1140/1078 1063/1138/1077
f 1041/1139/1065 1045/1136/1076 1061/1117/1057 1064/1140/1078
f 1043/1141/1069 1047/1132/1072 1066/1106/1046 1065/1105/1045
f 1047/1132/1072 1045/1136/1076 1067/1142/1079 1066/1106/1046
f 1045/1136/1076 1041/1143/1065 1068/1144/1080 1067/1142/1079
f 1041/1143/1065 1043/1141/1069 1065/1105/1045 1068/1144/1080
f 1048/1131/1071 1044/1145/1068 1070/1146/1081 1069/1147/1082
f 1044/1145/1068 1042/1148/1066 1071/1149/1083 1070/1146/1081
f 1042/1148/1066 1046/1134/1074 1072/1150/1084 1071/1149/1083
f 1046/1134/1074 1048/1131/1071 1069/1147/1082 1072/1150/1084
f 1080/1103/1043 1079/1124/1064 1103/1151/1085 1104/1152/1086
f 1085/1119/1059 1088/1153/1087 1112/1154/1088 1109/1155/1089
f 1095/1156/1090 1094/1157/1091 1118/1158/1092 1119/1159/1093
f 1077/1104/1044 1080/1103/1043 1104/1152/1086 1101/1160/1094
f 1087/1161/1095 1086/1120/1060 1110/1162/1096 1111/1163/1097
f 1094/1157/1091 1093/1164/1098 1117/1165/1099 1118/1158/1092
f 1064/1140/1078 1061/1117/1057 1086/1120/1060 1087/1161/1095
f 1069/1147/1082 1070/1146/1081 1093/1164/1098 1094/1157/1091
f 1051/1114/1054 1052/1130/1070 1075/1166/1100 1076/1115/1055
f 1058/1133/1073 1059/1135/1075 1084/1167/1101 1081/1168/1102
f 1068/1144/1080 1065/1105/1045 1090/1108/1048 1091/1169/1103
f 1055/1102/1042 1056/1121/1061 1079/1124/1064 1080/1103/1043
f 1062/1118/1058 1063/1138/1077 1088/1153/1087 1085/1119/1059
f 1072/1150/1084 1069/1147/1082 1094/1157/1091 1095/1156/1090
f 1059/1135/1075 1060/1109/1049 1083/1112/1052 1084/1167/1101
f 1066/1106/1046 1067/1142/1079 1092/1170/1104 1089/1107/1047
f 1063/1138/1077 1064/1140/1078 1087/1161/1095 1088/1153/1087
f 1070/1146/1081 1071/1149/1083 1096/1171/1105 1093/1164/1098
f 1067/1142/1079 1068/1144/1080 1091/1169/1103 1092/1170/1104
f 1071/1149/1083 1072/1150/1084 1095/1156/1090 1096/1171/1105
f 1049/1127/1067 1050/1113/1053 1074/1116/1056 1073/1172/1106
f 1053/1122/1062 1054/1101/1041 1077/1104/1044 1078/1123/1063
f 1052/1130/1070 1049/1127/1067 1073/1172/1106 1075/1166/1100
f 1057/1110/1050 1058/1133/1073 1081/1168/1102 1082/1111/1051
f 1113/1173/1107 1116/1174/1108 1140/1175/1109 1137/1176/1110
f 1100/1177/1111 1099/1178/1112 1123/1179/1113 1124/1180/1114
f 1105/1181/1115 1108/1182/1116 1132/1183/1117 1129/1184/1118
f 1115/1185/1119 1114/1186/1120 1138/1187/1121 1139/1188/1122
f 1098/1189/1123 1100/1177/1111 1124/1180/1114 1122/1190/1124
f 1107/1191/1125 1106/1192/1126 1130/1193/1127 1131/1194/1128
f 1093/1164/1098 1096/1171/1105 1120/1195/1129 1117/1165/1099
f 1073/1172/1106 1074/1116/1056 1098/1189/1123 1097/1196/1130
f 1088/1153/1087 1087/1161/1095 1111/1163/1097 1112/1154/1088
f 1082/1111/1051 1081/1168/1102 1105/1181/1115 1106/1192/1126
f 1096/1171/1105 1095/1156/1090 1119/1159/1093 1120/1195/1129
f 1075/1166/1100 1073/1172/1106 1097/1196/1130 1099/1178/1112
f 1090/1108/1048 1089/1107/1047 1113/1173/1107 1114/1186/1120
f 1083/1112/1052 1082/1111/1051 1106/1192/1126 1107/1191/1125
f 1074/1116/1056 1076/1115/1055 1100/1177/1111 1098/1189/1123
f 1091/1169/1103 1090/1108/1048 1114/1186/1120 1115/1185/1119
f 1081/1168/1102 1084/1167/1101 1108/1182/1116 1105/1181/1115
f 1076/1115/1055 1075/1166/1100 1099/1178/1112 1100/1177/1111
f 1089/1107/1047 1092/1170/1104 1116/1174/1108 1113/1173/1107
f 1084/1167/1101 1083/1112/1052 1107/1191/1125 1108/1182/1116
f 1078/1123/1063 1077/1104/1044 1101/1160/1094 1102/1197/1131
f 1092/1170/1104 1091/1169/1103 1115/1185/1119 1116/1174/1108
f 1086/1120/1060 1085/1119/1059 1109/1155/1089 1110/1162/1096
f 1079/1124/1064 1078/1123/1063 1102/1197/1131 1103/1151/1085
f 1121/1198/1132 1122/1190/1124 1124/1180/1114 1123/1179/1113
f 1126/1199/1133 1125/1200/1134 1128/1201/1135 1127/1202/1136
f 1130/1193/1127 1129/1184/1118 1132/1183/1117 1131/1194/1128
f 1134/1203/1137 1133/1204/1138 1136/1205/1139 1135/1206/1140
f 1138/1187/1121 1137/1176/1110 1140/1175/1109 1139/1188/1122
f 1142/1207/1141 1141/1208/1142 1144/1209/1143 1143/1210/1144
f 1108/1182/1116 1107/1191/1125 1131/1194/1128 1132/1183/1117
f 1102/1197/1131 1101/1160/1094 1125/1200/1134 1126/1199/1133
f 1116/1174/1108 1115/1185/1119 1139/1188/1122 1140/1175/1109
f 1110/1162/1096 1109/1155/1089 1133/1204/1138 1134/1203/1137
f 1103/1151/1085 1102/1197/1131 1126/1199/1133 1127/1202/1136
f 1118/1158/1092 1117/1165/1099 1141/1208/1142 1142/1207/1141
f 1111/1163/1097 1110/1162/1096 1134/1203/1137 1135/1206/1140
f 1101/1160/1094 1104/1152/1086 1128/1201/1135 1125/1200/1134
f 1119/1159/1093 1118/1158/1092 1142/1207/1141 1143/1210/1144
f 1109/1155/1089 1112/1154/1088 1136/1205/1139 1133/1204/1138
f 1104/1152/1086 1103/1151/1085 1127/1202/1136 1128/1201/1135
f 1117/1165/1099 1120/1195/1129 1144/1209/1143 1141/1208/1142
f 1097/1196/1130 1098/1189/1123 1122/1190/1124 1121/1198/1132
f 1112/1154/1088 1111/1163/1097 1135/1206/1140 1136/1205/1139
f 1106/1192/1126 1105/1181/1115 1129/1184/1118 1130/1193/1127
f 1120/1195/1129 1119/1159/1093 1143/1210/1144 1144/1209/1143
f 1099/1178/1112 1097/1196/1130 1121/1198/1132 1123/1179/1113
f 1114/1186/1120 1113/1173/1107 1137/1176/1110 1138/1187/1121
f 1158/1211/1145 1159/1212/1146 1184/1213/1147 1181/1214/1148
f 1169/1215/1149 1170/1216/1150 1193/1217/1151 1194/1218/1152
f 1164/1219/1153 1161/1220/1154 1186/1221/1155 1187/1222/1156
f 1154/1223/1157 1155/1224/1158 1180/1225/1159 1178/1226/1160
f 1165/1227/1161 1166/1228/1162 1189/1229/1163 1190/1230/1164
f 1160/1231/1165 1157/1232/1166 1182/1233/1167 1183/1234/1168
f 1145/1235/1169 1146/1236/1170 1154/1223/1157 1153/1237/1171
f 1146/1236/1170 1148/1238/1172 1155/1224/1158 1154/1223/1157
f 1148/1238/1172 1147/1239/1173 1156/1240/1174 1155/1224/1158
f 1147/1239/1173 1145/1235/1169 1153/1237/1171 1156/1240/1174
f 1147/1239/1173 1148/1238/1172 1158/1211/1145 1157/1232/1166
f 1148/1238/1172 1152/1241/1175 1159/1212/1146 1158/1211/1145
f 1152/1241/1175 1151/1242/1176 1160/1231/1165 1159/1212/1146
f 1151/1242/1176 1147/1239/1173 1157/1232/1166 1160/1231/1165
f 1151/1242/1176 1152/1241/1175 1162/1243/1177 1161/1220/1154
f 1152/1241/1175 1150/1244/1178 1163/1245/1179 1162/1243/1177
f 1150/1244/1178 1149/1246/1180 1164/1219/1153 1163/1245/1179
f 1149/1246/1180 1151/1242/1176 1161/1220/1154 1164/1219/1153
f 1149/1246/1180 1150/1244/1178 1166/1228/1162 1165/1227/1161
f 1150/1244/1178 1146/1247/1170 1167/1248/1181 1166/1228/1162
f 1146/1247/1170 1145/1249/1169 1168/1250/1182 1167/1248/1181
f 1145/1249/1169 1149/1246/1180 1165/1227/1161 1168/1250/1182
f 1147/1251/1173 1151/1242/1176 1170/1216/1150 1169/1215/1149
f 1151/1242/1176 1149/1246/1180 1171/1252/1183 1170/1216/1150
f 1149/1246/1180 1145/1253/1169 1172/1254/1184 1171/1252/1183
f 1145/1253/1169 1147/1251/1173 1169/1215/1149 1172/1254/1184
f 1152/1241/1175 1148/1255/1172 1174/1256/1185 1173/1257/1186
f 1148/1255/1172 1146/1258/1170 1175/1259/1187 1174/1256/1185
f 1146/1258/1170 1150/1244/1178 1176/1260/1188 1175/1259/1187
f 1150/1244/1178 1152/1241/1175 1173/1257/1186 1176/1260/1188
f 1184/1213/1147 1183/1234/1168 1207/1261/1189 1208/1262/1190
f 1189/1229/1163 1192/1263/1191 1216/1264/1192 1213/1265/1193
f 1199/1266/1194 1198/1267/1195 1222/1268/1196 1223/1269/1197
f 1181/1214/1148 1184/1213/1147 1208/1262/1190 1205/1270/1198
f 1191/1271/1199 1190/1230/1164 1214/1272/1200 1215/1273/1201
f 1198/1267/1195 1197/1274/1202 1221/1275/1203 1222/1268/1196
f 1168/1250/1182 1165/1227/1161 1190/1230/1164 1191/1271/1199
f 1173/1257/1186 1174/1256/1185 1197/1274/1202 1198/1267/1195
f 1155/1224/1158 1156/1240/1174 1179/1276/1204 1180/1225/1159
f 1162/1243/1177 1163/1245/1179 1188/1277/1205 1185/1278/1206
f 1172/1254/1184 1169/1215/1149 1194/1218/1152 1195/1279/1207
f 1159/1212/1146 1160/1231/1165 1183/1234/1168 1184/1213/1147
f 1166/1228/1162 1167/1248/1181 1192/1263/1191 1189/1229/1163
f 1176/1260/1188 1173/1257/1186 1198/1267/1195 1199/1266/1194
f 1163/1245/1179 1164/1219/1153 1187/1222/1156 1188/1277/1205
f 1170/1216/1150 1171/1252/1183 1196/1280/1208 1193/1217/1151
f 1167/1248/1181 1168/1250/1182 1191/1271/1199 1192/1263/1191
f 1174/1256/1185 1175/1259/1187 1200/1281/1209 1197/1274/1202
f 1171/1252/1183 1172/1254/1184 1195/1279/1207 1196/1280/1208
f 1175/1259/1187 1176/1260/1188 1199/1266/1194 1200/1281/1209
f 1153/1237/1171 1154/1223/1157 1178/1226/1160 1177/1282/1210
f 1157/1232/1166 1158/1211/1145 1181/1214/1148 1182/1233/1167
f 1156/1240/1174 1153/1237/1171 1177/1282/1210 1179/1276/1204
f 1161/1220/1154 1162/1243/1177 1185/1278/1206 1186/1221/1155
f 1217/1283/1211 1220/1284/1212 1244/1285/1213 1241/1286/1214
f 1204/1287/1215 1203/1288/1216 1227/1289/1217 1228/1290/1218
f 1209/1291/1219 1212/1292/1220 1236/1293/1221 1233/1294/1222
f 1219/1295/1223 1218/1296/1224 1242/1297/1225 1243/1298/1226
f 1202/1299/1227 1204/1287/1215 1228/1290/1218 1226/1300/1228
f 1211/1301/1229 1210/1302/1230 1234/1303/1231 1235/1304/1232
f 1197/1274/1202 1200/1281/1209 1224/1305/1233 1221/1275/1203
f 1177/1282/1210 1178/1226/1160 1202/1299/1227 1201/1306/1234
f 1192/1263/1191 1191/1271/1199 1215/1273/1201 1216/1264/1192
f 1186/1221/1155 1185/1278/1206 1209/1291/1219 1210/1302/1230
f 1200/1281/1209 1199/1266/1194 1223/1269/1197 1224/1305/1233
f 1179/1276/1204 1177/1282/1210 1201/1306/1234 1203/1288/1216
f 1194/1218/1152 1193/1217/1151 1217/1283/1211 1218/1296/1224
f 1187/1222/1156 1186/1221/1155 1210/1302/1230 1211/1301/1229
f 1178/1226/1160 1180/1225/1159 1204/1287/1215 1202/1299/1227
f 1195/1279/1207 1194/1218/1152 1218/1296/1224 1219/1295/1223
f 1185/1278/1206 1188/1277/1205 1212/1292/1220 1209/1291/1219
f 1180/1225/1159 1179/1276/1204 1203/1288/1216 1204/1287/1215
f 1193/1217/1151 1196/1280/1208 1220/1284/1212 1217/1283/1211
f 1188/1277/1205 1187/1222/1156 1211/1301/1229 1212/1292/1220
f 1182/1233/1167 1181/1214/1148 1205/1270/1198 1206/1307/1235
f 1196/1280/1208 1195/1279/1207 1219/1295/1223 1220/1284/1212
f 1190/1230/1164 1189/1229/1163 1213/1265/1193 1214/1272/1200
f 1183/1234/1168 1182/1233/1167 1206/1307/1235 1207/1261/1189
f 1225/1308/1236 1226/1300/1228 1228/1290/1218 1227/1289/1217
f 1230/1309/1237 1229/1310/1238 1232/1311/1239 1231/1312/1240
f 1234/1303/1231 1233/1294/1222 1236/1293/1221 1235/1304/1232
f 1238/1313/1241 1237/1314/1242 1240/1315/1243 1239/1316/1244
f 1242/1297/1225 1241/1286/1214 1244/1285/1213 1243/1298/1226
f 1246/1317/1245 1245/1318/1246 1248/1319/1247 1247/1320/1248
f 1212/1292/1220 1211/1301/1229 1235/1304/1232 1236/1293/1221
f 1206/1307/1235 1205/1270/1198 1229/1310/1238 1230/1309/1237
f 1220/1284/1212 1219/1295/1223 1243/1298/1226 1244/1285/1213
f 1214/1272/1200 1213/1265/1193 1237/1314/1242 1238/1313/1241
f 1207/1261/1189 1206/1307/1235 1230/1309/1237 1231/1312/1240
f 1222/1268/1196 1221/1275/1203 1245/1318/1246 1246/1317/1245
f 1215/1273/1201 1214/1272/1200 1238/1313/1241 1239/1316/1244
f 1205/1270/1198 1208/1262/1190 1232/1311/1239 1229/1310/1238
f 1223/1269/1197 1222/1268/1196 1246/1317/1245 1247/1320/1248
f 1213/1265/1193 1216/1264/1192 1240/1315/1243 1237/1314/1242
f 1208/1262/1190 1207/1261/1189 1231/1312/1240 1232/1311/1239
f 1221/1275/1203 1224/1305/1233 1248/1319/1247 1245/1318/1246
f 1201/1306/1234 1202/1299/1227 1226/1300/1228 1225/1308/1236
f 1216/1264/1192 1215/1273/1201 1239/1316/1244 1240/1315/1243
f 1210/1302/1230 1209/1291/1219 1233/1294/1222 1234/1303/1231
f 1224/1305/1233 1223/1269/1197 1247/1320/1248 1248/1319/1247
f 1203/1288/1216 1201/1306/1234 1225/1308/1236 1227/1289/1217
f 1218/1296/1224 1217/1283/1211 1241/1286/1214 1242/1297/1225
