# Blender v3.6.3 OBJ File: 'untitled.blend'
# www.blender.org
mtllib Mesh_0151.mtl
o Mesh_0151_Mesh.020
v 11.231874 1.269990 4.694931
v 11.546396 0.924280 5.207939
v 11.386076 1.113001 5.121910
v 11.546396 2.422203 5.207939
v 11.386171 2.474424 5.121979
v 11.304594 2.768386 4.983910
v 11.386076 1.113001 5.121910
v 11.221384 1.301949 4.843445
v 11.231874 1.269990 4.694931
v 11.231874 2.736915 4.694931
v 11.066336 1.427917 4.718697
v 11.066469 2.789341 4.718735
v 10.926920 3.083295 4.640732
v 11.231874 2.736915 4.694931
v 10.969973 3.209228 4.551315
v 11.231874 3.051775 4.694931
v 11.231874 3.114944 4.694931
v 11.382570 2.894319 4.941238
v 11.546396 2.800035 5.207939
v 11.546400 0.924281 -10.351540
v 11.386076 1.113000 -10.265518
v 11.546396 2.422203 -10.351547
v 11.386168 2.474423 -10.265606
v 11.304590 2.768387 -10.127522
v 11.386076 1.113000 -10.265518
v 11.221384 1.301948 -9.987053
v 11.231878 1.269993 -9.838539
v 11.231874 2.736916 -9.838543
v 11.066336 1.427918 -9.862324
v 11.066462 2.789342 -9.862354
v 10.926916 3.083303 -9.784348
v 11.231874 2.736916 -9.838543
v 10.969965 3.209230 -9.694942
v 11.231867 3.051774 -9.838551
v 11.231871 3.114946 -9.838551
v 11.382570 2.894321 -10.084839
v 11.546400 2.800036 -10.351547
v 11.546396 2.422203 -10.351547
v 10.363371 3.395789 4.456909
v 10.063753 3.364018 4.245247
v 10.155397 3.289874 4.399734
v 10.155397 1.917020 4.399727
v 10.363371 3.395789 4.456909
v 10.562658 1.726520 4.508034
v 10.562654 3.099366 4.508034
v 10.704950 3.049385 4.410149
v 10.363371 3.395789 4.456909
v 10.394796 3.522793 4.333855
v 10.063753 3.364018 4.245247
v 9.756105 3.840288 4.166710
v 9.724688 3.713293 4.289787
v 9.431719 3.681749 4.085335
v 9.523771 3.607374 4.239891
v 9.523752 2.234519 4.239891
v 11.275305 2.170195 6.338333
v 11.562296 2.485113 5.809448
v 11.459764 2.264478 6.063995
v 11.562304 2.421936 5.809456
v 11.562300 2.107072 5.809464
v 11.554525 2.579386 5.503532
v 11.457575 2.453456 5.501663
v 11.546396 2.422203 5.207939
v 11.448355 2.348460 5.361626
v 11.449392 1.048896 5.361320
v 11.462557 2.159506 5.647575
v 11.462404 1.050673 5.635109
v 11.562300 2.107072 5.809464
v 11.481882 1.028989 5.669601
v 11.562300 0.924215 5.809456
v 11.562300 0.924215 -10.953068
v 11.481886 1.028989 -10.813221
v 11.562304 2.107071 -10.953060
v 11.462404 1.050674 -10.778721
v 11.462553 2.159506 -10.791195
v 11.449396 1.048896 -10.504940
v 11.448355 2.348459 -10.505245
v 11.546396 2.422203 -10.351547
v 11.457579 2.453453 -10.645267
v 11.554533 2.579384 -10.647144
v 11.562304 2.107071 -10.953060
v 11.562304 2.421936 -10.953068
v 11.459772 2.264473 -11.207600
v 11.562304 2.485110 -10.953068
v 11.275305 2.170194 -11.481949
v 10.063753 3.364016 -9.388859
v 10.155394 3.289874 -9.543343
v 10.155394 1.917020 -9.543343
v 10.363367 3.395792 -9.600525
v 10.562654 1.726519 -9.651646
v 10.562654 3.099375 -9.651646
v 10.704939 3.049393 -9.553761
v 10.363367 3.395792 -9.600525
v 10.394793 3.522791 -9.477455
v 10.063753 3.364016 -9.388859
v 9.756109 3.840292 -9.310322
v 9.724684 3.713291 -9.433392
v 9.431723 3.681744 -9.228943
v 9.523771 3.607373 -9.383503
v 9.523748 2.234519 -9.383507
v 10.160780 0.924030 6.668762
v 10.160776 1.162533 6.668762
v 10.257959 1.049989 6.560280
v 10.256186 1.214754 6.564598
v 10.594404 1.050027 6.550201
v 10.593954 1.403703 6.554337
v 10.762316 1.477237 6.652885
v 10.429335 1.634643 6.698387
v 10.762300 1.792099 6.652885
v 10.762300 1.855276 6.652855
v 11.021360 1.949558 6.524384
v 11.275305 2.170195 6.338333
v 11.275305 1.792367 6.338341
v -7.439234 14.476747 22.828194
v -7.439234 12.966233 22.828201
v -7.311983 13.093207 22.701576
v -7.439234 12.966232 22.193611
v -7.312235 13.093231 22.320602
v -7.439234 14.476744 22.193604
v -7.312235 14.466103 22.320625
v -7.312235 14.667247 22.511108
v -7.185234 14.476745 22.193604
v -7.185234 14.794247 22.511116
v -7.185234 14.794244 21.876099
v -7.185234 14.857745 21.558189
v -7.185236 14.476745 21.558189
v 11.275312 1.792363 -11.481949
v 11.275305 2.170194 -11.481949
v 11.021360 1.949559 -11.668003
v 10.762304 1.855278 -11.796478
v 10.762304 1.792100 -11.796501
v 10.429335 1.634643 -11.841991
v 10.762300 1.477237 -11.796478
v 10.593954 1.403704 -11.697937
v 10.594404 1.050026 -11.693810
v 10.256186 1.214756 -11.708210
v 10.257959 1.049988 -11.703892
v 10.160780 1.162534 -11.812370
v 10.160780 0.924029 -11.812378
v 11.275309 0.924154 6.338341
v 11.275305 1.792367 6.338341
v 11.258619 1.050117 6.139229
v 11.261766 1.844589 6.141739
v 11.410284 1.050151 5.854523
v 11.413534 2.033539 5.855820
v 11.562300 2.107072 5.809464
v 11.348921 2.138539 6.004150
v 11.459764 2.264478 6.063995
v 11.275305 1.792367 6.338341
v 11.275305 2.170195 6.338333
v -5.834362 10.004009 3.343124
v -5.834358 11.376880 3.343124
v -5.670277 11.324258 3.355858
v -5.911705 11.650793 3.432854
v -5.825802 11.777793 3.519135
v -6.018969 11.608297 3.712433
v -6.194000 12.095293 3.905220
v -6.288383 11.968292 3.820259
v -6.392168 11.936747 4.111382
v -6.405275 11.862377 3.945007
v -6.405275 10.489531 3.944992
v -6.405281 10.489531 3.944984
v -6.405277 11.862381 3.944984
v -6.594049 11.936748 3.957222
v -6.288389 11.968297 3.820259
v -6.382771 12.095293 3.735291
v -6.193439 11.608297 3.527847
v -5.993368 11.777792 3.340210
v -5.911707 11.650793 3.432846
v -5.812872 11.324250 3.145630
v -5.834358 11.376882 3.343124
v -5.834362 10.004009 3.343124
v -6.549623 10.616529 4.155113
v -6.549622 11.989377 4.155121
v -6.392168 11.936747 4.111382
v -6.617571 12.285792 4.301819
v -6.510763 12.412792 4.370491
v -6.627783 12.254017 4.639801
v -6.759607 12.730292 4.908401
v -6.876066 12.603292 4.857719
v -6.863873 12.571763 5.137466
v -6.928873 12.497375 4.966225
v -6.928873 11.124530 4.966255
v -6.928881 11.124534 4.966225
v -6.928875 12.497373 4.966217
v -7.104212 12.571743 5.055229
v -6.876068 12.603291 4.857712
v -6.992525 12.730292 4.807076
v -6.851786 12.254016 4.522179
v -6.724377 12.412791 4.233109
v -6.617573 12.285790 4.301819
v -6.594049 11.936748 3.957222
v -6.549627 11.989373 4.155098
v -6.549618 10.616549 4.155144
v -7.022879 11.251529 5.236023
v -7.022873 12.624425 5.236076
v -6.863873 12.571763 5.137466
v -7.073217 12.920816 5.424545
v -6.950180 13.047790 5.455826
v -7.039921 12.889015 5.749443
v -7.110302 13.365290 6.047127
v -7.226381 13.238292 6.019012
v -7.184221 13.206744 6.318192
v -7.283024 13.132376 6.190758
v -7.283024 11.759530 6.190758
v -7.283020 11.759526 6.190758
v -7.283020 13.132376 6.190758
v -7.438219 13.206744 6.318192
v -7.226381 13.238293 6.019020
v -7.339918 13.365294 5.978111
v -7.267021 12.889017 5.700485
v -7.196411 13.047792 5.393219
v -7.073223 12.920792 5.424515
v -7.104212 12.571743 5.055229
v -7.022881 12.624372 5.236015
v -7.022856 11.251542 5.236115
v -7.311472 11.886531 6.454140
v -7.311472 13.259373 6.454109
v -7.184221 13.206744 6.318192
v -7.311726 13.555792 6.644638
v -7.184725 13.682793 6.644714
v -7.184980 13.524016 6.962212
v -7.185234 14.000292 7.279716
v -7.312235 13.873292 7.279640
v -7.185488 13.841743 7.588203
v -7.312235 13.767372 7.470108
v -7.312235 12.394528 7.470139
v -7.312227 12.394531 7.470161
v -7.312237 13.767373 7.470108
v -7.439489 13.841743 7.588196
v -7.312237 13.873292 7.279640
v -7.439236 14.000290 7.279518
v -7.438980 13.524016 6.962006
v -7.438725 13.682793 6.644531
v -7.311726 13.555793 6.644638
v -7.438219 13.206744 6.318192
v -7.311470 13.259374 6.454109
v -7.311489 11.886525 6.454086
v -7.312489 12.521529 7.724136
v -7.312489 13.894376 7.724106
v -7.185488 13.841743 7.588203
v -7.312742 14.190792 7.914642
v -7.185745 14.317793 7.914719
v -7.185999 14.159019 8.232208
v -7.186251 14.635293 8.549706
v -7.313250 14.508295 8.549637
v -7.185488 14.476745 8.858192
v -7.313248 14.402374 8.740105
v -7.313248 13.029530 8.740135
v -7.313236 13.029514 8.740135
v -7.313250 14.402376 8.740105
v -7.439999 14.476747 8.858192
v -7.313251 14.508292 8.549629
v -7.440250 14.635293 8.549530
v -7.439999 14.159018 8.232002
v -7.439743 14.317793 7.914528
v -7.312744 14.190792 7.914642
v -7.439489 13.841743 7.588196
v -7.312489 13.894376 7.724106
v -7.312483 12.521526 7.724136
v 0.402735 6.806529 2.715607
v 0.402763 8.179375 2.715607
v 0.521301 8.126745 2.850227
v 0.214268 8.475793 2.702309
v 0.204487 8.602792 2.828918
v -0.106892 8.444016 2.805672
v -0.407877 8.920290 2.784393
v -0.399626 8.793291 2.657639
v -0.732872 8.748943 2.765045
v -0.594801 8.674574 2.645782
v -0.594826 7.301702 2.645782
v -0.594826 7.301702 2.645798
v -0.594801 8.674575 2.645805
v -0.717913 8.748944 2.511467
v -0.399626 8.793293 2.657646
v -0.391373 8.920293 2.530899
v -0.088833 8.444017 2.552284
v 0.224070 8.602792 2.575676
v 0.214268 8.475793 2.702309
v 0.542435 8.126746 2.597092
v 0.402763 8.179377 2.715607
v 0.402731 6.806531 2.715607
v -0.855175 7.428702 2.631096
v -0.855175 8.801573 2.631096
v -0.732872 8.748943 2.765045
v -1.050549 9.110794 2.620918
v -1.057259 9.237795 2.747742
v -1.376204 9.079018 2.731819
v -1.693327 9.555293 2.715942
v -1.686975 9.428293 2.589119
v -2.010851 9.396745 2.700066
v -1.877222 9.322374 2.579590
v -1.877247 7.949528 2.579590
v -1.877251 7.949528 2.579590
v -1.877222 9.322375 2.579605
v -1.998150 9.396745 2.446365
v -1.686975 9.428293 2.589119
v -1.680628 9.555293 2.462265
v -1.363503 9.079018 2.478119
v -1.043821 9.237793 2.494072
v -1.050549 9.110793 2.620911
v -0.717913 8.748944 2.511467
v -0.855171 8.801575 2.631104
v -0.855175 7.428703 2.631096
v -2.130915 8.076530 2.566895
v -2.130911 9.449375 2.566895
v -2.010851 9.396745 2.700066
v -2.321190 9.745790 2.557365
v -2.327538 9.872791 2.684212
v -2.644632 9.714015 2.668343
v -2.961750 10.190292 2.652466
v -2.955400 10.063293 2.525642
v -3.279047 10.031746 2.636589
v -3.145647 9.957376 2.516121
v -3.145647 8.584530 2.516113
v -3.145647 8.584530 2.516113
v -3.145647 9.957374 2.516113
v -3.266600 10.031745 2.382889
v -2.955400 10.063291 2.525642
v -2.949051 10.190290 2.398781
v -2.631929 9.714016 2.414665
v -2.314838 9.872791 2.430519
v -2.321188 9.745792 2.557365
v -1.998150 9.396745 2.446365
v -2.130911 9.449377 2.566895
v -2.130915 8.076530 2.566895
v -3.396545 8.711532 2.505661
v -3.396517 10.084374 2.505661
v -3.279047 10.031746 2.636589
v -3.579653 10.380793 2.532204
v -3.567133 10.507792 2.652763
v -3.881205 10.349017 2.679718
v -4.181124 10.825292 2.726257
v -4.205431 10.698294 2.601593
v -4.467207 10.637589 2.770500
v -4.368279 10.563243 2.633507
v -4.368301 9.190370 2.633522
v -4.368298 9.190371 2.633537
v -4.368267 10.563242 2.633553
v -4.535835 10.637587 2.525948
v -4.205431 10.698293 2.601593
v -4.229767 10.825294 2.476944
v -3.915998 10.349018 2.418808
v -3.583641 10.507792 2.405273
v -3.579653 10.380793 2.532204
v -3.266600 10.031745 2.382889
v -3.396521 10.084373 2.505653
v -3.396545 8.711530 2.505653
v -4.620142 9.317370 2.683556
v -4.620140 10.690240 2.683563
v -4.467207 10.637589 2.770500
v -4.796371 11.015796 2.787941
v -4.739597 11.142800 2.896385
v -5.060884 10.969517 3.050705
v -5.377644 11.460299 3.208305
v -5.440229 11.333302 3.097794
v -5.670277 11.324258 3.355858
v -5.622471 11.249889 3.193108
v -5.622471 9.877009 3.193115
v -5.622478 9.877007 3.193108
v -5.622478 11.249875 3.193069
v -5.812872 11.324250 3.145630
v -5.440231 11.333290 3.097786
v -5.502811 11.460291 2.987289
v -5.167868 10.969513 2.820335
v -4.846781 11.142791 2.677330
v -4.796364 11.015792 2.787949
v -4.535835 10.637587 2.525948
v -4.620138 10.690239 2.683563
v -4.620138 9.317371 2.683563
v 5.467085 4.266529 3.357315
v 5.467119 5.639375 3.357315
v 5.574923 5.586745 3.500847
v 5.302065 5.935792 3.324524
v 5.280016 6.062791 3.449623
v 4.978243 5.904016 3.397194
v 4.633509 6.380291 3.342484
v 4.654032 6.253292 3.217163
v 4.310629 6.221745 3.290512
v 4.449434 6.147374 3.184708
v 4.449438 4.774530 3.184700
v 4.449434 4.774530 3.184692
v 4.449434 6.147374 3.184692
v 4.350153 6.221746 3.039558
v 4.654032 6.253293 3.217163
v 4.674582 6.380293 3.091812
v 5.020838 5.904018 3.146805
v 5.324137 6.062792 3.199455
v 5.302065 5.935791 3.324524
v 5.620558 5.586745 3.250961
v 5.467115 5.639373 3.357315
v 5.467085 4.266531 3.357323
v 4.199602 4.901530 3.142647
v 4.199629 6.274374 3.142639
v 4.310629 6.221745 3.290512
v 4.004889 6.570791 3.118279
v 3.985884 6.697792 3.243828
v 3.659754 6.539016 3.199631
v 3.353830 7.015293 3.156937
v 3.371283 6.888292 3.031120
v 3.045763 6.856746 3.113121
v 3.186781 6.782375 3.009003
v 3.186781 5.409530 3.008980
v 3.186777 5.409529 3.008980
v 3.186777 6.782374 3.009003
v 3.079184 6.856745 2.861305
v 3.371283 6.888292 3.031120
v 3.388784 7.015293 2.905319
v 3.696253 6.539016 2.948250
v 4.026125 6.697793 2.999336
v 4.004892 6.570794 3.118286
v 4.350153 6.221746 3.039558
v 4.199629 6.274376 3.142639
v 4.199602 4.901530 3.142647
v 2.937960 5.536530 2.973167
v 2.937956 6.909374 2.973175
v 3.045763 6.856746 3.113121
v 2.767500 7.205791 2.951347
v 2.751574 7.332791 3.077354
v 2.448885 7.174016 3.042633
v 2.126707 7.650290 3.001358
v 2.141081 7.523290 2.875145
v 1.784979 7.491744 2.965012
v 1.925032 7.417374 2.853477
v 1.925032 6.044530 2.853477
v 1.925032 6.044529 2.853485
v 1.925032 7.417374 2.853493
v 1.812284 7.491745 2.712463
v 2.141085 7.523293 2.875145
v 2.155512 7.650293 2.748970
v 2.479239 7.174016 2.790443
v 2.783480 7.332792 2.825333
v 2.767500 7.205791 2.951355
v 3.079184 6.856745 2.861305
v 2.937956 6.909373 2.973167
v 2.937956 5.536530 2.973175
v 1.686245 6.171531 2.826157
v 1.686247 7.544374 2.826157
v 1.784979 7.491744 2.965012
v 1.494301 7.840791 2.813232
v 1.481421 7.967792 2.939560
v 1.164736 7.809017 2.908424
v 0.847742 8.285292 2.881371
v 0.859070 8.158291 2.754875
v 0.521301 8.126745 2.850227
v 0.664022 8.052373 2.736633
v 0.664000 6.679528 2.736633
v 0.664000 6.679529 2.736633
v 0.664019 8.052375 2.736633
v 0.542435 8.126746 2.597092
v 0.859070 8.158294 2.754875
v 0.870420 8.285294 2.628365
v 1.188967 7.809016 2.655563
v 1.507183 7.967792 2.686859
v 1.494303 7.840791 2.813232
v 1.812284 7.491745 2.712463
v 1.686247 7.544374 2.826157
v 1.686247 6.171530 2.826157
v 9.277647 2.361520 4.177078
v 9.277670 3.734374 4.177078
v 9.368887 3.681746 4.331436
v 9.100992 4.030792 4.138573
v 9.069899 4.157792 4.261711
v 8.753752 3.999017 4.180916
v 8.433680 4.475291 4.105316
v 8.463270 4.348291 3.981804
v 8.102770 4.316719 4.019653
v 8.257986 4.242373 3.925362
v 8.257963 2.869529 3.925377
v 8.257963 2.869529 3.925385
v 8.257986 4.242373 3.925362
v 8.160498 4.316743 3.772285
v 8.463274 4.348294 3.981804
v 8.492918 4.475295 3.858315
v 8.814505 3.999020 3.934250
v 9.132132 4.157794 4.015434
v 9.100992 4.030796 4.138565
v 9.431719 3.681749 4.085335
v 9.277670 3.734378 4.177086
v 9.277647 2.361519 4.177086
v 8.006018 2.996504 3.867073
v 8.006044 4.369374 3.867043
v 8.102770 4.316719 4.019653
v 7.837645 4.665792 3.829475
v 7.809553 4.792792 3.953323
v 7.494585 4.634017 3.885956
v 7.179075 5.110291 3.820488
v 7.205641 4.983292 3.696281
v 6.839884 4.951746 3.747864
v 7.021051 4.877375 3.655716
v 7.021063 3.504532 3.655739
v 7.021059 3.504529 3.655739
v 7.021059 4.877375 3.655739
v 6.891573 4.951746 3.499168
v 7.205641 4.983290 3.696281
v 7.232264 5.110290 3.572090
v 7.549299 4.634015 3.637909
v 7.865782 4.792790 3.705620
v 7.837645 4.665789 3.829468
v 8.160498 4.316743 3.772285
v 8.006033 4.369369 3.867020
v 8.006014 2.996505 3.867058
v 6.731730 3.631530 3.600105
v 6.731752 5.004374 3.600105
v 6.839884 4.951746 3.747864
v 6.559923 5.300792 3.565445
v 6.534853 5.427793 3.689949
v 6.237013 5.269017 3.628090
v 5.923170 5.745292 3.569534
v 5.946741 5.618291 3.444748
v 5.574923 5.586745 3.500847
v 5.748053 5.512373 3.406982
v 5.748060 4.139529 3.406990
v 5.748060 4.139528 3.406998
v 5.748060 5.512374 3.406998
v 5.620558 5.586745 3.250961
v 5.946741 5.618294 3.444748
v 5.970308 5.745294 3.319916
v 6.285677 5.269018 3.378777
v 6.585016 5.427792 3.440948
v 6.559923 5.300791 3.565437
v 6.891573 4.951746 3.499168
v 6.731752 5.004374 3.600105
v 6.731726 3.631529 3.600113
v -7.185236 14.476745 21.558189
v -7.185236 12.966231 21.558189
v -7.312239 13.093231 21.685631
v -7.185236 12.966231 22.193626
v -7.312237 13.093232 22.066597
v -7.185234 14.476745 22.193604
v -7.312235 14.466103 22.066605
v -7.312235 14.667245 21.876099
v -7.439234 14.476744 22.193604
v -7.439236 14.794244 21.876106
v -7.439234 14.794245 22.511108
v -7.312237 13.093232 21.431625
v -7.312237 14.466101 21.431602
v -7.439234 14.476745 21.558189
v -7.312237 14.667244 21.241104
v -7.439234 14.794245 21.241104
v -7.439234 14.476744 20.923630
v -7.439234 14.794245 20.606102
v -7.312235 14.667245 20.606102
v -7.439234 14.476744 20.288193
v -7.312235 14.466102 20.415604
v -7.312235 13.093234 20.415627
v -7.312235 13.093234 20.415627
v -7.312233 14.466105 20.415611
v -7.185234 14.476744 20.288193
v -7.312235 14.667247 20.606102
v -7.185236 14.794245 20.606102
v -7.185234 14.476745 20.923630
v -7.185234 14.794245 21.241104
v -7.312235 14.667247 21.241104
v -7.185236 14.476745 21.558189
v -7.312235 14.466104 21.431602
v -7.312235 13.093232 21.431625
v -7.312235 13.093231 20.161629
v -7.312233 14.466102 20.161629
v -7.439234 14.476744 20.288193
v -7.312235 14.667243 19.971107
v -7.439234 14.794243 19.971100
v -7.439234 14.476744 19.653625
v -7.439236 14.794244 19.336105
v -7.312235 14.667243 19.336105
v -7.439236 14.476743 19.018196
v -7.312235 14.466100 19.145622
v -7.312233 13.093231 19.145630
v -7.312235 13.093230 19.145630
v -7.312235 14.466102 19.145630
v -7.185234 14.476744 19.018196
v -7.312235 14.667244 19.336105
v -7.185234 14.794244 19.336105
v -7.185234 14.476744 19.653618
v -7.185234 14.794243 19.971107
v -7.312235 14.667243 19.971107
v -7.185234 14.476744 20.288193
v -7.312235 14.466100 20.161621
v -7.312235 13.093231 20.161629
v -7.312235 13.093230 18.891632
v -7.312235 14.466100 18.891632
v -7.439236 14.476743 19.018196
v -7.312235 14.667244 18.701103
v -7.439236 14.794243 18.701103
v -7.439234 14.476744 18.383629
v -7.439234 14.794244 18.066109
v -7.312233 14.667246 18.066116
v -7.439234 14.476744 17.748192
v -7.312235 14.466103 17.875626
v -7.312235 13.093234 17.875626
v -7.312235 13.093230 17.875626
v -7.312235 14.466103 17.875626
v -7.185234 14.476746 17.748192
v -7.312235 14.667246 18.066116
v -7.185234 14.794246 18.066109
v -7.185234 14.476744 18.383629
v -7.185236 14.794244 18.701103
v -7.312235 14.667244 18.701103
v -7.185234 14.476744 19.018196
v -7.312235 14.466102 18.891632
v -7.312235 13.093231 18.891632
v -7.312235 13.093234 17.621628
v -7.312235 14.466100 17.621628
v -7.439234 14.476744 17.748192
v -7.312235 14.667243 17.431107
v -7.439234 14.794244 17.431107
v -7.439236 14.476747 17.113632
v -7.439234 14.794245 16.796097
v -7.312235 14.667245 16.796104
v -7.439234 14.476745 16.478195
v -7.312235 14.466105 16.605629
v -7.312235 13.093235 16.605621
v -7.312235 13.093231 16.605629
v -7.312235 14.466105 16.605629
v -7.185234 14.476745 16.478195
v -7.312235 14.667247 16.796104
v -7.185234 14.794247 16.796104
v -7.185236 14.476745 17.113632
v -7.185234 14.794244 17.431107
v -7.312235 14.667246 17.431107
v -7.185234 14.476746 17.748192
v -7.312235 14.466102 17.621628
v -7.312235 13.093234 17.621628
v -7.312235 13.093231 16.351631
v -7.312235 14.466101 16.351624
v -7.439234 14.476745 16.478195
v -7.312235 14.667245 16.161102
v -7.439234 14.794245 16.161102
v -7.439234 14.476745 15.843620
v -7.439232 14.794245 15.526108
v -7.312235 14.667247 15.526108
v -7.439236 14.476745 15.208191
v -7.312237 14.466103 15.335609
v -7.312235 13.093235 15.335632
v -7.312235 13.093233 15.335632
v -7.312237 14.466101 15.335609
v -7.185234 14.476745 15.208191
v -7.312235 14.667247 15.526108
v -7.185234 14.794247 15.526108
v -7.185234 14.476745 15.843628
v -7.185234 14.794245 16.161102
v -7.312235 14.667244 16.161102
v -7.185234 14.476745 16.478195
v -7.312237 14.466103 16.351631
v -7.312235 13.093231 16.351631
v -7.312235 13.093233 15.081627
v -7.312235 14.466101 15.081619
v -7.439236 14.476745 15.208191
v -7.312235 14.667245 14.891106
v -7.439236 14.794245 14.891098
v -7.439236 14.476745 14.573631
v -7.439234 14.794245 14.256104
v -7.312235 14.667247 14.256104
v -7.439234 14.476746 13.938202
v -7.312235 14.466103 14.065628
v -7.312235 13.093232 14.065628
v -7.312235 13.093230 14.065628
v -7.312237 14.466102 14.065628
v -7.185236 14.476744 13.938187
v -7.312235 14.667245 14.256104
v -7.185236 14.794245 14.256096
v -7.185236 14.476745 14.573624
v -7.185234 14.794244 14.891106
v -7.312235 14.667244 14.891106
v -7.185234 14.476745 15.208191
v -7.312233 14.466103 15.081627
v -7.312235 13.093235 15.081627
v -7.312235 13.093232 13.811630
v -7.312235 14.466100 13.811630
v -7.439234 14.476746 13.938202
v -7.312235 14.667244 13.621109
v -7.439234 14.794244 13.621109
v -7.439234 14.476744 13.303627
v -7.439234 14.794244 12.986107
v -7.312235 14.667244 12.986107
v -7.439236 14.476744 12.668190
v -7.312237 14.466102 12.795631
v -7.312235 13.093234 12.795631
v -7.312235 13.093232 12.795631
v -7.312235 14.466103 12.795631
v -7.185234 14.476744 12.668190
v -7.312235 14.667244 12.986107
v -7.185236 14.794244 12.986099
v -7.185234 14.476744 13.303627
v -7.185234 14.794244 13.621109
v -7.312235 14.667246 13.621109
v -7.185236 14.476744 13.938187
v -7.312235 14.466102 13.811630
v -7.312233 13.093232 13.811630
v -7.312235 13.093234 12.541626
v -7.312237 14.466102 12.541626
v -7.439236 14.476744 12.668190
v -7.312235 14.667244 12.351105
v -7.439234 14.794244 12.351105
v -7.439234 14.476744 12.033630
v -7.439234 14.794243 11.716103
v -7.312233 14.667244 11.716103
v -7.439236 14.476744 11.398193
v -7.312233 14.466102 11.525627
v -7.312235 13.093232 11.525627
v -7.312235 13.093232 11.525627
v -7.312235 14.466100 11.525627
v -7.185234 14.476744 11.398193
v -7.312235 14.667243 11.716103
v -7.185234 14.794244 11.716103
v -7.185234 14.476744 12.033630
v -7.185234 14.794246 12.351105
v -7.312235 14.667246 12.351105
v -7.185234 14.476744 12.668190
v -7.312235 14.466103 12.541626
v -7.312235 13.093234 12.541626
v -7.312237 13.093230 11.271622
v -7.312237 14.466102 11.271614
v -7.439236 14.476744 11.398193
v -7.312233 14.667246 11.081100
v -7.439234 14.794244 11.081108
v -7.439234 14.476745 10.763618
v -7.439234 14.794247 10.446106
v -7.312235 14.667247 10.446106
v -7.439234 14.476747 10.128189
v -7.312235 14.466103 10.255630
v -7.312235 13.093233 10.255630
v -7.312235 13.093233 10.255630
v -7.312235 14.466103 10.255630
v -7.185234 14.476745 10.128189
v -7.312235 14.667245 10.446106
v -7.185234 14.794245 10.446106
v -7.185234 14.476745 10.763626
v -7.185234 14.794244 11.081108
v -7.312235 14.667244 11.081108
v -7.185234 14.476744 11.398193
v -7.312235 14.466102 11.271622
v -7.312235 13.093234 11.271614
v -7.312237 13.093233 10.001633
v -7.312237 14.466105 10.001633
v -7.439234 14.476747 10.128189
v -7.312237 14.667247 9.811104
v -7.439236 14.794242 9.811081
v -7.439236 14.476745 9.493629
v -7.439238 14.794244 9.176094
v -7.312235 14.667247 9.176109
v -7.439999 14.476747 8.858192
v -7.312233 14.466105 8.985626
v -7.312235 13.093233 8.985626
v -7.312235 13.093232 8.985626
v -7.312237 14.466101 8.985619
v -7.185488 14.476745 8.858192
v -7.312235 14.667247 9.176109
v -7.185234 14.794248 9.176109
v -7.185234 14.476745 9.493629
v -7.185236 14.794244 9.811096
v -7.312235 14.667244 9.811104
v -7.185234 14.476745 10.128189
v -7.312235 14.466100 10.001633
v -7.312235 13.093232 10.001633
v 11.275305 2.170194 -11.481949
v 11.275312 1.792363 -11.481949
v 11.459772 2.264473 -11.207600
v 11.348925 2.138533 -11.147755
v 11.562304 2.107071 -10.953060
v 11.413530 2.033539 -10.999424
v 11.410284 1.050150 -10.998135
v 11.261766 1.844589 -11.285351
v 11.258619 1.050115 -11.282841
v 11.275312 1.792363 -11.481949
v 11.275305 0.924155 -11.481949
v 9.277651 2.361520 -9.320690
v 9.277678 3.734373 -9.320690
v 9.431723 3.681744 -9.228943
v 9.100996 4.030792 -9.282181
v 9.132128 4.157793 -9.159050
v 8.814505 3.999016 -9.077866
v 8.492914 4.475293 -9.001919
v 8.463270 4.348292 -9.125427
v 8.160501 4.316746 -8.915920
v 8.257986 4.242373 -9.068981
v 8.257963 2.869529 -9.069012
v 8.257963 2.869529 -9.069000
v 8.257986 4.242375 -9.068970
v 8.102770 4.316720 -9.163261
v 8.463274 4.348293 -9.125416
v 8.433680 4.475292 -9.248940
v 8.753748 3.999017 -9.324524
v 9.069899 4.157792 -9.405323
v 9.100996 4.030792 -9.282177
v 9.368879 3.681745 -9.475040
v 9.277674 3.734374 -9.320679
v 9.277651 2.361519 -9.320686
v 8.006018 2.996504 -9.010685
v 8.006044 4.369374 -9.010662
v 8.160501 4.316746 -8.915920
v 7.837645 4.665792 -8.973103
v 7.865786 4.792792 -8.849243
v 7.549307 4.634017 -8.781521
v 7.232260 5.110291 -8.715710
v 7.205645 4.983291 -8.839886
v 6.891569 4.951745 -8.642784
v 7.021063 4.877372 -8.799347
v 7.021063 3.504530 -8.799347
v 7.021059 3.504529 -8.799358
v 7.021059 4.877373 -8.799347
v 6.839884 4.951745 -8.891476
v 7.205641 4.983292 -8.839886
v 7.179071 5.110291 -8.964096
v 7.494593 4.634017 -9.029579
v 7.809553 4.792791 -9.096939
v 7.837645 4.665792 -8.973091
v 8.102770 4.316720 -9.163261
v 8.006044 4.369374 -9.010658
v 8.006018 2.996504 -9.010681
v 6.731730 3.631530 -8.743721
v 6.731760 5.004375 -8.743721
v 6.891569 4.951745 -8.642784
v 6.559923 5.300791 -8.709057
v 6.585020 5.427791 -8.584568
v 6.285681 5.269016 -8.522388
v 5.970312 5.745293 -8.463535
v 5.946737 5.618291 -8.588356
v 5.620554 5.586745 -8.394577
v 5.748053 5.512372 -8.550617
v 5.748053 4.139528 -8.550621
v 5.748060 4.139530 -8.550617
v 5.748060 5.512372 -8.550617
v 5.574930 5.586745 -8.644466
v 5.946741 5.618291 -8.588356
v 5.923170 5.745292 -8.713142
v 6.237013 5.269017 -8.771694
v 6.534853 5.427792 -8.833565
v 6.559923 5.300792 -8.709049
v 6.839884 4.951745 -8.891476
v 6.731760 5.004375 -8.743721
v 6.731730 3.631531 -8.743721
v 5.467085 4.266529 -8.500919
v 5.467112 5.639374 -8.500931
v 5.620554 5.586745 -8.394577
v 5.302057 5.935792 -8.468143
v 5.324137 6.062793 -8.343071
v 5.020838 5.904017 -8.290413
v 4.674585 6.380291 -8.235420
v 4.654036 6.253291 -8.360775
v 4.350149 6.221745 -8.183167
v 4.449434 6.147372 -8.328316
v 4.449438 4.774529 -8.328304
v 4.449434 4.774530 -8.328312
v 4.449434 6.147372 -8.328312
v 4.310629 6.221745 -8.434128
v 4.654032 6.253292 -8.360775
v 4.633512 6.380291 -8.486092
v 4.978243 5.904018 -8.540806
v 5.280016 6.062792 -8.593224
v 5.302061 5.935792 -8.468143
v 5.574930 5.586745 -8.644466
v 5.467112 5.639374 -8.500931
v 5.467081 4.266529 -8.500931
v 4.199610 4.901530 -8.286236
v 4.199629 6.274374 -8.286247
v 4.350149 6.221745 -8.183167
v 4.004892 6.570792 -8.261890
v 4.026121 6.697793 -8.142941
v 3.696249 6.539015 -8.091862
v 3.388788 7.015292 -8.048927
v 3.371283 6.888290 -8.174736
v 3.079184 6.856744 -8.004917
v 3.186777 6.782372 -8.152630
v 3.186781 5.409525 -8.152599
v 3.186781 5.409528 -8.152596
v 3.186777 6.782372 -8.152626
v 3.045759 6.856744 -8.256729
v 3.371283 6.888290 -8.174736
v 3.353830 7.015291 -8.300545
v 3.659754 6.539017 -8.343239
v 3.985884 6.697792 -8.387436
v 4.004889 6.570792 -8.261890
v 4.310629 6.221745 -8.434128
v 4.199629 6.274374 -8.286247
v 4.199602 4.901530 -8.286247
v 2.937960 5.536529 -8.116776
v 2.937956 6.909372 -8.116768
v 3.079184 6.856744 -8.004917
v 2.767500 7.205793 -8.094952
v 2.783472 7.332793 -7.968952
v 2.479239 7.174018 -7.934052
v 2.155512 7.650291 -7.892574
v 2.141081 7.523291 -8.018753
v 1.812284 7.491744 -7.856075
v 1.925032 7.417374 -7.997097
v 1.925032 6.044530 -7.997101
v 1.925032 6.044530 -7.997097
v 1.925032 7.417376 -7.997086
v 1.784979 7.491745 -8.108627
v 2.141085 7.523292 -8.018761
v 2.126707 7.650291 -8.144970
v 2.448885 7.174016 -8.186245
v 2.751574 7.332791 -8.220970
v 2.767500 7.205793 -8.094959
v 3.045759 6.856744 -8.256729
v 2.937960 6.909374 -8.116768
v 2.937960 5.536530 -8.116776
v 1.686251 6.171529 -7.969765
v 1.686247 7.544374 -7.969765
v 1.812284 7.491744 -7.856075
v 1.494301 7.840792 -7.956837
v 1.507179 7.967792 -7.830467
v 1.188967 7.809015 -7.799179
v 0.870420 8.285292 -7.771980
v 0.859070 8.158293 -7.898487
v 0.542435 8.126745 -7.740707
v 0.664026 8.052376 -7.880257
v 0.664000 6.679530 -7.880257
v 0.664000 6.679529 -7.880253
v 0.664026 8.052376 -7.880253
v 0.521301 8.126745 -7.993843
v 0.859070 8.158294 -7.898487
v 0.847742 8.285292 -8.024979
v 1.164736 7.809017 -8.052036
v 1.481421 7.967793 -8.083172
v 1.494301 7.840793 -7.956837
v 1.784979 7.491745 -8.108627
v 1.686247 7.544374 -7.969765
v 1.686247 6.171529 -7.969765
v 0.402735 6.806529 -7.859222
v 0.402763 8.179372 -7.859207
v 0.542435 8.126745 -7.740707
v 0.214268 8.475793 -7.845909
v 0.224070 8.602793 -7.719296
v -0.088833 8.444018 -7.695904
v -0.391373 8.920292 -7.674515
v -0.399626 8.793291 -7.801262
v -0.717913 8.748942 -7.655079
v -0.594801 8.674571 -7.789391
v -0.594826 7.301700 -7.789398
v -0.594826 7.301702 -7.789398
v -0.594801 8.674573 -7.789398
v -0.732872 8.748944 -7.908653
v -0.399626 8.793293 -7.801262
v -0.407877 8.920292 -7.928009
v -0.106892 8.444017 -7.949287
v 0.204487 8.602793 -7.972530
v 0.214268 8.475793 -7.845913
v 0.521301 8.126745 -7.993843
v 0.402761 8.179373 -7.859219
v 0.402735 6.806530 -7.859222
v -0.855175 7.428700 -7.774727
v -0.855175 8.801572 -7.774727
v -0.717913 8.748942 -7.655079
v -1.050549 9.110793 -7.764530
v -1.043821 9.237792 -7.637684
v -1.363503 9.079017 -7.621731
v -1.680626 9.555291 -7.605881
v -1.686975 9.428293 -7.732735
v -1.998150 9.396747 -7.589981
v -1.877222 9.322377 -7.723194
v -1.877247 7.949529 -7.723213
v -1.877247 7.949529 -7.723209
v -1.877222 9.322375 -7.723209
v -2.010851 9.396747 -7.843674
v -1.686975 9.428293 -7.732735
v -1.693327 9.555293 -7.859550
v -1.376204 9.079018 -7.875423
v -1.057259 9.237793 -7.891354
v -1.050549 9.110792 -7.764530
v -0.732872 8.748944 -7.908653
v -0.855177 8.801573 -7.774727
v -0.855175 7.428701 -7.774719
v -2.130915 8.076530 -7.710506
v -2.130911 9.449377 -7.710506
v -1.998150 9.396747 -7.589981
v -2.321188 9.745791 -7.700974
v -2.314838 9.872792 -7.574127
v -2.631929 9.714015 -7.558277
v -2.949051 10.190291 -7.542400
v -2.955400 10.063293 -7.669258
v -3.266600 10.031745 -7.526505
v -3.145647 9.957375 -7.659733
v -3.145647 8.584529 -7.659733
v -3.145647 8.584530 -7.659733
v -3.145647 9.957375 -7.659733
v -3.279047 10.031745 -7.780205
v -2.955400 10.063293 -7.669258
v -2.961750 10.190292 -7.796070
v -2.644630 9.714017 -7.811954
v -2.327538 9.872793 -7.827820
v -2.321188 9.745792 -7.700981
v -2.010851 9.396747 -7.843674
v -2.130911 9.449375 -7.710506
v -2.130911 8.076530 -7.710506
v -3.396545 8.711530 -7.649261
v -3.396521 10.084374 -7.649258
v -3.266600 10.031745 -7.526505
v -3.579653 10.380793 -7.675804
v -3.583641 10.507792 -7.548885
v -3.916002 10.349018 -7.562424
v -4.229771 10.825292 -7.620564
v -4.205435 10.698293 -7.745201
v -4.535837 10.637587 -7.669559
v -4.368273 10.563242 -7.777130
v -4.368301 9.190371 -7.777142
v -4.368301 9.190371 -7.777138
v -4.368271 10.563242 -7.777130
v -4.467207 10.637587 -7.914108
v -4.205433 10.698293 -7.745205
v -4.181128 10.825293 -7.869865
v -3.881205 10.349016 -7.823330
v -3.567133 10.507792 -7.796379
v -3.579653 10.380793 -7.675808
v -3.279047 10.031745 -7.780205
v -3.396521 10.084375 -7.649261
v -3.396545 8.711530 -7.649261
v -4.620142 9.317370 -7.827168
v -4.620146 10.690242 -7.827160
v -4.535837 10.637587 -7.669559
v -4.796364 11.015793 -7.931561
v -4.846783 11.142793 -7.820942
v -5.167921 10.969499 -7.964092
v -5.502815 11.460293 -8.130901
v -5.440226 11.333300 -8.241375
v -5.812872 11.324250 -8.289249
v -5.622475 11.249879 -8.336693
v -5.622475 9.877009 -8.336720
v -5.622475 9.877009 -8.336712
v -5.622477 11.249879 -8.336689
v -5.670279 11.324250 -8.499454
v -5.440226 11.333300 -8.241371
v -5.377625 11.460313 -8.351856
v -5.060862 10.969527 -8.194271
v -4.739571 11.142793 -8.040070
v -4.796364 11.015793 -7.931561
v -4.467207 10.637587 -7.914108
v -4.620142 10.690242 -7.827168
v -4.620142 9.317370 -7.827168
v -5.834360 10.004009 -8.486732
v -5.834364 11.376879 -8.486732
v -5.812872 11.324250 -8.289249
v -5.911705 11.650791 -8.576462
v -5.993366 11.777792 -8.483833
v -6.193441 11.608297 -8.671467
v -6.382772 12.095292 -8.878906
v -6.288383 11.968292 -8.963867
v -6.594049 11.936746 -9.100830
v -6.405275 11.862376 -9.088593
v -6.405275 10.489531 -9.088600
v -6.405275 10.489530 -9.088600
v -6.405275 11.862374 -9.088604
v -6.392172 11.936745 -9.254974
v -6.288389 11.968292 -8.963867
v -6.194000 12.095292 -9.048828
v -6.018969 11.608298 -8.856045
v -5.825802 11.777792 -8.662754
v -5.911705 11.650793 -8.576462
v -5.670279 11.324250 -8.499454
v -5.834362 11.376880 -8.486732
v -5.834362 10.004009 -8.486732
v -6.549627 10.616529 -9.298714
v -6.549625 11.989375 -9.298714
v -6.594049 11.936746 -9.100830
v -6.617573 12.285792 -9.445423
v -6.724377 12.412792 -9.376713
v -6.851786 12.254017 -9.665791
v -6.992525 12.730291 -9.950684
v -6.876066 12.603292 -10.001328
v -7.104210 12.571745 -10.198837
v -6.928873 12.497375 -10.109837
v -6.928873 11.124530 -10.109859
v -6.928873 11.124530 -10.109863
v -6.928873 12.497375 -10.109837
v -6.863876 12.571745 -10.281055
v -6.876066 12.603292 -10.001328
v -6.759605 12.730292 -10.052006
v -6.627779 12.254017 -9.783417
v -6.510763 12.412792 -9.514107
v -6.617571 12.285792 -9.445423
v -6.392172 11.936745 -9.254974
v -6.549627 11.989375 -9.298714
v -6.549625 10.616529 -9.298714
v -7.022877 11.251531 -10.379639
v -7.022882 12.624373 -10.379631
v -7.104210 12.571745 -10.198837
v -7.073223 12.920791 -10.568130
v -7.196405 13.047793 -10.536835
v -7.267023 12.889017 -10.844101
v -7.339912 13.365296 -11.121719
v -7.226383 13.238292 -11.162617
v -7.438221 13.206744 -11.461807
v -7.283024 13.132373 -11.334366
v -7.283026 11.759528 -11.334373
v -7.283024 11.759528 -11.334373
v -7.283024 13.132374 -11.334373
v -7.184221 13.206743 -11.461807
v -7.226383 13.238292 -11.162617
v -7.110306 13.365292 -11.190739
v -7.039921 12.889017 -10.893047
v -6.950186 13.047792 -10.599426
v -7.073223 12.920792 -10.568130
v -6.863876 12.571745 -10.281055
v -7.022879 12.624373 -10.379635
v -7.022877 11.251530 -10.379639
v -7.311470 11.886530 -11.597748
v -7.311468 13.259376 -11.597725
v -7.438221 13.206744 -11.461807
v -7.311726 13.555792 -11.788246
v -7.438728 13.682792 -11.788143
v -7.438980 13.524016 -12.105618
v -7.439234 14.000290 -12.423145
v -7.312235 13.873292 -12.423248
v -7.439489 13.841744 -12.731804
v -7.312235 13.767376 -12.613724
v -7.312235 12.394530 -12.613743
v -7.312235 12.394530 -12.613743
v -7.312235 13.767374 -12.613728
v -7.185490 13.841744 -12.731804
v -7.312237 13.873292 -12.423248
v -7.185236 14.000292 -12.423321
v -7.184978 13.524018 -12.105816
v -7.184727 13.682793 -11.788322
v -7.311726 13.555792 -11.788246
v -7.184221 13.206743 -11.461807
v -7.311470 13.259376 -11.597725
v -7.311472 11.886529 -11.597748
v -7.312489 12.521528 -12.867744
v -7.312489 13.894376 -12.867722
v -7.439489 13.841744 -12.731804
v -7.312744 14.190789 -13.058247
v -7.439745 14.317792 -13.058144
v -7.439999 14.159018 -13.375618
v -7.440250 14.635293 -13.693146
v -7.313248 14.508290 -13.693249
v -7.439999 14.476745 -14.001804
v -7.313251 14.402373 -13.883724
v -7.313251 13.029527 -13.883747
v -7.313251 13.029530 -13.883747
v -7.313250 14.402374 -13.883724
v -7.185488 14.476745 -14.001804
v -7.313250 14.508292 -13.693249
v -7.186251 14.635290 -13.693321
v -7.185999 14.159016 -13.375828
v -7.185745 14.317790 -13.058323
v -7.312744 14.190791 -13.058247
v -7.185490 13.841744 -12.731804
v -7.312489 13.894376 -12.867722
v -7.312489 12.521529 -12.867744
v -7.311981 13.093208 -27.845184
v -7.311979 14.466053 -27.845154
v -7.184978 14.476692 -27.971703
v -7.312235 14.667244 -27.654709
v -7.185234 14.794244 -27.654709
v -7.185234 14.476745 -27.337208
v -7.185234 14.794245 -27.019711
v -7.312235 14.667247 -27.019711
v -7.185236 14.476745 -26.701805
v -7.312235 14.466104 -26.829208
v -7.312235 13.093233 -26.829239
v -7.312237 13.093232 -26.829239
v -7.312235 14.466101 -26.829208
v -7.439234 14.476745 -26.701805
v -7.312235 14.667247 -27.019711
v -7.439234 14.794245 -27.019711
v -7.439234 14.476745 -27.337208
v -7.439236 14.794244 -27.654709
v -7.312237 14.667242 -27.654713
v -7.439236 14.476742 -27.971806
v -7.311983 14.466051 -27.845154
v -7.311981 13.093208 -27.845188
v -7.312235 13.093233 -26.575237
v -7.312237 14.466103 -26.575214
v -7.185236 14.476745 -26.701805
v -7.312237 14.667245 -26.384708
v -7.185236 14.794245 -26.384708
v -7.185236 14.476745 -26.067238
v -7.185234 14.794245 -25.749710
v -7.312235 14.667245 -25.749714
v -7.185236 14.476744 -25.431805
v -7.312235 14.466103 -25.559212
v -7.312235 13.093232 -25.559238
v -7.312235 13.093232 -25.559242
v -7.312235 14.466103 -25.559212
v -7.439234 14.476746 -25.431805
v -7.312235 14.667247 -25.749710
v -7.439234 14.794245 -25.749710
v -7.439234 14.476747 -26.067238
v -7.439234 14.794245 -26.384712
v -7.312237 14.667247 -26.384708
v -7.439234 14.476745 -26.701805
v -7.312237 14.466103 -26.575211
v -7.312235 13.093233 -26.575237
v -7.312235 13.093234 -25.305237
v -7.312235 14.466102 -25.305237
v -7.185236 14.476744 -25.431805
v -7.312235 14.667244 -25.114708
v -7.185236 14.794246 -25.114708
v -7.185234 14.476746 -24.797237
v -7.185234 14.794244 -24.479710
v -7.312235 14.667244 -24.479710
v -7.185234 14.476744 -24.161800
v -7.312239 14.466102 -24.289246
v -7.312235 13.093234 -24.289238
v -7.312237 13.093234 -24.289238
v -7.312241 14.466102 -24.289238
v -7.439236 14.476744 -24.161808
v -7.312239 14.667246 -24.479710
v -7.439236 14.794241 -24.479710
v -7.439234 14.476746 -24.797237
v -7.439236 14.794244 -25.114708
v -7.312235 14.667244 -25.114708
v -7.439234 14.476746 -25.431805
v -7.312235 14.466102 -25.305244
v -7.312235 13.093234 -25.305237
v -7.312235 13.093232 -24.035236
v -7.312235 14.466102 -24.035236
v -7.185234 14.476744 -24.161800
v -7.312235 14.667244 -23.844711
v -7.185236 14.794247 -23.844711
v -7.185234 14.476745 -23.527237
v -7.185234 14.794248 -23.209709
v -7.312235 14.667245 -23.209713
v -7.185234 14.476744 -22.891804
v -7.312235 14.466103 -23.019238
v -7.312235 13.093233 -23.019238
v -7.312235 13.093233 -23.019238
v -7.312235 14.466103 -23.019238
v -7.439234 14.476745 -22.891808
v -7.312235 14.667245 -23.209713
v -7.439234 14.794247 -23.209709
v -7.439234 14.476745 -23.527237
v -7.439234 14.794243 -23.844711
v -7.312235 14.667244 -23.844711
v -7.439236 14.476744 -24.161808
v -7.312235 14.466100 -24.035236
v -7.312237 13.093232 -24.035236
v -7.312235 13.093233 -22.765236
v -7.312235 14.466103 -22.765232
v -7.185234 14.476744 -22.891804
v -7.312235 14.667244 -22.574711
v -7.185234 14.794245 -22.574711
v -7.185236 14.476745 -22.257244
v -7.185234 14.794242 -21.939709
v -7.312235 14.667247 -21.939713
v -7.185234 14.476742 -21.621807
v -7.312235 14.466105 -21.749237
v -7.312235 13.093233 -21.749237
v -7.312235 13.093235 -21.749237
v -7.312233 14.466105 -21.749237
v -7.439234 14.476745 -21.621807
v -7.312235 14.667247 -21.939713
v -7.439236 14.794244 -21.939713
v -7.439236 14.476744 -22.257240
v -7.439236 14.794245 -22.574715
v -7.312235 14.667244 -22.574711
v -7.439234 14.476745 -22.891808
v -7.312235 14.466103 -22.765232
v -7.312235 13.093233 -22.765236
v -7.312235 13.093235 -21.495239
v -7.312235 14.466100 -21.495243
v -7.185234 14.476742 -21.621807
v -7.312235 14.667244 -21.304710
v -7.185234 14.794244 -21.304710
v -7.185234 14.476745 -20.987236
v -7.185232 14.794244 -20.669708
v -7.312235 14.667247 -20.669708
v -7.185234 14.476747 -20.351803
v -7.312237 14.466103 -20.479240
v -7.312235 13.093235 -20.479237
v -7.312239 13.093233 -20.479237
v -7.312239 14.466103 -20.479244
v -7.439234 14.476745 -20.351807
v -7.312237 14.667244 -20.669708
v -7.439234 14.794245 -20.669708
v -7.439232 14.476747 -20.987236
v -7.439234 14.794247 -21.304710
v -7.312235 14.667244 -21.304714
v -7.439234 14.476745 -21.621807
v -7.312235 14.466100 -21.495247
v -7.312235 13.093233 -21.495239
v -7.312235 13.093233 -20.225239
v -7.312233 14.466103 -20.225235
v -7.185234 14.476747 -20.351803
v -7.312233 14.667247 -20.034710
v -7.185234 14.794247 -20.034710
v -7.185238 14.476750 -19.717239
v -7.185234 14.794244 -19.399712
v -7.312237 14.667247 -19.399712
v -7.185230 14.476744 -19.081799
v -7.312235 14.466102 -19.209240
v -7.312235 13.093231 -19.209236
v -7.312235 13.093231 -19.209236
v -7.312235 14.466102 -19.209240
v -7.439234 14.476744 -19.081806
v -7.312239 14.667247 -19.399715
v -7.439234 14.794247 -19.399712
v -7.439234 14.476747 -19.717239
v -7.439234 14.794248 -20.034710
v -7.312235 14.667247 -20.034710
v -7.439234 14.476745 -20.351807
v -7.312233 14.466100 -20.225239
v -7.312235 13.093232 -20.225239
v -7.312235 13.093232 -18.955238
v -7.312233 14.466103 -18.955227
v -7.185230 14.476744 -19.081799
v -7.312233 14.667246 -18.764709
v -7.185232 14.794243 -18.764709
v -7.185238 14.476730 -18.447258
v -7.185234 14.794241 -18.129715
v -7.312235 14.667237 -18.129726
v -7.185238 14.476740 -17.811813
v -7.312235 14.466102 -17.939240
v -7.312235 13.093232 -17.939240
v -7.312235 13.093232 -17.939240
v -7.312235 14.466102 -17.939240
v -7.439234 14.476744 -17.811806
v -7.312235 14.667237 -18.129726
v -7.439234 14.794243 -18.129715
v -7.439234 14.476744 -18.447239
v -7.439236 14.794243 -18.764713
v -7.312233 14.667243 -18.764709
v -7.439234 14.476744 -19.081806
v -7.312233 14.466103 -18.955227
v -7.312235 13.093234 -18.955238
v -7.312235 13.093232 -17.685238
v -7.312239 14.466099 -17.685249
v -7.185238 14.476740 -17.811813
v -7.312237 14.667241 -17.494720
v -7.185234 14.794243 -17.494713
v -7.185215 14.476739 -17.177216
v -7.185234 14.794245 -16.859711
v -7.312227 14.667241 -16.859703
v -7.185226 14.476750 -16.541786
v -7.312235 14.466103 -16.669239
v -7.312235 13.093233 -16.669239
v -7.312235 13.093233 -16.669239
v -7.312235 14.466103 -16.669239
v -7.439234 14.476745 -16.541805
v -7.312227 14.667241 -16.859703
v -7.439234 14.794244 -16.859715
v -7.439234 14.476745 -17.177238
v -7.439234 14.794244 -17.494713
v -7.312237 14.667243 -17.494720
v -7.439234 14.476744 -17.811806
v -7.312239 14.466099 -17.685249
v -7.312235 13.093232 -17.685238
v -7.312235 13.093233 -16.415237
v -7.312227 14.466108 -16.415222
v -7.185226 14.476750 -16.541786
v -7.312231 14.667248 -16.224701
v -7.185234 14.794247 -16.224709
v -7.185230 14.476744 -15.907234
v -7.185234 14.794248 -15.589710
v -7.312233 14.667244 -15.589714
v -7.185240 14.476753 -15.271805
v -7.312235 14.466103 -15.399239
v -7.312235 13.093233 -15.399239
v -7.312235 13.093233 -15.399239
v -7.312235 14.466103 -15.399239
v -7.439234 14.476747 -15.271805
v -7.312233 14.667244 -15.589714
v -7.439234 14.794245 -15.589714
v -7.439234 14.476745 -15.907238
v -7.439234 14.794245 -16.224712
v -7.312229 14.667250 -16.224701
v -7.439234 14.476745 -16.541805
v -7.312227 14.466106 -16.415226
v -7.312235 13.093235 -16.415237
v -7.312237 13.093233 -15.145237
v -7.312241 14.466110 -15.145237
v -7.185240 14.476753 -15.271805
v -7.312239 14.667250 -14.954716
v -7.185236 14.794248 -14.954716
v -7.185234 14.476741 -14.637238
v -7.185228 14.794238 -14.319710
v -7.312235 14.667244 -14.319714
v -7.185488 14.476745 -14.001804
v -7.312235 14.466103 -14.129238
v -7.312235 13.093232 -14.129238
v -7.312235 13.093232 -14.129238
v -7.312235 14.466104 -14.129238
v -7.439999 14.476745 -14.001804
v -7.312235 14.667244 -14.319714
v -7.439234 14.794245 -14.319714
v -7.439234 14.476745 -14.637238
v -7.439234 14.794248 -14.954716
v -7.312239 14.667252 -14.954716
v -7.439234 14.476747 -15.271805
v -7.312241 14.466112 -15.145237
v -7.312235 13.093235 -15.145237
v 11.275305 0.924155 -11.481949
v 11.275312 1.792363 -11.481949
v 11.109190 1.050090 -11.444309
v 11.105684 1.718623 -11.442043
v 10.807943 1.050050 -11.630894
v 10.808195 1.529670 -11.634708
v 10.762300 1.477237 -11.796478
v 10.956816 1.823621 -11.559845
v 11.021360 1.949559 -11.668003
v 11.275312 1.792363 -11.481949
v 11.231874 1.269990 4.694931
v 11.066336 1.427917 4.718697
v 10.781378 1.616868 4.560539
v 10.926920 3.083295 4.640732
v 10.781504 2.978292 4.560539
v 10.704950 3.049385 4.410149
v 10.781378 1.616868 4.560539
v 10.702383 1.536230 4.410065
v 11.231874 1.269990 4.694931
v 11.275309 0.924154 6.338341
v 11.109190 1.050090 6.300697
v 11.275305 1.792367 6.338341
v 11.105684 1.718623 6.298431
v 10.956831 1.823622 6.416260
v 10.808222 1.529670 6.491135
v 10.762316 1.477237 6.652885
v 10.807947 1.050049 6.487274
v 10.762308 0.924090 6.652870
v 10.160780 1.540361 6.668762
v 10.160776 1.162533 6.668762
v 9.860094 1.319723 6.513115
v 9.849833 1.193788 6.430183
v 9.709650 1.049925 6.332474
v 10.033342 1.088789 6.504456
v 10.034388 1.049967 6.508537
v 10.160776 1.162533 6.668762
v 10.160780 0.924030 6.668762
v -7.185236 12.966231 22.193626
v -7.185110 12.966220 22.828117
v -7.311983 13.093207 22.701576
v -7.184980 14.476694 22.828094
v -7.311981 14.466053 22.701546
v -7.312235 14.667247 22.511108
v -7.439234 14.476747 22.828194
v -7.439234 14.794245 22.511108
v -7.439234 14.857745 22.828201
v 10.702387 1.536233 -9.553673
v 10.704939 3.049393 -9.553761
v 10.781389 1.616872 -9.704140
v 10.781492 2.978308 -9.704159
v 10.926916 3.083303 -9.784348
v 10.704939 3.049393 -9.553761
v 10.969965 3.209230 -9.694942
v 10.702406 3.427746 -9.553688
v 11.231871 3.114946 -9.838551
v 9.709646 1.049927 -11.476074
v 10.034388 1.049965 -11.652149
v 10.033354 1.088792 -11.648060
v 10.160780 1.162534 -11.812370
v 9.849840 1.193792 -11.573780
v 9.860094 1.319725 -11.656719
v 9.709646 1.049927 -11.476074
v 9.631899 1.162267 -11.525383
v 9.631899 0.923966 -11.525372
v -5.670277 11.324258 3.355858
v -5.670277 9.813738 3.355850
v -5.834362 10.004009 3.343124
v -6.018969 10.097786 3.712463
v -6.014603 10.161285 3.536316
v -6.018969 11.608297 3.712433
v -6.014601 11.534154 3.536316
v -5.911705 11.650793 3.432854
v -6.594049 11.936748 3.957222
v -6.594049 10.426232 3.957214
v -6.405281 10.489531 3.944984
v -6.193466 10.097785 3.527878
v -6.186560 10.288286 3.711159
v -6.193439 11.608297 3.527847
v -6.186562 11.661154 3.711136
v -6.288389 11.968297 3.820259
v -6.392168 11.936747 4.111382
v -6.392172 10.426232 4.111359
v -6.549623 10.616529 4.155113
v -6.627779 10.743529 4.639839
v -6.694355 10.807030 4.467148
v -6.627783 12.254017 4.639801
v -6.694353 12.179874 4.467155
v -6.617571 12.285792 4.301819
v -7.104212 12.571743 5.055229
v -7.104189 11.061238 5.055321
v -6.928881 11.124534 4.966225
v -6.851786 10.743550 4.522224
v -6.811457 10.934046 4.686119
v -6.851786 12.254016 4.522179
v -6.811428 12.306873 4.686150
v -6.876068 12.603291 4.857712
v -6.863873 12.571763 5.137466
v -6.863876 11.061232 5.137451
v -7.022879 11.251529 5.236023
v -7.039921 11.378529 5.749428
v -7.142309 11.442028 5.606071
v -7.039921 12.889015 5.749443
v -7.142309 12.814875 5.606071
v -7.073217 12.920816 5.424545
v -7.438219 13.206744 6.318192
v -7.438221 11.696232 6.318192
v -7.283020 11.759526 6.190758
v -7.252785 11.378535 5.706940
v -7.183966 11.569026 5.850922
v -7.267021 12.889017 5.700485
v -7.183964 12.941875 5.850914
v -7.226381 13.238293 6.019020
v -7.184221 13.206744 6.318192
v -7.184221 11.696232 6.318192
v -7.311472 11.886531 6.454140
v -7.184980 12.013529 6.962212
v -7.311726 12.077030 6.835136
v -7.184980 13.524016 6.962212
v -7.311728 13.449873 6.835106
v -7.311726 13.555792 6.644638
v -7.439489 13.841743 7.588196
v -7.439482 12.331240 7.588226
v -7.312227 12.394531 7.470161
v -7.438984 12.013528 6.962013
v -7.311977 12.204031 7.089157
v -7.438980 13.524016 6.962006
v -7.311981 13.576876 7.089111
v -7.312237 13.873292 7.279640
v -7.185488 13.841743 7.588203
v -7.185488 12.331232 7.588196
v -7.312489 12.521529 7.724136
v -7.185997 12.648530 8.232208
v -7.312740 12.712031 8.105141
v -7.185999 14.159019 8.232208
v -7.312744 14.084874 8.105110
v -7.312742 14.190792 7.914642
v -7.439999 14.476747 8.858192
v -7.439993 12.966217 8.858170
v -7.313236 13.029514 8.740135
v -7.439989 12.648520 8.232033
v -7.312990 12.839034 8.359169
v -7.439999 14.159018 8.232002
v -7.312998 14.211873 8.359116
v -7.313251 14.508292 8.549629
v 0.521301 8.126745 2.850227
v 0.521278 6.616230 2.850227
v 0.402735 6.806529 2.715607
v -0.106892 6.933528 2.805672
v 0.032103 6.997029 2.688072
v -0.106892 8.444016 2.805672
v 0.032125 8.369875 2.688072
v 0.214268 8.475793 2.702309
v -0.717913 8.748944 2.511467
v -0.717913 7.238431 2.511467
v -0.594826 7.301702 2.645798
v -0.088835 6.933529 2.552284
v -0.227896 7.124029 2.670212
v -0.088833 8.444017 2.552284
v -0.227896 8.496874 2.670204
v -0.399626 8.793293 2.657646
v -0.732872 8.748943 2.765045
v -0.732901 7.238431 2.765045
v -0.855175 7.428702 2.631096
v -1.376228 7.568529 2.731819
v -1.243034 7.632028 2.611313
v -1.376204 9.079018 2.731819
v -1.243034 9.004875 2.611320
v -1.050549 9.110794 2.620918
v -1.998150 9.396745 2.446365
v -1.998150 7.886232 2.446365
v -1.877251 7.949528 2.579590
v -1.363529 7.568530 2.478119
v -1.496704 7.759028 2.598633
v -1.363503 9.079018 2.478119
v -1.496704 9.131877 2.598633
v -1.686975 9.428293 2.589119
v -2.010851 9.396745 2.700066
v -2.010851 7.886232 2.700066
v -2.130915 8.076530 2.566895
v -2.644630 8.203530 2.668343
v -2.511457 8.267031 2.547867
v -2.644632 9.714015 2.668343
v -2.511436 9.639874 2.547867
v -2.321190 9.745790 2.557365
v -3.266600 10.031745 2.382889
v -3.266600 8.521232 2.382889
v -3.145647 8.584530 2.516113
v -2.631929 8.203530 2.414665
v -2.765125 8.394031 2.535172
v -2.631929 9.714016 2.414665
v -2.765102 9.766875 2.535164
v -2.955400 10.063291 2.525642
v -3.279047 10.031746 2.636589
v -3.279068 8.521234 2.636597
v -3.396545 8.711532 2.505661
v -3.881229 8.838530 2.679718
v -3.775133 8.902031 2.538651
v -3.881205 10.349017 2.679718
v -3.775129 10.274876 2.538658
v -3.579653 10.380793 2.532204
v -4.535835 10.637587 2.525948
v -4.535837 9.127098 2.525940
v -4.368298 9.190371 2.633537
v -3.916027 8.838530 2.418808
v -4.015518 9.029032 2.566414
v -3.915998 10.349018 2.418808
v -4.015516 10.401876 2.566406
v -4.205431 10.698293 2.601593
v -4.467207 10.637589 2.770500
v -4.467236 9.127099 2.770485
v -4.620142 9.317370 2.683556
v -5.060905 9.459000 3.050705
v -5.000912 9.522501 2.885048
v -5.060884 10.969517 3.050705
v -5.000910 10.895368 2.885048
v -4.796371 11.015796 2.787941
v -5.812872 11.324250 3.145630
v -5.812874 9.813737 3.145645
v -5.622478 9.877007 3.193108
v -5.167868 9.459001 2.820335
v -5.226158 9.649501 2.989616
v -5.167868 10.969513 2.820335
v -5.226158 11.022370 2.989624
v -5.440231 11.333290 3.097786
v 5.574923 5.586745 3.500847
v 5.574919 4.076232 3.500854
v 5.467085 4.266529 3.357315
v 4.978243 4.393529 3.397194
v 5.127390 4.457028 3.293633
v 4.978243 5.904016 3.397194
v 5.127390 5.829874 3.293633
v 5.302065 5.935792 3.324524
v 4.350153 6.221746 3.039558
v 4.350145 4.711232 3.039558
v 4.449434 4.774530 3.184692
v 5.020807 4.393530 3.146805
v 4.871557 4.584030 3.250656
v 5.020838 5.904018 3.146805
v 4.871588 5.956875 3.250656
v 4.654032 6.253293 3.217163
v 4.310629 6.221745 3.290512
v 4.310602 4.711233 3.290489
v 4.199602 4.901530 3.142647
v 3.659723 5.028530 3.199623
v 3.806486 5.092030 3.092438
v 3.659754 6.539016 3.199631
v 3.806486 6.464873 3.092438
v 4.004889 6.570791 3.118279
v 3.079184 6.856745 2.861305
v 3.079157 5.346232 2.861305
v 3.186777 5.409529 3.008980
v 3.696226 5.028528 2.948250
v 3.549387 5.219029 3.055710
v 3.696253 6.539016 2.948250
v 3.549414 6.591875 3.055710
v 3.371283 6.888292 3.031120
v 3.045763 6.856746 3.113121
v 3.045732 5.346234 3.113121
v 2.937960 5.536530 2.973167
v 2.448858 5.663530 3.042633
v 2.593103 5.727030 2.931923
v 2.448885 7.174016 3.042633
v 2.593126 7.099875 2.931923
v 2.767500 7.205791 2.951347
v 1.812284 7.491745 2.712463
v 1.812258 5.981232 2.712456
v 1.925032 6.044529 2.853485
v 2.479239 5.663528 2.790443
v 2.334887 5.854028 2.901436
v 2.479239 7.174016 2.790443
v 2.334909 7.226876 2.901428
v 2.141085 7.523293 2.875145
v 1.784979 7.491744 2.965012
v 1.784979 5.981235 2.965012
v 1.686245 6.171531 2.826157
v 1.164736 6.298530 2.908424
v 1.306393 6.362031 2.794250
v 1.164736 7.809017 2.908424
v 1.306416 7.734875 2.794250
v 1.494301 7.840791 2.813232
v 0.542435 8.126746 2.597092
v 0.542435 6.616232 2.597092
v 0.664000 6.679529 2.736633
v 1.188940 6.298529 2.655563
v 1.047209 6.489028 2.770065
v 1.188967 7.809016 2.655563
v 1.047205 7.861875 2.770058
v 0.859070 8.158294 2.754875
v 9.368887 3.681746 4.331436
v 9.368883 2.171231 4.331429
v 9.277647 2.361520 4.177078
v 8.753752 2.488520 4.180893
v 8.909578 2.552030 4.088394
v 8.753752 3.999017 4.180916
v 8.909605 3.924874 4.088371
v 9.100992 4.030792 4.138573
v 8.160498 4.316743 3.772285
v 8.160479 2.806233 3.772301
v 8.257963 2.869529 3.925385
v 8.814482 2.488520 3.934250
v 8.658522 2.679030 4.027016
v 8.814505 3.999020 3.934250
v 8.658514 4.051874 4.027031
v 8.463274 4.348294 3.981804
v 8.102770 4.316719 4.019653
v 8.102758 2.806233 4.019646
v 8.006018 2.996504 3.867073
v 7.494562 3.123530 3.885963
v 7.648256 3.187029 3.789703
v 7.494585 4.634017 3.885956
v 7.648283 4.559874 3.789719
v 7.837645 4.665792 3.829475
v 6.891573 4.951746 3.499168
v 6.891546 3.441232 3.499176
v 7.021059 3.504529 3.655739
v 7.549273 3.123530 3.637909
v 7.395445 3.314030 3.734451
v 7.549299 4.634015 3.637909
v 7.395487 4.686871 3.734467
v 7.205641 4.983290 3.696281
v 6.839884 4.951746 3.747864
v 6.839865 3.441234 3.747856
v 6.731730 3.631530 3.600105
v 6.236986 3.758530 3.628090
v 6.388475 3.822030 3.528160
v 6.237013 5.269017 3.628090
v 6.388475 5.194872 3.528152
v 6.559923 5.300792 3.565445
v 5.620558 5.586745 3.250961
v 5.620531 4.076232 3.250961
v 5.748060 4.139528 3.406998
v 6.285654 3.758529 3.378777
v 6.134089 3.949028 3.479012
v 6.285677 5.269018 3.378777
v 6.134092 5.321875 3.479012
v 5.946741 5.618294 3.444748
v 9.431719 3.681749 4.085335
v 9.431723 2.171230 4.085335
v 9.523752 2.234519 4.239891
v 10.063757 1.853519 4.245255
v 9.909266 2.044019 4.336899
v 10.063753 3.364018 4.245247
v 9.909288 3.416883 4.336876
v 9.724688 3.713293 4.289787
v -7.439234 14.476745 21.558189
v -7.439236 12.966232 21.558189
v -7.312237 13.093232 21.431625
v -7.439236 12.966232 20.923630
v -7.312235 13.093232 21.050629
v -7.439234 14.476744 20.923630
v -7.312235 14.466101 21.050629
v -7.312237 14.667244 21.241104
v -7.185234 14.476744 20.288193
v -7.185234 12.966232 20.288200
v -7.312235 13.093234 20.415627
v -7.185234 12.966232 20.923630
v -7.312235 13.093231 20.796623
v -7.185234 14.476745 20.923630
v -7.312235 14.466103 20.796631
v -7.312235 14.667247 20.606102
v -7.439234 14.476744 20.288193
v -7.439234 12.966231 20.288193
v -7.312235 13.093231 20.161629
v -7.439234 12.966231 19.653625
v -7.312235 13.093234 19.780632
v -7.439234 14.476744 19.653625
v -7.312235 14.466102 19.780632
v -7.312235 14.667243 19.971107
v -7.185234 14.476744 19.018196
v -7.185234 12.966231 19.018204
v -7.312235 13.093230 19.145630
v -7.185234 12.966231 19.653625
v -7.312235 13.093234 19.526627
v -7.185234 14.476744 19.653618
v -7.312235 14.466102 19.526627
v -7.312235 14.667244 19.336105
v -7.439236 14.476743 19.018196
v -7.439234 12.966231 19.018196
v -7.312235 13.093230 18.891632
v -7.439234 12.966231 18.383629
v -7.312233 13.093234 18.510628
v -7.439234 14.476744 18.383629
v -7.312235 14.466102 18.510628
v -7.312235 14.667244 18.701103
v -7.185234 14.476746 17.748192
v -7.185234 12.966231 17.748184
v -7.312235 13.093230 17.875626
v -7.185234 12.966231 18.383629
v -7.312235 13.093230 18.256630
v -7.185234 14.476744 18.383629
v -7.312235 14.466102 18.256630
v -7.312235 14.667246 18.066116
v -7.439234 14.476744 17.748192
v -7.439234 12.966231 17.748192
v -7.312235 13.093234 17.621628
v -7.439234 12.966232 17.113632
v -7.312235 13.093234 17.240631
v -7.439236 14.476747 17.113632
v -7.312235 14.466105 17.240639
v -7.312235 14.667243 17.431107
v -7.185234 14.476745 16.478195
v -7.185234 12.966232 16.478195
v -7.312235 13.093231 16.605629
v -7.185234 12.966231 17.113632
v -7.312235 13.093233 16.986618
v -7.185236 14.476745 17.113632
v -7.312237 14.466103 16.986626
v -7.312235 14.667247 16.796104
v -7.439234 14.476745 16.478195
v -7.439236 12.966232 16.478195
v -7.312235 13.093231 16.351631
v -7.439234 12.966233 15.843628
v -7.312235 13.093235 15.970619
v -7.439234 14.476745 15.843620
v -7.312235 14.466103 15.970627
v -7.312235 14.667245 16.161102
v -7.185234 14.476745 15.208191
v -7.185234 12.966232 15.208191
v -7.312235 13.093233 15.335632
v -7.185234 12.966233 15.843628
v -7.312233 13.093235 15.716629
v -7.185234 14.476745 15.843628
v -7.312235 14.466103 15.716629
v -7.312235 14.667247 15.526108
v -7.439236 14.476745 15.208191
v -7.439234 12.966232 15.208191
v -7.312235 13.093233 15.081627
v -7.439234 12.966232 14.573631
v -7.312235 13.093233 14.700630
v -7.439236 14.476745 14.573631
v -7.312235 14.466103 14.700623
v -7.312235 14.667245 14.891106
v -7.185236 14.476744 13.938187
v -7.185234 12.966231 13.938194
v -7.312235 13.093230 14.065628
v -7.185236 12.966231 14.573631
v -7.312235 13.093233 14.446632
v -7.185236 14.476745 14.573624
v -7.312235 14.466103 14.446632
v -7.312235 14.667245 14.256104
v -7.439234 14.476746 13.938202
v -7.439234 12.966231 13.938194
v -7.312235 13.093232 13.811630
v -7.439234 12.966231 13.303627
v -7.312235 13.093232 13.430626
v -7.439234 14.476744 13.303627
v -7.312235 14.466102 13.430618
v -7.312235 14.667244 13.621109
v -7.185234 14.476744 12.668190
v -7.185234 12.966232 12.668190
v -7.312235 13.093232 12.795631
v -7.185234 12.966231 13.303627
v -7.312235 13.093232 13.176628
v -7.185234 14.476744 13.303627
v -7.312237 14.466102 13.176628
v -7.312235 14.667244 12.986107
v -7.439236 14.476744 12.668190
v -7.439234 12.966232 12.668190
v -7.312235 13.093234 12.541626
v -7.439234 12.966231 12.033630
v -7.312235 13.093234 12.160629
v -7.439234 14.476744 12.033630
v -7.312237 14.466102 12.160629
v -7.312235 14.667244 12.351105
v -7.185234 14.476744 11.398193
v -7.185234 12.966232 11.398193
v -7.312235 13.093232 11.525627
v -7.185234 12.966232 12.033630
v -7.312235 13.093234 11.906631
v -7.185234 14.476744 12.033630
v -7.312235 14.466100 11.906631
v -7.312235 14.667243 11.716103
v -7.439236 14.476744 11.398193
v -7.439234 12.966231 11.398193
v -7.312237 13.093230 11.271622
v -7.439234 12.966232 10.763626
v -7.312235 13.093232 10.890625
v -7.439234 14.476745 10.763618
v -7.312235 14.466103 10.890625
v -7.312233 14.667246 11.081100
v -7.185234 14.476745 10.128189
v -7.185234 12.966232 10.128189
v -7.312235 13.093233 10.255630
v -7.185234 12.966232 10.763618
v -7.312235 13.093233 10.636627
v -7.185234 14.476745 10.763626
v -7.312235 14.466103 10.636627
v -7.312235 14.667245 10.446106
v -7.439234 14.476747 10.128189
v -7.439234 12.966232 10.128189
v -7.312237 13.093233 10.001633
v -7.439245 12.966232 9.493629
v -7.312235 13.093233 9.620628
v -7.439236 14.476745 9.493629
v -7.312235 14.466103 9.620628
v -7.312237 14.667247 9.811104
v -7.312235 14.667247 9.176109
v -7.312233 14.466103 9.366631
v -7.185234 14.476745 9.493629
v -7.312233 13.093233 9.366631
v -7.185234 12.966231 9.493629
v -7.312235 13.093232 8.985626
v -7.185488 12.966231 8.858192
v -7.185488 14.476745 8.858192
v 9.431723 3.681744 -9.228943
v 9.431719 2.171229 -9.228951
v 9.277651 2.361520 -9.320690
v 8.814482 2.488519 -9.077869
v 8.909575 2.552030 -9.231987
v 8.814505 3.999016 -9.077866
v 8.909605 3.924873 -9.231987
v 9.100996 4.030792 -9.282181
v 8.102770 4.316720 -9.163261
v 8.102758 2.806233 -9.163261
v 8.257963 2.869529 -9.069000
v 8.753748 2.488519 -9.324497
v 8.658522 2.679030 -9.170647
v 8.753748 3.999017 -9.324524
v 8.658522 4.051874 -9.170654
v 8.463274 4.348293 -9.125416
v 8.160501 4.316746 -8.915920
v 8.160479 2.806232 -8.915920
v 8.006018 2.996504 -9.010685
v 7.549280 3.123531 -8.781517
v 7.648264 3.187030 -8.933346
v 7.549307 4.634017 -8.781521
v 7.648279 4.559874 -8.933350
v 7.837645 4.665792 -8.973103
v 6.839884 4.951745 -8.891476
v 6.839857 3.441232 -8.891453
v 7.021059 3.504529 -8.799358
v 7.494570 3.123530 -9.029579
v 7.395452 3.314029 -8.878075
v 7.494593 4.634017 -9.029579
v 7.395487 4.686874 -8.878075
v 7.205641 4.983292 -8.839886
v 6.891569 4.951745 -8.642784
v 6.891546 3.441232 -8.642784
v 6.731730 3.631530 -8.743721
v 6.285658 3.758530 -8.522385
v 6.388475 3.822031 -8.671776
v 6.285681 5.269016 -8.522388
v 6.388479 5.194873 -8.671768
v 6.559923 5.300791 -8.709057
v 5.574930 5.586745 -8.644466
v 5.574915 4.076232 -8.644466
v 5.748060 4.139530 -8.550617
v 6.236986 3.758529 -8.771694
v 6.134089 3.949030 -8.622620
v 6.237013 5.269017 -8.771694
v 6.134100 5.321874 -8.622608
v 5.946741 5.618291 -8.588356
v 9.368879 3.681745 -9.475040
v 9.368883 2.171231 -9.475040
v 9.523745 2.234519 -9.383503
v 10.000910 1.853520 -9.634960
v 9.909273 2.044020 -9.480495
v 10.000910 3.364017 -9.634991
v 9.909304 3.416873 -9.480495
v 9.724684 3.713292 -9.433392
v 5.620554 5.586745 -8.394577
v 5.620531 4.076231 -8.394577
v 5.467085 4.266529 -8.500919
v 5.020811 4.393529 -8.290409
v 5.127386 4.457029 -8.437252
v 5.020838 5.904017 -8.290413
v 5.127386 5.829874 -8.437252
v 5.302057 5.935792 -8.468143
v 4.310629 6.221745 -8.434128
v 4.310602 4.711232 -8.434101
v 4.449434 4.774530 -8.328312
v 4.978239 4.393529 -8.540806
v 4.871561 4.584030 -8.394272
v 4.978243 5.904018 -8.540806
v 4.871584 5.956874 -8.394272
v 4.654032 6.253292 -8.360775
v 4.350149 6.221745 -8.183167
v 4.350149 4.711233 -8.183174
v 4.199610 4.901530 -8.286236
v 3.696222 5.028526 -8.091862
v 3.806486 5.092030 -8.236053
v 3.696249 6.539015 -8.091862
v 3.806482 6.464872 -8.236061
v 4.004892 6.570792 -8.261890
v 3.045759 6.856744 -8.256729
v 3.045732 5.346233 -8.256721
v 3.186781 5.409528 -8.152596
v 3.659727 5.028530 -8.343243
v 3.549387 5.219029 -8.199326
v 3.659754 6.539017 -8.343239
v 3.549414 6.591874 -8.199326
v 3.371283 6.888290 -8.174736
v 3.079184 6.856744 -8.004917
v 3.079157 5.346231 -8.004917
v 2.937960 5.536529 -8.116776
v 2.479239 5.663529 -7.934052
v 2.593107 5.727029 -8.075527
v 2.479239 7.174018 -7.934052
v 2.593138 7.099876 -8.075520
v 2.767500 7.205793 -8.094952
v 1.784979 7.491745 -8.108627
v 1.784979 5.981232 -8.108627
v 1.925032 6.044530 -7.997097
v 2.448858 5.663529 -8.186245
v 2.334887 5.854030 -8.045044
v 2.448885 7.174016 -8.186245
v 2.334909 7.226874 -8.045044
v 2.141085 7.523292 -8.018761
v 1.812284 7.491744 -7.856075
v 1.812252 5.981232 -7.856079
v 1.686251 6.171529 -7.969765
v 1.188940 6.298530 -7.799179
v 1.306393 6.362030 -7.937862
v 1.188967 7.809015 -7.799179
v 1.306416 7.734874 -7.937866
v 1.494301 7.840792 -7.956837
v 0.521301 8.126745 -7.993843
v 0.521278 6.616232 -7.993843
v 0.664000 6.679529 -7.880253
v 1.164736 6.298529 -8.052036
v 1.047209 6.489030 -7.913681
v 1.164736 7.809017 -8.052036
v 1.047209 7.861874 -7.913681
v 0.859070 8.158294 -7.898487
v 0.542435 8.126745 -7.740707
v 0.542435 6.616232 -7.740707
v 0.402735 6.806529 -7.859222
v -0.088833 6.933528 -7.695908
v 0.032103 6.997030 -7.831688
v -0.088833 8.444018 -7.695904
v 0.032129 8.369877 -7.831688
v 0.214268 8.475793 -7.845909
v -0.732872 8.748944 -7.908653
v -0.732901 7.238431 -7.908653
v -0.594826 7.301702 -7.789398
v -0.106892 6.933529 -7.949287
v -0.227896 7.124029 -7.813831
v -0.106892 8.444017 -7.949287
v -0.227896 8.496875 -7.813831
v -0.399626 8.793293 -7.801262
v -0.717913 8.748942 -7.655079
v -0.717913 7.238430 -7.655087
v -0.855175 7.428700 -7.774727
v -1.363529 7.568530 -7.621731
v -1.243031 7.632029 -7.754929
v -1.363503 9.079017 -7.621731
v -1.243031 9.004876 -7.754929
v -1.050549 9.110793 -7.764530
v -2.010851 9.396747 -7.843674
v -2.010851 7.886232 -7.843674
v -1.877247 7.949529 -7.723209
v -1.376228 7.568529 -7.875423
v -1.496698 7.759029 -7.742256
v -1.376204 9.079018 -7.875423
v -1.496704 9.131875 -7.742256
v -1.686975 9.428293 -7.732735
v -1.998150 9.396747 -7.589981
v -1.998150 7.886234 -7.589981
v -2.130915 8.076530 -7.710506
v -2.631929 8.203527 -7.558277
v -2.511457 8.267028 -7.691475
v -2.631929 9.714015 -7.558277
v -2.511435 9.639874 -7.691475
v -2.321188 9.745791 -7.700974
v -3.279047 10.031745 -7.780205
v -3.279070 8.521235 -7.780205
v -3.145647 8.584530 -7.659733
v -2.644630 8.203529 -7.811954
v -2.765127 8.394030 -7.678783
v -2.644630 9.714017 -7.811954
v -2.765102 9.766875 -7.678783
v -2.955400 10.063293 -7.669258
v -3.266600 10.031745 -7.526505
v -3.266600 8.521231 -7.526505
v -3.396545 8.711530 -7.649261
v -3.916027 8.838530 -7.562416
v -3.775133 8.902030 -7.682259
v -3.916002 10.349018 -7.562424
v -3.775133 10.274874 -7.682259
v -3.579653 10.380793 -7.675804
v -4.467207 10.637587 -7.914108
v -4.467234 9.127097 -7.914116
v -4.368301 9.190371 -7.777138
v -3.881229 8.838530 -7.823330
v -4.015518 9.029030 -7.710022
v -3.881205 10.349016 -7.823330
v -4.015514 10.401875 -7.710022
v -4.205433 10.698293 -7.745205
v -4.535837 10.637587 -7.669559
v -4.535837 9.127098 -7.669559
v -4.620142 9.317370 -7.827168
v -5.167885 9.458999 -7.963997
v -5.000975 9.522476 -8.028839
v -5.167921 10.969499 -7.964092
v -5.000967 10.895352 -8.028824
v -4.796364 11.015793 -7.931561
v -5.670279 11.324250 -8.499454
v -5.670279 9.813737 -8.499454
v -5.622475 9.877009 -8.336712
v -5.060902 9.459002 -8.194309
v -5.226152 9.649503 -8.133224
v -5.060862 10.969527 -8.194271
v -5.226154 11.022372 -8.133228
v -5.440226 11.333300 -8.241371
v -5.812872 11.324250 -8.289249
v -5.812870 9.813737 -8.289268
v -5.834360 10.004009 -8.486732
v -6.193464 10.097787 -8.671490
v -6.014595 10.161286 -8.679924
v -6.193441 11.608297 -8.671467
v -6.014597 11.534156 -8.679924
v -5.911705 11.650791 -8.576462
v -6.392172 11.936745 -9.254974
v -6.392172 10.426234 -9.254974
v -6.405275 10.489530 -9.088600
v -6.018969 10.097785 -8.856075
v -6.186560 10.288285 -8.854778
v -6.018969 11.608298 -8.856045
v -6.186560 11.661156 -8.854759
v -6.288389 11.968292 -8.963867
v -6.594049 11.936746 -9.100830
v -6.594049 10.426234 -9.100830
v -6.549627 10.616529 -9.298714
v -6.851786 10.743530 -9.665825
v -6.694355 10.807030 -9.610756
v -6.851786 12.254017 -9.665791
v -6.694355 12.179874 -9.610756
v -6.617573 12.285792 -9.445423
v -6.863876 12.571745 -10.281055
v -6.863876 11.061234 -10.281067
v -6.928873 11.124530 -10.109863
v -6.627779 10.743530 -9.783455
v -6.811449 10.934030 -9.829758
v -6.627779 12.254017 -9.783417
v -6.811426 12.306874 -9.829754
v -6.876066 12.603292 -10.001328
v -7.104210 12.571745 -10.198837
v -7.104206 11.061234 -10.198872
v -7.022877 11.251531 -10.379639
v -7.252798 11.378531 -10.850506
v -7.142309 11.442030 -10.749687
v -7.267023 12.889017 -10.844101
v -7.142311 12.814874 -10.749687
v -7.073223 12.920791 -10.568130
v -7.184221 13.206743 -11.461807
v -7.184219 11.696231 -11.461807
v -7.283024 11.759528 -11.334373
v -7.039921 11.378530 -10.893047
v -7.183964 11.569030 -10.994522
v -7.039921 12.889017 -10.893047
v -7.183964 12.941875 -10.994522
v -7.226383 13.238292 -11.162617
v -7.438221 13.206744 -11.461807
v -7.438219 11.696232 -11.461807
v -7.311470 11.886530 -11.597748
v -7.438980 12.013529 -12.105644
v -7.311726 12.077028 -11.978748
v -7.438980 13.524016 -12.105618
v -7.311724 13.449874 -11.978722
v -7.311726 13.555792 -11.788246
v -7.185490 13.841744 -12.731804
v -7.185488 12.331234 -12.731792
v -7.312235 12.394530 -12.613743
v -7.184978 12.013530 -12.105824
v -7.311981 12.204029 -12.232742
v -7.184978 13.524018 -12.105816
v -7.311985 13.576874 -12.232723
v -7.312237 13.873292 -12.423248
v -7.439489 13.841744 -12.731804
v -7.439489 12.331232 -12.731800
v -7.312489 12.521528 -12.867744
v -7.439999 12.648529 -13.375645
v -7.312744 12.712029 -13.248749
v -7.439999 14.159018 -13.375618
v -7.312746 14.084872 -13.248722
v -7.312744 14.190789 -13.058247
v -7.185488 14.476745 -14.001804
v -7.185488 12.966233 -14.001812
v -7.313251 13.029530 -13.883747
v -7.185999 12.648529 -13.375824
v -7.312998 12.839029 -13.502747
v -7.185999 14.159016 -13.375828
v -7.312998 14.211875 -13.502724
v -7.313250 14.508292 -13.693249
v -7.184978 14.476692 -27.971703
v -7.185106 12.966221 -27.971729
v -7.311981 13.093208 -27.845184
v -7.185234 12.966234 -27.337238
v -7.312235 13.093233 -27.464211
v -7.185234 14.476745 -27.337208
v -7.312235 14.466103 -27.464237
v -7.312235 14.667244 -27.654709
v -7.439234 14.476745 -26.701805
v -7.439234 12.966233 -26.701805
v -7.312237 13.093232 -26.829239
v -7.439236 12.966233 -27.337231
v -7.312235 13.093233 -27.210213
v -7.439234 14.476745 -27.337208
v -7.312235 14.466104 -27.210209
v -7.312235 14.667247 -27.019711
v -7.185236 14.476745 -26.701805
v -7.185234 12.966233 -26.701801
v -7.312235 13.093233 -26.575237
v -7.185236 12.966233 -26.067238
v -7.312237 13.093233 -26.194237
v -7.185236 14.476745 -26.067238
v -7.312237 14.466101 -26.194237
v -7.312237 14.667245 -26.384708
v -7.439234 14.476746 -25.431805
v -7.439234 12.966232 -25.431805
v -7.312235 13.093232 -25.559242
v -7.439234 12.966235 -26.067238
v -7.312239 13.093232 -25.940239
v -7.439234 14.476747 -26.067238
v -7.312239 14.466103 -25.940247
v -7.312235 14.667247 -25.749710
v -7.185236 14.476744 -25.431805
v -7.185236 12.966231 -25.431805
v -7.312235 13.093234 -25.305237
v -7.185234 12.966232 -24.797237
v -7.312235 13.093231 -24.924236
v -7.185234 14.476746 -24.797237
v -7.312235 14.466099 -24.924240
v -7.312235 14.667244 -25.114708
v -7.439236 14.476744 -24.161808
v -7.439236 12.966232 -24.161804
v -7.312237 13.093234 -24.289238
v -7.439234 12.966232 -24.797237
v -7.312235 13.093232 -24.670238
v -7.439234 14.476746 -24.797237
v -7.312235 14.466105 -24.670238
v -7.312239 14.667246 -24.479710
v -7.185234 14.476744 -24.161800
v -7.185234 12.966233 -24.161800
v -7.312235 13.093232 -24.035236
v -7.185234 12.966233 -23.527241
v -7.312235 13.093233 -23.654236
v -7.185234 14.476745 -23.527237
v -7.312235 14.466104 -23.654236
v -7.312235 14.667244 -23.844711
v -7.439234 14.476745 -22.891808
v -7.439234 12.966233 -22.891804
v -7.312235 13.093233 -23.019238
v -7.439234 12.966232 -23.527237
v -7.312235 13.093233 -23.400238
v -7.439234 14.476745 -23.527237
v -7.312235 14.466100 -23.400238
v -7.312235 14.667245 -23.209713
v -7.185234 14.476744 -22.891804
v -7.185236 12.966233 -22.891804
v -7.312235 13.093233 -22.765236
v -7.185234 12.966232 -22.257236
v -7.312235 13.093232 -22.384239
v -7.185236 14.476745 -22.257244
v -7.312237 14.466103 -22.384239
v -7.312235 14.667244 -22.574711
v -7.439234 14.476745 -21.621807
v -7.439234 12.966233 -21.621803
v -7.312235 13.093235 -21.749237
v -7.439236 12.966234 -22.257236
v -7.312235 13.093235 -22.130238
v -7.439236 14.476744 -22.257240
v -7.312239 14.466104 -22.130238
v -7.312235 14.667247 -21.939713
v -7.185234 14.476742 -21.621807
v -7.185236 12.966232 -21.621803
v -7.312235 13.093235 -21.495239
v -7.185236 12.966232 -20.987236
v -7.312235 13.093235 -21.114239
v -7.185234 14.476745 -20.987236
v -7.312233 14.466103 -21.114239
v -7.312235 14.667244 -21.304710
v -7.439234 14.476745 -20.351807
v -7.439234 12.966234 -20.351807
v -7.312239 13.093233 -20.479237
v -7.439234 12.966234 -20.987236
v -7.312239 13.093232 -20.860237
v -7.439232 14.476747 -20.987236
v -7.312235 14.466103 -20.860233
v -7.312237 14.667244 -20.669708
v -7.185234 14.476747 -20.351803
v -7.185234 12.966234 -20.351807
v -7.312235 13.093233 -20.225239
v -7.185234 12.966233 -19.717239
v -7.312235 13.093232 -19.844238
v -7.185238 14.476750 -19.717239
v -7.312235 14.466103 -19.844238
v -7.312233 14.667247 -20.034710
v -7.439234 14.476744 -19.081806
v -7.439234 12.966232 -19.081806
v -7.312235 13.093231 -19.209236
v -7.439234 12.966233 -19.717243
v -7.312237 13.093232 -19.590237
v -7.439234 14.476747 -19.717239
v -7.312241 14.466105 -19.590237
v -7.312239 14.667247 -19.399715
v -7.185230 14.476744 -19.081799
v -7.185234 12.966232 -19.081806
v -7.312235 13.093232 -18.955238
v -7.185234 12.966232 -18.447239
v -7.312235 13.093234 -18.574238
v -7.185238 14.476730 -18.447258
v -7.312235 14.466102 -18.574238
v -7.312233 14.667246 -18.764709
v -7.439234 14.476744 -17.811806
v -7.439234 12.966231 -17.811806
v -7.312235 13.093232 -17.939240
v -7.439234 12.966231 -18.447239
v -7.312235 13.093232 -18.320236
v -7.439234 14.476744 -18.447239
v -7.312239 14.466086 -18.320259
v -7.312235 14.667237 -18.129726
v -7.185238 14.476740 -17.811813
v -7.185236 12.966232 -17.811806
v -7.312235 13.093232 -17.685238
v -7.185234 12.966234 -17.177238
v -7.312235 13.093233 -17.304237
v -7.185215 14.476739 -17.177216
v -7.312235 14.466103 -17.304237
v -7.312237 14.667241 -17.494720
v -7.439234 14.476745 -16.541805
v -7.439234 12.966234 -16.541805
v -7.312235 13.093233 -16.669239
v -7.439234 12.966233 -17.177238
v -7.312235 13.093233 -17.050240
v -7.439234 14.476745 -17.177238
v -7.312216 14.466093 -17.050213
v -7.312227 14.667241 -16.859703
v -7.185226 14.476750 -16.541786
v -7.185234 12.966232 -16.541805
v -7.312235 13.093233 -16.415237
v -7.185234 12.966233 -15.907238
v -7.312235 13.093233 -16.034237
v -7.185230 14.476744 -15.907234
v -7.312235 14.466103 -16.034237
v -7.312231 14.667248 -16.224701
v -7.439234 14.476747 -15.271805
v -7.439234 12.966234 -15.271805
v -7.312235 13.093233 -15.399239
v -7.439238 12.966233 -15.907238
v -7.312235 13.093233 -15.780239
v -7.439234 14.476745 -15.907238
v -7.312233 14.466096 -15.780239
v -7.312233 14.667244 -15.589714
v -7.185240 14.476753 -15.271805
v -7.185234 12.966233 -15.271805
v -7.312237 13.093233 -15.145237
v -7.185236 12.966232 -14.637245
v -7.312237 13.093233 -14.764236
v -7.185234 14.476741 -14.637238
v -7.312237 14.466103 -14.764236
v -7.312239 14.667250 -14.954716
v -7.312235 14.667244 -14.319714
v -7.312237 14.466101 -14.510239
v -7.439234 14.476745 -14.637238
v -7.312235 13.093232 -14.510239
v -7.439234 12.966233 -14.637238
v -7.312235 13.093232 -14.129238
v -7.439997 12.966232 -14.001804
v -7.439999 14.476745 -14.001804
v 11.231874 2.736915 4.694931
v 11.221384 1.301949 4.843445
v 11.221510 2.663383 4.843491
v 11.304594 2.768386 4.983910
v 11.231874 2.736915 4.694931
v 11.382570 2.894319 4.941238
v 11.231874 3.051775 4.694931
v 10.593954 1.403703 6.554337
v 10.256186 1.214754 6.564598
v 10.426004 1.508706 6.572464
v 10.160776 1.162533 6.668762
v 10.429335 1.634643 6.698387
v 10.160780 1.540361 6.668762
v 10.762300 1.855276 6.652855
v -6.014603 11.534156 3.536316
v -6.193439 11.608297 3.527847
v -6.014603 10.161287 3.536316
v -6.193466 10.097785 3.527878
v -5.834362 10.004009 3.343124
v -5.812874 9.813737 3.145645
v -5.812872 11.324250 3.145630
v -6.186558 11.661155 3.711143
v -6.018969 11.608297 3.712433
v -6.186558 10.288285 3.711166
v -6.018969 10.097786 3.712463
v -6.405275 10.489531 3.944992
v -6.392172 10.426232 4.111359
v -6.392168 11.936747 4.111382
v -6.694357 12.179871 4.467125
v -6.851786 12.254016 4.522179
v -6.694345 10.807059 4.467194
v -6.851786 10.743550 4.522224
v -6.549618 10.616549 4.155144
v -6.594049 10.426232 3.957214
v -6.594049 11.936748 3.957222
v -6.811426 12.306871 4.686134
v -6.627783 12.254017 4.639801
v -6.811447 10.934030 4.686142
v -6.627779 10.743529 4.639839
v -6.928873 11.124530 4.966255
v -6.863876 11.061232 5.137451
v -6.863873 12.571763 5.137466
v -7.142307 12.814873 5.606071
v -7.267021 12.889017 5.700485
v -7.142309 11.442028 5.606071
v -7.252785 11.378535 5.706940
v -7.022856 11.251542 5.236115
v -7.104189 11.061238 5.055321
v -7.104212 12.571743 5.055229
v -7.183964 12.941875 5.850922
v -7.039921 12.889015 5.749443
v -7.183964 11.569029 5.850914
v -7.039921 11.378529 5.749428
v -7.283024 11.759530 6.190758
v -7.184221 11.696232 6.318192
v -7.184221 13.206744 6.318192
v -7.311731 13.449876 6.835106
v -7.438980 13.524016 6.962006
v -7.311745 12.077024 6.835083
v -7.438984 12.013528 6.962013
v -7.311489 11.886525 6.454086
v -7.438221 11.696232 6.318192
v -7.438219 13.206744 6.318192
v -7.311985 13.576876 7.089104
v -7.184980 13.524016 6.962212
v -7.311983 12.204029 7.089142
v -7.184980 12.013529 6.962212
v -7.312235 12.394528 7.470139
v -7.185488 12.331232 7.588196
v -7.185488 13.841743 7.588203
v -7.312740 14.084873 8.105118
v -7.439999 14.159018 8.232002
v -7.312740 12.712014 8.105110
v -7.439989 12.648520 8.232033
v -7.312483 12.521526 7.724136
v -7.439482 12.331240 7.588226
v -7.439489 13.841743 7.588196
v -7.312998 14.211877 8.359108
v -7.185999 14.159019 8.232208
v -7.312998 12.839029 8.359138
v -7.185997 12.648530 8.232208
v -7.313248 13.029530 8.740135
v -7.185488 12.966231 8.858192
v -7.185488 14.476745 8.858192
v 0.032125 8.369877 2.688080
v -0.088833 8.444017 2.552284
v 0.032093 6.997029 2.688072
v -0.088835 6.933529 2.552284
v 0.402731 6.806531 2.715607
v 0.542435 6.616232 2.597092
v 0.542435 8.126746 2.597092
v -0.227896 8.496875 2.670212
v -0.106892 8.444016 2.805672
v -0.227896 7.124030 2.670212
v -0.106892 6.933528 2.805672
v -0.594826 7.301702 2.645782
v -0.732901 7.238431 2.765045
v -0.732872 8.748943 2.765045
v -1.243034 9.004876 2.611320
v -1.363503 9.079018 2.478119
v -1.243034 7.632029 2.611320
v -1.363529 7.568530 2.478119
v -0.855175 7.428703 2.631096
v -0.717913 7.238431 2.511467
v -0.717913 8.748944 2.511467
v -1.496702 9.131876 2.598640
v -1.376204 9.079018 2.731819
v -1.496702 7.759029 2.598640
v -1.376228 7.568529 2.731819
v -1.877247 7.949528 2.579590
v -2.010851 7.886232 2.700066
v -2.010851 9.396745 2.700066
v -2.511436 9.639874 2.547867
v -2.631929 9.714016 2.414665
v -2.511457 8.267030 2.547867
v -2.631929 8.203530 2.414665
v -2.130915 8.076530 2.566895
v -1.998150 7.886232 2.446365
v -1.998150 9.396745 2.446365
v -2.765104 9.766873 2.535164
v -2.644632 9.714015 2.668343
v -2.765127 8.394030 2.535164
v -2.644630 8.203530 2.668343
v -3.145647 8.584530 2.516113
v -3.279068 8.521234 2.636597
v -3.279047 10.031746 2.636589
v -3.775133 10.274876 2.538658
v -3.915998 10.349018 2.418808
v -3.775133 8.902031 2.538658
v -3.916027 8.838530 2.418808
v -3.396545 8.711530 2.505653
v -3.266600 8.521232 2.382889
v -3.266600 10.031745 2.382889
v -4.015520 10.401874 2.566406
v -3.881205 10.349017 2.679718
v -4.015518 9.029026 2.566422
v -3.881229 8.838530 2.679718
v -4.368301 9.190370 2.633522
v -4.467236 9.127099 2.770485
v -4.467207 10.637589 2.770500
v -5.000908 10.895370 2.885056
v -5.167868 10.969513 2.820335
v -5.000912 9.522502 2.885056
v -5.167868 9.459001 2.820335
v -4.620138 9.317371 2.683563
v -4.535837 9.127098 2.525940
v -4.535835 10.637587 2.525948
v -5.226158 11.022370 2.989624
v -5.060884 10.969517 3.050705
v -5.226158 9.649500 2.989624
v -5.060905 9.459000 3.050705
v -5.622471 9.877009 3.193115
v -5.670277 9.813738 3.355850
v -5.670277 11.324258 3.355858
v 5.127394 5.829874 3.293633
v 5.020838 5.904018 3.146805
v 5.127394 4.457030 3.293640
v 5.020807 4.393530 3.146805
v 5.467085 4.266531 3.357323
v 5.620531 4.076232 3.250961
v 5.620558 5.586745 3.250961
v 4.871588 5.956874 3.250656
v 4.978243 5.904016 3.397194
v 4.871565 4.584030 3.250656
v 4.978243 4.393529 3.397194
v 4.449438 4.774530 3.184700
v 4.310602 4.711233 3.290489
v 4.310629 6.221745 3.290512
v 3.806486 6.464874 3.092438
v 3.696253 6.539016 2.948250
v 3.806486 5.092030 3.092438
v 3.696226 5.028528 2.948250
v 4.199602 4.901530 3.142647
v 4.350145 4.711232 3.039558
v 4.350153 6.221746 3.039558
v 3.549410 6.591875 3.055725
v 3.659754 6.539016 3.199631
v 3.549387 5.219030 3.055717
v 3.659723 5.028530 3.199623
v 3.186781 5.409530 3.008980
v 3.045732 5.346234 3.113121
v 3.045763 6.856746 3.113121
v 2.593126 7.099875 2.931923
v 2.479239 7.174016 2.790443
v 2.593103 5.727029 2.931923
v 2.479239 5.663528 2.790443
v 2.937956 5.536530 2.973175
v 3.079157 5.346232 2.861305
v 3.079184 6.856745 2.861305
v 2.334909 7.226874 2.901436
v 2.448885 7.174016 3.042633
v 2.334887 5.854029 2.901436
v 2.448858 5.663530 3.042633
v 1.925032 6.044530 2.853477
v 1.784979 5.981235 2.965012
v 1.784979 7.491744 2.965012
v 1.306414 7.734874 2.794250
v 1.188967 7.809016 2.655563
v 1.306393 6.362030 2.794243
v 1.188940 6.298529 2.655563
v 1.686247 6.171530 2.826157
v 1.812258 5.981232 2.712456
v 1.812284 7.491745 2.712463
v 1.047205 7.861874 2.770058
v 1.164736 7.809017 2.908424
v 1.047209 6.489029 2.770065
v 1.164736 6.298530 2.908424
v 0.664000 6.679528 2.736633
v 0.521278 6.616230 2.850227
v 0.521301 8.126745 2.850227
v 8.909605 3.924874 4.088371
v 8.814505 3.999020 3.934250
v 8.909575 2.552030 4.088371
v 8.814482 2.488520 3.934250
v 9.277647 2.361519 4.177086
v 9.431723 2.171230 4.085335
v 9.431719 3.681749 4.085335
v 8.658522 4.051874 4.027031
v 8.753752 3.999017 4.180916
v 8.658522 2.679029 4.027023
v 8.753752 2.488520 4.180893
v 8.257963 2.869529 3.925377
v 8.102758 2.806233 4.019646
v 8.102770 4.316719 4.019653
v 7.648287 4.559875 3.789726
v 7.549299 4.634015 3.637909
v 7.648264 3.187030 3.789726
v 7.549273 3.123530 3.637909
v 8.006014 2.996505 3.867058
v 8.160479 2.806233 3.772301
v 8.160498 4.316743 3.772285
v 7.395483 4.686874 3.734467
v 7.494585 4.634017 3.885956
v 7.395452 3.314030 3.734467
v 7.494562 3.123530 3.885963
v 7.021063 3.504532 3.655739
v 6.839865 3.441234 3.747856
v 6.839884 4.951746 3.747864
v 6.388475 5.194872 3.528145
v 6.285677 5.269018 3.378777
v 6.388468 3.822029 3.528152
v 6.285654 3.758529 3.378777
v 6.731726 3.631529 3.600113
v 6.891546 3.441232 3.499176
v 6.891573 4.951746 3.499168
v 6.134092 5.321874 3.479012
v 6.237013 5.269017 3.628090
v 6.134089 3.949028 3.479012
v 6.236986 3.758530 3.628090
v 5.748060 4.139529 3.406990
v 5.574919 4.076232 3.500854
v 5.574923 5.586745 3.500847
v 9.909269 2.044019 4.336899
v 9.909288 3.416874 4.336899
v 10.000910 3.364017 4.491379
v 9.724684 3.713292 4.289780
v 9.693293 3.840292 4.412811
v 9.368887 3.681746 4.331436
v 9.368883 4.062745 4.331429
v -7.439230 14.857747 22.828194
v -7.439234 14.794245 22.511093
v -7.439234 14.857745 21.558189
v -7.439238 14.794242 21.876099
v -7.439234 14.476745 21.558189
v -7.312237 14.667245 21.876106
v -7.312231 14.466104 21.685608
v -7.312235 14.466103 21.050629
v -7.185234 14.476745 20.923630
v -7.312235 13.093235 21.050621
v -7.185234 12.966232 20.923630
v -7.312235 13.093232 21.431625
v -7.185236 12.966231 21.558189
v -7.185236 14.476745 21.558189
v -7.312235 14.466103 20.796631
v -7.439234 14.476744 20.923630
v -7.312235 13.093232 20.796616
v -7.439236 12.966232 20.923630
v -7.312235 13.093234 20.415627
v -7.439234 12.966231 20.288193
v -7.439234 14.476744 20.288193
v -7.312235 14.466102 19.780632
v -7.185234 14.476744 19.653618
v -7.312235 13.093231 19.780624
v -7.185234 12.966231 19.653625
v -7.312235 13.093231 20.161629
v -7.185234 12.966232 20.288200
v -7.185234 14.476744 20.288193
v -7.312235 14.466103 19.526634
v -7.439234 14.476744 19.653625
v -7.312235 13.093231 19.526627
v -7.439234 12.966231 19.653625
v -7.312233 13.093231 19.145630
v -7.439234 12.966231 19.018196
v -7.439236 14.476743 19.018196
v -7.312235 14.466102 18.510628
v -7.185234 14.476744 18.383629
v -7.312235 13.093231 18.510620
v -7.185234 12.966231 18.383629
v -7.312235 13.093231 18.891632
v -7.185234 12.966231 19.018204
v -7.185234 14.476744 19.018196
v -7.312235 14.466102 18.256638
v -7.439234 14.476744 18.383629
v -7.312233 13.093234 18.256630
v -7.439234 12.966231 18.383629
v -7.312235 13.093234 17.875626
v -7.439234 12.966231 17.748192
v -7.439234 14.476744 17.748192
v -7.312235 14.466102 17.240631
v -7.185236 14.476745 17.113632
v -7.312235 13.093231 17.240631
v -7.185234 12.966231 17.113632
v -7.312235 13.093234 17.621628
v -7.185234 12.966231 17.748184
v -7.185234 14.476746 17.748192
v -7.312235 14.466104 16.986626
v -7.439236 14.476747 17.113632
v -7.312235 13.093233 16.986610
v -7.439234 12.966232 17.113632
v -7.312235 13.093235 16.605621
v -7.439236 12.966232 16.478195
v -7.439234 14.476745 16.478195
v -7.312235 14.466103 15.970627
v -7.185234 14.476745 15.843628
v -7.312235 13.093231 15.970619
v -7.185234 12.966233 15.843628
v -7.312235 13.093231 16.351631
v -7.185234 12.966232 16.478195
v -7.185234 14.476745 16.478195
v -7.312235 14.466103 15.716629
v -7.439234 14.476745 15.843620
v -7.312235 13.093233 15.716629
v -7.439234 12.966233 15.843628
v -7.312235 13.093235 15.335632
v -7.439234 12.966232 15.208191
v -7.439236 14.476745 15.208191
v -7.312235 14.466103 14.700630
v -7.185236 14.476745 14.573624
v -7.312235 13.093233 14.700630
v -7.185236 12.966231 14.573631
v -7.312235 13.093235 15.081627
v -7.185234 12.966232 15.208191
v -7.185234 14.476745 15.208191
v -7.312235 14.466103 14.446632
v -7.439236 14.476745 14.573631
v -7.312235 13.093231 14.446632
v -7.439234 12.966232 14.573631
v -7.312235 13.093232 14.065628
v -7.439234 12.966231 13.938194
v -7.439234 14.476746 13.938202
v -7.312235 14.466102 13.430626
v -7.185234 14.476744 13.303627
v -7.312235 13.093230 13.430626
v -7.185234 12.966231 13.303627
v -7.312233 13.093232 13.811630
v -7.185234 12.966231 13.938194
v -7.185236 14.476744 13.938187
v -7.312237 14.466103 13.176628
v -7.439234 14.476744 13.303627
v -7.312235 13.093230 13.176628
v -7.439234 12.966231 13.303627
v -7.312235 13.093234 12.795631
v -7.439234 12.966232 12.668190
v -7.439236 14.476744 12.668190
v -7.312235 14.466100 12.160629
v -7.185234 14.476744 12.033630
v -7.312235 13.093232 12.160629
v -7.185234 12.966232 12.033630
v -7.312235 13.093234 12.541626
v -7.185234 12.966232 12.668190
v -7.185234 14.476744 12.668190
v -7.312235 14.466103 11.906631
v -7.439234 14.476744 12.033630
v -7.312235 13.093232 11.906631
v -7.439234 12.966231 12.033630
v -7.312235 13.093232 11.525627
v -7.439234 12.966231 11.398193
v -7.439236 14.476744 11.398193
v -7.312235 14.466104 10.890633
v -7.185234 14.476745 10.763626
v -7.312235 13.093232 10.890633
v -7.185234 12.966232 10.763618
v -7.312235 13.093234 11.271614
v -7.185234 12.966232 11.398193
v -7.185234 14.476744 11.398193
v -7.312239 14.466101 10.636612
v -7.439234 14.476745 10.763618
v -7.312237 13.093233 10.636620
v -7.439234 12.966232 10.763626
v -7.312235 13.093233 10.255630
v -7.439234 12.966232 10.128189
v -7.439234 14.476747 10.128189
v -7.312235 14.466103 9.620628
v -7.185234 14.476745 9.493629
v -7.312235 13.093233 9.620628
v -7.185234 12.966231 9.493629
v -7.312235 13.093232 10.001633
v -7.185234 12.966232 10.128189
v -7.185234 14.476745 10.128189
v -7.312235 14.466104 9.366631
v -7.439236 14.476745 9.493629
v -7.312233 13.093233 9.366631
v -7.439245 12.966232 9.493629
v -7.312235 13.093233 8.985626
v -7.439993 12.966217 8.858170
v -7.439999 14.476747 8.858192
v 11.304590 2.768387 -10.127522
v 11.221384 1.301948 -9.987053
v 11.221506 2.663382 -9.987106
v 11.231874 2.736916 -9.838543
v 11.304590 2.768387 -10.127522
v 11.382570 2.894321 -10.084839
v 11.546396 2.422203 -10.351547
v 10.762304 1.855278 -11.796478
v 10.160776 1.540361 -11.812378
v 10.429335 1.634643 -11.841991
v 10.160780 1.162534 -11.812370
v 10.426004 1.508707 -11.716084
v 10.256186 1.214756 -11.708210
v 10.593954 1.403704 -11.697937
v 8.909609 3.924874 -9.231976
v 8.753748 3.999017 -9.324524
v 8.909578 2.552029 -9.231983
v 8.753748 2.488519 -9.324497
v 9.277651 2.361519 -9.320686
v 9.368883 2.171231 -9.475040
v 9.368879 3.681745 -9.475040
v 8.658518 4.051875 -9.170654
v 8.814505 3.999016 -9.077866
v 8.658522 2.679030 -9.170658
v 8.814482 2.488519 -9.077869
v 8.257963 2.869529 -9.069012
v 8.160479 2.806232 -8.915920
v 8.160501 4.316746 -8.915920
v 7.648287 4.559873 -8.933350
v 7.494593 4.634017 -9.029579
v 7.648264 3.187030 -8.933338
v 7.494570 3.123530 -9.029579
v 8.006018 2.996504 -9.010681
v 8.102758 2.806233 -9.163261
v 8.102770 4.316720 -9.163261
v 7.395491 4.686875 -8.878063
v 7.549307 4.634017 -8.781521
v 7.395456 3.314030 -8.878071
v 7.549280 3.123531 -8.781517
v 7.021063 3.504530 -8.799347
v 6.891546 3.441232 -8.642784
v 6.891569 4.951745 -8.642784
v 6.388479 5.194874 -8.671764
v 6.237013 5.269017 -8.771694
v 6.388475 3.822031 -8.671764
v 6.236986 3.758529 -8.771694
v 6.731730 3.631531 -8.743721
v 6.839857 3.441232 -8.891453
v 6.839884 4.951745 -8.891476
v 6.134089 5.321874 -8.622620
v 6.285681 5.269016 -8.522388
v 6.134089 3.949028 -8.622627
v 6.285658 3.758530 -8.522385
v 5.748053 4.139528 -8.550621
v 5.620531 4.076231 -8.394577
v 5.620554 5.586745 -8.394577
v 9.523745 2.234519 -9.383503
v 9.523767 3.607373 -9.383507
v 9.368879 3.681745 -9.475040
v 9.724684 3.713292 -9.433392
v 9.693296 3.840293 -9.556419
v 10.000910 3.364017 -9.634991
v 10.012621 3.681542 -9.639988
v 9.909296 3.416872 -9.480515
v 10.063753 3.364016 -9.388859
v 9.909273 2.044019 -9.480507
v 10.063749 1.853518 -9.388859
v 9.523748 2.234519 -9.383507
v 9.431719 2.171229 -9.228951
v 9.431723 3.681744 -9.228943
v 5.127386 5.829874 -8.437256
v 4.978243 5.904018 -8.540806
v 5.127386 4.457029 -8.437256
v 4.978239 4.393529 -8.540806
v 5.467081 4.266529 -8.500931
v 5.574915 4.076232 -8.644466
v 5.574930 5.586745 -8.644466
v 4.871592 5.956875 -8.394268
v 5.020838 5.904017 -8.290413
v 4.871565 4.584030 -8.394260
v 5.020811 4.393529 -8.290409
v 4.449438 4.774529 -8.328304
v 4.350149 4.711233 -8.183174
v 4.350149 6.221745 -8.183167
v 3.806486 6.464874 -8.236053
v 3.659754 6.539017 -8.343239
v 3.806486 5.092030 -8.236053
v 3.659727 5.028530 -8.343243
v 4.199602 4.901530 -8.286247
v 4.310602 4.711232 -8.434101
v 4.310629 6.221745 -8.434128
v 3.549410 6.591874 -8.199326
v 3.696249 6.539015 -8.091862
v 3.549387 5.219027 -8.199329
v 3.696222 5.028526 -8.091862
v 3.186781 5.409525 -8.152599
v 3.079157 5.346231 -8.004917
v 3.079184 6.856744 -8.004917
v 2.593126 7.099877 -8.075535
v 2.448885 7.174016 -8.186245
v 2.593103 5.727030 -8.075535
v 2.448858 5.663529 -8.186245
v 2.937960 5.536530 -8.116776
v 3.045732 5.346233 -8.256721
v 3.045759 6.856744 -8.256729
v 2.334917 7.226875 -8.045033
v 2.479239 7.174018 -7.934052
v 2.334887 5.854030 -8.045033
v 2.479239 5.663529 -7.934052
v 1.925032 6.044530 -7.997101
v 1.812252 5.981232 -7.856079
v 1.812284 7.491744 -7.856075
v 1.306416 7.734874 -7.937862
v 1.164736 7.809017 -8.052036
v 1.306393 6.362030 -7.937862
v 1.164736 6.298529 -8.052036
v 1.686247 6.171529 -7.969765
v 1.784979 5.981232 -8.108627
v 1.784979 7.491745 -8.108627
v 1.047209 7.861874 -7.913681
v 1.188967 7.809015 -7.799179
v 1.047209 6.489030 -7.913681
v 1.188940 6.298530 -7.799179
v 0.664000 6.679530 -7.880257
v 0.542435 6.616232 -7.740707
v 0.542435 8.126745 -7.740707
v 0.032125 8.369875 -7.831688
v -0.106892 8.444017 -7.949287
v 0.032097 6.997029 -7.831688
v -0.106892 6.933529 -7.949287
v 0.402735 6.806530 -7.859222
v 0.521278 6.616232 -7.993843
v 0.521301 8.126745 -7.993843
v -0.227900 8.496875 -7.813831
v -0.088833 8.444018 -7.695904
v -0.227896 7.124028 -7.813831
v -0.088833 6.933528 -7.695908
v -0.594826 7.301700 -7.789398
v -0.717913 7.238430 -7.655087
v -0.717913 8.748942 -7.655079
v -1.243034 9.004875 -7.754929
v -1.376204 9.079018 -7.875423
v -1.243034 7.632029 -7.754929
v -1.376228 7.568529 -7.875423
v -0.855175 7.428701 -7.774719
v -0.732901 7.238431 -7.908653
v -0.732872 8.748944 -7.908653
v -1.496708 9.131874 -7.742256
v -1.363503 9.079017 -7.621731
v -1.496698 7.759030 -7.742271
v -1.363529 7.568530 -7.621731
v -1.877247 7.949529 -7.723213
v -1.998150 7.886234 -7.589981
v -1.998150 9.396747 -7.589981
v -2.511435 9.639874 -7.691483
v -2.644630 9.714017 -7.811954
v -2.511457 8.267030 -7.691483
v -2.644630 8.203529 -7.811954
v -2.130911 8.076530 -7.710506
v -2.010851 7.886232 -7.843674
v -2.010851 9.396747 -7.843674
v -2.765102 9.766875 -7.678783
v -2.631929 9.714015 -7.558277
v -2.765127 8.394030 -7.678783
v -2.631929 8.203527 -7.558277
v -3.145647 8.584529 -7.659733
v -3.266600 8.521231 -7.526505
v -3.266600 10.031745 -7.526505
v -3.775133 10.274874 -7.682259
v -3.881205 10.349016 -7.823330
v -3.775133 8.902030 -7.682255
v -3.881229 8.838530 -7.823330
v -3.396545 8.711530 -7.649261
v -3.279070 8.521235 -7.780205
v -3.279047 10.031745 -7.780205
v -4.015518 10.401874 -7.710022
v -3.916002 10.349018 -7.562424
v -4.015520 9.029030 -7.710022
v -3.916027 8.838530 -7.562416
v -4.368301 9.190371 -7.777142
v -4.535837 9.127098 -7.669559
v -4.535837 10.637587 -7.669559
v -5.000931 10.895362 -8.028717
v -5.060862 10.969527 -8.194271
v -5.000925 9.522504 -8.028702
v -5.060902 9.459002 -8.194309
v -4.620142 9.317370 -7.827168
v -4.467234 9.127097 -7.914116
v -4.467207 10.637587 -7.914108
v -5.226156 11.022373 -8.133228
v -5.167921 10.969499 -7.964092
v -5.226152 9.649504 -8.133224
v -5.167885 9.458999 -7.963997
v -5.622475 9.877009 -8.336720
v -5.812870 9.813737 -8.289268
v -5.812872 11.324250 -8.289249
v -6.014599 11.534156 -8.679924
v -6.018969 11.608298 -8.856045
v -6.014601 10.161285 -8.679924
v -6.018969 10.097785 -8.856075
v -5.834362 10.004009 -8.486732
v -5.670279 9.813737 -8.499454
v -5.670279 11.324250 -8.499454
v -6.186556 11.661155 -8.854759
v -6.193441 11.608297 -8.671467
v -6.186558 10.288285 -8.854778
v -6.193464 10.097787 -8.671490
v -6.405275 10.489531 -9.088600
v -6.594049 10.426234 -9.100830
v -6.594049 11.936746 -9.100830
v -6.694355 12.179875 -9.610756
v -6.627779 12.254017 -9.783417
v -6.694353 10.807031 -9.610756
v -6.627779 10.743530 -9.783455
v -6.549625 10.616529 -9.298714
v -6.392172 10.426234 -9.254974
v -6.392172 11.936745 -9.254974
v -6.811428 12.306873 -9.829762
v -6.851786 12.254017 -9.665791
v -6.811449 10.934029 -9.829758
v -6.851786 10.743530 -9.665825
v -6.928873 11.124530 -10.109859
v -7.104206 11.061234 -10.198872
v -7.104210 12.571745 -10.198837
v -7.142309 12.814874 -10.749687
v -7.039921 12.889017 -10.893047
v -7.142307 11.442030 -10.749687
v -7.039921 11.378530 -10.893047
v -7.022877 11.251530 -10.379639
v -6.863876 11.061234 -10.281067
v -6.863876 12.571745 -10.281055
v -7.183964 12.941875 -10.994522
v -7.267023 12.889017 -10.844101
v -7.183966 11.569031 -10.994522
v -7.252798 11.378531 -10.850506
v -7.283026 11.759528 -11.334373
v -7.438219 11.696232 -11.461807
v -7.438221 13.206744 -11.461807
v -7.311724 13.449874 -11.978722
v -7.184978 13.524018 -12.105816
v -7.311726 12.077028 -11.978748
v -7.184978 12.013530 -12.105824
v -7.311472 11.886529 -11.597748
v -7.184219 11.696231 -11.461807
v -7.184221 13.206743 -11.461807
v -7.311981 13.576873 -12.232723
v -7.438980 13.524016 -12.105618
v -7.311981 12.204028 -12.232742
v -7.438980 12.013529 -12.105644
v -7.312235 12.394530 -12.613743
v -7.439489 12.331232 -12.731800
v -7.439489 13.841744 -12.731804
v -7.312746 14.084873 -13.248722
v -7.185999 14.159016 -13.375828
v -7.312744 12.712029 -13.248749
v -7.185999 12.648529 -13.375824
v -7.312489 12.521529 -12.867744
v -7.185488 12.331234 -12.731792
v -7.185490 13.841744 -12.731804
v -7.312996 14.211874 -13.502724
v -7.439999 14.159018 -13.375618
v -7.312996 12.839028 -13.502747
v -7.439999 12.648529 -13.375645
v -7.313251 13.029527 -13.883747
v -7.439997 12.966232 -14.001804
v -7.439999 14.476745 -14.001804
v -7.312237 14.466103 -27.464241
v -7.439234 14.476745 -27.337208
v -7.312235 13.093233 -27.464211
v -7.439236 12.966233 -27.337231
v -7.311981 13.093208 -27.845188
v -7.439234 12.966233 -27.971806
v -7.439236 14.476742 -27.971806
v -7.312235 14.466104 -27.210209
v -7.185234 14.476745 -27.337208
v -7.312235 13.093233 -27.210209
v -7.185234 12.966234 -27.337238
v -7.312235 13.093233 -26.829239
v -7.185234 12.966233 -26.701801
v -7.185236 14.476745 -26.701805
v -7.312235 14.466103 -26.194237
v -7.439234 14.476747 -26.067238
v -7.312235 13.093235 -26.194237
v -7.439234 12.966235 -26.067238
v -7.312235 13.093233 -26.575237
v -7.439234 12.966233 -26.701805
v -7.439234 14.476745 -26.701805
v -7.312235 14.466103 -25.940243
v -7.185236 14.476745 -26.067238
v -7.312235 13.093232 -25.940239
v -7.185236 12.966233 -26.067238
v -7.312235 13.093232 -25.559238
v -7.185236 12.966231 -25.431805
v -7.185236 14.476744 -25.431805
v -7.312235 14.466102 -24.924240
v -7.439234 14.476746 -24.797237
v -7.312235 13.093232 -24.924236
v -7.439234 12.966232 -24.797237
v -7.312235 13.093234 -25.305237
v -7.439234 12.966232 -25.431805
v -7.439234 14.476746 -25.431805
v -7.312235 14.466103 -24.670238
v -7.185234 14.476746 -24.797237
v -7.312235 13.093232 -24.670238
v -7.185234 12.966232 -24.797237
v -7.312235 13.093234 -24.289238
v -7.185234 12.966233 -24.161800
v -7.185234 14.476744 -24.161800
v -7.312233 14.466105 -23.654232
v -7.439234 14.476745 -23.527237
v -7.312235 13.093235 -23.654236
v -7.439234 12.966232 -23.527237
v -7.312237 13.093232 -24.035236
v -7.439236 12.966232 -24.161804
v -7.439236 14.476744 -24.161808
v -7.312235 14.466100 -23.400238
v -7.185234 14.476745 -23.527237
v -7.312235 13.093233 -23.400238
v -7.185234 12.966233 -23.527241
v -7.312235 13.093233 -23.019238
v -7.185236 12.966233 -22.891804
v -7.185234 14.476744 -22.891804
v -7.312237 14.466100 -22.384239
v -7.439236 14.476744 -22.257240
v -7.312235 13.093232 -22.384239
v -7.439236 12.966234 -22.257236
v -7.312235 13.093233 -22.765236
v -7.439234 12.966233 -22.891804
v -7.439234 14.476745 -22.891808
v -7.312239 14.466105 -22.130238
v -7.185236 14.476745 -22.257244
v -7.312235 13.093235 -22.130238
v -7.185234 12.966232 -22.257236
v -7.312235 13.093233 -21.749237
v -7.185236 12.966232 -21.621803
v -7.185234 14.476742 -21.621807
v -7.312235 14.466103 -21.114239
v -7.439232 14.476747 -20.987236
v -7.312235 13.093235 -21.114246
v -7.439234 12.966234 -20.987236
v -7.312235 13.093233 -21.495239
v -7.439234 12.966233 -21.621803
v -7.439234 14.476745 -21.621807
v -7.312235 14.466103 -20.860237
v -7.185234 14.476745 -20.987236
v -7.312239 13.093232 -20.860237
v -7.185236 12.966232 -20.987236
v -7.312235 13.093235 -20.479237
v -7.185234 12.966234 -20.351807
v -7.185234 14.476747 -20.351803
v -7.312235 14.466104 -19.844231
v -7.439234 14.476747 -19.717239
v -7.312235 13.093232 -19.844238
v -7.439234 12.966233 -19.717243
v -7.312235 13.093232 -20.225239
v -7.439234 12.966234 -20.351807
v -7.439234 14.476745 -20.351807
v -7.312239 14.466108 -19.590237
v -7.185238 14.476750 -19.717239
v -7.312235 13.093232 -19.590237
v -7.185234 12.966233 -19.717239
v -7.312235 13.093231 -19.209236
v -7.185234 12.966232 -19.081806
v -7.185230 14.476744 -19.081799
v -7.312239 14.466099 -18.574238
v -7.439234 14.476744 -18.447239
v -7.312235 13.093232 -18.574238
v -7.439234 12.966231 -18.447239
v -7.312235 13.093234 -18.955238
v -7.439234 12.966232 -19.081806
v -7.439234 14.476744 -19.081806
v -7.312239 14.466088 -18.320259
v -7.185238 14.476730 -18.447258
v -7.312235 13.093232 -18.320236
v -7.185234 12.966232 -18.447239
v -7.312235 13.093232 -17.939240
v -7.185236 12.966232 -17.811806
v -7.185238 14.476740 -17.811813
v -7.312235 14.466105 -17.304237
v -7.439234 14.476745 -17.177238
v -7.312235 13.093235 -17.304237
v -7.439234 12.966233 -17.177238
v -7.312235 13.093232 -17.685238
v -7.439234 12.966231 -17.811806
v -7.439234 14.476744 -17.811806
v -7.312216 14.466095 -17.050213
v -7.185215 14.476739 -17.177216
v -7.312235 13.093233 -17.050240
v -7.185234 12.966234 -17.177238
v -7.312235 13.093233 -16.669239
v -7.185234 12.966232 -16.541805
v -7.185226 14.476750 -16.541786
v -7.312235 14.466105 -16.034237
v -7.439234 14.476745 -15.907238
v -7.312235 13.093233 -16.034237
v -7.439238 12.966233 -15.907238
v -7.312235 13.093235 -16.415237
v -7.439234 12.966234 -16.541805
v -7.439234 14.476745 -16.541805
v -7.312233 14.466098 -15.780239
v -7.185230 14.476744 -15.907234
v -7.312235 13.093233 -15.780239
v -7.185234 12.966233 -15.907238
v -7.312235 13.093233 -15.399239
v -7.185234 12.966233 -15.271805
v -7.185240 14.476753 -15.271805
v -7.312239 14.466103 -14.764236
v -7.439234 14.476745 -14.637238
v -7.312237 13.093233 -14.764236
v -7.439234 12.966233 -14.637238
v -7.312235 13.093235 -15.145237
v -7.439234 12.966234 -15.271805
v -7.439234 14.476747 -15.271805
v -7.312237 14.466103 -14.510246
v -7.185234 14.476741 -14.637238
v -7.312235 13.093233 -14.510239
v -7.185236 12.966232 -14.637245
v -7.312235 13.093232 -14.129238
v -7.185488 12.966233 -14.001812
v -7.185488 14.476745 -14.001804
v 10.704950 3.049385 4.410149
v 10.702406 3.427746 4.410057
v 10.394796 3.522793 4.333855
v 9.431723 4.062745 4.085335
v 9.756105 3.840288 4.166710
v 9.431719 3.681749 4.085335
v -5.812872 11.324250 3.145630
v -5.812870 11.705250 3.145630
v -5.993368 11.777792 3.340210
v -6.594051 12.317744 3.957214
v -6.382771 12.095293 3.735291
v -6.594049 11.936748 3.957222
v -6.594049 11.936748 3.957222
v -6.594051 12.317744 3.957214
v -6.724377 12.412791 4.233109
v -7.104210 12.952744 5.055237
v -6.992525 12.730292 4.807076
v -7.104212 12.571743 5.055229
v -7.104212 12.571743 5.055229
v -7.104210 12.952744 5.055237
v -7.196411 13.047792 5.393219
v -7.438221 13.587744 6.318192
v -7.339918 13.365294 5.978111
v -7.438219 13.206744 6.318192
v -7.438219 13.206744 6.318192
v -7.438221 13.587744 6.318192
v -7.438725 13.682793 6.644531
v -7.439489 14.222744 7.588196
v -7.439236 14.000290 7.279518
v -7.439489 13.841743 7.588196
v -7.439489 13.841743 7.588196
v -7.439489 14.222744 7.588196
v -7.439743 14.317793 7.914528
v -7.439999 14.857744 8.858185
v -7.440250 14.635293 8.549530
v -7.439999 14.476747 8.858192
v 0.542435 8.126746 2.597092
v 0.542435 8.507745 2.597099
v 0.224070 8.602792 2.575676
v -0.717913 9.129942 2.511467
v -0.391373 8.920293 2.530899
v -0.717913 8.748944 2.511467
v -0.717913 8.748944 2.511467
v -0.717913 9.129942 2.511467
v -1.043821 9.237793 2.494072
v -1.998150 9.777745 2.446365
v -1.680628 9.555293 2.462265
v -1.998150 9.396745 2.446365
v -1.998150 9.396745 2.446365
v -1.998150 9.777745 2.446365
v -2.314838 9.872791 2.430519
v -3.266596 10.412745 2.382889
v -2.949051 10.190290 2.398781
v -3.266600 10.031745 2.382889
v -3.266600 10.031745 2.382889
v -3.266596 10.412745 2.382889
v -3.583641 10.507792 2.405273
v -4.535835 11.018588 2.525948
v -4.229767 10.825294 2.476944
v -4.535835 10.637587 2.525948
v -4.535835 10.637587 2.525948
v -4.535835 11.018588 2.525948
v -4.846781 11.142791 2.677330
v -5.812870 11.705250 3.145630
v -5.502811 11.460291 2.987289
v -5.812872 11.324250 3.145630
v 5.620558 5.586745 3.250961
v 5.620554 5.967745 3.250961
v 5.324137 6.062792 3.199455
v 4.350145 6.602744 3.039558
v 4.674582 6.380293 3.091812
v 4.350153 6.221746 3.039558
v 4.350153 6.221746 3.039558
v 4.350145 6.602744 3.039558
v 4.026125 6.697793 2.999336
v 3.079184 7.237745 2.861305
v 3.388784 7.015293 2.905319
v 3.079184 6.856745 2.861305
v 3.079184 6.856745 2.861305
v 3.079184 7.237745 2.861305
v 2.783480 7.332792 2.825333
v 1.812284 7.872746 2.712463
v 2.155512 7.650293 2.748970
v 1.812284 7.491745 2.712463
v 1.812284 7.491745 2.712463
v 1.812284 7.872746 2.712463
v 1.507183 7.967792 2.686859
v 0.542435 8.507745 2.597099
v 0.870420 8.285294 2.628365
v 0.542435 8.126746 2.597092
v 9.431719 3.681749 4.085335
v 9.431723 4.062745 4.085335
v 9.132132 4.157794 4.015434
v 8.160501 4.697745 3.772301
v 8.492918 4.475295 3.858315
v 8.160498 4.316743 3.772285
v 8.160498 4.316743 3.772285
v 8.160501 4.697745 3.772301
v 7.865782 4.792790 3.705620
v 6.891569 5.332747 3.499176
v 7.232264 5.110290 3.572090
v 6.891573 4.951746 3.499168
v 6.891573 4.951746 3.499168
v 6.891569 5.332747 3.499176
v 6.585016 5.427792 3.440948
v 5.620554 5.967745 3.250961
v 5.970308 5.745294 3.319916
v 5.620558 5.586745 3.250961
v 9.724684 3.713292 4.289780
v 9.523779 3.607375 4.239891
v 9.368887 3.681746 4.331436
v 9.523752 2.234519 4.239899
v 9.368883 2.171231 4.331429
v 10.000910 1.853519 4.491348
v -7.312239 13.093231 21.685631
v -7.312235 14.466101 21.685608
v -7.185236 14.476745 21.558189
v -7.312235 14.667245 21.876099
v -7.185234 14.794244 21.876099
v -7.185234 14.476745 22.193604
v -7.185236 14.476745 21.558189
v -7.185234 14.857745 21.558189
v -7.185234 14.794245 21.241104
v -7.185234 14.857744 20.288193
v -7.185236 14.794245 20.606102
v -7.185234 14.476744 20.288193
v -7.185234 14.476744 20.288193
v -7.185234 14.857744 20.288193
v -7.185234 14.794243 19.971107
v -7.185234 14.857744 19.018196
v -7.185234 14.794244 19.336105
v -7.185234 14.476744 19.018196
v -7.185234 14.476744 19.018196
v -7.185234 14.857744 19.018196
v -7.185236 14.794244 18.701103
v -7.185234 14.857744 17.748192
v -7.185234 14.794246 18.066109
v -7.185234 14.476746 17.748192
v -7.185234 14.476746 17.748192
v -7.185234 14.857744 17.748192
v -7.185234 14.794244 17.431107
v -7.185234 14.857745 16.478203
v -7.185234 14.794247 16.796104
v -7.185234 14.476745 16.478195
v -7.185234 14.476745 16.478195
v -7.185234 14.857745 16.478203
v -7.185234 14.794245 16.161102
v -7.185234 14.857745 15.208191
v -7.185234 14.794247 15.526108
v -7.185234 14.476745 15.208191
v -7.185234 14.476745 15.208191
v -7.185234 14.857745 15.208191
v -7.185234 14.794244 14.891106
v -7.185234 14.857744 13.938194
v -7.185236 14.794245 14.256096
v -7.185236 14.476744 13.938187
v -7.185236 14.476744 13.938187
v -7.185234 14.857744 13.938194
v -7.185234 14.794244 13.621109
v -7.185234 14.857744 12.668190
v -7.185236 14.794244 12.986099
v -7.185234 14.476744 12.668190
v -7.185234 14.476744 12.668190
v -7.185234 14.857744 12.668190
v -7.185234 14.794246 12.351105
v -7.185234 14.857744 11.398193
v -7.185234 14.794244 11.716103
v -7.185234 14.476744 11.398193
v -7.185234 14.476744 11.398193
v -7.185234 14.857744 11.398193
v -7.185234 14.794244 11.081108
v -7.185236 14.857745 10.128181
v -7.185234 14.794245 10.446106
v -7.185234 14.476745 10.128189
v -7.185234 14.476745 10.128189
v -7.185236 14.857745 10.128181
v -7.185236 14.794244 9.811096
v -7.185745 14.857745 8.858185
v -7.185234 14.794248 9.176109
v -7.185488 14.476745 8.858192
v 10.063753 3.364016 -9.388859
v 10.155394 1.917020 -9.543343
v 10.063749 1.853518 -9.388859
v 10.562654 1.726519 -9.651646
v 10.702387 1.536233 -9.553673
v 10.704939 3.049393 -9.553761
v 9.368879 3.681745 -9.475040
v 9.368883 4.062746 -9.475040
v 9.069899 4.157792 -9.405323
v 8.102770 4.697746 -9.163258
v 8.433680 4.475292 -9.248940
v 8.102770 4.316720 -9.163261
v 8.102770 4.316720 -9.163261
v 8.102770 4.697746 -9.163258
v 7.809553 4.792791 -9.096939
v 6.839884 5.332747 -8.891476
v 7.179071 5.110291 -8.964096
v 6.839884 4.951745 -8.891476
v 6.839884 4.951745 -8.891476
v 6.839884 5.332747 -8.891476
v 6.534853 5.427792 -8.833565
v 5.574930 5.967745 -8.644466
v 5.923170 5.745292 -8.713142
v 5.574930 5.586745 -8.644466
v 5.574930 5.586745 -8.644466
v 5.574930 5.967745 -8.644466
v 5.280016 6.062792 -8.593224
v 4.310629 6.602746 -8.434128
v 4.633512 6.380291 -8.486092
v 4.310629 6.221745 -8.434128
v 4.310629 6.221745 -8.434128
v 4.310629 6.602746 -8.434128
v 3.985884 6.697792 -8.387436
v 3.045759 7.237745 -8.256729
v 3.353830 7.015291 -8.300545
v 3.045759 6.856744 -8.256729
v 3.045759 6.856744 -8.256729
v 3.045759 7.237745 -8.256729
v 2.751574 7.332791 -8.220970
v 1.784979 7.872744 -8.108627
v 2.126707 7.650291 -8.144970
v 1.784979 7.491745 -8.108627
v 1.784979 7.491745 -8.108627
v 1.784979 7.872744 -8.108627
v 1.481421 7.967793 -8.083172
v 0.521301 8.507746 -7.993843
v 0.847742 8.285292 -8.024979
v 0.521301 8.126745 -7.993843
v 0.521301 8.126745 -7.993843
v 0.521301 8.507746 -7.993843
v 0.204487 8.602793 -7.972530
v -0.732868 9.129946 -7.908653
v -0.407877 8.920292 -7.928009
v -0.732872 8.748944 -7.908653
v -0.732872 8.748944 -7.908653
v -0.732868 9.129946 -7.908653
v -1.057259 9.237793 -7.891354
v -2.010851 9.777747 -7.843674
v -1.693327 9.555293 -7.859550
v -2.010851 9.396747 -7.843674
v -2.010851 9.396747 -7.843674
v -2.010851 9.777747 -7.843674
v -2.327538 9.872793 -7.827820
v -3.279047 10.412746 -7.780205
v -2.961750 10.190292 -7.796070
v -3.279047 10.031745 -7.780205
v -3.279047 10.031745 -7.780205
v -3.279047 10.412746 -7.780205
v -3.567133 10.507792 -7.796379
v -4.467207 11.018588 -7.914108
v -4.181128 10.825293 -7.869865
v -4.467207 10.637587 -7.914108
v -4.467207 10.637587 -7.914108
v -4.467207 11.018588 -7.914108
v -4.739571 11.142793 -8.040070
v -5.670277 11.705250 -8.499454
v -5.377625 11.460313 -8.351856
v -5.670279 11.324250 -8.499454
v -5.670279 11.324250 -8.499454
v -5.670277 11.705250 -8.499454
v -5.825802 11.777792 -8.662754
v -6.392172 12.317745 -9.254971
v -6.194000 12.095292 -9.048828
v -6.392172 11.936745 -9.254974
v -6.392172 11.936745 -9.254974
v -6.392172 12.317745 -9.254971
v -6.510763 12.412792 -9.514107
v -6.863874 12.952745 -10.281059
v -6.759605 12.730292 -10.052006
v -6.863876 12.571745 -10.281055
v -6.863876 12.571745 -10.281055
v -6.863874 12.952745 -10.281059
v -6.950186 13.047792 -10.599426
v -7.184221 13.587744 -11.461807
v -7.110306 13.365292 -11.190739
v -7.184221 13.206743 -11.461807
v -7.184221 13.206743 -11.461807
v -7.184221 13.587744 -11.461807
v -7.184727 13.682793 -11.788322
v -7.185490 14.222744 -12.731804
v -7.185236 14.000292 -12.423321
v -7.185490 13.841744 -12.731804
v -7.185490 13.841744 -12.731804
v -7.185490 14.222744 -12.731804
v -7.185745 14.317790 -13.058323
v -7.185745 14.857745 -14.001804
v -7.186251 14.635290 -13.693321
v -7.185488 14.476745 -14.001804
v -7.439236 14.476742 -27.971806
v -7.439234 14.857747 -27.971809
v -7.439236 14.794244 -27.654709
v -7.439234 14.857745 -26.701809
v -7.439234 14.794245 -27.019711
v -7.439234 14.476745 -26.701805
v -7.439234 14.476745 -26.701805
v -7.439234 14.857745 -26.701809
v -7.439234 14.794245 -26.384712
v -7.439238 14.857744 -25.431808
v -7.439234 14.794245 -25.749710
v -7.439234 14.476746 -25.431805
v -7.439234 14.476746 -25.431805
v -7.439238 14.857744 -25.431808
v -7.439236 14.794244 -25.114708
v -7.439234 14.857744 -24.161804
v -7.439236 14.794241 -24.479710
v -7.439236 14.476744 -24.161808
v -7.439236 14.476744 -24.161808
v -7.439234 14.857744 -24.161804
v -7.439234 14.794243 -23.844711
v -7.439234 14.857745 -22.891804
v -7.439234 14.794247 -23.209709
v -7.439234 14.476745 -22.891808
v -7.439234 14.476745 -22.891808
v -7.439234 14.857745 -22.891804
v -7.439236 14.794245 -22.574715
v -7.439234 14.857745 -21.621803
v -7.439236 14.794244 -21.939713
v -7.439234 14.476745 -21.621807
v -7.439234 14.476745 -21.621807
v -7.439234 14.857745 -21.621803
v -7.439234 14.794247 -21.304710
v -7.439234 14.857745 -20.351807
v -7.439234 14.794245 -20.669708
v -7.439234 14.476745 -20.351807
v -7.439234 14.476745 -20.351807
v -7.439234 14.857745 -20.351807
v -7.439234 14.794248 -20.034710
v -7.439232 14.857746 -19.081806
v -7.439234 14.794247 -19.399712
v -7.439234 14.476744 -19.081806
v -7.439234 14.476744 -19.081806
v -7.439232 14.857746 -19.081806
v -7.439236 14.794243 -18.764713
v -7.439234 14.857746 -17.811806
v -7.439234 14.794243 -18.129715
v -7.439234 14.476744 -17.811806
v -7.439234 14.476744 -17.811806
v -7.439234 14.857746 -17.811806
v -7.439234 14.794244 -17.494713
v -7.439234 14.857747 -16.541805
v -7.439234 14.794244 -16.859715
v -7.439234 14.476745 -16.541805
v -7.439234 14.476745 -16.541805
v -7.439234 14.857747 -16.541805
v -7.439234 14.794245 -16.224712
v -7.439234 14.857747 -15.271805
v -7.439234 14.794245 -15.589714
v -7.439234 14.476747 -15.271805
v -7.439234 14.476747 -15.271805
v -7.439234 14.857747 -15.271805
v -7.439234 14.794248 -14.954716
v -7.439999 14.857745 -14.001804
v -7.439234 14.794245 -14.319714
v -7.439999 14.476745 -14.001804
v 11.231874 3.114944 4.694931
v 10.702406 3.427746 4.410057
v 10.969973 3.209228 4.551315
v 10.704950 3.049385 4.410149
v 10.926920 3.083295 4.640732
v 11.562304 2.421936 5.809456
v 11.562296 2.485113 5.809448
v 11.554525 2.579386 5.503532
v 11.546396 2.800035 5.207939
v 11.546396 2.422203 5.207939
v 11.275305 1.792367 6.338341
v 10.956831 1.823622 6.416260
v 11.021360 1.949558 6.524384
v 10.762316 1.477237 6.652885
v 10.762300 1.792099 6.652885
v 9.709650 1.049925 6.332474
v 9.631903 1.162266 6.381775
v 9.860094 1.319723 6.513115
v 9.631899 1.225441 6.381767
v 10.160780 1.540361 6.668762
v 11.562300 0.924215 5.809456
v 11.481882 1.028989 5.669601
v 11.546396 0.924280 5.207939
v 11.462404 1.050673 5.635109
v 11.449392 1.048896 5.361320
v 10.155397 1.917020 4.399727
v 10.063757 1.853519 4.245255
v 10.562658 1.726520 4.508034
v 10.702383 1.536230 4.410065
v 10.704950 3.049385 4.410149
v -6.194000 12.095293 3.905220
v -6.392172 12.317743 4.111359
v -5.825802 11.777793 3.519135
v -5.670292 11.705251 3.355797
v -5.670277 11.324258 3.355858
v -6.759607 12.730292 4.908401
v -6.863874 12.952744 5.137451
v -6.510763 12.412792 4.370491
v -6.392172 12.317743 4.111359
v -6.392168 11.936747 4.111382
v -7.110302 13.365290 6.047127
v -7.184219 13.587746 6.318199
v -6.950180 13.047790 5.455826
v -6.863874 12.952744 5.137451
v -6.863873 12.571763 5.137466
v -7.185234 14.000292 7.279716
v -7.185488 14.222744 7.588196
v -7.184725 13.682793 6.644714
v -7.184219 13.587746 6.318199
v -7.184221 13.206744 6.318192
v -7.186251 14.635293 8.549706
v -7.185745 14.857745 8.858185
v -7.185745 14.317793 7.914719
v -7.185488 14.222744 7.588196
v -7.185488 13.841743 7.588203
v -0.407877 8.920290 2.784393
v -0.732872 9.129945 2.765045
v 0.204487 8.602792 2.828918
v 0.521301 8.507745 2.850227
v 0.521301 8.126745 2.850227
v -1.693327 9.555293 2.715942
v -2.010851 9.777745 2.700066
v -1.057259 9.237795 2.747742
v -0.732872 9.129945 2.765045
v -0.732872 8.748943 2.765045
v -2.961750 10.190292 2.652466
v -3.279047 10.412745 2.636589
v -2.327538 9.872791 2.684212
v -2.010851 9.777745 2.700066
v -2.010851 9.396745 2.700066
v -4.181124 10.825292 2.726257
v -4.467222 11.018589 2.770454
v -3.567133 10.507792 2.652763
v -3.279047 10.412745 2.636589
v -3.279047 10.031746 2.636589
v -5.377644 11.460299 3.208305
v -5.670292 11.705251 3.355797
v -4.739597 11.142800 2.896385
v -4.467222 11.018589 2.770454
v -4.467207 10.637589 2.770500
v 4.633509 6.380291 3.342484
v 4.310629 6.602746 3.290512
v 5.280016 6.062791 3.449623
v 5.574930 5.967744 3.500847
v 5.574923 5.586745 3.500847
v 3.353830 7.015293 3.156937
v 3.045759 7.237745 3.113121
v 3.985884 6.697792 3.243828
v 4.310629 6.602746 3.290512
v 4.310629 6.221745 3.290512
v 2.126707 7.650290 3.001358
v 1.784979 7.872745 2.965012
v 2.751574 7.332791 3.077354
v 3.045759 7.237745 3.113121
v 3.045763 6.856746 3.113121
v 0.847742 8.285292 2.881371
v 0.521301 8.507745 2.850227
v 1.481421 7.967792 2.939560
v 1.784979 7.872745 2.965012
v 1.784979 7.491744 2.965012
v 8.433680 4.475291 4.105316
v 8.102770 4.697745 4.019653
v 9.069899 4.157792 4.261711
v 9.368883 4.062745 4.331429
v 9.368887 3.681746 4.331436
v 7.179075 5.110291 3.820488
v 6.839884 5.332745 3.747864
v 7.809553 4.792792 3.953323
v 8.102770 4.697745 4.019653
v 8.102770 4.316719 4.019653
v 5.923170 5.745292 3.569534
v 5.574930 5.967744 3.500847
v 6.534853 5.427793 3.689949
v 6.839884 5.332745 3.747864
v 6.839884 4.951746 3.747864
v 10.000910 3.364017 4.491379
v 9.693293 3.840292 4.412811
v 10.012617 3.681542 4.496376
v 9.368883 4.062745 4.331429
v 10.007566 3.745245 4.494797
v -7.312235 14.466103 22.320625
v -7.185234 14.476745 22.193604
v -7.312235 13.093231 22.320602
v -7.185236 12.966231 22.193626
v -7.311983 13.093207 22.701576
v -7.312235 14.667247 22.511108
v -7.184980 14.476694 22.828094
v -7.185234 14.794247 22.511116
v -7.185234 14.857747 22.828209
v -7.185234 14.857745 21.558189
v -7.439234 12.966233 22.193619
v -7.439236 12.966232 21.558189
v -7.312235 13.093232 21.685631
v -7.439234 14.476745 21.558189
v -7.312231 14.466104 21.685608
v -7.439234 14.794245 20.606102
v -7.439234 14.857744 20.288185
v -7.439234 14.794245 21.241104
v -7.439234 14.857745 21.558189
v -7.439234 14.476745 21.558189
v -7.439236 14.794244 19.336105
v -7.439234 14.857742 19.018196
v -7.439234 14.794243 19.971100
v -7.439234 14.857744 20.288185
v -7.439234 14.476744 20.288193
v -7.439234 14.794244 18.066109
v -7.439234 14.857744 17.748192
v -7.439236 14.794243 18.701103
v -7.439234 14.857742 19.018196
v -7.439236 14.476743 19.018196
v -7.439234 14.794245 16.796097
v -7.439234 14.857745 16.478195
v -7.439234 14.794244 17.431107
v -7.439234 14.857744 17.748192
v -7.439234 14.476744 17.748192
v -7.439232 14.794245 15.526108
v -7.439234 14.857745 15.208191
v -7.439234 14.794245 16.161102
v -7.439234 14.857745 16.478195
v -7.439234 14.476745 16.478195
v -7.439234 14.794245 14.256104
v -7.439234 14.857744 13.938194
v -7.439236 14.794245 14.891098
v -7.439234 14.857745 15.208191
v -7.439236 14.476745 15.208191
v -7.439234 14.794244 12.986107
v -7.439234 14.857744 12.668198
v -7.439234 14.794244 13.621109
v -7.439234 14.857744 13.938194
v -7.439234 14.476746 13.938202
v -7.439234 14.794243 11.716103
v -7.439236 14.857744 11.398186
v -7.439234 14.794244 12.351105
v -7.439234 14.857744 12.668198
v -7.439236 14.476744 12.668190
v -7.439234 14.794247 10.446106
v -7.439236 14.857744 10.128174
v -7.439234 14.794244 11.081108
v -7.439236 14.857744 11.398186
v -7.439236 14.476744 11.398193
v -7.439238 14.794244 9.176094
v -7.439999 14.857744 8.858185
v -7.439236 14.794242 9.811081
v -7.439236 14.857744 10.128174
v -7.439234 14.476747 10.128189
v 10.926916 3.083303 -9.784348
v 11.066336 1.427918 -9.862324
v 10.781389 1.616872 -9.704140
v 11.231878 1.269993 -9.838539
v 10.702387 1.536233 -9.553673
v 11.546396 2.422203 -10.351547
v 11.546400 2.800036 -10.351547
v 11.554533 2.579384 -10.647144
v 11.562304 2.485110 -10.953068
v 11.562304 2.421936 -10.953068
v 10.160780 1.162534 -11.812370
v 10.160776 1.540361 -11.812378
v 9.860094 1.319725 -11.656719
v 9.631895 1.225442 -11.525387
v 9.631899 1.162267 -11.525383
v 11.449396 1.048896 -10.504940
v 11.462404 1.050674 -10.778721
v 11.546400 0.924281 -10.351540
v 11.481886 1.028989 -10.813221
v 11.562300 0.924215 -10.953068
v 8.492914 4.475293 -9.001919
v 8.160501 4.697745 -8.915916
v 9.132128 4.157793 -9.159050
v 9.431723 4.062746 -9.228943
v 9.431723 3.681744 -9.228943
v 7.232260 5.110291 -8.715710
v 6.891569 5.332745 -8.642784
v 7.865786 4.792792 -8.849243
v 8.160501 4.697745 -8.915916
v 8.160501 4.316746 -8.915920
v 5.970312 5.745293 -8.463535
v 5.620558 5.967746 -8.394577
v 6.585020 5.427791 -8.584568
v 6.891569 5.332745 -8.642784
v 6.891569 4.951745 -8.642784
v 9.368879 3.681745 -9.475040
v 9.693296 3.840293 -9.556419
v 9.368883 4.062746 -9.475040
v 10.012621 3.681542 -9.639988
v 10.007566 3.745246 -9.638412
v 9.756109 3.840292 -9.310322
v 9.431723 4.062746 -9.228943
v 10.394793 3.522791 -9.477455
v 10.702406 3.427746 -9.553688
v 10.704939 3.049393 -9.553761
v 4.674585 6.380291 -8.235420
v 4.350149 6.602744 -8.183174
v 5.324137 6.062793 -8.343071
v 5.620558 5.967746 -8.394577
v 5.620554 5.586745 -8.394577
v 3.388788 7.015292 -8.048927
v 3.079184 7.237744 -8.004917
v 4.026121 6.697793 -8.142941
v 4.350149 6.602744 -8.183174
v 4.350149 6.221745 -8.183167
v 2.155512 7.650291 -7.892574
v 1.812284 7.872745 -7.856075
v 2.783472 7.332793 -7.968952
v 3.079184 7.237744 -8.004917
v 3.079184 6.856744 -8.004917
v 0.870420 8.285292 -7.771980
v 0.542435 8.507746 -7.740715
v 1.507179 7.967792 -7.830467
v 1.812284 7.872745 -7.856075
v 1.812284 7.491744 -7.856075
v -0.391373 8.920292 -7.674515
v -0.717913 9.129944 -7.655079
v 0.224070 8.602793 -7.719296
v 0.542435 8.507746 -7.740715
v 0.542435 8.126745 -7.740707
v -1.680626 9.555291 -7.605881
v -1.998154 9.777745 -7.589973
v -1.043821 9.237792 -7.637684
v -0.717913 9.129944 -7.655079
v -0.717913 8.748942 -7.655079
v -2.949051 10.190291 -7.542400
v -3.266600 10.412745 -7.526505
v -2.314838 9.872792 -7.574127
v -1.998154 9.777745 -7.589973
v -1.998150 9.396747 -7.589981
v -4.229771 10.825292 -7.620564
v -4.535837 11.018586 -7.669559
v -3.583641 10.507792 -7.548885
v -3.266600 10.412745 -7.526505
v -3.266600 10.031745 -7.526505
v -5.502815 11.460293 -8.130901
v -5.812870 11.705250 -8.289242
v -4.846783 11.142793 -7.820942
v -4.535837 11.018586 -7.669559
v -4.535837 10.637587 -7.669559
v -6.382772 12.095292 -8.878906
v -6.594049 12.317745 -9.100822
v -5.993366 11.777792 -8.483833
v -5.812870 11.705250 -8.289242
v -5.812872 11.324250 -8.289249
v -6.992525 12.730291 -9.950684
v -7.104212 12.952744 -10.198841
v -6.724377 12.412792 -9.376713
v -6.594049 12.317745 -9.100822
v -6.594049 11.936746 -9.100830
v -7.339912 13.365296 -11.121719
v -7.438215 13.587747 -11.461796
v -7.196405 13.047793 -10.536835
v -7.104212 12.952744 -10.198841
v -7.104210 12.571745 -10.198837
v -7.439234 14.000290 -12.423145
v -7.439491 14.222744 -12.731804
v -7.438728 13.682792 -11.788143
v -7.438215 13.587747 -11.461796
v -7.438221 13.206744 -11.461807
v -7.440250 14.635293 -13.693146
v -7.439999 14.857745 -14.001804
v -7.439745 14.317792 -13.058144
v -7.439491 14.222744 -12.731804
v -7.439489 13.841744 -12.731804
v -7.185234 14.794245 -27.019711
v -7.185234 14.857745 -26.701805
v -7.185234 14.794244 -27.654709
v -7.185234 14.857745 -27.971806
v -7.184978 14.476692 -27.971703
v -7.185234 14.794245 -25.749710
v -7.185234 14.857744 -25.431805
v -7.185236 14.794245 -26.384708
v -7.185234 14.857745 -26.701805
v -7.185236 14.476745 -26.701805
v -7.185234 14.794244 -24.479710
v -7.185234 14.857744 -24.161800
v -7.185236 14.794246 -25.114708
v -7.185234 14.857744 -25.431805
v -7.185236 14.476744 -25.431805
v -7.185234 14.794248 -23.209709
v -7.185234 14.857745 -22.891800
v -7.185236 14.794247 -23.844711
v -7.185234 14.857744 -24.161800
v -7.185234 14.476744 -24.161800
v -7.185234 14.794242 -21.939709
v -7.185234 14.857745 -21.621803
v -7.185234 14.794245 -22.574711
v -7.185234 14.857745 -22.891800
v -7.185234 14.476744 -22.891804
v -7.185232 14.794244 -20.669708
v -7.185234 14.857745 -20.351803
v -7.185234 14.794244 -21.304710
v -7.185234 14.857745 -21.621803
v -7.185234 14.476742 -21.621807
v -7.185234 14.794244 -19.399712
v -7.185234 14.857744 -19.081806
v -7.185234 14.794247 -20.034710
v -7.185234 14.857745 -20.351803
v -7.185234 14.476747 -20.351803
v -7.185234 14.794241 -18.129715
v -7.185234 14.857744 -17.811806
v -7.185232 14.794243 -18.764709
v -7.185234 14.857744 -19.081806
v -7.185230 14.476744 -19.081799
v -7.185234 14.794245 -16.859711
v -7.185234 14.857745 -16.541805
v -7.185234 14.794243 -17.494713
v -7.185234 14.857744 -17.811806
v -7.185238 14.476740 -17.811813
v -7.185234 14.794248 -15.589710
v -7.185234 14.857745 -15.271805
v -7.185234 14.794247 -16.224709
v -7.185234 14.857745 -16.541805
v -7.185226 14.476750 -16.541786
v -7.185228 14.794238 -14.319710
v -7.185745 14.857745 -14.001804
v -7.185236 14.794248 -14.954716
v -7.185234 14.857745 -15.271805
v -7.185240 14.476753 -15.271805
v 11.304594 2.768386 4.983910
v 11.546396 2.422203 5.207939
v 11.382570 2.894319 4.941238
v 11.546396 2.800035 5.207939
v 11.275305 1.792367 6.338341
v 11.348921 2.138539 6.004150
v 11.261766 1.844589 6.141739
v 11.413534 2.033539 5.855820
v 11.562300 2.107072 5.809464
v 11.457575 2.453456 5.501663
v 11.462557 2.159506 5.647575
v 11.448355 2.348460 5.361626
v 11.109190 1.050090 6.300697
v 10.807947 1.050049 6.487274
v 11.105684 1.718623 6.298431
v 10.808222 1.529670 6.491135
v 10.160780 0.924030 6.668762
v 9.631899 0.923967 6.381775
v 10.034388 1.049967 6.508537
v 9.709650 1.049925 6.332474
v 10.762308 0.924090 6.652870
v 10.160780 0.924030 6.668762
v 10.594404 1.050027 6.550201
v 10.257959 1.049989 6.560280
v 10.762308 0.924090 6.652870
v 10.807947 1.050049 6.487274
v 11.275309 0.924154 6.338341
v 11.109190 1.050090 6.300697
v 11.275309 0.924154 6.338341
v 11.258619 1.050117 6.139229
v 11.562300 0.924215 5.809456
v 11.410284 1.050151 5.854523
v 10.000910 3.364017 4.491379
v 10.000910 1.853519 4.491348
v 9.909269 2.044019 4.336899
v 9.523752 2.234519 4.239899
v -7.439234 12.966232 22.193611
v -7.312237 13.093232 22.066597
v -7.439234 14.476744 22.193604
v -7.312235 14.466103 22.066605
v 11.275312 1.792363 -11.481949
v 11.261766 1.844589 -11.285351
v 11.348925 2.138533 -11.147755
v 11.413530 2.033539 -10.999424
v 11.562304 2.107071 -10.953060
v 11.462553 2.159506 -10.791195
v 11.457579 2.453453 -10.645267
v 11.448355 2.348459 -10.505245
v 10.807943 1.050050 -11.630894
v 10.762300 1.477237 -11.796478
v 10.762300 0.924091 -11.796482
v 10.594404 1.050026 -11.693810
v 11.275312 1.792363 -11.481949
v 10.956816 1.823621 -11.559845
v 11.105684 1.718623 -11.442043
v 10.808195 1.529670 -11.634708
v 10.160780 0.924029 -11.812378
v 10.034388 1.049965 -11.652149
v 9.631899 0.923966 -11.525372
v 9.709646 1.049927 -11.476074
v 10.762300 0.924091 -11.796482
v 10.594404 1.050026 -11.693810
v 10.160780 0.924029 -11.812378
v 10.257959 1.049988 -11.703892
v 10.762300 0.924091 -11.796482
v 11.275305 0.924155 -11.481949
v 10.807943 1.050050 -11.630894
v 11.109190 1.050090 -11.444309
v 11.275305 0.924155 -11.481949
v 11.562300 0.924215 -10.953068
v 11.258619 1.050115 -11.282841
v 11.410284 1.050150 -10.998135
v 11.410284 1.050151 5.854523
v 11.562300 2.107072 5.809464
v 11.562300 0.924215 5.809456
v 11.449392 1.048896 5.361320
v 11.546396 2.422203 5.207939
v 11.546396 0.924280 5.207939
v 10.429335 1.634643 6.698387
v 10.593954 1.403703 6.554337
v 10.426004 1.508706 6.572464
v 10.160776 1.162533 6.668762
v 10.033342 1.088789 6.504456
v 9.849833 1.193788 6.430183
v 9.709650 1.049925 6.332474
v 9.631899 0.923967 6.381775
v 9.631903 1.162266 6.381775
v 10.594404 1.050027 6.550201
v 10.762316 1.477237 6.652885
v 10.762308 0.924090 6.652870
v 10.155397 1.917020 4.399727
v 10.063753 3.364018 4.245247
v 10.063757 1.853519 4.245255
v -6.193439 11.608297 3.527847
v -6.014603 11.534156 3.536316
v -5.911707 11.650793 3.432846
v -6.186558 11.661155 3.711143
v -6.288383 11.968292 3.820259
v -6.018969 11.608297 3.712433
v -6.194000 12.095293 3.905220
v -6.392168 11.936747 4.111382
v -6.392172 12.317743 4.111359
v -6.851786 12.254016 4.522179
v -6.694357 12.179871 4.467125
v -6.617573 12.285790 4.301819
v -6.811426 12.306871 4.686134
v -6.876066 12.603292 4.857719
v -6.627783 12.254017 4.639801
v -6.759607 12.730292 4.908401
v -6.863873 12.571763 5.137466
v -6.863874 12.952744 5.137451
v -7.267021 12.889017 5.700485
v -7.142307 12.814873 5.606071
v -7.073223 12.920792 5.424515
v -7.183964 12.941875 5.850922
v -7.226381 13.238292 6.019012
v -7.039921 12.889015 5.749443
v -7.110302 13.365290 6.047127
v -7.184221 13.206744 6.318192
v -7.184219 13.587746 6.318199
v -7.438980 13.524016 6.962006
v -7.311731 13.449876 6.835106
v -7.311726 13.555793 6.644638
v -7.311985 13.576876 7.089104
v -7.312235 13.873292 7.279640
v -7.184980 13.524016 6.962212
v -7.185234 14.000292 7.279716
v -7.185488 13.841743 7.588203
v -7.185488 14.222744 7.588196
v -7.439999 14.159018 8.232002
v -7.312740 14.084873 8.105118
v -7.312744 14.190792 7.914642
v -7.312998 14.211877 8.359108
v -7.313250 14.508295 8.549637
v -7.185999 14.159019 8.232208
v -7.186251 14.635293 8.549706
v -7.185488 14.476745 8.858192
v -7.185745 14.857745 8.858185
v -0.088833 8.444017 2.552284
v 0.032125 8.369877 2.688080
v 0.214268 8.475793 2.702309
v -0.227896 8.496875 2.670212
v -0.399626 8.793291 2.657639
v -0.106892 8.444016 2.805672
v -0.407877 8.920290 2.784393
v -0.732872 8.748943 2.765045
v -0.732872 9.129945 2.765045
v -1.363503 9.079018 2.478119
v -1.243034 9.004876 2.611320
v -1.050549 9.110793 2.620911
v -1.496702 9.131876 2.598640
v -1.686975 9.428293 2.589119
v -1.376204 9.079018 2.731819
v -1.693327 9.555293 2.715942
v -2.010851 9.396745 2.700066
v -2.010851 9.777745 2.700066
v -2.631929 9.714016 2.414665
v -2.511436 9.639874 2.547867
v -2.321188 9.745792 2.557365
v -2.765104 9.766873 2.535164
v -2.955400 10.063293 2.525642
v -2.644632 9.714015 2.668343
v -2.961750 10.190292 2.652466
v -3.279047 10.031746 2.636589
v -3.279047 10.412745 2.636589
v -3.915998 10.349018 2.418808
v -3.775133 10.274876 2.538658
v -3.579653 10.380793 2.532204
v -4.015520 10.401874 2.566406
v -4.205431 10.698294 2.601593
v -3.881205 10.349017 2.679718
v -4.181124 10.825292 2.726257
v -4.467207 10.637589 2.770500
v -4.467222 11.018589 2.770454
v -5.167868 10.969513 2.820335
v -5.000908 10.895370 2.885056
v -4.796364 11.015792 2.787949
v -5.226158 11.022370 2.989624
v -5.440229 11.333302 3.097794
v -5.060884 10.969517 3.050705
v -5.377644 11.460299 3.208305
v -5.670277 11.324258 3.355858
v -5.670292 11.705251 3.355797
v 5.020838 5.904018 3.146805
v 5.127394 5.829874 3.293633
v 5.302065 5.935791 3.324524
v 4.871588 5.956874 3.250656
v 4.654032 6.253292 3.217163
v 4.978243 5.904016 3.397194
v 4.633509 6.380291 3.342484
v 4.310629 6.221745 3.290512
v 4.310629 6.602746 3.290512
v 3.696253 6.539016 2.948250
v 3.806486 6.464874 3.092438
v 4.004892 6.570794 3.118286
v 3.549410 6.591875 3.055725
v 3.371283 6.888292 3.031120
v 3.659754 6.539016 3.199631
v 3.353830 7.015293 3.156937
v 3.045763 6.856746 3.113121
v 3.045759 7.237745 3.113121
v 2.479239 7.174016 2.790443
v 2.593126 7.099875 2.931923
v 2.767500 7.205791 2.951355
v 2.334909 7.226874 2.901436
v 2.141081 7.523290 2.875145
v 2.448885 7.174016 3.042633
v 2.126707 7.650290 3.001358
v 1.784979 7.491744 2.965012
v 1.784979 7.872745 2.965012
v 1.188967 7.809016 2.655563
v 1.306414 7.734874 2.794250
v 1.494303 7.840791 2.813232
v 1.047205 7.861874 2.770058
v 0.859070 8.158291 2.754875
v 1.164736 7.809017 2.908424
v 0.847742 8.285292 2.881371
v 0.521301 8.126745 2.850227
v 0.521301 8.507745 2.850227
v 8.814505 3.999020 3.934250
v 8.909605 3.924874 4.088371
v 9.100992 4.030796 4.138565
v 8.658522 4.051874 4.027031
v 8.463270 4.348291 3.981804
v 8.753752 3.999017 4.180916
v 8.433680 4.475291 4.105316
v 8.102770 4.316719 4.019653
v 8.102770 4.697745 4.019653
v 7.549299 4.634015 3.637909
v 7.648287 4.559875 3.789726
v 7.837645 4.665789 3.829468
v 7.395483 4.686874 3.734467
v 7.205641 4.983292 3.696281
v 7.494585 4.634017 3.885956
v 7.179075 5.110291 3.820488
v 6.839884 4.951746 3.747864
v 6.839884 5.332745 3.747864
v 6.285677 5.269018 3.378777
v 6.388475 5.194872 3.528145
v 6.559923 5.300791 3.565437
v 6.134092 5.321874 3.479012
v 5.946741 5.618291 3.444748
v 6.237013 5.269017 3.628090
v 5.923170 5.745292 3.569534
v 5.574923 5.586745 3.500847
v 5.574930 5.967744 3.500847
v -7.311981 14.466053 22.701546
v -7.439234 14.476747 22.828194
v -7.311983 13.093207 22.701576
v -7.312235 14.667247 22.511108
v -7.439234 14.476744 22.193604
v -7.439234 14.794245 22.511108
v -7.312235 13.093235 22.066605
v -7.439234 12.966233 22.193619
v -7.312235 13.093232 21.685631
v -7.312235 14.466103 21.050629
v -7.312235 14.667247 21.241104
v -7.185234 14.476745 20.923630
v -7.312235 14.667245 20.606102
v -7.439234 14.476744 20.923630
v -7.312235 14.466103 20.796631
v -7.439234 14.794245 20.606102
v -7.439234 14.476744 20.288193
v -7.439234 14.857744 20.288185
v -7.312235 14.466102 19.780632
v -7.312235 14.667243 19.971107
v -7.185234 14.476744 19.653618
v -7.312235 14.667243 19.336105
v -7.439234 14.476744 19.653625
v -7.312235 14.466103 19.526634
v -7.439236 14.794244 19.336105
v -7.439236 14.476743 19.018196
v -7.439234 14.857742 19.018196
v -7.312235 14.466102 18.510628
v -7.312235 14.667244 18.701103
v -7.185234 14.476744 18.383629
v -7.312233 14.667246 18.066116
v -7.439234 14.476744 18.383629
v -7.312235 14.466102 18.256638
v -7.439234 14.794244 18.066109
v -7.439234 14.476744 17.748192
v -7.439234 14.857744 17.748192
v -7.312235 14.466102 17.240631
v -7.312235 14.667246 17.431107
v -7.185236 14.476745 17.113632
v -7.312235 14.667245 16.796104
v -7.439236 14.476747 17.113632
v -7.312235 14.466104 16.986626
v -7.439234 14.794245 16.796097
v -7.439234 14.476745 16.478195
v -7.439234 14.857745 16.478195
v -7.312235 14.466103 15.970627
v -7.312235 14.667244 16.161102
v -7.185234 14.476745 15.843628
v -7.312235 14.667247 15.526108
v -7.439234 14.476745 15.843620
v -7.312235 14.466103 15.716629
v -7.439232 14.794245 15.526108
v -7.439236 14.476745 15.208191
v -7.439234 14.857745 15.208191
v -7.312235 14.466103 14.700630
v -7.312235 14.667244 14.891106
v -7.185236 14.476745 14.573624
v -7.312235 14.667247 14.256104
v -7.439236 14.476745 14.573631
v -7.312235 14.466103 14.446632
v -7.439234 14.794245 14.256104
v -7.439234 14.476746 13.938202
v -7.439234 14.857744 13.938194
v -7.312235 14.466102 13.430626
v -7.312235 14.667246 13.621109
v -7.185234 14.476744 13.303627
v -7.312235 14.667244 12.986107
v -7.439234 14.476744 13.303627
v -7.312237 14.466103 13.176628
v -7.439234 14.794244 12.986107
v -7.439236 14.476744 12.668190
v -7.439234 14.857744 12.668198
v -7.312235 14.466100 12.160629
v -7.312235 14.667246 12.351105
v -7.185234 14.476744 12.033630
v -7.312233 14.667244 11.716103
v -7.439234 14.476744 12.033630
v -7.312235 14.466103 11.906631
v -7.439234 14.794243 11.716103
v -7.439236 14.476744 11.398193
v -7.439236 14.857744 11.398186
v -7.312235 14.466104 10.890633
v -7.312235 14.667244 11.081108
v -7.185234 14.476745 10.763626
v -7.312235 14.667247 10.446106
v -7.439234 14.476745 10.763618
v -7.312239 14.466101 10.636612
v -7.439234 14.794247 10.446106
v -7.439234 14.476747 10.128189
v -7.439236 14.857744 10.128174
v -7.312235 14.466103 9.620628
v -7.312235 14.667244 9.811104
v -7.185234 14.476745 9.493629
v -7.312235 14.667247 9.176109
v -7.439236 14.476745 9.493629
v -7.312235 14.466104 9.366631
v -7.439238 14.794244 9.176094
v -7.439999 14.476747 8.858192
v -7.439999 14.857744 8.858185
v 11.546400 0.924281 -10.351540
v 11.231878 1.269993 -9.838539
v 11.386076 1.113000 -10.265518
v 11.231867 3.051774 -9.838551
v 11.382570 2.894321 -10.084839
v 11.231874 2.736916 -9.838543
v 11.562304 2.107071 -10.953060
v 11.410284 1.050150 -10.998135
v 11.562300 0.924215 -10.953068
v 11.546396 2.422203 -10.351547
v 11.449396 1.048896 -10.504940
v 11.546400 0.924281 -10.351540
v 10.593954 1.403704 -11.697937
v 10.429335 1.634643 -11.841991
v 10.426004 1.508707 -11.716084
v 10.762304 1.792100 -11.796501
v 10.762300 1.477237 -11.796478
v 11.021360 1.949559 -11.668003
v 9.849840 1.193792 -11.573780
v 9.709646 1.049927 -11.476074
v 10.033354 1.088792 -11.648060
v 10.034388 1.049965 -11.652149
v 10.160780 0.924029 -11.812378
v 10.160780 1.162534 -11.812370
v 10.155394 3.289874 -9.543343
v 10.063753 3.364016 -9.388859
v 10.363367 3.395792 -9.600525
v 8.909609 3.924874 -9.231976
v 9.100996 4.030792 -9.282177
v 8.753748 3.999017 -9.324524
v 8.463270 4.348292 -9.125427
v 8.814505 3.999016 -9.077866
v 8.658518 4.051875 -9.170654
v 8.492914 4.475293 -9.001919
v 8.160501 4.316746 -8.915920
v 8.160501 4.697745 -8.915916
v 7.648287 4.559873 -8.933350
v 7.837645 4.665792 -8.973091
v 7.494593 4.634017 -9.029579
v 7.205645 4.983291 -8.839886
v 7.549307 4.634017 -8.781521
v 7.395491 4.686875 -8.878063
v 7.232260 5.110291 -8.715710
v 6.891569 4.951745 -8.642784
v 6.891569 5.332745 -8.642784
v 6.388479 5.194874 -8.671764
v 6.559923 5.300792 -8.709049
v 6.237013 5.269017 -8.771694
v 5.946737 5.618291 -8.588356
v 6.285681 5.269016 -8.522388
v 6.134089 5.321874 -8.622620
v 5.970312 5.745293 -8.463535
v 5.620554 5.586745 -8.394577
v 5.620558 5.967746 -8.394577
v 9.724684 3.713291 -9.433392
v 10.063753 3.364016 -9.388859
v 9.909296 3.416872 -9.480515
v 9.756109 3.840292 -9.310322
v 9.431723 3.681744 -9.228943
v 9.431723 4.062746 -9.228943
v 5.127386 5.829874 -8.437256
v 5.302061 5.935792 -8.468143
v 4.978243 5.904018 -8.540806
v 4.654036 6.253291 -8.360775
v 5.020838 5.904017 -8.290413
v 4.871592 5.956875 -8.394268
v 4.674585 6.380291 -8.235420
v 4.350149 6.221745 -8.183167
v 4.350149 6.602744 -8.183174
v 3.806486 6.464874 -8.236053
v 4.004889 6.570792 -8.261890
v 3.659754 6.539017 -8.343239
v 3.371283 6.888290 -8.174736
v 3.696249 6.539015 -8.091862
v 3.549410 6.591874 -8.199326
v 3.388788 7.015292 -8.048927
v 3.079184 6.856744 -8.004917
v 3.079184 7.237744 -8.004917
v 2.593126 7.099877 -8.075535
v 2.767500 7.205793 -8.094959
v 2.448885 7.174016 -8.186245
v 2.141081 7.523291 -8.018753
v 2.479239 7.174018 -7.934052
v 2.334917 7.226875 -8.045033
v 2.155512 7.650291 -7.892574
v 1.812284 7.491744 -7.856075
v 1.812284 7.872745 -7.856075
v 1.306416 7.734874 -7.937862
v 1.494301 7.840793 -7.956837
v 1.164736 7.809017 -8.052036
v 0.859070 8.158293 -7.898487
v 1.188967 7.809015 -7.799179
v 1.047209 7.861874 -7.913681
v 0.870420 8.285292 -7.771980
v 0.542435 8.126745 -7.740707
v 0.542435 8.507746 -7.740715
v 0.032125 8.369875 -7.831688
v 0.214268 8.475793 -7.845913
v -0.106892 8.444017 -7.949287
v -0.399626 8.793291 -7.801262
v -0.088833 8.444018 -7.695904
v -0.227900 8.496875 -7.813831
v -0.391373 8.920292 -7.674515
v -0.717913 8.748942 -7.655079
v -0.717913 9.129944 -7.655079
v -1.243034 9.004875 -7.754929
v -1.050549 9.110792 -7.764530
v -1.376204 9.079018 -7.875423
v -1.686975 9.428293 -7.732735
v -1.363503 9.079017 -7.621731
v -1.496708 9.131874 -7.742256
v -1.680626 9.555291 -7.605881
v -1.998150 9.396747 -7.589981
v -1.998154 9.777745 -7.589973
v -2.511435 9.639874 -7.691483
v -2.321188 9.745792 -7.700981
v -2.644630 9.714017 -7.811954
v -2.955400 10.063293 -7.669258
v -2.631929 9.714015 -7.558277
v -2.765102 9.766875 -7.678783
v -2.949051 10.190291 -7.542400
v -3.266600 10.031745 -7.526505
v -3.266600 10.412745 -7.526505
v -3.775133 10.274874 -7.682259
v -3.579653 10.380793 -7.675808
v -3.881205 10.349016 -7.823330
v -4.205435 10.698293 -7.745201
v -3.916002 10.349018 -7.562424
v -4.015518 10.401874 -7.710022
v -4.229771 10.825292 -7.620564
v -4.535837 10.637587 -7.669559
v -4.535837 11.018586 -7.669559
v -5.000931 10.895362 -8.028717
v -4.796364 11.015793 -7.931561
v -5.060862 10.969527 -8.194271
v -5.440226 11.333300 -8.241375
v -5.167921 10.969499 -7.964092
v -5.226156 11.022373 -8.133228
v -5.502815 11.460293 -8.130901
v -5.812872 11.324250 -8.289249
v -5.812870 11.705250 -8.289242
v -6.014599 11.534156 -8.679924
v -5.911705 11.650793 -8.576462
v -6.018969 11.608298 -8.856045
v -6.288383 11.968292 -8.963867
v -6.193441 11.608297 -8.671467
v -6.186556 11.661155 -8.854759
v -6.382772 12.095292 -8.878906
v -6.594049 11.936746 -9.100830
v -6.594049 12.317745 -9.100822
v -6.694355 12.179875 -9.610756
v -6.617571 12.285792 -9.445423
v -6.627779 12.254017 -9.783417
v -6.876066 12.603292 -10.001328
v -6.851786 12.254017 -9.665791
v -6.811428 12.306873 -9.829762
v -6.992525 12.730291 -9.950684
v -7.104210 12.571745 -10.198837
v -7.104212 12.952744 -10.198841
v -7.142309 12.814874 -10.749687
v -7.073223 12.920792 -10.568130
v -7.039921 12.889017 -10.893047
v -7.226383 13.238292 -11.162617
v -7.267023 12.889017 -10.844101
v -7.183964 12.941875 -10.994522
v -7.339912 13.365296 -11.121719
v -7.438221 13.206744 -11.461807
v -7.438215 13.587747 -11.461796
v -7.311724 13.449874 -11.978722
v -7.311726 13.555792 -11.788246
v -7.184978 13.524018 -12.105816
v -7.312235 13.873292 -12.423248
v -7.438980 13.524016 -12.105618
v -7.311981 13.576873 -12.232723
v -7.439234 14.000290 -12.423145
v -7.439489 13.841744 -12.731804
v -7.439491 14.222744 -12.731804
v -7.312746 14.084873 -13.248722
v -7.312744 14.190791 -13.058247
v -7.185999 14.159016 -13.375828
v -7.313248 14.508290 -13.693249
v -7.439999 14.159018 -13.375618
v -7.312996 14.211874 -13.502724
v -7.440250 14.635293 -13.693146
v -7.439999 14.476745 -14.001804
v -7.439999 14.857745 -14.001804
v -7.439234 14.476745 -27.337208
v -7.312237 14.466103 -27.464241
v -7.312237 14.667242 -27.654713
v -7.312235 14.466104 -27.210209
v -7.312235 14.667247 -27.019711
v -7.185234 14.476745 -27.337208
v -7.185234 14.794245 -27.019711
v -7.185236 14.476745 -26.701805
v -7.185234 14.857745 -26.701805
v -7.439234 14.476747 -26.067238
v -7.312235 14.466103 -26.194237
v -7.312237 14.667247 -26.384708
v -7.312235 14.466103 -25.940243
v -7.312235 14.667245 -25.749714
v -7.185236 14.476745 -26.067238
v -7.185234 14.794245 -25.749710
v -7.185236 14.476744 -25.431805
v -7.185234 14.857744 -25.431805
v -7.439234 14.476746 -24.797237
v -7.312235 14.466102 -24.924240
v -7.312235 14.667244 -25.114708
v -7.312235 14.466103 -24.670238
v -7.312235 14.667244 -24.479710
v -7.185234 14.476746 -24.797237
v -7.185234 14.794244 -24.479710
v -7.185234 14.476744 -24.161800
v -7.185234 14.857744 -24.161800
v -7.439234 14.476745 -23.527237
v -7.312233 14.466105 -23.654232
v -7.312235 14.667244 -23.844711
v -7.312235 14.466100 -23.400238
v -7.312235 14.667245 -23.209713
v -7.185234 14.476745 -23.527237
v -7.185234 14.794248 -23.209709
v -7.185234 14.476744 -22.891804
v -7.185234 14.857745 -22.891800
v -7.439236 14.476744 -22.257240
v -7.312237 14.466100 -22.384239
v -7.312235 14.667244 -22.574711
v -7.312239 14.466105 -22.130238
v -7.312235 14.667247 -21.939713
v -7.185236 14.476745 -22.257244
v -7.185234 14.794242 -21.939709
v -7.185234 14.476742 -21.621807
v -7.185234 14.857745 -21.621803
v -7.439232 14.476747 -20.987236
v -7.312235 14.466103 -21.114239
v -7.312235 14.667244 -21.304714
v -7.312235 14.466103 -20.860237
v -7.312235 14.667247 -20.669708
v -7.185234 14.476745 -20.987236
v -7.185232 14.794244 -20.669708
v -7.185234 14.476747 -20.351803
v -7.185234 14.857745 -20.351803
v -7.439234 14.476747 -19.717239
v -7.312235 14.466104 -19.844231
v -7.312235 14.667247 -20.034710
v -7.312239 14.466108 -19.590237
v -7.312237 14.667247 -19.399712
v -7.185238 14.476750 -19.717239
v -7.185234 14.794244 -19.399712
v -7.185230 14.476744 -19.081799
v -7.185234 14.857744 -19.081806
v -7.439234 14.476744 -18.447239
v -7.312239 14.466099 -18.574238
v -7.312233 14.667243 -18.764709
v -7.312239 14.466088 -18.320259
v -7.312235 14.667237 -18.129726
v -7.185238 14.476730 -18.447258
v -7.185234 14.794241 -18.129715
v -7.185238 14.476740 -17.811813
v -7.185234 14.857744 -17.811806
v -7.439234 14.476745 -17.177238
v -7.312235 14.466105 -17.304237
v -7.312237 14.667243 -17.494720
v -7.312216 14.466095 -17.050213
v -7.312227 14.667241 -16.859703
v -7.185215 14.476739 -17.177216
v -7.185234 14.794245 -16.859711
v -7.185226 14.476750 -16.541786
v -7.185234 14.857745 -16.541805
v -7.439234 14.476745 -15.907238
v -7.312235 14.466105 -16.034237
v -7.312229 14.667250 -16.224701
v -7.312233 14.466098 -15.780239
v -7.312233 14.667244 -15.589714
v -7.185230 14.476744 -15.907234
v -7.185234 14.794248 -15.589710
v -7.185240 14.476753 -15.271805
v -7.185234 14.857745 -15.271805
v -7.439234 14.476745 -14.637238
v -7.312239 14.466103 -14.764236
v -7.312239 14.667252 -14.954716
v -7.312237 14.466103 -14.510246
v -7.312235 14.667244 -14.319714
v -7.185234 14.476741 -14.637238
v -7.185228 14.794238 -14.319710
v -7.185488 14.476745 -14.001804
v -7.185745 14.857745 -14.001804
vt -0.504883 -0.999023
vt -0.899414 -0.905273
vt -1.000977 -0.999023
vt -1.000000 -0.249023
vt -0.899414 -0.225586
vt -0.753906 -0.124023
vt -0.899414 -0.905273
vt -0.607422 -0.905273
vt -0.504883 -0.999023
vt -0.504883 -0.249023
vt -0.406250 -0.905273
vt -0.407227 -0.225586
vt -0.259766 -0.124023
vt -0.504883 -0.249023
vt -0.258789 -0.053711
vt -0.506836 -0.053711
vt -0.502930 -0.010742
vt -0.754883 -0.053711
vt -1.000000 -0.010742
vt -1.000977 -0.999023
vt -1.000000 -0.249023
vt -0.899414 -0.905273
vt -0.899414 -0.225586
vt -0.753906 -0.124023
vt -0.899414 -0.905273
vt -0.607422 -0.905273
vt -0.504883 -0.999023
vt -0.504883 -0.249023
vt -0.406250 -0.905273
vt -0.407227 -0.225586
vt -0.259766 -0.124023
vt -0.504883 -0.249023
vt -0.258789 -0.053711
vt -0.506836 -0.053711
vt -0.502930 -0.010742
vt -0.754883 -0.053711
vt -1.000000 -0.010742
vt -1.000000 -0.249023
vt -0.753906 -0.124023
vt -0.606445 -0.225586
vt -0.504883 -0.249023
vt -0.607422 -0.905273
vt -0.753906 -0.124023
vt -0.899414 -0.905273
vt -0.899414 -0.225586
vt -1.000000 -0.249023
vt -0.753906 -0.124023
vt -0.754883 -0.053711
vt -0.504883 -0.249023
vt -0.258789 -0.053711
vt -0.259766 -0.124023
vt -0.004883 -0.249023
vt -0.110352 -0.225586
vt -0.110352 -0.905273
vt -1.000000 -0.010742
vt -0.754883 -0.053711
vt -0.502930 -0.010742
vt -0.506836 -0.053711
vt -0.504883 -0.249023
vt -0.258789 -0.053711
vt -0.259766 -0.124023
vt -0.004883 -0.249023
vt -0.110352 -0.225586
vt -0.111328 -0.875000
vt -0.407227 -0.225586
vt -0.395508 -0.782227
vt -0.504883 -0.249023
vt -0.423828 -0.789062
vt -0.504883 -0.839844
vt -0.504883 -0.839844
vt -0.504883 -0.249023
vt -0.423828 -0.789062
vt -0.395508 -0.782227
vt -0.407227 -0.225586
vt -0.111328 -0.875000
vt -0.110352 -0.225586
vt -0.004883 -0.249023
vt -0.259766 -0.124023
vt -0.258789 -0.053711
vt -0.504883 -0.249023
vt -0.506836 -0.053711
vt -0.754883 -0.053711
vt -0.502930 -0.010742
vt -1.000000 -0.010742
vt -0.504883 -0.249023
vt -0.607422 -0.905273
vt -0.606445 -0.225586
vt -0.753906 -0.124023
vt -0.899414 -0.905273
vt -0.899414 -0.225586
vt -1.000000 -0.249023
vt -0.753906 -0.124023
vt -0.754883 -0.053711
vt -0.504883 -0.249023
vt -0.258789 -0.053711
vt -0.259766 -0.124023
vt -0.004883 -0.249023
vt -0.110352 -0.225586
vt -0.110352 -0.905273
vt -1.000000 -0.368164
vt -0.899414 -0.308594
vt -1.000000 -0.249023
vt -0.899414 -0.225586
vt -0.606445 -0.403320
vt -0.606445 -0.225586
vt -0.504883 -0.249023
vt -0.754883 -0.053711
vt -0.506836 -0.053711
vt -0.502930 -0.010742
vt -0.258789 -0.053711
vt -0.004883 -0.010742
vt -0.004883 -0.249023
vt 0.001953 -0.205078
vt 0.101562 -0.935547
vt -0.000977 -0.999023
vt 0.498047 -0.999023
vt 0.401367 -0.935547
vt 0.498047 -0.205078
vt 0.401367 -0.210938
vt 0.250977 -0.104492
vt 0.498047 -0.205078
vt 0.250977 -0.037109
vt 0.750977 -0.037109
vt 0.998047 0.000000
vt 1.000977 -0.205078
vt -0.004883 -0.249023
vt -0.258789 -0.053711
vt -0.004883 -0.010742
vt -0.502930 -0.010742
vt -0.506836 -0.053711
vt -0.754883 -0.053711
vt -0.504883 -0.249023
vt -0.606445 -0.225586
vt -0.606445 -0.403320
vt -0.899414 -0.225586
vt -0.899414 -0.308594
vt -1.000000 -0.249023
vt -1.000000 -0.368164
vt -1.000000 -0.683594
vt -0.899414 -0.623047
vt -1.000000 -0.249023
vt -0.899414 -0.225586
vt -0.607422 -0.716797
vt -0.606445 -0.225586
vt -0.504883 -0.249023
vt -0.753906 -0.124023
vt -0.754883 -0.053711
vt -1.000000 -0.249023
vt -1.000000 -0.010742
vt -0.899414 -0.905273
vt -1.000000 -0.249023
vt -0.899414 -0.225586
vt -0.753906 -0.124023
vt -0.754883 -0.053711
vt -0.504883 -0.249023
vt -0.258789 -0.053711
vt -0.259766 -0.124023
vt -0.004883 -0.249023
vt -0.110352 -0.225586
vt -0.110352 -0.905273
vt -0.110352 -0.905273
vt -0.004883 -0.249023
vt -0.110352 -0.225586
vt -0.259766 -0.124023
vt -0.258789 -0.053711
vt -0.504883 -0.249023
vt -0.754883 -0.053711
vt -0.753906 -0.124023
vt -1.000000 -0.249023
vt -0.899414 -0.225586
vt -0.899414 -0.905273
vt -0.899414 -0.905273
vt -1.000000 -0.249023
vt -0.899414 -0.225586
vt -0.753906 -0.124023
vt -0.754883 -0.053711
vt -0.504883 -0.249023
vt -0.258789 -0.053711
vt -0.259766 -0.124023
vt -0.004883 -0.249023
vt -0.110352 -0.225586
vt -0.110352 -0.905273
vt -0.110352 -0.905273
vt -0.004883 -0.249023
vt -0.110352 -0.225586
vt -0.259766 -0.124023
vt -0.258789 -0.053711
vt -0.504883 -0.249023
vt -0.754883 -0.053711
vt -0.753906 -0.124023
vt -1.000000 -0.249023
vt -0.899414 -0.225586
vt -0.899414 -0.905273
vt -0.899414 -0.905273
vt -1.000000 -0.249023
vt -0.899414 -0.225586
vt -0.753906 -0.124023
vt -0.754883 -0.053711
vt -0.504883 -0.249023
vt -0.258789 -0.053711
vt -0.259766 -0.124023
vt -0.004883 -0.249023
vt -0.110352 -0.225586
vt -0.110352 -0.905273
vt -0.110352 -0.905273
vt -0.004883 -0.249023
vt -0.110352 -0.225586
vt -0.259766 -0.124023
vt -0.258789 -0.053711
vt -0.504883 -0.249023
vt -0.754883 -0.053711
vt -0.753906 -0.124023
vt -1.000000 -0.249023
vt -0.899414 -0.225586
vt -0.899414 -0.905273
vt -0.899414 -0.905273
vt -1.000000 -0.249023
vt -0.899414 -0.225586
vt -0.753906 -0.124023
vt -0.754883 -0.053711
vt -0.504883 -0.249023
vt -0.258789 -0.053711
vt -0.259766 -0.124023
vt -0.004883 -0.249023
vt -0.110352 -0.225586
vt -0.110352 -0.905273
vt -0.110352 -0.905273
vt -0.004883 -0.249023
vt -0.110352 -0.225586
vt -0.259766 -0.124023
vt -0.258789 -0.053711
vt -0.504883 -0.249023
vt -0.754883 -0.053711
vt -0.753906 -0.124023
vt -1.000000 -0.249023
vt -0.899414 -0.225586
vt -0.899414 -0.905273
vt -0.899414 -0.905273
vt -1.000000 -0.249023
vt -0.899414 -0.225586
vt -0.753906 -0.124023
vt -0.754883 -0.053711
vt -0.504883 -0.249023
vt -0.258789 -0.053711
vt -0.259766 -0.124023
vt -0.004883 -0.249023
vt -0.110352 -0.225586
vt -0.110352 -0.905273
vt -0.110352 -0.905273
vt -0.004883 -0.249023
vt -0.110352 -0.225586
vt -0.259766 -0.124023
vt -0.258789 -0.053711
vt -0.504883 -0.249023
vt -0.754883 -0.053711
vt -0.753906 -0.124023
vt -1.000000 -0.249023
vt -0.899414 -0.225586
vt -0.899414 -0.905273
vt -0.899414 -0.905273
vt -1.000000 -0.249023
vt -0.899414 -0.225586
vt -0.753906 -0.124023
vt -0.754883 -0.053711
vt -0.504883 -0.249023
vt -0.258789 -0.053711
vt -0.259766 -0.124023
vt -0.004883 -0.249023
vt -0.110352 -0.225586
vt -0.110352 -0.905273
vt -0.110352 -0.905273
vt -0.004883 -0.249023
vt -0.110352 -0.225586
vt -0.259766 -0.124023
vt -0.258789 -0.053711
vt -0.504883 -0.249023
vt -0.754883 -0.053711
vt -0.753906 -0.124023
vt -1.000000 -0.249023
vt -0.899414 -0.225586
vt -0.899414 -0.905273
vt -0.899414 -0.905273
vt -1.000000 -0.249023
vt -0.899414 -0.225586
vt -0.753906 -0.124023
vt -0.754883 -0.053711
vt -0.504883 -0.249023
vt -0.258789 -0.053711
vt -0.259766 -0.124023
vt -0.004883 -0.249023
vt -0.110352 -0.225586
vt -0.110352 -0.905273
vt -0.110352 -0.905273
vt -0.004883 -0.249023
vt -0.110352 -0.225586
vt -0.259766 -0.124023
vt -0.258789 -0.053711
vt -0.504883 -0.249023
vt -0.754883 -0.053711
vt -0.753906 -0.124023
vt -1.000000 -0.249023
vt -0.899414 -0.225586
vt -0.899414 -0.905273
vt -0.899414 -0.905273
vt -1.000000 -0.249023
vt -0.899414 -0.225586
vt -0.753906 -0.124023
vt -0.754883 -0.053711
vt -0.504883 -0.249023
vt -0.258789 -0.053711
vt -0.259766 -0.124023
vt -0.004883 -0.249023
vt -0.110352 -0.225586
vt -0.110352 -0.905273
vt -0.110352 -0.905273
vt -0.004883 -0.249023
vt -0.110352 -0.225586
vt -0.259766 -0.124023
vt -0.258789 -0.053711
vt -0.504883 -0.249023
vt -0.754883 -0.053711
vt -0.753906 -0.124023
vt -1.000000 -0.249023
vt -0.899414 -0.225586
vt -0.899414 -0.905273
vt -0.899414 -0.905273
vt -1.000000 -0.249023
vt -0.899414 -0.225586
vt -0.753906 -0.124023
vt -0.754883 -0.053711
vt -0.504883 -0.249023
vt -0.258789 -0.053711
vt -0.259766 -0.124023
vt -0.004883 -0.249023
vt -0.110352 -0.225586
vt -0.110352 -0.905273
vt -0.110352 -0.905273
vt -0.004883 -0.249023
vt -0.110352 -0.225586
vt -0.259766 -0.124023
vt -0.258789 -0.053711
vt -0.504883 -0.249023
vt -0.754883 -0.053711
vt -0.753906 -0.124023
vt -1.000000 -0.249023
vt -0.899414 -0.225586
vt -0.899414 -0.905273
vt -0.899414 -0.905273
vt -1.000000 -0.249023
vt -0.899414 -0.225586
vt -0.753906 -0.124023
vt -0.754883 -0.053711
vt -0.504883 -0.249023
vt -0.258789 -0.053711
vt -0.259766 -0.124023
vt -0.004883 -0.249023
vt -0.110352 -0.225586
vt -0.110352 -0.905273
vt -0.110352 -0.905273
vt -0.004883 -0.249023
vt -0.110352 -0.225586
vt -0.259766 -0.124023
vt -0.258789 -0.053711
vt -0.504883 -0.249023
vt -0.754883 -0.053711
vt -0.753906 -0.124023
vt -1.000000 -0.249023
vt -0.899414 -0.225586
vt -0.899414 -0.905273
vt -0.899414 -0.905273
vt -1.000000 -0.249023
vt -0.899414 -0.225586
vt -0.753906 -0.124023
vt -0.754883 -0.053711
vt -0.504883 -0.249023
vt -0.258789 -0.053711
vt -0.259766 -0.124023
vt -0.004883 -0.249023
vt -0.110352 -0.225586
vt -0.110352 -0.905273
vt -0.110352 -0.905273
vt -0.004883 -0.249023
vt -0.110352 -0.225586
vt -0.259766 -0.124023
vt -0.258789 -0.053711
vt -0.504883 -0.249023
vt -0.754883 -0.053711
vt -0.753906 -0.124023
vt -1.000000 -0.249023
vt -0.899414 -0.225586
vt -0.899414 -0.905273
vt -0.899414 -0.905273
vt -1.000000 -0.249023
vt -0.899414 -0.225586
vt -0.753906 -0.124023
vt -0.754883 -0.053711
vt -0.504883 -0.249023
vt -0.258789 -0.053711
vt -0.259766 -0.124023
vt -0.004883 -0.249023
vt -0.110352 -0.225586
vt -0.110352 -0.905273
vt -0.110352 -0.905273
vt -0.004883 -0.249023
vt -0.110352 -0.225586
vt -0.259766 -0.124023
vt -0.258789 -0.053711
vt -0.504883 -0.249023
vt -0.754883 -0.053711
vt -0.753906 -0.124023
vt -1.000000 -0.249023
vt -0.899414 -0.225586
vt -0.899414 -0.905273
vt -0.899414 -0.905273
vt -1.000000 -0.249023
vt -0.899414 -0.225586
vt -0.753906 -0.124023
vt -0.754883 -0.053711
vt -0.504883 -0.249023
vt -0.258789 -0.053711
vt -0.259766 -0.124023
vt -0.004883 -0.249023
vt -0.110352 -0.225586
vt -0.110352 -0.905273
vt -0.110352 -0.905273
vt -0.004883 -0.249023
vt -0.110352 -0.225586
vt -0.259766 -0.124023
vt -0.258789 -0.053711
vt -0.504883 -0.249023
vt -0.754883 -0.053711
vt -0.753906 -0.124023
vt -1.000000 -0.249023
vt -0.899414 -0.225586
vt -0.899414 -0.905273
vt -0.899414 -0.905273
vt -1.000000 -0.249023
vt -0.899414 -0.225586
vt -0.753906 -0.124023
vt -0.754883 -0.053711
vt -0.504883 -0.249023
vt -0.258789 -0.053711
vt -0.259766 -0.124023
vt -0.004883 -0.249023
vt -0.110352 -0.225586
vt -0.110352 -0.905273
vt -0.110352 -0.905273
vt -0.004883 -0.249023
vt -0.110352 -0.225586
vt -0.259766 -0.124023
vt -0.258789 -0.053711
vt -0.504883 -0.249023
vt -0.754883 -0.053711
vt -0.753906 -0.124023
vt -1.000000 -0.249023
vt -0.899414 -0.225586
vt -0.899414 -0.905273
vt -0.899414 -0.905273
vt -1.000000 -0.249023
vt -0.899414 -0.225586
vt -0.753906 -0.124023
vt -0.754883 -0.053711
vt -0.504883 -0.249023
vt -0.258789 -0.053711
vt -0.259766 -0.124023
vt -0.004883 -0.249023
vt -0.110352 -0.225586
vt -0.110352 -0.905273
vt -0.110352 -0.905273
vt -0.004883 -0.249023
vt -0.110352 -0.225586
vt -0.259766 -0.124023
vt -0.258789 -0.053711
vt -0.504883 -0.249023
vt -0.754883 -0.053711
vt -0.753906 -0.124023
vt -1.000000 -0.249023
vt -0.899414 -0.225586
vt -0.899414 -0.905273
vt -0.899414 -0.905273
vt -1.000000 -0.249023
vt -0.899414 -0.225586
vt -0.753906 -0.124023
vt -0.754883 -0.053711
vt -0.504883 -0.249023
vt -0.258789 -0.053711
vt -0.259766 -0.124023
vt -0.004883 -0.249023
vt -0.110352 -0.225586
vt -0.110352 -0.905273
vt -0.110352 -0.905273
vt -0.004883 -0.249023
vt -0.110352 -0.225586
vt -0.259766 -0.124023
vt -0.258789 -0.053711
vt -0.504883 -0.249023
vt -0.754883 -0.053711
vt -0.753906 -0.124023
vt -1.000000 -0.249023
vt -0.899414 -0.225586
vt -0.899414 -0.905273
vt -0.899414 -0.905273
vt -1.000000 -0.249023
vt -0.899414 -0.225586
vt -0.753906 -0.124023
vt -0.754883 -0.053711
vt -0.504883 -0.249023
vt -0.258789 -0.053711
vt -0.259766 -0.124023
vt -0.004883 -0.249023
vt -0.110352 -0.225586
vt -0.110352 -0.905273
vt -0.110352 -0.905273
vt -0.004883 -0.249023
vt -0.110352 -0.225586
vt -0.259766 -0.124023
vt -0.258789 -0.053711
vt -0.504883 -0.249023
vt -0.754883 -0.053711
vt -0.753906 -0.124023
vt -1.000000 -0.249023
vt -0.899414 -0.225586
vt -0.899414 -0.905273
vt 1.000977 -0.205078
vt 0.900391 -0.935547
vt 0.998047 -0.999023
vt 0.498047 -0.999023
vt 0.600586 -0.935547
vt 0.498047 -0.205078
vt 0.600586 -0.210938
vt 0.750977 -0.104492
vt 0.498047 -0.205078
vt 0.750977 -0.037109
vt 0.250977 -0.037109
vt 0.101562 -0.935547
vt 0.001953 -0.205078
vt 0.101562 -0.210938
vt 0.250977 -0.104492
vt 0.250977 -0.037109
vt 0.498047 -0.205078
vt 0.750977 -0.037109
vt 0.750977 -0.104492
vt 1.000977 -0.205078
vt 0.900391 -0.210938
vt 0.900391 -0.935547
vt 0.900391 -0.935547
vt 1.000977 -0.205078
vt 0.900391 -0.210938
vt 0.750977 -0.104492
vt 0.750977 -0.037109
vt 0.498047 -0.205078
vt 0.250977 -0.037109
vt 0.250977 -0.104492
vt 0.001953 -0.205078
vt 0.101562 -0.210938
vt 0.101562 -0.935547
vt 0.101562 -0.935547
vt 0.001953 -0.205078
vt 0.101562 -0.210938
vt 0.250977 -0.104492
vt 0.250977 -0.037109
vt 0.498047 -0.205078
vt 0.750977 -0.037109
vt 0.750977 -0.104492
vt 1.000977 -0.205078
vt 0.900391 -0.210938
vt 0.900391 -0.935547
vt 0.900391 -0.935547
vt 1.000977 -0.205078
vt 0.900391 -0.210938
vt 0.750977 -0.104492
vt 0.750977 -0.037109
vt 0.498047 -0.205078
vt 0.250977 -0.037109
vt 0.250977 -0.104492
vt 0.001953 -0.205078
vt 0.101562 -0.210938
vt 0.101562 -0.935547
vt 0.101562 -0.935547
vt 0.001953 -0.205078
vt 0.101562 -0.210938
vt 0.250977 -0.104492
vt 0.250977 -0.037109
vt 0.498047 -0.205078
vt 0.750977 -0.037109
vt 0.750977 -0.104492
vt 1.000977 -0.205078
vt 0.900391 -0.210938
vt 0.900391 -0.935547
vt 0.900391 -0.935547
vt 1.000977 -0.205078
vt 0.900391 -0.210938
vt 0.750977 -0.104492
vt 0.750977 -0.037109
vt 0.498047 -0.205078
vt 0.250977 -0.037109
vt 0.250977 -0.104492
vt 0.001953 -0.205078
vt 0.101562 -0.210938
vt 0.101562 -0.935547
vt 0.101562 -0.935547
vt 0.001953 -0.205078
vt 0.101562 -0.210938
vt 0.250977 -0.104492
vt 0.250977 -0.037109
vt 0.498047 -0.205078
vt 0.750977 -0.037109
vt 0.750977 -0.104492
vt 1.000977 -0.205078
vt 0.900391 -0.210938
vt 0.900391 -0.935547
vt 0.900391 -0.935547
vt 1.000977 -0.205078
vt 0.900391 -0.210938
vt 0.750977 -0.104492
vt 0.750977 -0.037109
vt 0.498047 -0.205078
vt 0.250977 -0.037109
vt 0.250977 -0.104492
vt 0.001953 -0.205078
vt 0.101562 -0.210938
vt 0.101562 -0.935547
vt 0.101562 -0.935547
vt 0.001953 -0.205078
vt 0.101562 -0.210938
vt 0.250977 -0.104492
vt 0.250977 -0.037109
vt 0.498047 -0.205078
vt 0.750977 -0.037109
vt 0.750977 -0.104492
vt 1.000977 -0.205078
vt 0.900391 -0.210938
vt 0.900391 -0.935547
vt 0.900391 -0.935547
vt 1.000977 -0.205078
vt 0.900391 -0.210938
vt 0.750977 -0.104492
vt 0.750977 -0.037109
vt 0.498047 -0.205078
vt 0.250977 -0.037109
vt 0.250977 -0.104492
vt 0.001953 -0.205078
vt 0.101562 -0.210938
vt 0.101562 -0.935547
vt 0.101562 -0.935547
vt 0.001953 -0.205078
vt 0.101562 -0.210938
vt 0.250977 -0.104492
vt 0.250977 -0.037109
vt 0.498047 -0.205078
vt 0.750977 -0.037109
vt 0.750977 -0.104492
vt 1.000977 -0.205078
vt 0.900391 -0.210938
vt 0.900391 -0.935547
vt 0.900391 -0.935547
vt 1.000977 -0.205078
vt 0.900391 -0.210938
vt 0.750977 -0.104492
vt 0.750977 -0.037109
vt 0.498047 -0.205078
vt 0.250977 -0.037109
vt 0.250977 -0.104492
vt 0.001953 -0.205078
vt 0.101562 -0.210938
vt 0.101562 -0.935547
vt 0.101562 -0.935547
vt 0.001953 -0.205078
vt 0.101562 -0.210938
vt 0.250977 -0.104492
vt 0.250977 -0.037109
vt 0.498047 -0.205078
vt 0.750977 -0.037109
vt 0.750977 -0.104492
vt 1.000977 -0.205078
vt 0.900391 -0.210938
vt 0.900391 -0.935547
vt 0.900391 -0.935547
vt 1.000977 -0.205078
vt 0.900391 -0.210938
vt 0.750977 -0.104492
vt 0.750977 -0.037109
vt 0.498047 -0.205078
vt 0.250977 -0.037109
vt 0.250977 -0.104492
vt 0.001953 -0.205078
vt 0.101562 -0.210938
vt 0.101562 -0.935547
vt 0.101562 -0.935547
vt 0.001953 -0.205078
vt 0.101562 -0.210938
vt 0.250977 -0.104492
vt 0.250977 -0.037109
vt 0.498047 -0.205078
vt 0.750977 -0.037109
vt 0.750977 -0.104492
vt 1.000977 -0.205078
vt 0.900391 -0.210938
vt 0.900391 -0.935547
vt 0.900391 -0.935547
vt 1.000977 -0.205078
vt 0.900391 -0.210938
vt 0.750977 -0.104492
vt 0.750977 -0.037109
vt 0.498047 -0.205078
vt 0.250977 -0.037109
vt 0.250977 -0.104492
vt 0.001953 -0.205078
vt 0.101562 -0.210938
vt 0.101562 -0.935547
vt 0.101562 -0.935547
vt 0.001953 -0.205078
vt 0.101562 -0.210938
vt 0.250977 -0.104492
vt 0.250977 -0.037109
vt 0.498047 -0.205078
vt 0.750977 -0.037109
vt 0.750977 -0.104492
vt 1.000977 -0.205078
vt 0.900391 -0.210938
vt 0.900391 -0.935547
vt 0.900391 -0.935547
vt 1.000977 -0.205078
vt 0.900391 -0.210938
vt 0.750977 -0.104492
vt 0.750977 -0.037109
vt 0.498047 -0.205078
vt 0.250977 -0.037109
vt 0.250977 -0.104492
vt 0.001953 -0.205078
vt 0.101562 -0.210938
vt 0.101562 -0.935547
vt 0.101562 -0.935547
vt 0.001953 -0.205078
vt 0.101562 -0.210938
vt 0.250977 -0.104492
vt 0.250977 -0.037109
vt 0.498047 -0.205078
vt 0.750977 -0.037109
vt 0.750977 -0.104492
vt 1.000977 -0.205078
vt 0.900391 -0.210938
vt 0.900391 -0.935547
vt 0.900391 -0.935547
vt 1.000977 -0.205078
vt 0.900391 -0.210938
vt 0.750977 -0.104492
vt 0.750977 -0.037109
vt 0.498047 -0.205078
vt 0.250977 -0.037109
vt 0.250977 -0.104492
vt 0.001953 -0.205078
vt 0.101562 -0.210938
vt 0.101562 -0.935547
vt -1.000000 -0.010742
vt -0.754883 -0.053711
vt -1.000000 -0.249023
vt -0.753906 -0.124023
vt -0.504883 -0.249023
vt -0.606445 -0.225586
vt -0.607422 -0.716797
vt -0.899414 -0.225586
vt -0.899414 -0.623047
vt -1.000000 -0.249023
vt -1.000000 -0.683594
vt -0.899414 -0.905273
vt -1.000000 -0.249023
vt -0.899414 -0.225586
vt -0.753906 -0.124023
vt -0.754883 -0.053711
vt -0.504883 -0.249023
vt -0.258789 -0.053711
vt -0.259766 -0.124023
vt -0.004883 -0.249023
vt -0.110352 -0.225586
vt -0.110352 -0.905273
vt -0.110352 -0.905273
vt -0.004883 -0.249023
vt -0.110352 -0.225586
vt -0.259766 -0.124023
vt -0.258789 -0.053711
vt -0.504883 -0.249023
vt -0.754883 -0.053711
vt -0.753906 -0.124023
vt -1.000000 -0.249023
vt -0.899414 -0.225586
vt -0.899414 -0.905273
vt -0.899414 -0.905273
vt -1.000000 -0.249023
vt -0.899414 -0.225586
vt -0.753906 -0.124023
vt -0.754883 -0.053711
vt -0.504883 -0.249023
vt -0.258789 -0.053711
vt -0.259766 -0.124023
vt -0.004883 -0.249023
vt -0.110352 -0.225586
vt -0.110352 -0.905273
vt -0.110352 -0.905273
vt -0.004883 -0.249023
vt -0.110352 -0.225586
vt -0.259766 -0.124023
vt -0.258789 -0.053711
vt -0.504883 -0.249023
vt -0.754883 -0.053711
vt -0.753906 -0.124023
vt -1.000000 -0.249023
vt -0.899414 -0.225586
vt -0.899414 -0.905273
vt -0.899414 -0.905273
vt -1.000000 -0.249023
vt -0.899414 -0.225586
vt -0.753906 -0.124023
vt -0.754883 -0.053711
vt -0.504883 -0.249023
vt -0.258789 -0.053711
vt -0.259766 -0.124023
vt -0.004883 -0.249023
vt -0.110352 -0.225586
vt -0.110352 -0.905273
vt -0.110352 -0.905273
vt -0.004883 -0.249023
vt -0.110352 -0.225586
vt -0.259766 -0.124023
vt -0.258789 -0.053711
vt -0.504883 -0.249023
vt -0.754883 -0.053711
vt -0.753906 -0.124023
vt -1.000000 -0.249023
vt -0.899414 -0.225586
vt -0.899414 -0.905273
vt -0.899414 -0.905273
vt -1.000000 -0.249023
vt -0.899414 -0.225586
vt -0.753906 -0.124023
vt -0.754883 -0.053711
vt -0.504883 -0.249023
vt -0.258789 -0.053711
vt -0.259766 -0.124023
vt -0.004883 -0.249023
vt -0.110352 -0.225586
vt -0.110352 -0.905273
vt -0.110352 -0.905273
vt -0.004883 -0.249023
vt -0.110352 -0.225586
vt -0.259766 -0.124023
vt -0.258789 -0.053711
vt -0.504883 -0.249023
vt -0.754883 -0.053711
vt -0.753906 -0.124023
vt -1.000000 -0.249023
vt -0.899414 -0.225586
vt -0.899414 -0.905273
vt -0.899414 -0.905273
vt -1.000000 -0.249023
vt -0.899414 -0.225586
vt -0.753906 -0.124023
vt -0.754883 -0.053711
vt -0.504883 -0.249023
vt -0.258789 -0.053711
vt -0.259766 -0.124023
vt -0.004883 -0.249023
vt -0.110352 -0.225586
vt -0.110352 -0.905273
vt -0.110352 -0.905273
vt -0.004883 -0.249023
vt -0.110352 -0.225586
vt -0.259766 -0.124023
vt -0.258789 -0.053711
vt -0.504883 -0.249023
vt -0.754883 -0.053711
vt -0.753906 -0.124023
vt -1.000000 -0.249023
vt -0.899414 -0.225586
vt -0.899414 -0.905273
vt -0.899414 -0.905273
vt -1.000000 -0.249023
vt -0.899414 -0.225586
vt -0.753906 -0.124023
vt -0.754883 -0.053711
vt -0.504883 -0.249023
vt -0.258789 -0.053711
vt -0.259766 -0.124023
vt -0.004883 -0.249023
vt -0.110352 -0.225586
vt -0.110352 -0.905273
vt -0.110352 -0.905273
vt -0.004883 -0.249023
vt -0.110352 -0.225586
vt -0.259766 -0.124023
vt -0.258789 -0.053711
vt -0.504883 -0.249023
vt -0.754883 -0.053711
vt -0.753906 -0.124023
vt -1.000000 -0.249023
vt -0.899414 -0.225586
vt -0.899414 -0.905273
vt -0.899414 -0.905273
vt -1.000000 -0.249023
vt -0.899414 -0.225586
vt -0.753906 -0.124023
vt -0.754883 -0.053711
vt -0.504883 -0.249023
vt -0.258789 -0.053711
vt -0.259766 -0.124023
vt -0.004883 -0.249023
vt -0.110352 -0.225586
vt -0.110352 -0.905273
vt -0.110352 -0.905273
vt -0.004883 -0.249023
vt -0.110352 -0.225586
vt -0.259766 -0.124023
vt -0.258789 -0.053711
vt -0.504883 -0.249023
vt -0.754883 -0.053711
vt -0.753906 -0.124023
vt -1.000000 -0.249023
vt -0.899414 -0.225586
vt -0.899414 -0.905273
vt -0.899414 -0.905273
vt -1.000000 -0.249023
vt -0.899414 -0.225586
vt -0.753906 -0.124023
vt -0.754883 -0.053711
vt -0.504883 -0.249023
vt -0.258789 -0.053711
vt -0.259766 -0.124023
vt -0.004883 -0.249023
vt -0.110352 -0.225586
vt -0.110352 -0.905273
vt -0.110352 -0.905273
vt -0.004883 -0.249023
vt -0.110352 -0.225586
vt -0.259766 -0.124023
vt -0.258789 -0.053711
vt -0.504883 -0.249023
vt -0.754883 -0.053711
vt -0.753906 -0.124023
vt -1.000000 -0.249023
vt -0.899414 -0.225586
vt -0.899414 -0.905273
vt -0.899414 -0.905273
vt -1.000000 -0.249023
vt -0.899414 -0.225586
vt -0.753906 -0.124023
vt -0.754883 -0.053711
vt -0.504883 -0.249023
vt -0.258789 -0.053711
vt -0.259766 -0.124023
vt -0.004883 -0.249023
vt -0.110352 -0.225586
vt -0.110352 -0.905273
vt -0.110352 -0.905273
vt -0.004883 -0.249023
vt -0.110352 -0.225586
vt -0.259766 -0.124023
vt -0.258789 -0.053711
vt -0.504883 -0.249023
vt -0.754883 -0.053711
vt -0.753906 -0.124023
vt -1.000000 -0.249023
vt -0.899414 -0.225586
vt -0.899414 -0.905273
vt -0.899414 -0.905273
vt -1.000000 -0.249023
vt -0.899414 -0.225586
vt -0.753906 -0.124023
vt -0.754883 -0.053711
vt -0.504883 -0.249023
vt -0.258789 -0.053711
vt -0.259766 -0.124023
vt -0.004883 -0.249023
vt -0.110352 -0.225586
vt -0.110352 -0.905273
vt -0.110352 -0.905273
vt -0.004883 -0.249023
vt -0.110352 -0.225586
vt -0.259766 -0.124023
vt -0.258789 -0.053711
vt -0.504883 -0.249023
vt -0.754883 -0.053711
vt -0.753906 -0.124023
vt -1.000000 -0.249023
vt -0.899414 -0.225586
vt -0.899414 -0.905273
vt -0.899414 -0.905273
vt -1.000000 -0.249023
vt -0.899414 -0.225586
vt -0.753906 -0.124023
vt -0.754883 -0.053711
vt -0.504883 -0.249023
vt -0.258789 -0.053711
vt -0.259766 -0.124023
vt -0.004883 -0.249023
vt -0.110352 -0.225586
vt -0.110352 -0.905273
vt -0.110352 -0.905273
vt -0.004883 -0.249023
vt -0.110352 -0.225586
vt -0.259766 -0.124023
vt -0.258789 -0.053711
vt -0.504883 -0.249023
vt -0.754883 -0.053711
vt -0.753906 -0.124023
vt -1.000000 -0.249023
vt -0.899414 -0.225586
vt -0.899414 -0.905273
vt -0.899414 -0.905273
vt -1.000000 -0.249023
vt -0.899414 -0.225586
vt -0.753906 -0.124023
vt -0.754883 -0.053711
vt -0.504883 -0.249023
vt -0.258789 -0.053711
vt -0.259766 -0.124023
vt -0.004883 -0.249023
vt -0.110352 -0.225586
vt -0.110352 -0.905273
vt -0.110352 -0.905273
vt -0.004883 -0.249023
vt -0.110352 -0.225586
vt -0.259766 -0.124023
vt -0.258789 -0.053711
vt -0.504883 -0.249023
vt -0.754883 -0.053711
vt -0.753906 -0.124023
vt -1.000000 -0.249023
vt -0.899414 -0.225586
vt -0.899414 -0.905273
vt -0.899414 -0.905273
vt -1.000000 -0.249023
vt -0.899414 -0.225586
vt -0.753906 -0.124023
vt -0.754883 -0.053711
vt -0.504883 -0.249023
vt -0.258789 -0.053711
vt -0.259766 -0.124023
vt -0.004883 -0.249023
vt -0.110352 -0.225586
vt -0.110352 -0.905273
vt -0.110352 -0.905273
vt -0.004883 -0.249023
vt -0.110352 -0.225586
vt -0.259766 -0.124023
vt -0.258789 -0.053711
vt -0.504883 -0.249023
vt -0.754883 -0.053711
vt -0.753906 -0.124023
vt -1.000000 -0.249023
vt -0.899414 -0.225586
vt -0.899414 -0.905273
vt -0.899414 -0.905273
vt -1.000000 -0.249023
vt -0.899414 -0.225586
vt -0.753906 -0.124023
vt -0.754883 -0.053711
vt -0.504883 -0.249023
vt -0.258789 -0.053711
vt -0.259766 -0.124023
vt -0.004883 -0.249023
vt -0.110352 -0.225586
vt -0.110352 -0.905273
vt -0.110352 -0.905273
vt -0.004883 -0.249023
vt -0.110352 -0.225586
vt -0.259766 -0.124023
vt -0.258789 -0.053711
vt -0.504883 -0.249023
vt -0.754883 -0.053711
vt -0.753906 -0.124023
vt -1.000000 -0.249023
vt -0.899414 -0.225586
vt -0.899414 -0.905273
vt -0.899414 -0.905273
vt -1.000000 -0.249023
vt -0.899414 -0.225586
vt -0.753906 -0.124023
vt -0.754883 -0.053711
vt -0.504883 -0.249023
vt -0.258789 -0.053711
vt -0.259766 -0.124023
vt -0.004883 -0.249023
vt -0.110352 -0.225586
vt -0.110352 -0.905273
vt -0.110352 -0.905273
vt -0.004883 -0.249023
vt -0.110352 -0.225586
vt -0.259766 -0.124023
vt -0.258789 -0.053711
vt -0.504883 -0.249023
vt -0.754883 -0.053711
vt -0.753906 -0.124023
vt -1.000000 -0.249023
vt -0.899414 -0.225586
vt -0.899414 -0.905273
vt -0.899414 -0.905273
vt -1.000000 -0.249023
vt -0.899414 -0.225586
vt -0.753906 -0.124023
vt -0.754883 -0.053711
vt -0.504883 -0.249023
vt -0.258789 -0.053711
vt -0.259766 -0.124023
vt -0.004883 -0.249023
vt -0.110352 -0.225586
vt -0.110352 -0.905273
vt -0.110352 -0.905273
vt -0.004883 -0.249023
vt -0.110352 -0.225586
vt -0.259766 -0.124023
vt -0.258789 -0.053711
vt -0.504883 -0.249023
vt -0.754883 -0.053711
vt -0.753906 -0.124023
vt -1.000000 -0.249023
vt -0.899414 -0.225586
vt -0.899414 -0.905273
vt -0.899414 -0.905273
vt -1.000000 -0.249023
vt -0.899414 -0.225586
vt -0.753906 -0.124023
vt -0.754883 -0.053711
vt -0.504883 -0.249023
vt -0.258789 -0.053711
vt -0.259766 -0.124023
vt -0.004883 -0.249023
vt -0.110352 -0.225586
vt -0.110352 -0.905273
vt -0.110352 -0.905273
vt -0.004883 -0.249023
vt -0.110352 -0.225586
vt -0.259766 -0.124023
vt -0.258789 -0.053711
vt -0.504883 -0.249023
vt -0.754883 -0.053711
vt -0.753906 -0.124023
vt -1.000000 -0.249023
vt -0.899414 -0.225586
vt -0.899414 -0.905273
vt 0.101562 -0.935547
vt 0.001953 -0.205078
vt 0.101562 -0.210938
vt 0.250977 -0.104492
vt 0.250977 -0.037109
vt 0.498047 -0.205078
vt 0.750977 -0.037109
vt 0.750977 -0.104492
vt 1.000977 -0.205078
vt 0.900391 -0.210938
vt 0.900391 -0.935547
vt 0.900391 -0.935547
vt 1.000977 -0.205078
vt 0.900391 -0.210938
vt 0.750977 -0.104492
vt 0.750977 -0.037109
vt 0.498047 -0.205078
vt 0.250977 -0.037109
vt 0.250977 -0.104492
vt 0.001953 -0.205078
vt 0.101562 -0.210938
vt 0.101562 -0.935547
vt 0.101562 -0.935547
vt 0.001953 -0.205078
vt 0.101562 -0.210938
vt 0.250977 -0.104492
vt 0.250977 -0.037109
vt 0.498047 -0.205078
vt 0.750977 -0.037109
vt 0.750977 -0.104492
vt 1.000977 -0.205078
vt 0.900391 -0.210938
vt 0.900391 -0.935547
vt 0.900391 -0.935547
vt 1.000977 -0.205078
vt 0.900391 -0.210938
vt 0.750977 -0.104492
vt 0.750977 -0.037109
vt 0.498047 -0.205078
vt 0.250977 -0.037109
vt 0.250977 -0.104492
vt 0.001953 -0.205078
vt 0.101562 -0.210938
vt 0.101562 -0.935547
vt 0.101562 -0.935547
vt 0.001953 -0.205078
vt 0.101562 -0.210938
vt 0.250977 -0.104492
vt 0.250977 -0.037109
vt 0.498047 -0.205078
vt 0.750977 -0.037109
vt 0.750977 -0.104492
vt 1.000977 -0.205078
vt 0.900391 -0.210938
vt 0.900391 -0.935547
vt 0.900391 -0.935547
vt 1.000977 -0.205078
vt 0.900391 -0.210938
vt 0.750977 -0.104492
vt 0.750977 -0.037109
vt 0.498047 -0.205078
vt 0.250977 -0.037109
vt 0.250977 -0.104492
vt 0.001953 -0.205078
vt 0.101562 -0.210938
vt 0.101562 -0.935547
vt 0.101562 -0.935547
vt 0.001953 -0.205078
vt 0.101562 -0.210938
vt 0.250977 -0.104492
vt 0.250977 -0.037109
vt 0.498047 -0.205078
vt 0.750977 -0.037109
vt 0.750977 -0.104492
vt 1.000977 -0.205078
vt 0.900391 -0.210938
vt 0.900391 -0.935547
vt 0.900391 -0.935547
vt 1.000977 -0.205078
vt 0.900391 -0.210938
vt 0.750977 -0.104492
vt 0.750977 -0.037109
vt 0.498047 -0.205078
vt 0.250977 -0.037109
vt 0.250977 -0.104492
vt 0.001953 -0.205078
vt 0.101562 -0.210938
vt 0.101562 -0.935547
vt 0.101562 -0.935547
vt 0.001953 -0.205078
vt 0.101562 -0.210938
vt 0.250977 -0.104492
vt 0.250977 -0.037109
vt 0.498047 -0.205078
vt 0.750977 -0.037109
vt 0.750977 -0.104492
vt 1.000977 -0.205078
vt 0.900391 -0.210938
vt 0.900391 -0.935547
vt 0.900391 -0.935547
vt 1.000977 -0.205078
vt 0.900391 -0.210938
vt 0.750977 -0.104492
vt 0.750977 -0.037109
vt 0.498047 -0.205078
vt 0.250977 -0.037109
vt 0.250977 -0.104492
vt 0.001953 -0.205078
vt 0.101562 -0.210938
vt 0.101562 -0.935547
vt 0.101562 -0.935547
vt 0.001953 -0.205078
vt 0.101562 -0.210938
vt 0.250977 -0.104492
vt 0.250977 -0.037109
vt 0.498047 -0.205078
vt 0.750977 -0.037109
vt 0.750977 -0.104492
vt 1.000977 -0.205078
vt 0.900391 -0.210938
vt 0.900391 -0.935547
vt 0.900391 -0.935547
vt 1.000977 -0.205078
vt 0.900391 -0.210938
vt 0.750977 -0.104492
vt 0.750977 -0.037109
vt 0.498047 -0.205078
vt 0.250977 -0.037109
vt 0.250977 -0.104492
vt 0.001953 -0.205078
vt 0.101562 -0.210938
vt 0.101562 -0.935547
vt 0.101562 -0.935547
vt 0.001953 -0.205078
vt 0.101562 -0.210938
vt 0.250977 -0.104492
vt 0.250977 -0.037109
vt 0.498047 -0.205078
vt 0.750977 -0.037109
vt 0.750977 -0.104492
vt 1.000977 -0.205078
vt 0.900391 -0.210938
vt 0.900391 -0.935547
vt 0.900391 -0.935547
vt 1.000977 -0.205078
vt 0.900391 -0.210938
vt 0.750977 -0.104492
vt 0.750977 -0.037109
vt 0.498047 -0.205078
vt 0.250977 -0.037109
vt 0.250977 -0.104492
vt 0.001953 -0.205078
vt 0.101562 -0.210938
vt 0.101562 -0.935547
vt 0.101562 -0.935547
vt 0.001953 -0.205078
vt 0.101562 -0.210938
vt 0.250977 -0.104492
vt 0.250977 -0.037109
vt 0.498047 -0.205078
vt 0.750977 -0.037109
vt 0.750977 -0.104492
vt 1.000977 -0.205078
vt 0.900391 -0.210938
vt 0.900391 -0.935547
vt 0.900391 -0.935547
vt 1.000977 -0.205078
vt 0.900391 -0.210938
vt 0.750977 -0.104492
vt 0.750977 -0.037109
vt 0.498047 -0.205078
vt 0.250977 -0.037109
vt 0.250977 -0.104492
vt 0.001953 -0.205078
vt 0.101562 -0.210938
vt 0.101562 -0.935547
vt 0.101562 -0.935547
vt 0.001953 -0.205078
vt 0.101562 -0.210938
vt 0.250977 -0.104492
vt 0.250977 -0.037109
vt 0.498047 -0.205078
vt 0.750977 -0.037109
vt 0.750977 -0.104492
vt 1.000977 -0.205078
vt 0.900391 -0.210938
vt 0.900391 -0.935547
vt 0.900391 -0.935547
vt 1.000977 -0.205078
vt 0.900391 -0.210938
vt 0.750977 -0.104492
vt 0.750977 -0.037109
vt 0.498047 -0.205078
vt 0.250977 -0.037109
vt 0.250977 -0.104492
vt 0.001953 -0.205078
vt 0.101562 -0.210938
vt 0.101562 -0.935547
vt 0.101562 -0.935547
vt 0.001953 -0.205078
vt 0.101562 -0.210938
vt 0.250977 -0.104492
vt 0.250977 -0.037109
vt 0.498047 -0.205078
vt 0.750977 -0.037109
vt 0.750977 -0.104492
vt 1.000977 -0.205078
vt 0.900391 -0.210938
vt 0.900391 -0.935547
vt 0.900391 -0.935547
vt 1.000977 -0.205078
vt 0.900391 -0.210938
vt 0.750977 -0.104492
vt 0.750977 -0.037109
vt 0.498047 -0.205078
vt 0.250977 -0.037109
vt 0.250977 -0.104492
vt 0.001953 -0.205078
vt 0.101562 -0.210938
vt 0.101562 -0.935547
vt 0.101562 -0.935547
vt 0.001953 -0.205078
vt 0.101562 -0.210938
vt 0.250977 -0.104492
vt 0.250977 -0.037109
vt 0.498047 -0.205078
vt 0.750977 -0.037109
vt 0.750977 -0.104492
vt 1.000977 -0.205078
vt 0.900391 -0.210938
vt 0.900391 -0.935547
vt 0.900391 -0.935547
vt 1.000977 -0.205078
vt 0.900391 -0.210938
vt 0.750977 -0.104492
vt 0.750977 -0.037109
vt 0.498047 -0.205078
vt 0.250977 -0.037109
vt 0.250977 -0.104492
vt 0.001953 -0.205078
vt 0.101562 -0.210938
vt 0.101562 -0.935547
vt -0.004883 -0.683594
vt -0.110352 -0.565430
vt -0.004883 -0.249023
vt -0.110352 -0.225586
vt -0.407227 -0.464844
vt -0.407227 -0.225586
vt -0.504883 -0.249023
vt -0.259766 -0.124023
vt -0.258789 -0.053711
vt -0.004883 -0.249023
vt -0.504883 -0.999023
vt -0.110352 -0.905273
vt -0.406250 -0.905273
vt -0.259766 -0.124023
vt -0.110352 -0.225586
vt -0.004883 -0.249023
vt -0.110352 -0.905273
vt -0.003906 -0.999023
vt -0.504883 -0.999023
vt -0.004883 -0.683594
vt -0.004883 -0.249023
vt -0.110352 -0.565430
vt -0.110352 -0.225586
vt -0.259766 -0.124023
vt -0.407227 -0.225586
vt -0.504883 -0.249023
vt -0.407227 -0.464844
vt -0.504883 -0.525391
vt -0.004883 -0.010742
vt -0.258789 -0.053711
vt -0.004883 -0.249023
vt -0.259766 -0.124023
vt -0.375977 -0.183594
vt -0.110352 -0.225586
vt -0.110352 -0.246094
vt -0.004883 -0.249023
vt -0.004883 -0.368164
vt 0.498047 -0.999023
vt 0.101562 -0.935547
vt -0.000977 -0.999023
vt 0.001953 -0.205078
vt 0.101562 -0.210938
vt 0.250977 -0.104492
vt 0.001953 -0.205078
vt 0.250977 -0.037109
vt -0.000977 0.000000
vt -0.003906 -0.999023
vt -0.110352 -0.905273
vt -0.004883 -0.249023
vt -0.110352 -0.225586
vt -0.259766 -0.124023
vt -0.004883 -0.249023
vt -0.258789 -0.053711
vt -0.004883 -0.010742
vt -0.502930 -0.010742
vt -0.375977 -0.183594
vt -0.110352 -0.225586
vt -0.110352 -0.246094
vt -0.004883 -0.249023
vt -0.259766 -0.124023
vt -0.258789 -0.053711
vt -0.375977 -0.183594
vt -0.506836 -0.053711
vt -0.504883 -0.249023
vt -1.000000 -0.249023
vt -0.899414 -0.905273
vt -1.000977 -0.999023
vt -0.504883 -0.999023
vt -0.607422 -0.905273
vt -0.504883 -0.249023
vt -0.606445 -0.225586
vt -0.753906 -0.124023
vt -0.004883 -0.249023
vt -0.110352 -0.905273
vt -0.003906 -0.999023
vt -0.504883 -0.999023
vt -0.406250 -0.905273
vt -0.504883 -0.249023
vt -0.407227 -0.225586
vt -0.259766 -0.124023
vt -1.000000 -0.249023
vt -0.899414 -0.905273
vt -1.000977 -0.999023
vt -0.504883 -0.999023
vt -0.607422 -0.905273
vt -0.504883 -0.249023
vt -0.606445 -0.225586
vt -0.753906 -0.124023
vt -0.004883 -0.249023
vt -0.110352 -0.905273
vt -0.003906 -0.999023
vt -0.504883 -0.999023
vt -0.406250 -0.905273
vt -0.504883 -0.249023
vt -0.407227 -0.225586
vt -0.259766 -0.124023
vt -1.000000 -0.249023
vt -0.899414 -0.905273
vt -1.000977 -0.999023
vt -0.504883 -0.999023
vt -0.607422 -0.905273
vt -0.504883 -0.249023
vt -0.606445 -0.225586
vt -0.753906 -0.124023
vt -0.004883 -0.249023
vt -0.110352 -0.905273
vt -0.003906 -0.999023
vt -0.504883 -0.999023
vt -0.406250 -0.905273
vt -0.504883 -0.249023
vt -0.407227 -0.225586
vt -0.259766 -0.124023
vt -1.000000 -0.249023
vt -0.899414 -0.905273
vt -1.000977 -0.999023
vt -0.504883 -0.999023
vt -0.607422 -0.905273
vt -0.504883 -0.249023
vt -0.606445 -0.225586
vt -0.753906 -0.124023
vt -0.004883 -0.249023
vt -0.110352 -0.905273
vt -0.003906 -0.999023
vt -0.504883 -0.999023
vt -0.406250 -0.905273
vt -0.504883 -0.249023
vt -0.407227 -0.225586
vt -0.259766 -0.124023
vt -1.000000 -0.249023
vt -0.899414 -0.905273
vt -1.000977 -0.999023
vt -0.504883 -0.999023
vt -0.607422 -0.905273
vt -0.504883 -0.249023
vt -0.606445 -0.225586
vt -0.753906 -0.124023
vt -0.004883 -0.249023
vt -0.110352 -0.905273
vt -0.003906 -0.999023
vt -0.504883 -0.999023
vt -0.406250 -0.905273
vt -0.504883 -0.249023
vt -0.407227 -0.225586
vt -0.259766 -0.124023
vt -1.000000 -0.249023
vt -0.899414 -0.905273
vt -1.000977 -0.999023
vt -0.504883 -0.999023
vt -0.607422 -0.905273
vt -0.504883 -0.249023
vt -0.606445 -0.225586
vt -0.753906 -0.124023
vt -0.004883 -0.249023
vt -0.110352 -0.905273
vt -0.003906 -0.999023
vt -0.504883 -0.999023
vt -0.406250 -0.905273
vt -0.504883 -0.249023
vt -0.407227 -0.225586
vt -0.259766 -0.124023
vt -1.000000 -0.249023
vt -0.899414 -0.905273
vt -1.000977 -0.999023
vt -0.504883 -0.999023
vt -0.607422 -0.905273
vt -0.504883 -0.249023
vt -0.606445 -0.225586
vt -0.753906 -0.124023
vt -0.004883 -0.249023
vt -0.110352 -0.905273
vt -0.003906 -0.999023
vt -0.504883 -0.999023
vt -0.406250 -0.905273
vt -0.504883 -0.249023
vt -0.407227 -0.225586
vt -0.259766 -0.124023
vt -1.000000 -0.249023
vt -0.899414 -0.905273
vt -1.000977 -0.999023
vt -0.504883 -0.999023
vt -0.607422 -0.905273
vt -0.504883 -0.249023
vt -0.606445 -0.225586
vt -0.753906 -0.124023
vt -0.004883 -0.249023
vt -0.110352 -0.905273
vt -0.003906 -0.999023
vt -0.504883 -0.999023
vt -0.406250 -0.905273
vt -0.504883 -0.249023
vt -0.407227 -0.225586
vt -0.259766 -0.124023
vt -1.000000 -0.249023
vt -0.899414 -0.905273
vt -1.000977 -0.999023
vt -0.504883 -0.999023
vt -0.607422 -0.905273
vt -0.504883 -0.249023
vt -0.606445 -0.225586
vt -0.753906 -0.124023
vt -0.004883 -0.249023
vt -0.110352 -0.905273
vt -0.003906 -0.999023
vt -0.504883 -0.999023
vt -0.406250 -0.905273
vt -0.504883 -0.249023
vt -0.407227 -0.225586
vt -0.259766 -0.124023
vt -1.000000 -0.249023
vt -0.899414 -0.905273
vt -1.000977 -0.999023
vt -0.504883 -0.999023
vt -0.607422 -0.905273
vt -0.504883 -0.249023
vt -0.606445 -0.225586
vt -0.753906 -0.124023
vt -0.004883 -0.249023
vt -0.110352 -0.905273
vt -0.003906 -0.999023
vt -0.504883 -0.999023
vt -0.406250 -0.905273
vt -0.504883 -0.249023
vt -0.407227 -0.225586
vt -0.259766 -0.124023
vt -1.000000 -0.249023
vt -0.899414 -0.905273
vt -1.000977 -0.999023
vt -0.504883 -0.999023
vt -0.607422 -0.905273
vt -0.504883 -0.249023
vt -0.606445 -0.225586
vt -0.753906 -0.124023
vt -0.004883 -0.249023
vt -0.110352 -0.905273
vt -0.003906 -0.999023
vt -0.504883 -0.999023
vt -0.406250 -0.905273
vt -0.504883 -0.249023
vt -0.407227 -0.225586
vt -0.259766 -0.124023
vt -1.000000 -0.249023
vt -0.899414 -0.905273
vt -1.000977 -0.999023
vt -0.504883 -0.999023
vt -0.607422 -0.905273
vt -0.504883 -0.249023
vt -0.606445 -0.225586
vt -0.753906 -0.124023
vt -0.004883 -0.249023
vt -0.110352 -0.905273
vt -0.003906 -0.999023
vt -0.504883 -0.999023
vt -0.406250 -0.905273
vt -0.504883 -0.249023
vt -0.407227 -0.225586
vt -0.259766 -0.124023
vt -1.000000 -0.249023
vt -0.899414 -0.905273
vt -1.000977 -0.999023
vt -0.504883 -0.999023
vt -0.607422 -0.905273
vt -0.504883 -0.249023
vt -0.606445 -0.225586
vt -0.753906 -0.124023
vt -0.004883 -0.249023
vt -0.110352 -0.905273
vt -0.003906 -0.999023
vt -0.504883 -0.999023
vt -0.406250 -0.905273
vt -0.504883 -0.249023
vt -0.407227 -0.225586
vt -0.259766 -0.124023
vt -1.000000 -0.249023
vt -0.899414 -0.905273
vt -1.000977 -0.999023
vt -0.504883 -0.999023
vt -0.607422 -0.905273
vt -0.504883 -0.249023
vt -0.606445 -0.225586
vt -0.753906 -0.124023
vt -0.004883 -0.249023
vt -0.110352 -0.905273
vt -0.003906 -0.999023
vt -0.504883 -0.999023
vt -0.406250 -0.905273
vt -0.504883 -0.249023
vt -0.407227 -0.225586
vt -0.259766 -0.124023
vt -1.000000 -0.249023
vt -0.899414 -0.905273
vt -1.000977 -0.999023
vt -0.504883 -0.999023
vt -0.607422 -0.905273
vt -0.504883 -0.249023
vt -0.606445 -0.225586
vt -0.753906 -0.124023
vt -0.004883 -0.249023
vt -0.110352 -0.905273
vt -0.003906 -0.999023
vt -0.504883 -0.999023
vt -0.406250 -0.905273
vt -0.504883 -0.249023
vt -0.407227 -0.225586
vt -0.259766 -0.124023
vt -1.000000 -0.249023
vt -0.899414 -0.905273
vt -1.000977 -0.999023
vt -0.504883 -0.999023
vt -0.607422 -0.905273
vt -0.504883 -0.249023
vt -0.606445 -0.225586
vt -0.753906 -0.124023
vt -0.004883 -0.249023
vt -0.110352 -0.905273
vt -0.003906 -0.999023
vt -0.504883 -0.999023
vt -0.406250 -0.905273
vt -0.504883 -0.249023
vt -0.407227 -0.225586
vt -0.259766 -0.124023
vt -1.000000 -0.249023
vt -0.899414 -0.905273
vt -1.000977 -0.999023
vt -0.504883 -0.999023
vt -0.607422 -0.905273
vt -0.504883 -0.249023
vt -0.606445 -0.225586
vt -0.753906 -0.124023
vt -0.004883 -0.249023
vt -0.110352 -0.905273
vt -0.003906 -0.999023
vt -0.504883 -0.999023
vt -0.406250 -0.905273
vt -0.504883 -0.249023
vt -0.407227 -0.225586
vt -0.259766 -0.124023
vt -0.004883 -0.249023
vt -0.110352 -0.905273
vt -0.003906 -0.999023
vt -0.504883 -0.999023
vt -0.406250 -0.905273
vt -0.504883 -0.249023
vt -0.407227 -0.225586
vt -0.259766 -0.124023
vt 0.001953 -0.205078
vt 0.101562 -0.935547
vt -0.000977 -0.999023
vt 0.498047 -0.999023
vt 0.401367 -0.935547
vt 0.498047 -0.205078
vt 0.401367 -0.210938
vt 0.250977 -0.104492
vt 1.000977 -0.205078
vt 0.900391 -0.935547
vt 0.998047 -0.999023
vt 0.498047 -0.999023
vt 0.600586 -0.935547
vt 0.498047 -0.205078
vt 0.600586 -0.210938
vt 0.750977 -0.104492
vt 0.001953 -0.205078
vt 0.101562 -0.935547
vt -0.000977 -0.999023
vt 0.498047 -0.999023
vt 0.401367 -0.935547
vt 0.498047 -0.205078
vt 0.401367 -0.210938
vt 0.250977 -0.104492
vt 1.000977 -0.205078
vt 0.900391 -0.935547
vt 0.998047 -0.999023
vt 0.498047 -0.999023
vt 0.600586 -0.935547
vt 0.498047 -0.205078
vt 0.600586 -0.210938
vt 0.750977 -0.104492
vt 0.001953 -0.205078
vt 0.101562 -0.935547
vt -0.000977 -0.999023
vt 0.498047 -0.999023
vt 0.401367 -0.935547
vt 0.498047 -0.205078
vt 0.401367 -0.210938
vt 0.250977 -0.104492
vt 1.000977 -0.205078
vt 0.900391 -0.935547
vt 0.998047 -0.999023
vt 0.498047 -0.999023
vt 0.600586 -0.935547
vt 0.498047 -0.205078
vt 0.600586 -0.210938
vt 0.750977 -0.104492
vt 0.001953 -0.205078
vt 0.101562 -0.935547
vt -0.000977 -0.999023
vt 0.498047 -0.999023
vt 0.401367 -0.935547
vt 0.498047 -0.205078
vt 0.401367 -0.210938
vt 0.250977 -0.104492
vt 1.000977 -0.205078
vt 0.900391 -0.935547
vt 0.998047 -0.999023
vt 0.498047 -0.999023
vt 0.600586 -0.935547
vt 0.498047 -0.205078
vt 0.600586 -0.210938
vt 0.750977 -0.104492
vt 0.001953 -0.205078
vt 0.101562 -0.935547
vt -0.000977 -0.999023
vt 0.498047 -0.999023
vt 0.401367 -0.935547
vt 0.498047 -0.205078
vt 0.401367 -0.210938
vt 0.250977 -0.104492
vt 1.000977 -0.205078
vt 0.900391 -0.935547
vt 0.998047 -0.999023
vt 0.498047 -0.999023
vt 0.600586 -0.935547
vt 0.498047 -0.205078
vt 0.600586 -0.210938
vt 0.750977 -0.104492
vt 0.001953 -0.205078
vt 0.101562 -0.935547
vt -0.000977 -0.999023
vt 0.498047 -0.999023
vt 0.401367 -0.935547
vt 0.498047 -0.205078
vt 0.401367 -0.210938
vt 0.250977 -0.104492
vt 1.000977 -0.205078
vt 0.900391 -0.935547
vt 0.998047 -0.999023
vt 0.498047 -0.999023
vt 0.600586 -0.935547
vt 0.498047 -0.205078
vt 0.600586 -0.210938
vt 0.750977 -0.104492
vt 0.001953 -0.205078
vt 0.101562 -0.935547
vt -0.000977 -0.999023
vt 0.498047 -0.999023
vt 0.401367 -0.935547
vt 0.498047 -0.205078
vt 0.401367 -0.210938
vt 0.250977 -0.104492
vt 1.000977 -0.205078
vt 0.900391 -0.935547
vt 0.998047 -0.999023
vt 0.498047 -0.999023
vt 0.600586 -0.935547
vt 0.498047 -0.205078
vt 0.600586 -0.210938
vt 0.750977 -0.104492
vt 0.001953 -0.205078
vt 0.101562 -0.935547
vt -0.000977 -0.999023
vt 0.498047 -0.999023
vt 0.401367 -0.935547
vt 0.498047 -0.205078
vt 0.401367 -0.210938
vt 0.250977 -0.104492
vt 1.000977 -0.205078
vt 0.900391 -0.935547
vt 0.998047 -0.999023
vt 0.498047 -0.999023
vt 0.600586 -0.935547
vt 0.498047 -0.205078
vt 0.600586 -0.210938
vt 0.750977 -0.104492
vt 0.001953 -0.205078
vt 0.101562 -0.935547
vt -0.000977 -0.999023
vt 0.498047 -0.999023
vt 0.401367 -0.935547
vt 0.498047 -0.205078
vt 0.401367 -0.210938
vt 0.250977 -0.104492
vt 1.000977 -0.205078
vt 0.900391 -0.935547
vt 0.998047 -0.999023
vt 0.498047 -0.999023
vt 0.600586 -0.935547
vt 0.498047 -0.205078
vt 0.600586 -0.210938
vt 0.750977 -0.104492
vt 0.001953 -0.205078
vt 0.101562 -0.935547
vt -0.000977 -0.999023
vt 0.498047 -0.999023
vt 0.401367 -0.935547
vt 0.498047 -0.205078
vt 0.401367 -0.210938
vt 0.250977 -0.104492
vt 0.750977 -0.104492
vt 0.498047 -0.205078
vt 0.600586 -0.210938
vt 0.600586 -0.935547
vt 0.498047 -0.999023
vt 0.900391 -0.935547
vt 0.998047 -0.999023
vt 1.000977 -0.205078
vt -1.000000 -0.249023
vt -0.899414 -0.905273
vt -1.000977 -0.999023
vt -0.504883 -0.999023
vt -0.607422 -0.905273
vt -0.504883 -0.249023
vt -0.606445 -0.225586
vt -0.753906 -0.124023
vt -0.004883 -0.249023
vt -0.110352 -0.905273
vt -0.003906 -0.999023
vt -0.504883 -0.999023
vt -0.406250 -0.905273
vt -0.504883 -0.249023
vt -0.407227 -0.225586
vt -0.259766 -0.124023
vt -1.000000 -0.249023
vt -0.899414 -0.905273
vt -1.000977 -0.999023
vt -0.504883 -0.999023
vt -0.607422 -0.905273
vt -0.504883 -0.249023
vt -0.606445 -0.225586
vt -0.753906 -0.124023
vt -0.004883 -0.249023
vt -0.110352 -0.905273
vt -0.003906 -0.999023
vt -0.504883 -0.999023
vt -0.406250 -0.905273
vt -0.504883 -0.249023
vt -0.407227 -0.225586
vt -0.259766 -0.124023
vt -1.000000 -0.249023
vt -0.899414 -0.905273
vt -1.000977 -0.999023
vt -0.504883 -0.999023
vt -0.607422 -0.905273
vt -0.504883 -0.249023
vt -0.606445 -0.225586
vt -0.753906 -0.124023
vt -0.004883 -0.249023
vt -0.110352 -0.905273
vt -0.003906 -0.999023
vt -0.504883 -0.999023
vt -0.406250 -0.905273
vt -0.504883 -0.249023
vt -0.407227 -0.225586
vt -0.259766 -0.124023
vt -0.004883 -0.249023
vt -0.110352 -0.905273
vt -0.003906 -0.999023
vt -0.504883 -0.999023
vt -0.406250 -0.905273
vt -0.504883 -0.249023
vt -0.407227 -0.225586
vt -0.259766 -0.124023
vt -1.000000 -0.249023
vt -0.899414 -0.905273
vt -1.000977 -0.999023
vt -0.504883 -0.999023
vt -0.607422 -0.905273
vt -0.504883 -0.249023
vt -0.606445 -0.225586
vt -0.753906 -0.124023
vt -0.004883 -0.249023
vt -0.110352 -0.905273
vt -0.003906 -0.999023
vt -0.504883 -0.999023
vt -0.406250 -0.905273
vt -0.504883 -0.249023
vt -0.407227 -0.225586
vt -0.259766 -0.124023
vt -1.000000 -0.249023
vt -0.899414 -0.905273
vt -1.000977 -0.999023
vt -0.504883 -0.999023
vt -0.607422 -0.905273
vt -0.504883 -0.249023
vt -0.606445 -0.225586
vt -0.753906 -0.124023
vt -0.004883 -0.249023
vt -0.110352 -0.905273
vt -0.003906 -0.999023
vt -0.504883 -0.999023
vt -0.406250 -0.905273
vt -0.504883 -0.249023
vt -0.407227 -0.225586
vt -0.259766 -0.124023
vt -1.000000 -0.249023
vt -0.899414 -0.905273
vt -1.000977 -0.999023
vt -0.504883 -0.999023
vt -0.607422 -0.905273
vt -0.504883 -0.249023
vt -0.606445 -0.225586
vt -0.753906 -0.124023
vt -0.004883 -0.249023
vt -0.110352 -0.905273
vt -0.003906 -0.999023
vt -0.504883 -0.999023
vt -0.406250 -0.905273
vt -0.504883 -0.249023
vt -0.407227 -0.225586
vt -0.259766 -0.124023
vt -1.000000 -0.249023
vt -0.899414 -0.905273
vt -1.000977 -0.999023
vt -0.504883 -0.999023
vt -0.607422 -0.905273
vt -0.504883 -0.249023
vt -0.606445 -0.225586
vt -0.753906 -0.124023
vt -0.004883 -0.249023
vt -0.110352 -0.905273
vt -0.003906 -0.999023
vt -0.504883 -0.999023
vt -0.406250 -0.905273
vt -0.504883 -0.249023
vt -0.407227 -0.225586
vt -0.259766 -0.124023
vt -1.000000 -0.249023
vt -0.899414 -0.905273
vt -1.000977 -0.999023
vt -0.504883 -0.999023
vt -0.607422 -0.905273
vt -0.504883 -0.249023
vt -0.606445 -0.225586
vt -0.753906 -0.124023
vt -0.004883 -0.249023
vt -0.110352 -0.905273
vt -0.003906 -0.999023
vt -0.504883 -0.999023
vt -0.406250 -0.905273
vt -0.504883 -0.249023
vt -0.407227 -0.225586
vt -0.259766 -0.124023
vt -1.000000 -0.249023
vt -0.899414 -0.905273
vt -1.000977 -0.999023
vt -0.504883 -0.999023
vt -0.607422 -0.905273
vt -0.504883 -0.249023
vt -0.606445 -0.225586
vt -0.753906 -0.124023
vt -0.004883 -0.249023
vt -0.110352 -0.905273
vt -0.003906 -0.999023
vt -0.504883 -0.999023
vt -0.406250 -0.905273
vt -0.504883 -0.249023
vt -0.407227 -0.225586
vt -0.259766 -0.124023
vt -1.000000 -0.249023
vt -0.899414 -0.905273
vt -1.000977 -0.999023
vt -0.504883 -0.999023
vt -0.607422 -0.905273
vt -0.504883 -0.249023
vt -0.606445 -0.225586
vt -0.753906 -0.124023
vt -0.004883 -0.249023
vt -0.110352 -0.905273
vt -0.003906 -0.999023
vt -0.504883 -0.999023
vt -0.406250 -0.905273
vt -0.504883 -0.249023
vt -0.407227 -0.225586
vt -0.259766 -0.124023
vt -1.000000 -0.249023
vt -0.899414 -0.905273
vt -1.000977 -0.999023
vt -0.504883 -0.999023
vt -0.607422 -0.905273
vt -0.504883 -0.249023
vt -0.606445 -0.225586
vt -0.753906 -0.124023
vt -0.004883 -0.249023
vt -0.110352 -0.905273
vt -0.003906 -0.999023
vt -0.504883 -0.999023
vt -0.406250 -0.905273
vt -0.504883 -0.249023
vt -0.407227 -0.225586
vt -0.259766 -0.124023
vt -1.000000 -0.249023
vt -0.899414 -0.905273
vt -1.000977 -0.999023
vt -0.504883 -0.999023
vt -0.607422 -0.905273
vt -0.504883 -0.249023
vt -0.606445 -0.225586
vt -0.753906 -0.124023
vt -0.004883 -0.249023
vt -0.110352 -0.905273
vt -0.003906 -0.999023
vt -0.504883 -0.999023
vt -0.406250 -0.905273
vt -0.504883 -0.249023
vt -0.407227 -0.225586
vt -0.259766 -0.124023
vt -1.000000 -0.249023
vt -0.899414 -0.905273
vt -1.000977 -0.999023
vt -0.504883 -0.999023
vt -0.607422 -0.905273
vt -0.504883 -0.249023
vt -0.606445 -0.225586
vt -0.753906 -0.124023
vt -0.004883 -0.249023
vt -0.110352 -0.905273
vt -0.003906 -0.999023
vt -0.504883 -0.999023
vt -0.406250 -0.905273
vt -0.504883 -0.249023
vt -0.407227 -0.225586
vt -0.259766 -0.124023
vt -1.000000 -0.249023
vt -0.899414 -0.905273
vt -1.000977 -0.999023
vt -0.504883 -0.999023
vt -0.607422 -0.905273
vt -0.504883 -0.249023
vt -0.606445 -0.225586
vt -0.753906 -0.124023
vt -0.004883 -0.249023
vt -0.110352 -0.905273
vt -0.003906 -0.999023
vt -0.504883 -0.999023
vt -0.406250 -0.905273
vt -0.504883 -0.249023
vt -0.407227 -0.225586
vt -0.259766 -0.124023
vt -1.000000 -0.249023
vt -0.899414 -0.905273
vt -1.000977 -0.999023
vt -0.504883 -0.999023
vt -0.607422 -0.905273
vt -0.504883 -0.249023
vt -0.606445 -0.225586
vt -0.753906 -0.124023
vt -0.004883 -0.249023
vt -0.110352 -0.905273
vt -0.003906 -0.999023
vt -0.504883 -0.999023
vt -0.406250 -0.905273
vt -0.504883 -0.249023
vt -0.407227 -0.225586
vt -0.259766 -0.124023
vt -1.000000 -0.249023
vt -0.899414 -0.905273
vt -1.000977 -0.999023
vt -0.504883 -0.999023
vt -0.607422 -0.905273
vt -0.504883 -0.249023
vt -0.606445 -0.225586
vt -0.753906 -0.124023
vt -0.004883 -0.249023
vt -0.110352 -0.905273
vt -0.003906 -0.999023
vt -0.504883 -0.999023
vt -0.406250 -0.905273
vt -0.504883 -0.249023
vt -0.407227 -0.225586
vt -0.259766 -0.124023
vt -1.000000 -0.249023
vt -0.899414 -0.905273
vt -1.000977 -0.999023
vt -0.504883 -0.999023
vt -0.607422 -0.905273
vt -0.504883 -0.249023
vt -0.606445 -0.225586
vt -0.753906 -0.124023
vt -0.004883 -0.249023
vt -0.110352 -0.905273
vt -0.003906 -0.999023
vt -0.504883 -0.999023
vt -0.406250 -0.905273
vt -0.504883 -0.249023
vt -0.407227 -0.225586
vt -0.259766 -0.124023
vt 0.001953 -0.205078
vt 0.101562 -0.935547
vt -0.000977 -0.999023
vt 0.498047 -0.999023
vt 0.401367 -0.935547
vt 0.498047 -0.205078
vt 0.401367 -0.210938
vt 0.250977 -0.104492
vt 1.000977 -0.205078
vt 0.900391 -0.935547
vt 0.998047 -0.999023
vt 0.498047 -0.999023
vt 0.600586 -0.935547
vt 0.498047 -0.205078
vt 0.600586 -0.210938
vt 0.750977 -0.104492
vt 0.001953 -0.205078
vt 0.101562 -0.935547
vt -0.000977 -0.999023
vt 0.498047 -0.999023
vt 0.401367 -0.935547
vt 0.498047 -0.205078
vt 0.401367 -0.210938
vt 0.250977 -0.104492
vt 1.000977 -0.205078
vt 0.900391 -0.935547
vt 0.998047 -0.999023
vt 0.498047 -0.999023
vt 0.600586 -0.935547
vt 0.498047 -0.205078
vt 0.600586 -0.210938
vt 0.750977 -0.104492
vt 0.001953 -0.205078
vt 0.101562 -0.935547
vt -0.000977 -0.999023
vt 0.498047 -0.999023
vt 0.401367 -0.935547
vt 0.498047 -0.205078
vt 0.401367 -0.210938
vt 0.250977 -0.104492
vt 1.000977 -0.205078
vt 0.900391 -0.935547
vt 0.998047 -0.999023
vt 0.498047 -0.999023
vt 0.600586 -0.935547
vt 0.498047 -0.205078
vt 0.600586 -0.210938
vt 0.750977 -0.104492
vt 0.001953 -0.205078
vt 0.101562 -0.935547
vt -0.000977 -0.999023
vt 0.498047 -0.999023
vt 0.401367 -0.935547
vt 0.498047 -0.205078
vt 0.401367 -0.210938
vt 0.250977 -0.104492
vt 1.000977 -0.205078
vt 0.900391 -0.935547
vt 0.998047 -0.999023
vt 0.498047 -0.999023
vt 0.600586 -0.935547
vt 0.498047 -0.205078
vt 0.600586 -0.210938
vt 0.750977 -0.104492
vt 0.001953 -0.205078
vt 0.101562 -0.935547
vt -0.000977 -0.999023
vt 0.498047 -0.999023
vt 0.401367 -0.935547
vt 0.498047 -0.205078
vt 0.401367 -0.210938
vt 0.250977 -0.104492
vt 1.000977 -0.205078
vt 0.900391 -0.935547
vt 0.998047 -0.999023
vt 0.498047 -0.999023
vt 0.600586 -0.935547
vt 0.498047 -0.205078
vt 0.600586 -0.210938
vt 0.750977 -0.104492
vt 0.001953 -0.205078
vt 0.101562 -0.935547
vt -0.000977 -0.999023
vt 0.498047 -0.999023
vt 0.401367 -0.935547
vt 0.498047 -0.205078
vt 0.401367 -0.210938
vt 0.250977 -0.104492
vt 1.000977 -0.205078
vt 0.900391 -0.935547
vt 0.998047 -0.999023
vt 0.498047 -0.999023
vt 0.600586 -0.935547
vt 0.498047 -0.205078
vt 0.600586 -0.210938
vt 0.750977 -0.104492
vt 0.001953 -0.205078
vt 0.101562 -0.935547
vt -0.000977 -0.999023
vt 0.498047 -0.999023
vt 0.401367 -0.935547
vt 0.498047 -0.205078
vt 0.401367 -0.210938
vt 0.250977 -0.104492
vt 1.000977 -0.205078
vt 0.900391 -0.935547
vt 0.998047 -0.999023
vt 0.498047 -0.999023
vt 0.600586 -0.935547
vt 0.498047 -0.205078
vt 0.600586 -0.210938
vt 0.750977 -0.104492
vt 0.001953 -0.205078
vt 0.101562 -0.935547
vt -0.000977 -0.999023
vt 0.498047 -0.999023
vt 0.401367 -0.935547
vt 0.498047 -0.205078
vt 0.401367 -0.210938
vt 0.250977 -0.104492
vt 1.000977 -0.205078
vt 0.900391 -0.935547
vt 0.998047 -0.999023
vt 0.498047 -0.999023
vt 0.600586 -0.935547
vt 0.498047 -0.205078
vt 0.600586 -0.210938
vt 0.750977 -0.104492
vt 0.001953 -0.205078
vt 0.101562 -0.935547
vt -0.000977 -0.999023
vt 0.498047 -0.999023
vt 0.401367 -0.935547
vt 0.498047 -0.205078
vt 0.401367 -0.210938
vt 0.250977 -0.104492
vt 1.000977 -0.205078
vt 0.900391 -0.935547
vt 0.998047 -0.999023
vt 0.498047 -0.999023
vt 0.600586 -0.935547
vt 0.498047 -0.205078
vt 0.600586 -0.210938
vt 0.750977 -0.104492
vt 0.001953 -0.205078
vt 0.101562 -0.935547
vt -0.000977 -0.999023
vt 0.498047 -0.999023
vt 0.401367 -0.935547
vt 0.498047 -0.205078
vt 0.401367 -0.210938
vt 0.250977 -0.104492
vt 1.000977 -0.205078
vt 0.900391 -0.935547
vt 0.998047 -0.999023
vt 0.498047 -0.999023
vt 0.600586 -0.935547
vt 0.498047 -0.205078
vt 0.600586 -0.210938
vt 0.750977 -0.104492
vt 0.001953 -0.205078
vt 0.101562 -0.935547
vt -0.000977 -0.999023
vt 0.498047 -0.999023
vt 0.401367 -0.935547
vt 0.498047 -0.205078
vt 0.401367 -0.210938
vt 0.250977 -0.104492
vt 0.750977 -0.104492
vt 0.498047 -0.205078
vt 0.600586 -0.210938
vt 0.600586 -0.935547
vt 0.498047 -0.999023
vt 0.900391 -0.935547
vt 0.998047 -0.999023
vt 1.000977 -0.205078
vt -0.504883 -0.249023
vt -0.606445 -0.225586
vt -0.607422 -0.905273
vt -0.753906 -0.124023
vt -0.504883 -0.249023
vt -0.754883 -0.053711
vt -0.506836 -0.053711
vt -0.606445 -0.225586
vt -0.753906 -0.124023
vt -0.899414 -0.225586
vt -1.000000 -0.249023
vt -0.754883 -0.053711
vt -1.000000 -0.010742
vt -0.502930 -0.010742
vt -0.606445 -0.225586
vt -0.607422 -0.905273
vt -0.504883 -0.249023
vt -0.504883 -0.999023
vt -0.899414 -0.905273
vt -1.000977 -0.999023
vt -1.000000 -0.249023
vt -0.407227 -0.225586
vt -0.406250 -0.905273
vt -0.504883 -0.249023
vt -0.504883 -0.999023
vt -0.110352 -0.905273
vt -0.003906 -0.999023
vt -0.004883 -0.249023
vt -0.606445 -0.225586
vt -0.607422 -0.905273
vt -0.504883 -0.249023
vt -0.504883 -0.999023
vt -0.899414 -0.905273
vt -1.000977 -0.999023
vt -1.000000 -0.249023
vt -0.407227 -0.225586
vt -0.406250 -0.905273
vt -0.504883 -0.249023
vt -0.504883 -0.999023
vt -0.110352 -0.905273
vt -0.003906 -0.999023
vt -0.004883 -0.249023
vt -0.606445 -0.225586
vt -0.607422 -0.905273
vt -0.504883 -0.249023
vt -0.504883 -0.999023
vt -0.899414 -0.905273
vt -1.000977 -0.999023
vt -1.000000 -0.249023
vt -0.407227 -0.225586
vt -0.406250 -0.905273
vt -0.504883 -0.249023
vt -0.504883 -0.999023
vt -0.110352 -0.905273
vt -0.003906 -0.999023
vt -0.004883 -0.249023
vt -0.606445 -0.225586
vt -0.607422 -0.905273
vt -0.504883 -0.249023
vt -0.504883 -0.999023
vt -0.899414 -0.905273
vt -1.000977 -0.999023
vt -1.000000 -0.249023
vt -0.407227 -0.225586
vt -0.406250 -0.905273
vt -0.504883 -0.249023
vt -0.504883 -0.999023
vt -0.110352 -0.905273
vt -0.003906 -0.999023
vt -0.004883 -0.249023
vt -0.606445 -0.225586
vt -0.607422 -0.905273
vt -0.504883 -0.249023
vt -0.504883 -0.999023
vt -0.899414 -0.905273
vt -1.000977 -0.999023
vt -1.000000 -0.249023
vt -0.407227 -0.225586
vt -0.406250 -0.905273
vt -0.504883 -0.249023
vt -0.504883 -0.999023
vt -0.110352 -0.905273
vt -0.003906 -0.999023
vt -0.004883 -0.249023
vt -0.606445 -0.225586
vt -0.607422 -0.905273
vt -0.504883 -0.249023
vt -0.504883 -0.999023
vt -0.899414 -0.905273
vt -1.000977 -0.999023
vt -1.000000 -0.249023
vt -0.407227 -0.225586
vt -0.406250 -0.905273
vt -0.504883 -0.249023
vt -0.504883 -0.999023
vt -0.110352 -0.905273
vt -0.003906 -0.999023
vt -0.004883 -0.249023
vt -0.606445 -0.225586
vt -0.607422 -0.905273
vt -0.504883 -0.249023
vt -0.504883 -0.999023
vt -0.899414 -0.905273
vt -1.000977 -0.999023
vt -1.000000 -0.249023
vt -0.407227 -0.225586
vt -0.406250 -0.905273
vt -0.504883 -0.249023
vt -0.504883 -0.999023
vt -0.110352 -0.905273
vt -0.003906 -0.999023
vt -0.004883 -0.249023
vt -0.606445 -0.225586
vt -0.607422 -0.905273
vt -0.504883 -0.249023
vt -0.504883 -0.999023
vt -0.899414 -0.905273
vt -1.000977 -0.999023
vt -1.000000 -0.249023
vt -0.407227 -0.225586
vt -0.406250 -0.905273
vt -0.504883 -0.249023
vt -0.504883 -0.999023
vt -0.110352 -0.905273
vt -0.003906 -0.999023
vt -0.004883 -0.249023
vt -0.606445 -0.225586
vt -0.607422 -0.905273
vt -0.504883 -0.249023
vt -0.504883 -0.999023
vt -0.899414 -0.905273
vt -1.000977 -0.999023
vt -1.000000 -0.249023
vt -0.407227 -0.225586
vt -0.406250 -0.905273
vt -0.504883 -0.249023
vt -0.504883 -0.999023
vt -0.110352 -0.905273
vt -0.003906 -0.999023
vt -0.004883 -0.249023
vt -0.606445 -0.225586
vt -0.607422 -0.905273
vt -0.504883 -0.249023
vt -0.504883 -0.999023
vt -0.899414 -0.905273
vt -1.000977 -0.999023
vt -1.000000 -0.249023
vt -0.407227 -0.225586
vt -0.406250 -0.905273
vt -0.504883 -0.249023
vt -0.504883 -0.999023
vt -0.110352 -0.905273
vt -0.003906 -0.999023
vt -0.004883 -0.249023
vt -0.606445 -0.225586
vt -0.607422 -0.905273
vt -0.504883 -0.249023
vt -0.504883 -0.999023
vt -0.899414 -0.905273
vt -1.000977 -0.999023
vt -1.000000 -0.249023
vt -0.407227 -0.225586
vt -0.406250 -0.905273
vt -0.504883 -0.249023
vt -0.504883 -0.999023
vt -0.110352 -0.905273
vt -0.003906 -0.999023
vt -0.004883 -0.249023
vt -0.606445 -0.225586
vt -0.607422 -0.905273
vt -0.504883 -0.249023
vt -0.504883 -0.999023
vt -0.899414 -0.905273
vt -1.000977 -0.999023
vt -1.000000 -0.249023
vt -0.407227 -0.225586
vt -0.406250 -0.905273
vt -0.504883 -0.249023
vt -0.504883 -0.999023
vt -0.110352 -0.905273
vt -0.003906 -0.999023
vt -0.004883 -0.249023
vt -0.606445 -0.225586
vt -0.607422 -0.905273
vt -0.504883 -0.249023
vt -0.504883 -0.999023
vt -0.899414 -0.905273
vt -1.000977 -0.999023
vt -1.000000 -0.249023
vt -0.407227 -0.225586
vt -0.406250 -0.905273
vt -0.504883 -0.249023
vt -0.504883 -0.999023
vt -0.110352 -0.905273
vt -0.003906 -0.999023
vt -0.004883 -0.249023
vt -0.606445 -0.225586
vt -0.607422 -0.905273
vt -0.504883 -0.249023
vt -0.504883 -0.999023
vt -0.899414 -0.905273
vt -1.000977 -0.999023
vt -1.000000 -0.249023
vt -0.407227 -0.225586
vt -0.406250 -0.905273
vt -0.504883 -0.249023
vt -0.504883 -0.999023
vt -0.110352 -0.905273
vt -0.003906 -0.999023
vt -0.004883 -0.249023
vt -0.606445 -0.225586
vt -0.607422 -0.905273
vt -0.504883 -0.249023
vt -0.504883 -0.999023
vt -0.899414 -0.905273
vt -1.000977 -0.999023
vt -1.000000 -0.249023
vt -0.407227 -0.225586
vt -0.406250 -0.905273
vt -0.504883 -0.249023
vt -0.504883 -0.999023
vt -0.110352 -0.905273
vt -0.003906 -0.999023
vt -0.004883 -0.249023
vt -0.606445 -0.225586
vt -0.607422 -0.905273
vt -0.504883 -0.249023
vt -0.504883 -0.999023
vt -0.899414 -0.905273
vt -1.000977 -0.999023
vt -1.000000 -0.249023
vt -0.407227 -0.225586
vt -0.406250 -0.905273
vt -0.504883 -0.249023
vt -0.504883 -0.999023
vt -0.110352 -0.905273
vt -0.003906 -0.999023
vt -0.004883 -0.249023
vt -0.606445 -0.225586
vt -0.607422 -0.905273
vt -0.504883 -0.249023
vt -0.504883 -0.999023
vt -0.899414 -0.905273
vt -1.000977 -0.999023
vt -1.000000 -0.249023
vt -0.407227 -0.225586
vt -0.406250 -0.905273
vt -0.504883 -0.249023
vt -0.504883 -0.999023
vt -0.110352 -0.905273
vt -0.003906 -0.999023
vt -0.004883 -0.249023
vt -0.406250 -0.905273
vt -0.504883 -0.249023
vt -0.407227 -0.225586
vt -0.259766 -0.124023
vt -0.258789 -0.053711
vt -0.004883 -0.249023
vt -0.004883 -0.010742
vt -0.000977 0.000000
vt 0.998047 0.000000
vt 0.250977 -0.037109
vt 0.750977 -0.037109
vt 1.000977 -0.205078
vt 0.750977 -0.104492
vt 0.900391 -0.210938
vt 0.401367 -0.210938
vt 0.401367 -0.935547
vt 0.498047 -0.205078
vt 0.498047 -0.999023
vt 0.101562 -0.935547
vt -0.000977 -0.999023
vt 0.001953 -0.205078
vt 0.600586 -0.210938
vt 0.600586 -0.935547
vt 0.498047 -0.205078
vt 0.498047 -0.999023
vt 0.900391 -0.935547
vt 0.998047 -0.999023
vt 1.000977 -0.205078
vt 0.401367 -0.210938
vt 0.401367 -0.935547
vt 0.498047 -0.205078
vt 0.498047 -0.999023
vt 0.101562 -0.935547
vt -0.000977 -0.999023
vt 0.001953 -0.205078
vt 0.600586 -0.210938
vt 0.600586 -0.935547
vt 0.498047 -0.205078
vt 0.498047 -0.999023
vt 0.900391 -0.935547
vt 0.998047 -0.999023
vt 1.000977 -0.205078
vt 0.401367 -0.210938
vt 0.401367 -0.935547
vt 0.498047 -0.205078
vt 0.498047 -0.999023
vt 0.101562 -0.935547
vt -0.000977 -0.999023
vt 0.001953 -0.205078
vt 0.600586 -0.210938
vt 0.600586 -0.935547
vt 0.498047 -0.205078
vt 0.498047 -0.999023
vt 0.900391 -0.935547
vt 0.998047 -0.999023
vt 1.000977 -0.205078
vt 0.401367 -0.210938
vt 0.401367 -0.935547
vt 0.498047 -0.205078
vt 0.498047 -0.999023
vt 0.101562 -0.935547
vt -0.000977 -0.999023
vt 0.001953 -0.205078
vt 0.600586 -0.210938
vt 0.600586 -0.935547
vt 0.498047 -0.205078
vt 0.498047 -0.999023
vt 0.900391 -0.935547
vt 0.998047 -0.999023
vt 1.000977 -0.205078
vt 0.401367 -0.210938
vt 0.401367 -0.935547
vt 0.498047 -0.205078
vt 0.498047 -0.999023
vt 0.101562 -0.935547
vt -0.000977 -0.999023
vt 0.001953 -0.205078
vt 0.600586 -0.210938
vt 0.600586 -0.935547
vt 0.498047 -0.205078
vt 0.498047 -0.999023
vt 0.900391 -0.935547
vt 0.998047 -0.999023
vt 1.000977 -0.205078
vt 0.401367 -0.210938
vt 0.401367 -0.935547
vt 0.498047 -0.205078
vt 0.498047 -0.999023
vt 0.101562 -0.935547
vt -0.000977 -0.999023
vt 0.001953 -0.205078
vt 0.600586 -0.210938
vt 0.600586 -0.935547
vt 0.498047 -0.205078
vt 0.498047 -0.999023
vt 0.900391 -0.935547
vt 0.998047 -0.999023
vt 1.000977 -0.205078
vt 0.401367 -0.210938
vt 0.401367 -0.935547
vt 0.498047 -0.205078
vt 0.498047 -0.999023
vt 0.101562 -0.935547
vt -0.000977 -0.999023
vt 0.001953 -0.205078
vt 0.600586 -0.210938
vt 0.600586 -0.935547
vt 0.498047 -0.205078
vt 0.498047 -0.999023
vt 0.900391 -0.935547
vt 0.998047 -0.999023
vt 1.000977 -0.205078
vt 0.401367 -0.210938
vt 0.401367 -0.935547
vt 0.498047 -0.205078
vt 0.498047 -0.999023
vt 0.101562 -0.935547
vt -0.000977 -0.999023
vt 0.001953 -0.205078
vt 0.600586 -0.210938
vt 0.600586 -0.935547
vt 0.498047 -0.205078
vt 0.498047 -0.999023
vt 0.900391 -0.935547
vt 0.998047 -0.999023
vt 1.000977 -0.205078
vt 0.401367 -0.210938
vt 0.401367 -0.935547
vt 0.498047 -0.205078
vt 0.498047 -0.999023
vt 0.101562 -0.935547
vt -0.000977 -0.999023
vt 0.001953 -0.205078
vt 0.600586 -0.210938
vt 0.600586 -0.935547
vt 0.498047 -0.205078
vt 0.498047 -0.999023
vt 0.900391 -0.935547
vt 0.998047 -0.999023
vt 1.000977 -0.205078
vt 0.401367 -0.210938
vt 0.401367 -0.935547
vt 0.498047 -0.205078
vt 0.498047 -0.999023
vt 0.101562 -0.935547
vt -0.000977 -0.999023
vt 0.001953 -0.205078
vt 0.600586 -0.210938
vt 0.600586 -0.935547
vt 0.498047 -0.205078
vt 0.498047 -0.999023
vt 0.900391 -0.935547
vt 0.998047 -0.999023
vt 1.000977 -0.205078
vt -0.753906 -0.124023
vt -0.606445 -0.225586
vt -0.607422 -0.905273
vt -0.504883 -0.249023
vt -0.753906 -0.124023
vt -0.754883 -0.053711
vt -1.000000 -0.249023
vt -0.502930 -0.010742
vt -0.754883 -0.053711
vt -1.000000 -0.010742
vt -1.000000 -0.249023
vt -0.753906 -0.124023
vt -0.899414 -0.225586
vt -0.606445 -0.225586
vt -0.606445 -0.225586
vt -0.607422 -0.905273
vt -0.504883 -0.249023
vt -0.504883 -0.999023
vt -0.899414 -0.905273
vt -1.000977 -0.999023
vt -1.000000 -0.249023
vt -0.407227 -0.225586
vt -0.406250 -0.905273
vt -0.504883 -0.249023
vt -0.504883 -0.999023
vt -0.110352 -0.905273
vt -0.003906 -0.999023
vt -0.004883 -0.249023
vt -0.606445 -0.225586
vt -0.607422 -0.905273
vt -0.504883 -0.249023
vt -0.504883 -0.999023
vt -0.899414 -0.905273
vt -1.000977 -0.999023
vt -1.000000 -0.249023
vt -0.407227 -0.225586
vt -0.406250 -0.905273
vt -0.504883 -0.249023
vt -0.504883 -0.999023
vt -0.110352 -0.905273
vt -0.003906 -0.999023
vt -0.004883 -0.249023
vt -0.606445 -0.225586
vt -0.607422 -0.905273
vt -0.504883 -0.249023
vt -0.504883 -0.999023
vt -0.899414 -0.905273
vt -1.000977 -0.999023
vt -1.000000 -0.249023
vt -0.407227 -0.225586
vt -0.406250 -0.905273
vt -0.504883 -0.249023
vt -0.504883 -0.999023
vt -0.110352 -0.905273
vt -0.003906 -0.999023
vt -0.004883 -0.249023
vt -0.110352 -0.905273
vt -0.004883 -0.249023
vt -0.110352 -0.225586
vt -0.259766 -0.124023
vt -0.258789 -0.053711
vt -0.504883 -0.249023
vt -0.506836 -0.053711
vt -0.407227 -0.225586
vt -0.406250 -0.905273
vt -0.504883 -0.249023
vt -0.504883 -0.999023
vt -0.110352 -0.905273
vt -0.003906 -0.999023
vt -0.004883 -0.249023
vt -0.606445 -0.225586
vt -0.607422 -0.905273
vt -0.504883 -0.249023
vt -0.504883 -0.999023
vt -0.899414 -0.905273
vt -1.000977 -0.999023
vt -1.000000 -0.249023
vt -0.407227 -0.225586
vt -0.406250 -0.905273
vt -0.504883 -0.249023
vt -0.504883 -0.999023
vt -0.110352 -0.905273
vt -0.003906 -0.999023
vt -0.004883 -0.249023
vt -0.606445 -0.225586
vt -0.607422 -0.905273
vt -0.504883 -0.249023
vt -0.504883 -0.999023
vt -0.899414 -0.905273
vt -1.000977 -0.999023
vt -1.000000 -0.249023
vt -0.407227 -0.225586
vt -0.406250 -0.905273
vt -0.504883 -0.249023
vt -0.504883 -0.999023
vt -0.110352 -0.905273
vt -0.003906 -0.999023
vt -0.004883 -0.249023
vt -0.606445 -0.225586
vt -0.607422 -0.905273
vt -0.504883 -0.249023
vt -0.504883 -0.999023
vt -0.899414 -0.905273
vt -1.000977 -0.999023
vt -1.000000 -0.249023
vt -0.407227 -0.225586
vt -0.406250 -0.905273
vt -0.504883 -0.249023
vt -0.504883 -0.999023
vt -0.110352 -0.905273
vt -0.003906 -0.999023
vt -0.004883 -0.249023
vt -0.606445 -0.225586
vt -0.607422 -0.905273
vt -0.504883 -0.249023
vt -0.504883 -0.999023
vt -0.899414 -0.905273
vt -1.000977 -0.999023
vt -1.000000 -0.249023
vt -0.407227 -0.225586
vt -0.406250 -0.905273
vt -0.504883 -0.249023
vt -0.504883 -0.999023
vt -0.110352 -0.905273
vt -0.003906 -0.999023
vt -0.004883 -0.249023
vt -0.606445 -0.225586
vt -0.607422 -0.905273
vt -0.504883 -0.249023
vt -0.504883 -0.999023
vt -0.899414 -0.905273
vt -1.000977 -0.999023
vt -1.000000 -0.249023
vt -0.407227 -0.225586
vt -0.406250 -0.905273
vt -0.504883 -0.249023
vt -0.504883 -0.999023
vt -0.110352 -0.905273
vt -0.003906 -0.999023
vt -0.004883 -0.249023
vt -0.606445 -0.225586
vt -0.607422 -0.905273
vt -0.504883 -0.249023
vt -0.504883 -0.999023
vt -0.899414 -0.905273
vt -1.000977 -0.999023
vt -1.000000 -0.249023
vt -0.407227 -0.225586
vt -0.406250 -0.905273
vt -0.504883 -0.249023
vt -0.504883 -0.999023
vt -0.110352 -0.905273
vt -0.003906 -0.999023
vt -0.004883 -0.249023
vt -0.606445 -0.225586
vt -0.607422 -0.905273
vt -0.504883 -0.249023
vt -0.504883 -0.999023
vt -0.899414 -0.905273
vt -1.000977 -0.999023
vt -1.000000 -0.249023
vt -0.407227 -0.225586
vt -0.406250 -0.905273
vt -0.504883 -0.249023
vt -0.504883 -0.999023
vt -0.110352 -0.905273
vt -0.003906 -0.999023
vt -0.004883 -0.249023
vt -0.606445 -0.225586
vt -0.607422 -0.905273
vt -0.504883 -0.249023
vt -0.504883 -0.999023
vt -0.899414 -0.905273
vt -1.000977 -0.999023
vt -1.000000 -0.249023
vt -0.407227 -0.225586
vt -0.406250 -0.905273
vt -0.504883 -0.249023
vt -0.504883 -0.999023
vt -0.110352 -0.905273
vt -0.003906 -0.999023
vt -0.004883 -0.249023
vt -0.606445 -0.225586
vt -0.607422 -0.905273
vt -0.504883 -0.249023
vt -0.504883 -0.999023
vt -0.899414 -0.905273
vt -1.000977 -0.999023
vt -1.000000 -0.249023
vt -0.407227 -0.225586
vt -0.406250 -0.905273
vt -0.504883 -0.249023
vt -0.504883 -0.999023
vt -0.110352 -0.905273
vt -0.003906 -0.999023
vt -0.004883 -0.249023
vt -0.606445 -0.225586
vt -0.607422 -0.905273
vt -0.504883 -0.249023
vt -0.504883 -0.999023
vt -0.899414 -0.905273
vt -1.000977 -0.999023
vt -1.000000 -0.249023
vt -0.407227 -0.225586
vt -0.406250 -0.905273
vt -0.504883 -0.249023
vt -0.504883 -0.999023
vt -0.110352 -0.905273
vt -0.003906 -0.999023
vt -0.004883 -0.249023
vt -0.606445 -0.225586
vt -0.607422 -0.905273
vt -0.504883 -0.249023
vt -0.504883 -0.999023
vt -0.899414 -0.905273
vt -1.000977 -0.999023
vt -1.000000 -0.249023
vt -0.407227 -0.225586
vt -0.406250 -0.905273
vt -0.504883 -0.249023
vt -0.504883 -0.999023
vt -0.110352 -0.905273
vt -0.003906 -0.999023
vt -0.004883 -0.249023
vt -0.606445 -0.225586
vt -0.607422 -0.905273
vt -0.504883 -0.249023
vt -0.504883 -0.999023
vt -0.899414 -0.905273
vt -1.000977 -0.999023
vt -1.000000 -0.249023
vt -0.407227 -0.225586
vt -0.406250 -0.905273
vt -0.504883 -0.249023
vt -0.504883 -0.999023
vt -0.110352 -0.905273
vt -0.003906 -0.999023
vt -0.004883 -0.249023
vt -0.606445 -0.225586
vt -0.607422 -0.905273
vt -0.504883 -0.249023
vt -0.504883 -0.999023
vt -0.899414 -0.905273
vt -1.000977 -0.999023
vt -1.000000 -0.249023
vt -0.407227 -0.225586
vt -0.406250 -0.905273
vt -0.504883 -0.249023
vt -0.504883 -0.999023
vt -0.110352 -0.905273
vt -0.003906 -0.999023
vt -0.004883 -0.249023
vt -0.606445 -0.225586
vt -0.607422 -0.905273
vt -0.504883 -0.249023
vt -0.504883 -0.999023
vt -0.899414 -0.905273
vt -1.000977 -0.999023
vt -1.000000 -0.249023
vt -0.407227 -0.225586
vt -0.406250 -0.905273
vt -0.504883 -0.249023
vt -0.504883 -0.999023
vt -0.110352 -0.905273
vt -0.003906 -0.999023
vt -0.004883 -0.249023
vt 0.401367 -0.210938
vt 0.401367 -0.935547
vt 0.498047 -0.205078
vt 0.498047 -0.999023
vt 0.101562 -0.935547
vt -0.000977 -0.999023
vt 0.001953 -0.205078
vt 0.600586 -0.210938
vt 0.600586 -0.935547
vt 0.498047 -0.205078
vt 0.498047 -0.999023
vt 0.900391 -0.935547
vt 0.998047 -0.999023
vt 1.000977 -0.205078
vt 0.401367 -0.210938
vt 0.401367 -0.935547
vt 0.498047 -0.205078
vt 0.498047 -0.999023
vt 0.101562 -0.935547
vt -0.000977 -0.999023
vt 0.001953 -0.205078
vt 0.600586 -0.210938
vt 0.600586 -0.935547
vt 0.498047 -0.205078
vt 0.498047 -0.999023
vt 0.900391 -0.935547
vt 0.998047 -0.999023
vt 1.000977 -0.205078
vt 0.401367 -0.210938
vt 0.401367 -0.935547
vt 0.498047 -0.205078
vt 0.498047 -0.999023
vt 0.101562 -0.935547
vt -0.000977 -0.999023
vt 0.001953 -0.205078
vt 0.600586 -0.210938
vt 0.600586 -0.935547
vt 0.498047 -0.205078
vt 0.498047 -0.999023
vt 0.900391 -0.935547
vt 0.998047 -0.999023
vt 1.000977 -0.205078
vt 0.401367 -0.210938
vt 0.401367 -0.935547
vt 0.498047 -0.205078
vt 0.498047 -0.999023
vt 0.101562 -0.935547
vt -0.000977 -0.999023
vt 0.001953 -0.205078
vt 0.600586 -0.210938
vt 0.600586 -0.935547
vt 0.498047 -0.205078
vt 0.498047 -0.999023
vt 0.900391 -0.935547
vt 0.998047 -0.999023
vt 1.000977 -0.205078
vt 0.401367 -0.210938
vt 0.401367 -0.935547
vt 0.498047 -0.205078
vt 0.498047 -0.999023
vt 0.101562 -0.935547
vt -0.000977 -0.999023
vt 0.001953 -0.205078
vt 0.600586 -0.210938
vt 0.600586 -0.935547
vt 0.498047 -0.205078
vt 0.498047 -0.999023
vt 0.900391 -0.935547
vt 0.998047 -0.999023
vt 1.000977 -0.205078
vt 0.401367 -0.210938
vt 0.401367 -0.935547
vt 0.498047 -0.205078
vt 0.498047 -0.999023
vt 0.101562 -0.935547
vt -0.000977 -0.999023
vt 0.001953 -0.205078
vt 0.600586 -0.210938
vt 0.600586 -0.935547
vt 0.498047 -0.205078
vt 0.498047 -0.999023
vt 0.900391 -0.935547
vt 0.998047 -0.999023
vt 1.000977 -0.205078
vt 0.401367 -0.210938
vt 0.401367 -0.935547
vt 0.498047 -0.205078
vt 0.498047 -0.999023
vt 0.101562 -0.935547
vt -0.000977 -0.999023
vt 0.001953 -0.205078
vt 0.600586 -0.210938
vt 0.600586 -0.935547
vt 0.498047 -0.205078
vt 0.498047 -0.999023
vt 0.900391 -0.935547
vt 0.998047 -0.999023
vt 1.000977 -0.205078
vt 0.401367 -0.210938
vt 0.401367 -0.935547
vt 0.498047 -0.205078
vt 0.498047 -0.999023
vt 0.101562 -0.935547
vt -0.000977 -0.999023
vt 0.001953 -0.205078
vt 0.600586 -0.210938
vt 0.600586 -0.935547
vt 0.498047 -0.205078
vt 0.498047 -0.999023
vt 0.900391 -0.935547
vt 0.998047 -0.999023
vt 1.000977 -0.205078
vt 0.401367 -0.210938
vt 0.401367 -0.935547
vt 0.498047 -0.205078
vt 0.498047 -0.999023
vt 0.101562 -0.935547
vt -0.000977 -0.999023
vt 0.001953 -0.205078
vt 0.600586 -0.210938
vt 0.600586 -0.935547
vt 0.498047 -0.205078
vt 0.498047 -0.999023
vt 0.900391 -0.935547
vt 0.998047 -0.999023
vt 1.000977 -0.205078
vt 0.401367 -0.210938
vt 0.401367 -0.935547
vt 0.498047 -0.205078
vt 0.498047 -0.999023
vt 0.101562 -0.935547
vt -0.000977 -0.999023
vt 0.001953 -0.205078
vt 0.600586 -0.210938
vt 0.600586 -0.935547
vt 0.498047 -0.205078
vt 0.498047 -0.999023
vt 0.900391 -0.935547
vt 0.998047 -0.999023
vt 1.000977 -0.205078
vt 0.401367 -0.210938
vt 0.401367 -0.935547
vt 0.498047 -0.205078
vt 0.498047 -0.999023
vt 0.101562 -0.935547
vt -0.000977 -0.999023
vt 0.001953 -0.205078
vt 0.600586 -0.210938
vt 0.600586 -0.935547
vt 0.498047 -0.205078
vt 0.498047 -0.999023
vt 0.900391 -0.935547
vt 0.998047 -0.999023
vt 1.000977 -0.205078
vt -1.000000 -0.249023
vt -0.754883 -0.053711
vt -1.000000 -0.010742
vt -0.004883 -0.010742
vt -0.258789 -0.053711
vt -0.004883 -0.249023
vt -1.000000 -0.249023
vt -0.754883 -0.053711
vt -1.000000 -0.010742
vt -0.004883 -0.010742
vt -0.258789 -0.053711
vt -0.004883 -0.249023
vt -1.000000 -0.249023
vt -0.754883 -0.053711
vt -1.000000 -0.010742
vt -0.004883 -0.010742
vt -0.258789 -0.053711
vt -0.004883 -0.249023
vt -1.000000 -0.249023
vt -0.754883 -0.053711
vt -1.000000 -0.010742
vt -0.004883 -0.010742
vt -0.258789 -0.053711
vt -0.004883 -0.249023
vt -1.000000 -0.249023
vt -0.754883 -0.053711
vt -1.000000 -0.010742
vt -0.004883 -0.010742
vt -0.258789 -0.053711
vt -0.004883 -0.249023
vt -1.000000 -0.249023
vt -0.754883 -0.053711
vt -1.000000 -0.010742
vt -0.004883 -0.010742
vt -0.258789 -0.053711
vt -0.004883 -0.249023
vt -1.000000 -0.249023
vt -0.754883 -0.053711
vt -1.000000 -0.010742
vt -0.004883 -0.010742
vt -0.258789 -0.053711
vt -0.004883 -0.249023
vt -1.000000 -0.249023
vt -0.754883 -0.053711
vt -1.000000 -0.010742
vt -0.004883 -0.010742
vt -0.258789 -0.053711
vt -0.004883 -0.249023
vt -1.000000 -0.249023
vt -0.754883 -0.053711
vt -1.000000 -0.010742
vt -0.004883 -0.010742
vt -0.258789 -0.053711
vt -0.004883 -0.249023
vt -1.000000 -0.249023
vt -0.754883 -0.053711
vt -1.000000 -0.010742
vt -0.004883 -0.010742
vt -0.258789 -0.053711
vt -0.004883 -0.249023
vt -1.000000 -0.249023
vt -0.754883 -0.053711
vt -1.000000 -0.010742
vt -0.004883 -0.010742
vt -0.258789 -0.053711
vt -0.004883 -0.249023
vt -1.000000 -0.249023
vt -0.754883 -0.053711
vt -1.000000 -0.010742
vt -0.004883 -0.010742
vt -0.258789 -0.053711
vt -0.004883 -0.249023
vt -1.000000 -0.249023
vt -0.754883 -0.053711
vt -1.000000 -0.010742
vt -0.004883 -0.010742
vt -0.258789 -0.053711
vt -0.004883 -0.249023
vt -1.000000 -0.249023
vt -0.754883 -0.053711
vt -1.000000 -0.010742
vt -0.004883 -0.010742
vt -0.258789 -0.053711
vt -0.004883 -0.249023
vt -1.000000 -0.249023
vt -0.754883 -0.053711
vt -1.000000 -0.010742
vt -0.004883 -0.010742
vt -0.258789 -0.053711
vt -0.004883 -0.249023
vt -1.000000 -0.249023
vt -0.754883 -0.053711
vt -1.000000 -0.010742
vt -0.004883 -0.010742
vt -0.258789 -0.053711
vt -0.004883 -0.249023
vt -1.000000 -0.249023
vt -0.754883 -0.053711
vt -1.000000 -0.010742
vt -0.004883 -0.010742
vt -0.258789 -0.053711
vt -0.004883 -0.249023
vt -1.000000 -0.249023
vt -0.754883 -0.053711
vt -1.000000 -0.010742
vt -0.004883 -0.010742
vt -0.258789 -0.053711
vt -0.004883 -0.249023
vt -0.259766 -0.124023
vt -0.004883 -0.249023
vt -0.110352 -0.225586
vt -0.110352 -0.905273
vt -0.003906 -0.999023
vt -0.504883 -0.999023
vt 0.900391 -0.935547
vt 1.000977 -0.205078
vt 0.900391 -0.210938
vt 0.750977 -0.104492
vt 0.750977 -0.037109
vt 0.498047 -0.205078
vt 0.001953 -0.205078
vt 0.250977 -0.037109
vt -0.000977 0.000000
vt 0.998047 0.000000
vt 0.750977 -0.037109
vt 1.000977 -0.205078
vt 0.001953 -0.205078
vt 0.250977 -0.037109
vt -0.000977 0.000000
vt 0.998047 0.000000
vt 0.750977 -0.037109
vt 1.000977 -0.205078
vt 0.001953 -0.205078
vt 0.250977 -0.037109
vt -0.000977 0.000000
vt 0.998047 0.000000
vt 0.750977 -0.037109
vt 1.000977 -0.205078
vt 0.001953 -0.205078
vt 0.250977 -0.037109
vt -0.000977 0.000000
vt 0.998047 0.000000
vt 0.750977 -0.037109
vt 1.000977 -0.205078
vt 0.001953 -0.205078
vt 0.250977 -0.037109
vt -0.000977 0.000000
vt 0.998047 0.000000
vt 0.750977 -0.037109
vt 1.000977 -0.205078
vt 0.001953 -0.205078
vt 0.250977 -0.037109
vt -0.000977 0.000000
vt 0.998047 0.000000
vt 0.750977 -0.037109
vt 1.000977 -0.205078
vt 0.001953 -0.205078
vt 0.250977 -0.037109
vt -0.000977 0.000000
vt 0.998047 0.000000
vt 0.750977 -0.037109
vt 1.000977 -0.205078
vt 0.001953 -0.205078
vt 0.250977 -0.037109
vt -0.000977 0.000000
vt 0.998047 0.000000
vt 0.750977 -0.037109
vt 1.000977 -0.205078
vt 0.001953 -0.205078
vt 0.250977 -0.037109
vt -0.000977 0.000000
vt 0.998047 0.000000
vt 0.750977 -0.037109
vt 1.000977 -0.205078
vt 0.001953 -0.205078
vt 0.250977 -0.037109
vt -0.000977 0.000000
vt 0.998047 0.000000
vt 0.750977 -0.037109
vt 1.000977 -0.205078
vt -0.504883 -0.249023
vt -0.504883 -0.999023
vt -0.607422 -0.905273
vt -0.899414 -0.905273
vt -1.000977 -0.999023
vt -1.000000 -0.249023
vt -1.000000 -0.249023
vt -0.754883 -0.053711
vt -1.000000 -0.010742
vt -0.004883 -0.010742
vt -0.258789 -0.053711
vt -0.004883 -0.249023
vt -1.000000 -0.249023
vt -0.754883 -0.053711
vt -1.000000 -0.010742
vt -0.004883 -0.010742
vt -0.258789 -0.053711
vt -0.004883 -0.249023
vt -1.000000 -0.249023
vt -0.754883 -0.053711
vt -1.000000 -0.010742
vt -0.004883 -0.010742
vt -0.258789 -0.053711
vt -0.004883 -0.249023
vt -1.000000 -0.249023
vt -0.754883 -0.053711
vt -1.000000 -0.010742
vt -0.004883 -0.010742
vt -0.258789 -0.053711
vt -0.004883 -0.249023
vt -1.000000 -0.249023
vt -0.754883 -0.053711
vt -1.000000 -0.010742
vt -0.004883 -0.010742
vt -0.258789 -0.053711
vt -0.004883 -0.249023
vt -1.000000 -0.249023
vt -0.754883 -0.053711
vt -1.000000 -0.010742
vt -0.004883 -0.010742
vt -0.258789 -0.053711
vt -0.004883 -0.249023
vt -1.000000 -0.249023
vt -0.754883 -0.053711
vt -1.000000 -0.010742
vt -0.004883 -0.010742
vt -0.258789 -0.053711
vt -0.004883 -0.249023
vt -1.000000 -0.249023
vt -0.754883 -0.053711
vt -1.000000 -0.010742
vt -0.004883 -0.010742
vt -0.258789 -0.053711
vt -0.004883 -0.249023
vt -1.000000 -0.249023
vt -0.754883 -0.053711
vt -1.000000 -0.010742
vt -0.004883 -0.010742
vt -0.258789 -0.053711
vt -0.004883 -0.249023
vt -1.000000 -0.249023
vt -0.754883 -0.053711
vt -1.000000 -0.010742
vt -0.004883 -0.010742
vt -0.258789 -0.053711
vt -0.004883 -0.249023
vt -1.000000 -0.249023
vt -0.754883 -0.053711
vt -1.000000 -0.010742
vt -0.004883 -0.010742
vt -0.258789 -0.053711
vt -0.004883 -0.249023
vt -1.000000 -0.249023
vt -0.754883 -0.053711
vt -1.000000 -0.010742
vt -0.004883 -0.010742
vt -0.258789 -0.053711
vt -0.004883 -0.249023
vt -1.000000 -0.249023
vt -0.754883 -0.053711
vt -1.000000 -0.010742
vt -0.004883 -0.010742
vt -0.258789 -0.053711
vt -0.004883 -0.249023
vt -1.000000 -0.249023
vt -0.754883 -0.053711
vt -1.000000 -0.010742
vt -0.004883 -0.010742
vt -0.258789 -0.053711
vt -0.004883 -0.249023
vt -1.000000 -0.249023
vt -0.754883 -0.053711
vt -1.000000 -0.010742
vt -0.004883 -0.010742
vt -0.258789 -0.053711
vt -0.004883 -0.249023
vt -1.000000 -0.249023
vt -0.754883 -0.053711
vt -1.000000 -0.010742
vt -0.004883 -0.010742
vt -0.258789 -0.053711
vt -0.004883 -0.249023
vt -1.000000 -0.249023
vt -0.754883 -0.053711
vt -1.000000 -0.010742
vt -0.004883 -0.010742
vt -0.258789 -0.053711
vt -0.004883 -0.249023
vt 0.001953 -0.205078
vt 0.250977 -0.037109
vt -0.000977 0.000000
vt 0.998047 0.000000
vt 0.750977 -0.037109
vt 1.000977 -0.205078
vt 0.001953 -0.205078
vt 0.250977 -0.037109
vt -0.000977 0.000000
vt 0.998047 0.000000
vt 0.750977 -0.037109
vt 1.000977 -0.205078
vt 0.001953 -0.205078
vt 0.250977 -0.037109
vt -0.000977 0.000000
vt 0.998047 0.000000
vt 0.750977 -0.037109
vt 1.000977 -0.205078
vt 0.001953 -0.205078
vt 0.250977 -0.037109
vt -0.000977 0.000000
vt 0.998047 0.000000
vt 0.750977 -0.037109
vt 1.000977 -0.205078
vt 0.001953 -0.205078
vt 0.250977 -0.037109
vt -0.000977 0.000000
vt 0.998047 0.000000
vt 0.750977 -0.037109
vt 1.000977 -0.205078
vt 0.001953 -0.205078
vt 0.250977 -0.037109
vt -0.000977 0.000000
vt 0.998047 0.000000
vt 0.750977 -0.037109
vt 1.000977 -0.205078
vt 0.001953 -0.205078
vt 0.250977 -0.037109
vt -0.000977 0.000000
vt 0.998047 0.000000
vt 0.750977 -0.037109
vt 1.000977 -0.205078
vt 0.001953 -0.205078
vt 0.250977 -0.037109
vt -0.000977 0.000000
vt 0.998047 0.000000
vt 0.750977 -0.037109
vt 1.000977 -0.205078
vt 0.001953 -0.205078
vt 0.250977 -0.037109
vt -0.000977 0.000000
vt 0.998047 0.000000
vt 0.750977 -0.037109
vt 1.000977 -0.205078
vt 0.001953 -0.205078
vt 0.250977 -0.037109
vt -0.000977 0.000000
vt 0.998047 0.000000
vt 0.750977 -0.037109
vt 1.000977 -0.205078
vt 0.001953 -0.205078
vt 0.250977 -0.037109
vt -0.000977 0.000000
vt 0.998047 0.000000
vt 0.750977 -0.037109
vt 1.000977 -0.205078
vt -0.502930 -0.010742
vt -0.258789 -0.053711
vt -0.004883 -0.010742
vt -0.004883 -0.249023
vt -0.259766 -0.124023
vt -0.506836 -0.053711
vt -0.258789 -0.053711
vt -0.502930 -0.010742
vt -0.004883 -0.010742
vt -0.004883 -0.249023
vt -0.004883 -0.249023
vt -0.258789 -0.053711
vt -0.259766 -0.124023
vt -0.504883 -0.249023
vt -0.506836 -0.053711
vt -0.375977 -0.183594
vt -0.258789 -0.053711
vt -0.506836 -0.053711
vt -0.502930 -0.010742
vt -0.004883 -0.010742
vt 0.498047 -0.999023
vt 0.998047 -0.999023
vt 0.583008 -0.947266
vt 0.611328 -0.935547
vt 0.900391 -0.935547
vt -0.607422 -0.905273
vt -0.899414 -0.905273
vt -0.504883 -0.999023
vt -1.000977 -0.999023
vt -1.000000 -0.249023
vt -0.258789 -0.053711
vt -0.754883 -0.053711
vt -0.004883 -0.010742
vt -1.000000 -0.010742
vt -1.000000 -0.249023
vt -0.258789 -0.053711
vt -0.754883 -0.053711
vt -0.004883 -0.010742
vt -1.000000 -0.010742
vt -1.000000 -0.249023
vt -0.258789 -0.053711
vt -0.754883 -0.053711
vt -0.004883 -0.010742
vt -1.000000 -0.010742
vt -1.000000 -0.249023
vt -0.258789 -0.053711
vt -0.754883 -0.053711
vt -0.004883 -0.010742
vt -1.000000 -0.010742
vt -1.000000 -0.249023
vt -0.258789 -0.053711
vt -0.754883 -0.053711
vt -0.004883 -0.010742
vt -1.000000 -0.010742
vt -1.000000 -0.249023
vt -0.258789 -0.053711
vt -0.754883 -0.053711
vt -0.004883 -0.010742
vt -1.000000 -0.010742
vt -1.000000 -0.249023
vt -0.258789 -0.053711
vt -0.754883 -0.053711
vt -0.004883 -0.010742
vt -1.000000 -0.010742
vt -1.000000 -0.249023
vt -0.258789 -0.053711
vt -0.754883 -0.053711
vt -0.004883 -0.010742
vt -1.000000 -0.010742
vt -1.000000 -0.249023
vt -0.258789 -0.053711
vt -0.754883 -0.053711
vt -0.004883 -0.010742
vt -1.000000 -0.010742
vt -1.000000 -0.249023
vt -0.258789 -0.053711
vt -0.754883 -0.053711
vt -0.004883 -0.010742
vt -1.000000 -0.010742
vt -1.000000 -0.249023
vt -0.258789 -0.053711
vt -0.754883 -0.053711
vt -0.004883 -0.010742
vt -1.000000 -0.010742
vt -1.000000 -0.249023
vt -0.258789 -0.053711
vt -0.754883 -0.053711
vt -0.004883 -0.010742
vt -1.000000 -0.010742
vt -1.000000 -0.249023
vt -0.258789 -0.053711
vt -0.754883 -0.053711
vt -0.004883 -0.010742
vt -1.000000 -0.010742
vt -1.000000 -0.249023
vt -0.258789 -0.053711
vt -0.754883 -0.053711
vt -0.004883 -0.010742
vt -1.000000 -0.010742
vt -1.000000 -0.249023
vt -0.258789 -0.053711
vt -0.754883 -0.053711
vt -0.004883 -0.010742
vt -1.000000 -0.010742
vt -1.000000 -0.249023
vt -0.258789 -0.053711
vt -0.754883 -0.053711
vt -0.004883 -0.010742
vt -1.000000 -0.010742
vt -1.000000 -0.249023
vt -0.258789 -0.053711
vt -0.754883 -0.053711
vt -0.004883 -0.010742
vt -1.000000 -0.010742
vt -1.000000 -0.249023
vt -0.504883 -0.249023
vt -0.506836 -0.053711
vt -0.258789 -0.053711
vt -0.004883 -0.010742
vt -0.502930 -0.010742
vt 0.401367 -0.210938
vt 0.401367 -0.935547
vt 0.498047 -0.205078
vt 0.498047 -0.999023
vt 0.101562 -0.935547
vt 0.250977 -0.104492
vt 0.250977 -0.037109
vt 0.001953 -0.205078
vt -0.000977 0.000000
vt 0.998047 0.000000
vt 0.498047 -0.999023
vt 0.900391 -0.935547
vt 0.998047 -0.999023
vt 1.000977 -0.205078
vt 0.900391 -0.210938
vt 0.750977 -0.037109
vt 0.250977 -0.037109
vt 0.998047 0.000000
vt -0.000977 0.000000
vt 0.001953 -0.205078
vt 0.750977 -0.037109
vt 0.250977 -0.037109
vt 0.998047 0.000000
vt -0.000977 0.000000
vt 0.001953 -0.205078
vt 0.750977 -0.037109
vt 0.250977 -0.037109
vt 0.998047 0.000000
vt -0.000977 0.000000
vt 0.001953 -0.205078
vt 0.750977 -0.037109
vt 0.250977 -0.037109
vt 0.998047 0.000000
vt -0.000977 0.000000
vt 0.001953 -0.205078
vt 0.750977 -0.037109
vt 0.250977 -0.037109
vt 0.998047 0.000000
vt -0.000977 0.000000
vt 0.001953 -0.205078
vt 0.750977 -0.037109
vt 0.250977 -0.037109
vt 0.998047 0.000000
vt -0.000977 0.000000
vt 0.001953 -0.205078
vt 0.750977 -0.037109
vt 0.250977 -0.037109
vt 0.998047 0.000000
vt -0.000977 0.000000
vt 0.001953 -0.205078
vt 0.750977 -0.037109
vt 0.250977 -0.037109
vt 0.998047 0.000000
vt -0.000977 0.000000
vt 0.001953 -0.205078
vt 0.750977 -0.037109
vt 0.250977 -0.037109
vt 0.998047 0.000000
vt -0.000977 0.000000
vt 0.001953 -0.205078
vt 0.750977 -0.037109
vt 0.250977 -0.037109
vt 0.998047 0.000000
vt -0.000977 0.000000
vt 0.001953 -0.205078
vt -0.259766 -0.124023
vt -0.110352 -0.905273
vt -0.406250 -0.905273
vt -0.504883 -0.999023
vt -0.003906 -0.999023
vt -0.004883 -0.249023
vt -0.258789 -0.053711
vt -0.004883 -0.010742
vt -0.502930 -0.010742
vt -0.506836 -0.053711
vt -0.004883 -0.249023
vt -0.258789 -0.053711
vt -0.004883 -0.010742
vt -0.502930 -0.010742
vt -0.506836 -0.053711
vt 0.900391 -0.935547
vt 0.998047 -0.999023
vt 0.611328 -0.935547
vt 0.583008 -0.947266
vt 0.498047 -0.999023
vt -0.258789 -0.053711
vt -0.754883 -0.053711
vt -0.004883 -0.010742
vt -1.000000 -0.010742
vt -1.000000 -0.249023
vt -0.258789 -0.053711
vt -0.754883 -0.053711
vt -0.004883 -0.010742
vt -1.000000 -0.010742
vt -1.000000 -0.249023
vt -0.258789 -0.053711
vt -0.754883 -0.053711
vt -0.004883 -0.010742
vt -1.000000 -0.010742
vt -1.000000 -0.249023
vt -0.004883 -0.249023
vt -0.004883 -0.010742
vt -0.258789 -0.053711
vt -0.506836 -0.053711
vt -0.502930 -0.010742
vt -0.258789 -0.053711
vt -0.754883 -0.053711
vt -0.004883 -0.010742
vt -1.000000 -0.010742
vt -1.000000 -0.249023
vt -0.258789 -0.053711
vt -0.754883 -0.053711
vt -0.004883 -0.010742
vt -1.000000 -0.010742
vt -1.000000 -0.249023
vt -0.258789 -0.053711
vt -0.754883 -0.053711
vt -0.004883 -0.010742
vt -1.000000 -0.010742
vt -1.000000 -0.249023
vt -0.258789 -0.053711
vt -0.754883 -0.053711
vt -0.004883 -0.010742
vt -1.000000 -0.010742
vt -1.000000 -0.249023
vt -0.258789 -0.053711
vt -0.754883 -0.053711
vt -0.004883 -0.010742
vt -1.000000 -0.010742
vt -1.000000 -0.249023
vt -0.258789 -0.053711
vt -0.754883 -0.053711
vt -0.004883 -0.010742
vt -1.000000 -0.010742
vt -1.000000 -0.249023
vt -0.258789 -0.053711
vt -0.754883 -0.053711
vt -0.004883 -0.010742
vt -1.000000 -0.010742
vt -1.000000 -0.249023
vt -0.258789 -0.053711
vt -0.754883 -0.053711
vt -0.004883 -0.010742
vt -1.000000 -0.010742
vt -1.000000 -0.249023
vt -0.258789 -0.053711
vt -0.754883 -0.053711
vt -0.004883 -0.010742
vt -1.000000 -0.010742
vt -1.000000 -0.249023
vt -0.258789 -0.053711
vt -0.754883 -0.053711
vt -0.004883 -0.010742
vt -1.000000 -0.010742
vt -1.000000 -0.249023
vt -0.258789 -0.053711
vt -0.754883 -0.053711
vt -0.004883 -0.010742
vt -1.000000 -0.010742
vt -1.000000 -0.249023
vt -0.258789 -0.053711
vt -0.754883 -0.053711
vt -0.004883 -0.010742
vt -1.000000 -0.010742
vt -1.000000 -0.249023
vt -0.258789 -0.053711
vt -0.754883 -0.053711
vt -0.004883 -0.010742
vt -1.000000 -0.010742
vt -1.000000 -0.249023
vt -0.258789 -0.053711
vt -0.754883 -0.053711
vt -0.004883 -0.010742
vt -1.000000 -0.010742
vt -1.000000 -0.249023
vt -0.258789 -0.053711
vt -0.754883 -0.053711
vt -0.004883 -0.010742
vt -1.000000 -0.010742
vt -1.000000 -0.249023
vt 0.750977 -0.037109
vt 0.250977 -0.037109
vt 0.998047 0.000000
vt -0.000977 0.000000
vt 0.001953 -0.205078
vt 0.750977 -0.037109
vt 0.250977 -0.037109
vt 0.998047 0.000000
vt -0.000977 0.000000
vt 0.001953 -0.205078
vt 0.750977 -0.037109
vt 0.250977 -0.037109
vt 0.998047 0.000000
vt -0.000977 0.000000
vt 0.001953 -0.205078
vt 0.750977 -0.037109
vt 0.250977 -0.037109
vt 0.998047 0.000000
vt -0.000977 0.000000
vt 0.001953 -0.205078
vt 0.750977 -0.037109
vt 0.250977 -0.037109
vt 0.998047 0.000000
vt -0.000977 0.000000
vt 0.001953 -0.205078
vt 0.750977 -0.037109
vt 0.250977 -0.037109
vt 0.998047 0.000000
vt -0.000977 0.000000
vt 0.001953 -0.205078
vt 0.750977 -0.037109
vt 0.250977 -0.037109
vt 0.998047 0.000000
vt -0.000977 0.000000
vt 0.001953 -0.205078
vt 0.750977 -0.037109
vt 0.250977 -0.037109
vt 0.998047 0.000000
vt -0.000977 0.000000
vt 0.001953 -0.205078
vt 0.750977 -0.037109
vt 0.250977 -0.037109
vt 0.998047 0.000000
vt -0.000977 0.000000
vt 0.001953 -0.205078
vt 0.750977 -0.037109
vt 0.250977 -0.037109
vt 0.998047 0.000000
vt -0.000977 0.000000
vt 0.001953 -0.205078
vt 0.750977 -0.037109
vt 0.250977 -0.037109
vt 0.998047 0.000000
vt -0.000977 0.000000
vt 0.001953 -0.205078
vt -0.753906 -0.124023
vt -0.754883 -0.053711
vt -1.000000 -0.249023
vt -1.000000 -0.010742
vt -1.000000 -0.249023
vt -0.899414 -0.225586
vt -0.753906 -0.124023
vt -0.606445 -0.225586
vt -0.504883 -0.249023
vt -0.407227 -0.225586
vt -0.259766 -0.124023
vt -0.110352 -0.225586
vt -0.110352 -0.565430
vt -0.110352 -0.225586
vt -0.407227 -0.464844
vt -0.407227 -0.225586
vt 0.998047 -0.999023
vt 0.900391 -0.935547
vt 0.498047 -0.999023
vt 0.600586 -0.935547
vt 0.498047 -0.999023
vt 0.401367 -0.935547
vt -0.000977 -0.999023
vt 0.101562 -0.935547
vt 0.498047 -0.999023
vt 0.998047 -0.999023
vt 0.600586 -0.935547
vt 0.900391 -0.935547
vt -0.000977 -0.999023
vt 0.498047 -0.999023
vt 0.101562 -0.935547
vt 0.401367 -0.935547
vt -0.504883 -0.249023
vt -0.406250 -0.905273
vt -0.504883 -0.999023
vt -0.110352 -0.905273
vt 0.498047 -0.999023
vt 0.498047 -0.205078
vt 0.600586 -0.935547
vt 0.600586 -0.210938
vt -1.000000 -0.249023
vt -0.753906 -0.124023
vt -0.899414 -0.225586
vt -0.606445 -0.225586
vt -0.504883 -0.249023
vt -0.259766 -0.124023
vt -0.407227 -0.225586
vt -0.110352 -0.225586
vt -0.407227 -0.464844
vt -0.504883 -0.525391
vt -0.504883 -0.249023
vt -0.606445 -0.403320
vt -0.004883 -0.249023
vt -0.110352 -0.225586
vt -0.259766 -0.124023
vt -0.407227 -0.225586
vt 0.998047 -0.999023
vt 0.498047 -0.999023
vt 0.900391 -0.935547
vt 0.600586 -0.935547
vt 0.498047 -0.999023
vt -0.000977 -0.999023
vt 0.401367 -0.935547
vt 0.101562 -0.935547
vt 0.498047 -0.999023
vt 0.600586 -0.935547
vt 0.998047 -0.999023
vt 0.900391 -0.935547
vt -0.000977 -0.999023
vt 0.101562 -0.935547
vt 0.498047 -0.999023
vt 0.401367 -0.935547
vt -0.607422 -0.716797
vt -0.504883 -0.839844
vt -0.504883 -0.249023
vt -0.111328 -0.875000
vt -0.003906 -0.999023
vt -0.004883 -0.249023
vt -0.754883 -0.053711
vt -0.753906 -0.124023
vt -0.606445 -0.225586
vt -0.004883 -0.249023
vt -0.259766 -0.124023
vt -0.110352 -0.225586
vt -0.375977 -0.183594
vt -0.506836 -0.053711
vt -0.504883 -0.249023
vt -0.606445 -0.403320
vt -0.504883 -0.525391
vt -0.504883 -0.249023
vt -0.607422 -0.905273
vt -0.504883 -0.999023
vt -0.504883 -0.249023
vt -0.504883 -0.249023
vt -0.753906 -0.124023
vt -0.606445 -0.225586
vt -0.407227 -0.225586
vt -0.504883 -0.249023
vt -0.259766 -0.124023
vt -0.258789 -0.053711
vt -0.004883 -0.010742
vt -0.004883 -0.249023
vt -0.504883 -0.249023
vt -0.753906 -0.124023
vt -0.606445 -0.225586
vt -0.407227 -0.225586
vt -0.504883 -0.249023
vt -0.259766 -0.124023
vt -0.258789 -0.053711
vt -0.004883 -0.010742
vt -0.004883 -0.249023
vt -0.504883 -0.249023
vt -0.753906 -0.124023
vt -0.606445 -0.225586
vt -0.407227 -0.225586
vt -0.504883 -0.249023
vt -0.259766 -0.124023
vt -0.258789 -0.053711
vt -0.004883 -0.010742
vt -0.004883 -0.249023
vt -0.504883 -0.249023
vt -0.753906 -0.124023
vt -0.606445 -0.225586
vt -0.407227 -0.225586
vt -0.504883 -0.249023
vt -0.259766 -0.124023
vt -0.258789 -0.053711
vt -0.004883 -0.010742
vt -0.004883 -0.249023
vt -0.504883 -0.249023
vt -0.753906 -0.124023
vt -0.606445 -0.225586
vt -0.407227 -0.225586
vt -0.504883 -0.249023
vt -0.259766 -0.124023
vt -0.258789 -0.053711
vt -0.004883 -0.010742
vt -0.004883 -0.249023
vt -0.504883 -0.249023
vt -0.753906 -0.124023
vt -0.606445 -0.225586
vt -0.407227 -0.225586
vt -0.504883 -0.249023
vt -0.259766 -0.124023
vt -0.258789 -0.053711
vt -0.004883 -0.010742
vt -0.004883 -0.249023
vt -0.504883 -0.249023
vt -0.753906 -0.124023
vt -0.606445 -0.225586
vt -0.407227 -0.225586
vt -0.504883 -0.249023
vt -0.259766 -0.124023
vt -0.258789 -0.053711
vt -0.004883 -0.010742
vt -0.004883 -0.249023
vt -0.504883 -0.249023
vt -0.753906 -0.124023
vt -0.606445 -0.225586
vt -0.407227 -0.225586
vt -0.504883 -0.249023
vt -0.259766 -0.124023
vt -0.258789 -0.053711
vt -0.004883 -0.010742
vt -0.004883 -0.249023
vt -0.504883 -0.249023
vt -0.753906 -0.124023
vt -0.606445 -0.225586
vt -0.407227 -0.225586
vt -0.504883 -0.249023
vt -0.259766 -0.124023
vt -0.258789 -0.053711
vt -0.004883 -0.010742
vt -0.004883 -0.249023
vt -0.504883 -0.249023
vt -0.753906 -0.124023
vt -0.606445 -0.225586
vt -0.407227 -0.225586
vt -0.504883 -0.249023
vt -0.259766 -0.124023
vt -0.258789 -0.053711
vt -0.004883 -0.010742
vt -0.004883 -0.249023
vt -0.504883 -0.249023
vt -0.753906 -0.124023
vt -0.606445 -0.225586
vt -0.407227 -0.225586
vt -0.504883 -0.249023
vt -0.259766 -0.124023
vt -0.258789 -0.053711
vt -0.004883 -0.010742
vt -0.004883 -0.249023
vt -0.504883 -0.249023
vt -0.753906 -0.124023
vt -0.606445 -0.225586
vt -0.407227 -0.225586
vt -0.504883 -0.249023
vt -0.259766 -0.124023
vt -0.258789 -0.053711
vt -0.004883 -0.010742
vt -0.004883 -0.249023
vt -0.504883 -0.249023
vt -0.753906 -0.124023
vt -0.606445 -0.225586
vt -0.407227 -0.225586
vt -0.504883 -0.249023
vt -0.259766 -0.124023
vt -0.258789 -0.053711
vt -0.004883 -0.010742
vt -0.004883 -0.249023
vt -0.504883 -0.249023
vt -0.753906 -0.124023
vt -0.606445 -0.225586
vt -0.407227 -0.225586
vt -0.504883 -0.249023
vt -0.259766 -0.124023
vt -0.258789 -0.053711
vt -0.004883 -0.010742
vt -0.004883 -0.249023
vt -0.504883 -0.249023
vt -0.753906 -0.124023
vt -0.606445 -0.225586
vt -0.407227 -0.225586
vt -0.504883 -0.249023
vt -0.259766 -0.124023
vt -0.258789 -0.053711
vt -0.004883 -0.010742
vt -0.004883 -0.249023
vt -0.504883 -0.249023
vt -0.753906 -0.124023
vt -0.606445 -0.225586
vt -0.407227 -0.225586
vt -0.504883 -0.249023
vt -0.259766 -0.124023
vt -0.258789 -0.053711
vt -0.004883 -0.010742
vt -0.004883 -0.249023
vt -0.504883 -0.249023
vt -0.753906 -0.124023
vt -0.606445 -0.225586
vt -0.407227 -0.225586
vt -0.504883 -0.249023
vt -0.259766 -0.124023
vt -0.258789 -0.053711
vt -0.004883 -0.010742
vt -0.004883 -0.249023
vt 0.101562 -0.210938
vt 0.101562 -0.935547
vt 0.001953 -0.205078
vt 0.250977 -0.104492
vt 0.250977 -0.037109
vt 0.498047 -0.205078
vt 0.600586 -0.935547
vt 0.900391 -0.935547
vt 0.498047 -0.999023
vt 0.401367 -0.210938
vt 0.498047 -0.205078
vt 0.250977 -0.104492
vt 0.750977 -0.104492
vt 0.600586 -0.210938
vt 0.498047 -0.205078
vt 0.750977 -0.037109
vt 0.998047 0.000000
vt 1.000977 -0.205078
vt 0.401367 -0.210938
vt 0.498047 -0.205078
vt 0.250977 -0.104492
vt 0.750977 -0.104492
vt 0.600586 -0.210938
vt 0.498047 -0.205078
vt 0.750977 -0.037109
vt 0.998047 0.000000
vt 1.000977 -0.205078
vt 0.401367 -0.210938
vt 0.498047 -0.205078
vt 0.250977 -0.104492
vt 0.750977 -0.104492
vt 0.600586 -0.210938
vt 0.498047 -0.205078
vt 0.750977 -0.037109
vt 0.998047 0.000000
vt 1.000977 -0.205078
vt 0.401367 -0.210938
vt 0.498047 -0.205078
vt 0.250977 -0.104492
vt 0.750977 -0.104492
vt 0.600586 -0.210938
vt 0.498047 -0.205078
vt 0.750977 -0.037109
vt 0.998047 0.000000
vt 1.000977 -0.205078
vt 0.401367 -0.210938
vt 0.498047 -0.205078
vt 0.250977 -0.104492
vt 0.750977 -0.104492
vt 0.600586 -0.210938
vt 0.498047 -0.205078
vt 0.750977 -0.037109
vt 0.998047 0.000000
vt 1.000977 -0.205078
vt 0.401367 -0.210938
vt 0.498047 -0.205078
vt 0.250977 -0.104492
vt 0.750977 -0.104492
vt 0.600586 -0.210938
vt 0.498047 -0.205078
vt 0.750977 -0.037109
vt 0.998047 0.000000
vt 1.000977 -0.205078
vt 0.401367 -0.210938
vt 0.498047 -0.205078
vt 0.250977 -0.104492
vt 0.750977 -0.104492
vt 0.600586 -0.210938
vt 0.498047 -0.205078
vt 0.750977 -0.037109
vt 0.998047 0.000000
vt 1.000977 -0.205078
vt 0.401367 -0.210938
vt 0.498047 -0.205078
vt 0.250977 -0.104492
vt 0.750977 -0.104492
vt 0.600586 -0.210938
vt 0.498047 -0.205078
vt 0.750977 -0.037109
vt 0.998047 0.000000
vt 1.000977 -0.205078
vt 0.401367 -0.210938
vt 0.498047 -0.205078
vt 0.250977 -0.104492
vt 0.750977 -0.104492
vt 0.600586 -0.210938
vt 0.498047 -0.205078
vt 0.750977 -0.037109
vt 0.998047 0.000000
vt 1.000977 -0.205078
vt 0.401367 -0.210938
vt 0.498047 -0.205078
vt 0.250977 -0.104492
vt 0.750977 -0.104492
vt 0.600586 -0.210938
vt 0.498047 -0.205078
vt 0.750977 -0.037109
vt 0.998047 0.000000
vt 1.000977 -0.205078
vt -1.000977 -0.999023
vt -0.899414 -0.905273
vt -0.504883 -0.999023
vt -0.506836 -0.053711
vt -0.504883 -0.249023
vt -0.754883 -0.053711
vt -0.504883 -0.249023
vt -0.504883 -0.839844
vt -0.607422 -0.716797
vt -0.004883 -0.249023
vt -0.003906 -0.999023
vt -0.111328 -0.875000
vt -0.606445 -0.225586
vt -0.753906 -0.124023
vt -0.754883 -0.053711
vt -0.506836 -0.053711
vt -0.258789 -0.053711
vt -0.504883 -0.249023
vt -0.259766 -0.124023
vt -0.110352 -0.225586
vt -0.375977 -0.183594
vt -0.110352 -0.246094
vt -0.004883 -0.249023
vt -0.004883 -0.368164
vt -0.606445 -0.225586
vt -0.753906 -0.124023
vt -0.504883 -0.249023
vt -0.606445 -0.225586
vt -0.504883 -0.249023
vt -0.753906 -0.124023
vt -0.259766 -0.124023
vt -0.407227 -0.225586
vt -0.504883 -0.249023
vt -0.258789 -0.053711
vt -0.004883 -0.010742
vt -0.004883 -0.249023
vt -0.606445 -0.225586
vt -0.504883 -0.249023
vt -0.753906 -0.124023
vt -0.259766 -0.124023
vt -0.407227 -0.225586
vt -0.504883 -0.249023
vt -0.258789 -0.053711
vt -0.004883 -0.010742
vt -0.004883 -0.249023
vt -0.606445 -0.225586
vt -0.504883 -0.249023
vt -0.753906 -0.124023
vt -0.259766 -0.124023
vt -0.407227 -0.225586
vt -0.504883 -0.249023
vt -0.258789 -0.053711
vt -0.004883 -0.010742
vt -0.004883 -0.249023
vt -0.259766 -0.124023
vt -0.407227 -0.225586
vt -0.504883 -0.249023
vt -0.258789 -0.053711
vt -0.004883 -0.010742
vt -0.004883 -0.249023
vt -0.606445 -0.225586
vt -0.504883 -0.249023
vt -0.753906 -0.124023
vt -0.259766 -0.124023
vt -0.407227 -0.225586
vt -0.504883 -0.249023
vt -0.258789 -0.053711
vt -0.004883 -0.010742
vt -0.004883 -0.249023
vt -0.606445 -0.225586
vt -0.504883 -0.249023
vt -0.753906 -0.124023
vt -0.259766 -0.124023
vt -0.407227 -0.225586
vt -0.504883 -0.249023
vt -0.258789 -0.053711
vt -0.004883 -0.010742
vt -0.004883 -0.249023
vt -0.606445 -0.225586
vt -0.504883 -0.249023
vt -0.753906 -0.124023
vt -0.259766 -0.124023
vt -0.407227 -0.225586
vt -0.504883 -0.249023
vt -0.258789 -0.053711
vt -0.004883 -0.010742
vt -0.004883 -0.249023
vt -0.606445 -0.225586
vt -0.504883 -0.249023
vt -0.753906 -0.124023
vt -0.259766 -0.124023
vt -0.407227 -0.225586
vt -0.504883 -0.249023
vt -0.258789 -0.053711
vt -0.004883 -0.010742
vt -0.004883 -0.249023
vt -0.606445 -0.225586
vt -0.504883 -0.249023
vt -0.753906 -0.124023
vt -0.259766 -0.124023
vt -0.407227 -0.225586
vt -0.504883 -0.249023
vt -0.258789 -0.053711
vt -0.004883 -0.010742
vt -0.004883 -0.249023
vt -0.606445 -0.225586
vt -0.504883 -0.249023
vt -0.753906 -0.124023
vt -0.259766 -0.124023
vt -0.407227 -0.225586
vt -0.504883 -0.249023
vt -0.258789 -0.053711
vt -0.004883 -0.010742
vt -0.004883 -0.249023
vt -0.606445 -0.225586
vt -0.504883 -0.249023
vt -0.753906 -0.124023
vt -0.259766 -0.124023
vt -0.407227 -0.225586
vt -0.504883 -0.249023
vt -0.258789 -0.053711
vt -0.004883 -0.010742
vt -0.004883 -0.249023
vt -0.606445 -0.225586
vt -0.504883 -0.249023
vt -0.753906 -0.124023
vt -0.259766 -0.124023
vt -0.407227 -0.225586
vt -0.504883 -0.249023
vt -0.258789 -0.053711
vt -0.004883 -0.010742
vt -0.004883 -0.249023
vt -0.606445 -0.225586
vt -0.504883 -0.249023
vt -0.753906 -0.124023
vt -0.259766 -0.124023
vt -0.407227 -0.225586
vt -0.504883 -0.249023
vt -0.258789 -0.053711
vt -0.004883 -0.010742
vt -0.004883 -0.249023
vt -0.606445 -0.225586
vt -0.504883 -0.249023
vt -0.753906 -0.124023
vt -0.259766 -0.124023
vt -0.407227 -0.225586
vt -0.504883 -0.249023
vt -0.258789 -0.053711
vt -0.004883 -0.010742
vt -0.004883 -0.249023
vt -0.606445 -0.225586
vt -0.504883 -0.249023
vt -0.753906 -0.124023
vt -0.259766 -0.124023
vt -0.407227 -0.225586
vt -0.504883 -0.249023
vt -0.258789 -0.053711
vt -0.004883 -0.010742
vt -0.004883 -0.249023
vt -0.606445 -0.225586
vt -0.504883 -0.249023
vt -0.753906 -0.124023
vt -0.259766 -0.124023
vt -0.407227 -0.225586
vt -0.504883 -0.249023
vt -0.258789 -0.053711
vt -0.004883 -0.010742
vt -0.004883 -0.249023
vt -0.606445 -0.225586
vt -0.504883 -0.249023
vt -0.753906 -0.124023
vt -0.259766 -0.124023
vt -0.407227 -0.225586
vt -0.504883 -0.249023
vt -0.258789 -0.053711
vt -0.004883 -0.010742
vt -0.004883 -0.249023
vt -0.606445 -0.225586
vt -0.504883 -0.249023
vt -0.753906 -0.124023
vt -0.259766 -0.124023
vt -0.407227 -0.225586
vt -0.504883 -0.249023
vt -0.258789 -0.053711
vt -0.004883 -0.010742
vt -0.004883 -0.249023
vt 0.498047 -0.205078
vt 0.250977 -0.104492
vt 0.401367 -0.210938
vt 0.600586 -0.210938
vt 0.498047 -0.205078
vt 0.750977 -0.104492
vt 0.750977 -0.037109
vt 0.998047 0.000000
vt 1.000977 -0.205078
vt 0.498047 -0.205078
vt 0.250977 -0.104492
vt 0.401367 -0.210938
vt 0.600586 -0.210938
vt 0.498047 -0.205078
vt 0.750977 -0.104492
vt 0.750977 -0.037109
vt 0.998047 0.000000
vt 1.000977 -0.205078
vt 0.498047 -0.205078
vt 0.250977 -0.104492
vt 0.401367 -0.210938
vt 0.600586 -0.210938
vt 0.498047 -0.205078
vt 0.750977 -0.104492
vt 0.750977 -0.037109
vt 0.998047 0.000000
vt 1.000977 -0.205078
vt 0.498047 -0.205078
vt 0.250977 -0.104492
vt 0.401367 -0.210938
vt 0.600586 -0.210938
vt 0.498047 -0.205078
vt 0.750977 -0.104492
vt 0.750977 -0.037109
vt 0.998047 0.000000
vt 1.000977 -0.205078
vt 0.498047 -0.205078
vt 0.250977 -0.104492
vt 0.401367 -0.210938
vt 0.600586 -0.210938
vt 0.498047 -0.205078
vt 0.750977 -0.104492
vt 0.750977 -0.037109
vt 0.998047 0.000000
vt 1.000977 -0.205078
vt 0.498047 -0.205078
vt 0.250977 -0.104492
vt 0.401367 -0.210938
vt 0.600586 -0.210938
vt 0.498047 -0.205078
vt 0.750977 -0.104492
vt 0.750977 -0.037109
vt 0.998047 0.000000
vt 1.000977 -0.205078
vt 0.498047 -0.205078
vt 0.250977 -0.104492
vt 0.401367 -0.210938
vt 0.600586 -0.210938
vt 0.498047 -0.205078
vt 0.750977 -0.104492
vt 0.750977 -0.037109
vt 0.998047 0.000000
vt 1.000977 -0.205078
vt 0.498047 -0.205078
vt 0.250977 -0.104492
vt 0.401367 -0.210938
vt 0.600586 -0.210938
vt 0.498047 -0.205078
vt 0.750977 -0.104492
vt 0.750977 -0.037109
vt 0.998047 0.000000
vt 1.000977 -0.205078
vt 0.498047 -0.205078
vt 0.250977 -0.104492
vt 0.401367 -0.210938
vt 0.600586 -0.210938
vt 0.498047 -0.205078
vt 0.750977 -0.104492
vt 0.750977 -0.037109
vt 0.998047 0.000000
vt 1.000977 -0.205078
vt 0.498047 -0.205078
vt 0.250977 -0.104492
vt 0.401367 -0.210938
vt 0.600586 -0.210938
vt 0.498047 -0.205078
vt 0.750977 -0.104492
vt 0.750977 -0.037109
vt 0.998047 0.000000
vt 1.000977 -0.205078
vt 0.498047 -0.205078
vt 0.250977 -0.104492
vt 0.401367 -0.210938
vt 0.600586 -0.210938
vt 0.498047 -0.205078
vt 0.750977 -0.104492
vt 0.750977 -0.037109
vt 0.998047 0.000000
vt 1.000977 -0.205078
vn 0.7714 0.6347 -0.0452
vn 0.7988 0.5976 -0.0687
vn 0.4728 0.0000 -0.8812
vn -0.2722 0.7019 -0.6582
vn 0.3536 -0.3457 -0.8691
vn 0.3694 -0.3091 -0.8763
vn -0.0230 -0.5544 -0.8319
vn 0.7690 -0.0842 -0.6336
vn 0.8096 0.1162 -0.5754
vn 0.9543 0.0221 -0.2979
vn 0.9395 -0.1131 -0.3233
vn 0.7792 -0.0139 -0.6266
vn 0.9897 -0.0431 -0.1365
vn 0.3641 0.9090 0.2028
vn 0.3738 0.4464 -0.8131
vn 0.9591 0.2830 0.0068
vn 0.9975 0.0000 0.0705
vn -0.2271 0.1019 0.9685
vn -0.7463 -0.1159 -0.6555
vn -0.1235 0.0154 -0.9922
vn -0.1951 0.0069 -0.9808
vn -0.1197 0.0495 -0.9916
vn -0.1665 0.0031 -0.9860
vn -0.0750 -0.2699 -0.9600
vn 0.9053 0.0563 -0.4211
vn 0.9794 0.0304 -0.1996
vn 0.0827 -0.0648 -0.9945
vn -0.0722 0.0083 -0.9974
vn -0.1978 -0.3728 -0.9066
vn -0.2045 -0.6103 -0.7654
vn -0.2236 -0.4820 -0.8471
vn -0.7247 -0.2168 -0.6541
vn -0.6403 -0.6085 -0.4688
vn 0.8608 0.0213 -0.5086
vn 0.6232 0.4594 -0.6329
vn 0.4808 0.0000 -0.8768
vn 0.3133 0.5073 -0.8028
vn 0.4911 0.0397 -0.8702
vn 0.8530 0.0000 -0.5219
vn 0.8542 0.0039 -0.5200
vn 0.6554 0.4104 -0.6341
vn 0.8515 -0.0039 -0.5244
vn 0.4728 0.0000 0.8812
vn 0.4811 -0.0758 0.8734
vn 0.4727 0.0000 0.8812
vn 0.4044 0.0106 0.9145
vn 0.5123 -0.2249 0.8289
vn 0.1643 -0.4525 0.8765
vn -0.0233 -0.5546 0.8318
vn 0.5223 0.0006 0.8528
vn 0.6273 -0.0547 0.7768
vn 0.9544 0.0222 0.2978
vn 0.8096 0.1162 0.5753
vn 0.9395 -0.1131 0.3233
vn 0.9843 0.1104 0.1374
vn 0.7792 -0.0139 0.6267
vn 0.3640 0.9090 -0.2028
vn 0.9630 0.2316 0.1378
vn 0.4222 0.8633 0.2763
vn 0.9544 0.1730 0.2433
vn -0.2272 0.1019 -0.9685
vn 0.8491 -0.3923 -0.3538
vn -0.8257 -0.5479 0.1344
vn -0.1952 0.0069 0.9807
vn -0.1236 0.0154 0.9922
vn -0.1197 0.0495 0.9916
vn -0.0750 -0.2699 0.9600
vn -0.1665 0.0031 0.9860
vn 0.9053 0.0563 0.4209
vn 0.0828 -0.0648 0.9945
vn 0.9794 0.0305 0.1996
vn -0.0723 0.0083 0.9973
vn -0.2044 -0.6103 0.7654
vn -0.1978 -0.3729 0.9066
vn -0.2236 -0.4820 0.8471
vn -0.6402 -0.6085 0.4689
vn -0.7246 -0.2168 0.6541
vn 0.8608 0.0214 0.5085
vn 0.4808 0.0000 0.8768
vn 0.6232 0.4595 0.6329
vn 0.3133 0.5071 0.8029
vn 0.4911 0.0397 0.8702
vn 0.8530 -0.0001 0.5220
vn 0.8538 0.0033 0.5207
vn 0.6554 0.4105 0.6340
vn 0.8518 -0.0030 0.5239
vn 0.8506 -0.0069 0.5258
vn 0.8534 0.0015 0.5213
vn 0.8521 -0.0000 0.5234
vn 0.4885 -0.6376 -0.5958
vn 0.6072 -0.2370 -0.7584
vn 0.2872 -0.9195 -0.2685
vn 0.9665 0.0340 -0.2545
vn 0.5947 -0.2406 -0.7671
vn 0.9779 0.0834 0.1917
vn 0.6005 -0.2261 -0.7670
vn 0.2670 -0.0057 -0.9637
vn 0.2325 0.0059 -0.9726
vn 0.2790 0.0366 -0.9596
vn 0.2558 0.0002 -0.9667
vn 0.2800 0.0783 -0.9568
vn 0.2403 -0.0073 -0.9707
vn -0.3074 -0.1066 -0.9456
vn 0.3165 0.0097 -0.9485
vn -0.9777 0.0922 -0.1885
vn -0.4245 -0.3532 -0.8337
vn -0.7118 0.0280 -0.7018
vn -0.4828 -0.0454 -0.8745
vn -0.4257 -0.8257 -0.3703
vn -0.6982 -0.6540 -0.2911
vn -0.8150 -0.3520 -0.4604
vn -0.3645 -0.2312 -0.9020
vn -0.9424 -0.3312 -0.0468
vn 0.5823 -0.0242 -0.8126
vn 0.0742 -0.9842 -0.1606
vn 0.6645 -0.7369 -0.1242
vn 0.1137 0.5211 -0.8459
vn 0.1690 -0.1907 -0.9670
vn 0.7412 0.2160 -0.6357
vn -0.5677 -0.7988 0.1990
vn -0.2613 -0.1414 -0.9548
vn -0.9159 -0.3983 -0.0501
vn 0.6076 -0.7828 -0.1343
vn 0.5706 -0.1723 -0.8029
vn 0.6539 -0.7212 -0.2286
vn -0.0664 -0.6975 -0.7135
vn 0.4008 -0.3643 -0.8406
vn 0.3491 -0.8670 -0.3557
vn 0.9900 0.0423 -0.1349
vn 0.6045 0.0000 -0.7966
vn 0.8592 -0.0000 -0.5117
vn 0.7094 0.3656 0.6026
vn 0.7691 0.2302 0.5962
vn 0.4380 0.6477 0.6234
vn 0.9584 0.0002 0.2856
vn 0.9366 -0.2888 0.1986
vn 0.9454 -0.1385 0.2951
vn 0.7965 -0.2598 0.5460
vn 0.8658 -0.2594 0.4279
vn 0.8860 0.1386 0.4426
vn 0.9720 0.2182 0.0876
vn 0.9852 -0.1323 -0.1090
vn 0.8816 0.1482 0.4482
vn -0.3285 -0.7687 -0.5489
vn 0.9062 -0.1189 -0.4058
vn -0.0162 -0.4165 -0.9090
vn 0.4214 -0.7286 0.5399
vn 0.9536 -0.1193 0.2763
vn 0.4992 -0.6956 0.5166
vn 0.7618 -0.6153 -0.2026
vn 0.9466 -0.2139 0.2412
vn 0.6823 -0.6687 0.2956
vn 0.6510 0.0213 0.7587
vn 0.9488 -0.1137 0.2947
vn 0.4216 0.0708 0.9040
vn 0.8966 -0.4333 -0.0909
vn 0.9743 -0.1267 -0.1862
vn 0.9955 0.0122 -0.0944
vn 0.9984 0.0443 -0.0361
vn 0.9895 -0.0467 0.1367
vn 0.9637 0.2634 -0.0441
vn 0.7695 -0.2908 -0.5686
vn 0.8526 0.0088 -0.5225
vn 0.7072 0.0461 -0.7055
vn 0.9159 0.1524 -0.3713
vn 0.8863 -0.0061 -0.4631
vn 0.8715 0.0029 -0.4903
vn 0.8796 0.0013 -0.4756
vn 0.8669 0.0000 -0.4985
vn 0.8676 0.0023 -0.4972
vn 0.8669 -0.0000 0.4985
vn 0.8662 -0.0000 0.4998
vn 0.8676 0.0022 0.4972
vn 0.8715 0.0028 0.4904
vn 0.8732 -0.0022 0.4874
vn 0.9174 0.1621 0.3635
vn 0.8521 0.0058 0.5233
vn 0.7694 -0.2909 0.5687
vn 0.9669 0.2514 0.0431
vn 0.9895 -0.0467 -0.1368
vn 0.9984 0.0443 0.0363
vn 0.9743 -0.1267 0.1862
vn 0.8966 -0.4333 0.0909
vn 0.9955 0.0122 0.0944
vn 0.4216 0.0709 -0.9040
vn 0.9488 -0.1138 -0.2947
vn 0.6511 0.0214 -0.7587
vn 0.9466 -0.2138 -0.2412
vn 0.7618 -0.6153 0.2026
vn 0.6823 -0.6686 -0.2956
vn 0.4992 -0.6957 -0.5166
vn 0.9536 -0.1194 -0.2763
vn 0.4214 -0.7286 -0.5400
vn 0.9062 -0.1189 0.4057
vn -0.3286 -0.7685 0.5490
vn -0.0161 -0.4165 0.9090
vn 0.8816 0.1483 -0.4482
vn 0.9852 -0.1323 0.1089
vn 0.9720 0.2182 -0.0876
vn 0.8658 -0.2594 -0.4278
vn 0.7965 -0.2598 -0.5460
vn 0.8859 0.1386 -0.4426
vn 0.9454 -0.1386 -0.2951
vn 0.9365 -0.2891 -0.1984
vn 0.9584 0.0000 -0.2854
vn 0.7692 0.2301 -0.5962
vn 0.7094 0.3655 -0.6026
vn 0.4380 0.6477 -0.6234
vn 0.8601 0.0000 0.5102
vn 0.9779 0.0834 -0.1918
vn 0.7214 -0.3515 0.5967
vn 0.4029 -0.3304 0.8535
vn 0.2326 0.0059 0.9726
vn 0.2671 -0.0057 0.9637
vn 0.2790 0.0366 0.9596
vn 0.2800 0.0783 0.9568
vn 0.2557 0.0002 0.9668
vn 0.2403 -0.0073 0.9707
vn 0.3165 0.0097 0.9486
vn -0.3074 -0.1067 0.9456
vn -0.9777 0.0922 0.1884
vn -0.7119 0.0280 0.7018
vn -0.4245 -0.3533 0.8337
vn -0.4829 -0.0455 0.8745
vn -0.6983 -0.6540 0.2911
vn -0.4256 -0.8257 0.3703
vn -0.8150 -0.3520 0.4603
vn -0.9424 -0.3312 0.0467
vn -0.3645 -0.2313 0.9020
vn 0.5823 -0.0243 0.8126
vn 0.6646 -0.7369 0.1241
vn 0.0743 -0.9842 0.1605
vn 0.1137 0.5211 0.8459
vn 0.7411 0.2159 0.6357
vn 0.1690 -0.1907 0.9670
vn -0.5678 -0.7988 -0.1988
vn -0.9159 -0.3984 0.0502
vn -0.2612 -0.1413 0.9549
vn 0.6076 -0.7828 0.1342
vn 0.6539 -0.7212 0.2286
vn 0.5707 -0.1723 0.8029
vn -0.0663 -0.6976 0.7134
vn 0.3491 -0.8669 0.3557
vn 0.4008 -0.3644 0.8406
vn 0.9900 0.0423 0.1349
vn 0.8592 -0.0000 0.5117
vn 0.6045 0.0000 0.7966
vn 0.7448 0.0000 0.6672
vn 0.4868 -0.0040 0.8735
vn 0.7491 0.0000 0.6624
vn 0.7411 -0.0151 0.6712
vn 0.8321 0.2451 0.4975
vn 0.7599 -0.4605 0.4588
vn 0.0305 0.4376 0.8987
vn -0.0754 0.0137 0.9971
vn -0.1040 -0.2868 0.9523
vn 0.3214 0.0110 0.9469
vn 0.0916 0.0937 0.9914
vn 0.0014 -0.3986 0.9171
vn -0.7924 0.1667 0.5868
vn -0.6329 0.3498 0.6907
vn -0.2338 -0.1375 0.9625
vn 0.1005 -0.3384 0.9356
vn -0.0833 -0.8821 0.4637
vn -0.5436 -0.6877 0.4813
vn 0.4577 0.1592 0.8748
vn 0.1009 0.0742 0.9921
vn 0.0188 0.2406 0.9705
vn -0.1316 0.0310 0.9908
vn 0.1694 -0.0737 0.9828
vn 0.0388 0.1896 0.9811
vn 0.5340 -0.2106 0.8188
vn 0.5836 -0.2326 0.7780
vn 0.3884 0.1001 0.9161
vn -0.0343 0.6222 0.7821
vn 0.3526 0.2722 0.8953
vn -0.0050 0.7107 0.7034
vn 0.4182 -0.3172 0.8512
vn 0.5910 0.0000 0.8067
vn 0.6438 0.0000 0.7652
vn -0.7054 -0.0000 -0.7088
vn -0.9669 -0.0662 -0.2466
vn -0.2549 -0.0000 -0.9670
vn -0.2574 0.9663 -0.0000
vn -0.9416 0.2951 0.1620
vn -0.3218 0.9018 0.2884
vn -0.5268 0.7100 -0.4674
vn -0.9659 0.2588 0.0007
vn -0.2799 0.9456 -0.1660
vn -0.2589 0.0002 0.9659
vn -0.9629 -0.0643 0.2620
vn -0.6728 -0.1725 0.7194
vn -0.4474 0.4418 0.7776
vn -0.8892 0.4142 0.1946
vn -0.5731 0.0226 0.8192
vn -0.2922 -0.7640 0.5753
vn -0.5636 -0.7921 0.2341
vn -0.9221 0.3647 0.1295
vn 0.2100 -0.9684 -0.1343
vn 0.5212 -0.8403 0.1494
vn 0.7641 -0.3860 0.5168
vn 0.4532 -0.5595 0.6940
vn 0.0687 -0.8396 0.5388
vn 0.3579 -0.3580 0.8624
vn 0.9310 -0.2537 -0.2624
vn 1.0000 0.0000 0.0000
vn 0.8624 0.5062 0.0000
vn 0.8624 0.3334 0.3810
vn 0.5910 0.0000 -0.8067
vn 0.4182 -0.3172 -0.8512
vn 0.6438 0.0000 -0.7652
vn -0.0050 0.7107 -0.7035
vn 0.3526 0.2722 -0.8953
vn -0.0344 0.6222 -0.7821
vn 0.5836 -0.2328 -0.7780
vn 0.5341 -0.2107 -0.8188
vn 0.3884 0.1000 -0.9161
vn 0.0389 0.1895 -0.9811
vn 0.1694 -0.0739 -0.9828
vn -0.1314 0.0308 -0.9908
vn 0.1008 0.0742 -0.9921
vn 0.4577 0.1591 -0.8748
vn 0.0188 0.2405 -0.9705
vn -0.5435 -0.6877 -0.4813
vn -0.0833 -0.8821 -0.4637
vn 0.1006 -0.3384 -0.9356
vn -0.6330 0.3498 -0.6906
vn -0.7924 0.1667 -0.5868
vn -0.2339 -0.1375 -0.9625
vn 0.0014 -0.3986 -0.9171
vn 0.0916 0.0937 -0.9914
vn 0.3214 0.0110 -0.9469
vn -0.0753 0.0136 -0.9971
vn 0.0306 0.4376 -0.8987
vn -0.1041 -0.2868 -0.9523
vn 0.7599 -0.4605 -0.4588
vn 0.8322 0.2451 -0.4975
vn 0.7411 -0.0151 -0.6712
vn 0.4868 -0.0039 -0.8735
vn 0.7448 0.0000 -0.6672
vn 0.7491 0.0000 -0.6624
vn 0.9965 0.0000 -0.0835
vn 0.9818 0.1651 0.0935
vn 0.9954 0.0000 -0.0958
vn 0.9975 -0.0057 -0.0702
vn 0.9564 0.0573 -0.2863
vn 0.9320 -0.3289 -0.1523
vn 0.8373 0.3193 0.4439
vn 0.8705 0.0509 0.4895
vn 0.7685 -0.0848 0.6342
vn 0.9421 -0.1315 0.3086
vn 0.9103 0.0196 0.4135
vn 0.7643 -0.5189 0.3828
vn -0.3961 0.0949 0.9133
vn -0.1226 0.0418 0.9916
vn 0.6020 -0.1517 0.7840
vn 0.6876 -0.2610 0.6776
vn 0.3261 -0.7943 0.5126
vn 0.5473 -0.5520 0.6291
vn 0.0978 -0.6952 0.7121
vn 0.2882 -0.5297 0.7977
vn 0.4620 -0.6782 0.5715
vn 0.7784 -0.5137 -0.3607
vn 0.1340 -0.7029 -0.6985
vn 0.4577 -0.0085 0.8891
vn 0.8299 0.0000 0.5580
vn 0.5969 0.0000 0.8023
vn -0.0774 0.0000 0.9970
vn -0.2229 0.0096 0.9748
vn 0.1593 -0.0000 0.9872
vn -0.0484 -0.3233 0.9451
vn -0.3659 -0.4515 0.8138
vn -0.1362 -0.7222 0.6782
vn -0.5634 -0.3024 0.7688
vn -0.9188 -0.1213 0.3757
vn 0.1192 -0.1596 0.9800
vn 0.9068 0.1662 0.3874
vn 0.6788 -0.6351 -0.3687
vn 0.2268 -0.9706 0.0804
vn 0.5760 0.4098 0.7073
vn 0.9793 0.0791 0.1861
vn 0.6190 -0.2234 0.7530
vn -0.6368 -0.7636 0.1067
vn -0.8414 -0.2831 0.4603
vn 0.3073 -0.0730 0.9488
vn 0.5727 -0.7573 -0.3139
vn 0.6940 -0.6958 -0.1847
vn 0.9357 -0.1001 0.3383
vn 0.3193 -0.6886 0.6511
vn 0.5692 -0.8160 0.1006
vn 0.8131 -0.3451 0.4689
vn 0.8836 0.0326 -0.4670
vn 0.9969 0.0000 -0.0785
vn 0.9633 0.0000 0.2685
vn -0.0647 0.0000 -0.9979
vn 0.2974 0.0331 -0.9542
vn -0.3960 0.0000 -0.9182
vn -0.5181 -0.3482 -0.7812
vn -0.1586 -0.8041 -0.5729
vn -0.6989 -0.6544 -0.2888
vn 0.1345 -0.7271 -0.6732
vn 0.2250 -0.7617 -0.6077
vn -0.4138 -0.1040 -0.9044
vn -0.9698 -0.0973 -0.2234
vn -0.3735 -0.3113 0.8739
vn 0.0384 -0.7804 0.6241
vn -0.1256 0.1798 -0.9756
vn -0.6815 0.4948 -0.5392
vn -0.7642 -0.1905 -0.6162
vn -0.0513 -0.9848 -0.1658
vn 0.4350 -0.6396 -0.6338
vn -0.3653 0.0911 -0.9264
vn -0.5064 -0.2099 0.8364
vn -0.7162 -0.4118 0.5634
vn -0.9654 -0.1632 -0.2036
vn -0.7560 -0.6048 -0.2505
vn -0.9378 -0.3351 0.0904
vn -0.9643 -0.2286 -0.1335
vn -0.9998 -0.0018 0.0192
vn -0.9941 0.0000 -0.1082
vn -0.9615 0.0000 -0.2748
vn 0.2677 -0.0000 0.9635
vn 0.1007 0.0124 0.9948
vn 0.5326 -0.0000 0.8464
vn 0.2699 -0.3767 0.8862
vn -0.1436 -0.5356 0.8322
vn 0.1093 -0.7391 0.6647
vn -0.3633 -0.3510 0.8630
vn -0.7792 -0.1950 0.5956
vn 0.3769 -0.2578 0.8896
vn 0.9842 0.1677 0.0576
vn 0.5718 -0.6614 -0.4853
vn 0.2429 -0.9692 0.0411
vn 0.7400 0.5195 0.4273
vn 0.9658 0.1707 -0.1949
vn 0.8545 -0.1842 0.4857
vn -0.5181 -0.8018 0.2980
vn -0.5888 -0.3609 0.7233
vn 0.6447 -0.0670 0.7615
vn 0.4220 -0.7269 -0.5419
vn 0.5672 -0.7034 -0.4284
vn 0.9920 -0.1243 -0.0204
vn 0.5947 -0.6614 0.4571
vn 0.6963 -0.7048 -0.1358
vn 0.9346 -0.3300 0.1327
vn 0.7522 0.0182 -0.6587
vn 0.9349 -0.0000 -0.3549
vn 0.9970 -0.0000 -0.0768
vn -0.4527 -0.0000 -0.8917
vn -0.1566 0.0069 -0.9876
vn -0.6581 0.0000 -0.7529
vn -0.7230 -0.2844 -0.6295
vn -0.4434 -0.6046 -0.6617
vn -0.8262 -0.5455 -0.1409
vn -0.0482 -0.7506 -0.6590
vn 0.0475 -0.7458 -0.6644
vn -0.6747 -0.1485 -0.7230
vn -0.9885 -0.1507 0.0101
vn -0.1836 -0.3945 0.9003
vn 0.0914 -0.8034 0.5883
vn -0.5271 0.1451 -0.8373
vn -0.8555 0.4495 -0.2570
vn -0.9229 -0.2231 -0.3138
vn -0.1163 -0.9884 -0.0977
vn 0.0871 -0.7373 -0.6699
vn -0.6908 -0.0843 -0.7181
vn -0.3659 -0.3136 0.8762
vn -0.5758 -0.4096 0.7076
vn -0.9768 -0.1900 0.0983
vn -0.7422 -0.6672 0.0632
vn -0.7686 -0.4667 0.4376
vn -0.9379 -0.3007 0.1731
vn -0.9335 0.0100 0.3586
vn -0.9757 -0.0000 0.2190
vn -0.9999 -0.0000 -0.0103
vn 0.5270 -0.0000 0.8498
vn 0.3714 0.0203 0.9282
vn 0.7644 -0.0000 0.6447
vn 0.5146 -0.3961 0.7604
vn 0.0707 -0.6043 0.7936
vn 0.3114 -0.7685 0.5589
vn -0.0470 -0.4003 0.9152
vn -0.3737 -0.3405 0.8628
vn 0.6282 -0.2406 0.7399
vn 0.9941 -0.0420 -0.0998
vn 0.4287 -0.7162 -0.5507
vn 0.1954 -0.9807 -0.0064
vn 0.8257 0.4474 0.3435
vn 0.9580 0.1136 -0.2634
vn 0.9052 -0.2218 0.3625
vn -0.3827 -0.8003 0.4617
vn -0.3694 -0.3922 0.8424
vn 0.7414 -0.1075 0.6624
vn 0.4044 -0.7529 -0.5193
vn 0.6062 -0.6298 -0.4856
vn 0.9793 -0.1273 -0.1573
vn 0.5131 -0.7911 0.3329
vn 0.4344 -0.8883 -0.1491
vn 0.9246 -0.3736 0.0746
vn 0.4403 0.0545 -0.8962
vn 0.7903 0.0000 -0.6127
vn 0.9637 0.0000 -0.2671
vn -0.6346 0.0000 -0.7729
vn -0.3704 0.0181 -0.9287
vn -0.8323 -0.0000 -0.5543
vn -0.8369 -0.2974 -0.4595
vn -0.5271 -0.7036 -0.4766
vn -0.8416 -0.5391 0.0322
vn -0.1685 -0.7933 -0.5850
vn -0.1146 -0.7991 -0.5902
vn -0.8127 -0.1790 -0.5545
vn -0.9756 -0.1058 0.1922
vn -0.1295 -0.3676 0.9209
vn 0.0681 -0.7946 0.6033
vn -0.6942 0.1358 -0.7069
vn -0.8687 0.4800 -0.1220
vn -0.9700 -0.2058 -0.1293
vn -0.1632 -0.9826 -0.0884
vn -0.1231 -0.7162 -0.6869
vn -0.8217 -0.0622 -0.5665
vn -0.1247 -0.3669 0.9219
vn -0.3588 -0.4470 0.8194
vn -0.9084 -0.2744 0.3155
vn -0.6594 -0.7124 0.2402
vn -0.5533 -0.5748 0.6029
vn -0.8634 -0.3669 0.3463
vn -0.8298 0.0156 0.5579
vn -0.9120 0.0000 0.4103
vn -0.9915 0.0000 0.1298
vn 0.7300 0.0000 0.6834
vn 0.6017 0.0186 0.7985
vn 0.9025 0.0000 0.4308
vn 0.6968 -0.3874 0.6037
vn 0.2907 -0.5902 0.7531
vn 0.4639 -0.7568 0.4604
vn 0.1707 -0.4019 0.8996
vn -0.1743 -0.3297 0.9278
vn 0.7928 -0.2443 0.5584
vn 0.9310 -0.0181 -0.3645
vn 0.2715 -0.7175 -0.6414
vn 0.1798 -0.9827 -0.0439
vn 0.8591 0.5014 0.1028
vn 0.8095 0.1878 -0.5562
vn 0.9753 -0.2009 0.0917
vn -0.3231 -0.8069 0.4945
vn -0.1860 -0.4001 0.8974
vn 0.8681 -0.1303 0.4790
vn 0.2531 -0.7726 -0.5822
vn 0.3879 -0.7022 -0.5971
vn 0.9115 -0.1541 -0.3814
vn 0.6802 -0.6978 0.2245
vn 0.4455 -0.8510 -0.2781
vn 0.9123 -0.3579 -0.1990
vn 0.3346 0.0400 -0.9415
vn 0.6817 -0.0000 -0.7316
vn 0.9012 -0.0000 -0.4334
vn -0.6802 -0.0000 -0.7330
vn -0.3324 0.0404 -0.9423
vn -0.9007 -0.0000 -0.4345
vn -0.9118 -0.3589 -0.1996
vn -0.4430 -0.8524 -0.2776
vn -0.6786 -0.6998 0.2232
vn -0.3873 -0.7019 -0.5978
vn -0.2524 -0.7727 -0.5824
vn -0.9108 -0.1543 -0.3829
vn -0.8688 -0.1301 0.4777
vn 0.1845 -0.4002 0.8977
vn 0.3224 -0.8069 0.4950
vn -0.8086 0.1879 -0.5575
vn -0.8593 0.5013 0.1012
vn -0.9754 -0.2009 0.0902
vn -0.1798 -0.9827 -0.0442
vn -0.2709 -0.7174 -0.6419
vn -0.9304 -0.0181 -0.3661
vn 0.1727 -0.3294 0.9283
vn -0.1723 -0.4016 0.8995
vn -0.7937 -0.2448 0.5569
vn -0.4639 -0.7571 0.4600
vn -0.2914 -0.5904 0.7526
vn -0.6977 -0.3878 0.6024
vn -0.6032 0.0185 0.7974
vn -0.7313 -0.0000 0.6820
vn -0.9035 0.0000 0.4287
vn 0.7306 0.0000 0.6828
vn 0.6025 0.0185 0.7979
vn 0.9028 -0.0000 0.4301
vn 0.6972 -0.3872 0.6033
vn 0.2916 -0.5899 0.7530
vn 0.4650 -0.7564 0.4600
vn 0.1703 -0.4021 0.8996
vn -0.1740 -0.3297 0.9279
vn 0.7929 -0.2446 0.5581
vn 0.9310 -0.0183 -0.3645
vn 0.2717 -0.7174 -0.6415
vn 0.8591 0.5014 0.1027
vn 0.8096 0.1864 -0.5566
vn -0.3231 -0.8069 0.4946
vn -0.1873 -0.4000 0.8972
vn 0.8684 -0.1292 0.4788
vn 0.2514 -0.7726 -0.5830
vn 0.3878 -0.7009 -0.5986
vn 0.9105 -0.1523 -0.3844
vn 0.6771 -0.7012 0.2233
vn 0.4405 -0.8539 -0.2771
vn 0.9113 -0.3599 -0.2002
vn 0.3304 0.0409 -0.9430
vn 0.6788 -0.0000 -0.7344
vn 0.9001 -0.0000 -0.4356
vn -0.6817 -0.0000 -0.7317
vn -0.3345 0.0400 -0.9415
vn -0.9012 -0.0000 -0.4334
vn -0.9123 -0.3579 -0.1990
vn -0.4455 -0.8510 -0.2781
vn -0.6801 -0.6981 0.2239
vn -0.3875 -0.7025 -0.5970
vn -0.2533 -0.7727 -0.5821
vn -0.9113 -0.1551 -0.3814
vn -0.8686 -0.1307 0.4779
vn 0.1840 -0.4002 0.8978
vn 0.3225 -0.8069 0.4949
vn -0.8086 0.1886 -0.5573
vn -0.8593 0.5013 0.1014
vn -0.2707 -0.7174 -0.6419
vn -0.9304 -0.0179 -0.3662
vn 0.1730 -0.3294 0.9282
vn -0.1727 -0.4013 0.8995
vn -0.7936 -0.2444 0.5572
vn -0.4626 -0.7576 0.4605
vn -0.2903 -0.5908 0.7528
vn -0.6971 -0.3881 0.6028
vn -0.6023 0.0187 0.7980
vn -0.7307 0.0000 0.6827
vn -0.9031 -0.0000 0.4295
vn -0.7505 0.0000 0.6609
vn -0.8536 0.0193 0.5206
vn -0.5097 0.0000 0.8603
vn -0.6674 -0.3962 0.6306
vn -0.7788 -0.5949 0.1989
vn -0.5102 -0.7702 0.3827
vn -0.9163 -0.3847 0.1115
vn -0.9138 -0.3094 -0.2631
vn -0.6217 -0.2392 0.7458
vn 0.3007 -0.0021 0.9537
vn 0.6293 -0.7103 0.3154
vn 0.0301 -0.9819 0.1872
vn -0.1605 0.4944 0.8543
vn 0.4971 0.1611 0.8526
vn -0.1656 -0.2043 0.9648
vn -0.4753 -0.7972 -0.3721
vn -0.8845 -0.3711 -0.2829
vn -0.5333 -0.1119 0.8385
vn 0.5801 -0.7675 0.2729
vn 0.5751 -0.7100 0.4065
vn 0.3065 -0.1393 0.9416
vn -0.2736 -0.6814 0.6788
vn 0.2856 -0.8122 0.5087
vn 0.1561 -0.3489 0.9241
vn 0.8864 0.0337 0.4616
vn 0.6537 -0.0000 0.7568
vn 0.3561 0.0000 0.9344
vn 0.7372 -0.0000 -0.6756
vn 0.9338 0.0327 -0.3563
vn 0.4636 -0.0000 -0.8860
vn 0.2658 -0.3473 -0.8993
vn 0.3460 -0.8090 -0.4751
vn -0.1846 -0.6790 -0.7106
vn 0.6179 -0.7137 -0.3300
vn 0.6070 -0.7665 -0.2097
vn 0.4156 -0.1493 -0.8972
vn -0.4179 -0.1216 -0.9003
vn -0.9147 -0.3723 0.1570
vn -0.5155 -0.7961 0.3172
vn 0.6172 0.1790 -0.7661
vn -0.0367 0.5006 -0.8649
vn -0.0224 -0.2018 -0.9792
vn 0.0545 -0.9829 -0.1759
vn 0.6679 -0.7130 -0.2133
vn 0.4386 -0.0057 -0.8987
vn -0.9419 -0.3138 0.1200
vn -0.8878 -0.3870 -0.2490
vn -0.5053 -0.2332 -0.8308
vn -0.4441 -0.7695 -0.4589
vn -0.7395 -0.5940 -0.3166
vn -0.5677 -0.3935 -0.7231
vn -0.7687 0.0197 -0.6394
vn -0.6470 0.0000 -0.7625
vn -0.3826 -0.0000 -0.9239
vn -0.7385 0.0000 0.6743
vn -0.8434 0.0193 0.5369
vn -0.4972 0.0000 0.8677
vn -0.6558 -0.3931 0.6445
vn -0.7776 -0.5893 0.2194
vn -0.5047 -0.7677 0.3949
vn -0.9148 -0.3817 0.1322
vn -0.9175 -0.3131 -0.2453
vn -0.6059 -0.2381 0.7591
vn 0.3171 -0.0061 0.9484
vn 0.6260 -0.7186 0.3029
vn 0.0343 -0.9826 0.1825
vn -0.1478 0.5010 0.8527
vn 0.5155 0.1917 0.8352
vn -0.1388 -0.2003 0.9698
vn -0.4790 -0.8061 -0.3476
vn -0.8875 -0.4011 -0.2271
vn -0.5219 -0.1353 0.8422
vn 0.5576 -0.7778 0.2901
vn 0.5651 -0.7194 0.4039
vn 0.3237 -0.1622 0.9322
vn -0.2643 -0.6817 0.6822
vn 0.2551 -0.8416 0.4760
vn 0.1522 -0.3562 0.9219
vn 0.9020 0.0379 0.4300
vn 0.6696 -0.0000 0.7427
vn 0.3587 -0.0000 0.9335
vn 0.7405 -0.0000 -0.6721
vn 0.9405 0.0379 -0.3376
vn 0.4501 -0.0000 -0.8930
vn 0.2435 -0.3562 -0.9021
vn 0.3013 -0.8417 -0.4480
vn -0.1948 -0.6818 -0.7052
vn 0.6026 -0.7195 -0.3453
vn 0.5839 -0.7777 -0.2328
vn 0.4152 -0.1623 -0.8951
vn -0.4352 -0.1353 -0.8901
vn -0.9058 -0.4009 0.1374
vn -0.5114 -0.8061 0.2978
vn 0.5960 0.1917 -0.7798
vn -0.0609 0.5011 -0.8632
vn -0.0416 -0.2005 -0.9788
vn 0.0513 -0.9831 -0.1758
vn 0.6521 -0.7198 -0.2381
vn 0.4099 -0.0136 -0.9120
vn -0.9384 -0.3165 0.1389
vn -0.8949 -0.3861 -0.2237
vn -0.5207 -0.2404 -0.8192
vn -0.4542 -0.7625 -0.4608
vn -0.7477 -0.5862 -0.3120
vn -0.5794 -0.3897 -0.7159
vn -0.7765 0.0188 -0.6299
vn -0.6571 0.0000 -0.7538
vn -0.3975 -0.0000 -0.9176
vn -0.7427 0.0000 0.6696
vn -0.8480 0.0205 0.5295
vn -0.4958 0.0000 0.8685
vn -0.6577 -0.4017 0.6373
vn -0.7734 -0.6021 0.1984
vn -0.5053 -0.7781 0.3732
vn -0.9139 -0.3799 0.1428
vn -0.9189 -0.3137 -0.2393
vn -0.6064 -0.2349 0.7597
vn 0.3209 -0.0070 0.9471
vn 0.6288 -0.7171 0.3007
vn 0.0350 -0.9827 0.1819
vn -0.1472 0.5000 0.8534
vn 0.5158 0.1909 0.8352
vn -0.1396 -0.2009 0.9696
vn -0.4780 -0.8068 -0.3472
vn -0.8874 -0.4013 -0.2271
vn -0.5218 -0.1352 0.8423
vn 0.5577 -0.7778 0.2899
vn 0.5654 -0.7190 0.4042
vn 0.3239 -0.1620 0.9321
vn -0.2642 -0.6820 0.6820
vn 0.2551 -0.8418 0.4757
vn 0.9025 0.0380 0.4289
vn 0.6702 -0.0000 0.7422
vn 0.3593 -0.0000 0.9332
vn 0.7404 0.0000 -0.6722
vn 0.9404 0.0379 -0.3378
vn 0.4500 -0.0000 -0.8930
vn 0.3015 -0.8415 -0.4483
vn -0.1949 -0.6815 -0.7054
vn 0.6026 -0.7196 -0.3452
vn 0.5836 -0.7780 -0.2328
vn -0.4352 -0.1354 -0.8901
vn -0.9056 -0.4012 0.1373
vn -0.5103 -0.8068 0.2978
vn 0.5967 0.1910 -0.7794
vn -0.0613 0.5000 -0.8639
vn -0.0421 -0.2010 -0.9787
vn 0.0530 -0.9827 -0.1775
vn 0.6556 -0.7171 -0.2364
vn 0.4138 -0.0071 -0.9103
vn -0.9382 -0.3137 0.1464
vn -0.8952 -0.3798 -0.2334
vn -0.5275 -0.2350 -0.8164
vn -0.4655 -0.7781 -0.4218
vn -0.7497 -0.6021 -0.2746
vn -0.5908 -0.4018 -0.6997
vn -0.7909 0.0205 -0.6116
vn -0.6722 0.0000 -0.7404
vn -0.4066 0.0000 -0.9136
vn -0.7443 0.0000 0.6678
vn -0.8537 0.0318 0.5198
vn -0.4781 0.0000 0.8783
vn -0.6344 -0.4483 0.6297
vn -0.7656 -0.6295 0.1329
vn -0.5399 -0.8218 0.1822
vn -0.8781 -0.2932 0.3782
vn -0.9477 -0.2824 -0.1486
vn -0.5214 -0.1859 0.8328
vn 0.4454 0.0368 0.8946
vn 0.6575 -0.7179 0.2288
vn 0.0845 -0.9710 0.2235
vn -0.0266 0.4300 0.9025
vn 0.6162 0.0923 0.7822
vn 0.0151 -0.2207 0.9752
vn -0.5791 -0.7973 -0.1702
vn -0.9252 -0.3774 -0.0396
vn -0.2682 -0.0819 0.9599
vn 0.6859 -0.7273 0.0251
vn 0.6915 -0.6852 0.2290
vn 0.5293 -0.1295 0.8385
vn -0.0508 -0.6499 0.7583
vn 0.5261 -0.6760 0.5160
vn 0.4198 -0.3042 0.8551
vn 0.9628 0.0101 0.2700
vn 0.8107 -0.0000 0.5854
vn 0.6179 -0.0000 0.7862
vn 0.5403 -0.0000 -0.8414
vn 0.7870 0.0239 -0.6165
vn 0.2720 0.0000 -0.9623
vn 0.0931 -0.3341 -0.9379
vn 0.2977 -0.7219 -0.6247
vn -0.2988 -0.6757 -0.6739
vn 0.5581 -0.6974 -0.4496
vn 0.6085 -0.7206 -0.3323
vn 0.2153 -0.1266 -0.9683
vn -0.5890 -0.1088 -0.8008
vn -0.8340 -0.3755 0.4043
vn -0.3438 -0.7969 0.4968
vn 0.5366 0.2846 -0.7944
vn -0.1544 0.6059 -0.7804
vn -0.1697 -0.1456 -0.9747
vn -0.0001 -0.9927 -0.1203
vn 0.6306 -0.7233 -0.2815
vn 0.3076 -0.0314 -0.9510
vn -0.9280 -0.3066 0.2114
vn -0.9034 -0.4204 -0.0846
vn -0.5951 -0.2249 -0.7715
vn -0.4384 -0.6902 -0.5757
vn -0.7710 -0.5183 -0.3701
vn -0.6341 -0.3291 -0.6997
vn -0.7902 0.0101 -0.6128
vn -0.6868 0.0000 -0.7268
vn -0.4711 0.0000 -0.8821
vn -0.4942 -0.0000 0.8694
vn -0.6498 0.0360 0.7592
vn -0.1662 0.0000 0.9861
vn -0.3923 -0.4665 0.7927
vn -0.6925 -0.6327 0.3466
vn -0.4834 -0.8303 0.2774
vn -0.6594 -0.2621 0.7046
vn -0.9357 -0.2786 0.2163
vn -0.1794 -0.1816 0.9669
vn 0.7142 0.0095 0.6999
vn 0.6805 -0.7324 -0.0235
vn 0.1427 -0.9823 0.1215
vn 0.2546 0.4753 0.8422
vn 0.8341 0.2343 0.4994
vn 0.3609 -0.1904 0.9130
vn -0.5765 -0.8166 0.0281
vn -0.8211 -0.4499 0.3512
vn -0.0339 -0.1645 0.9858
vn 0.5835 -0.8114 0.0329
vn 0.6629 -0.7433 0.0900
vn 0.7303 -0.2268 0.6444
vn 0.0931 -0.7028 0.7053
vn 0.3246 -0.9105 0.2561
vn 0.5578 -0.3691 0.7434
vn 0.9876 0.0484 -0.1491
vn 0.9595 0.0000 0.2818
vn 0.7595 0.0000 0.6505
vn 0.2418 -0.0000 -0.9703
vn 0.5889 0.0502 -0.8067
vn -0.1737 -0.0000 -0.9848
vn -0.2832 -0.3847 -0.8785
vn -0.0298 -0.9111 -0.4111
vn -0.5423 -0.6789 -0.4949
vn 0.2908 -0.7686 -0.5698
vn 0.2596 -0.7991 -0.5423
vn -0.1203 -0.2128 -0.9697
vn -0.8252 -0.2236 -0.5187
vn -0.7233 -0.4714 0.5046
vn -0.2530 -0.8113 0.5271
vn 0.1798 0.3068 -0.9346
vn -0.4657 0.5275 -0.7105
vn -0.4771 -0.1677 -0.8627
vn -0.0026 -0.9829 -0.1840
vn 0.4507 -0.7211 -0.5261
vn -0.1010 -0.0279 -0.9945
vn -0.7758 -0.3425 0.5299
vn -0.8552 -0.4406 0.2729
vn -0.8230 -0.2323 -0.5184
vn -0.6084 -0.6488 -0.4570
vn -0.8650 -0.4823 -0.1380
vn -0.8331 -0.3025 -0.4630
vn -0.9404 0.0065 -0.3400
vn -0.8818 0.0000 -0.4716
vn -0.7394 0.0000 -0.6733
vn -0.7996 0.0000 0.6006
vn -0.8847 0.0117 0.4660
vn -0.6116 -0.0000 0.7912
vn -0.7337 -0.3437 0.5862
vn -0.8252 -0.5183 0.2244
vn -0.5474 -0.7145 0.4357
vn -0.9213 -0.3878 -0.0299
vn -0.8745 -0.2813 -0.3952
vn -0.7005 -0.2254 0.6771
vn 0.2025 0.0238 0.9790
vn 0.6030 -0.7094 0.3650
vn 0.0283 -0.9806 0.1940
vn -0.2638 0.4819 0.8356
vn 0.4096 0.2062 0.8886
vn -0.2509 -0.2072 0.9456
vn -0.4347 -0.8314 -0.3461
vn -0.8514 -0.4589 -0.2542
vn -0.6033 -0.1659 0.7800
vn 0.4979 -0.7878 0.3626
vn 0.5169 -0.7094 0.4790
vn 0.2163 -0.1878 0.9581
vn -0.3184 -0.7025 0.6365
vn 0.1834 -0.8688 0.4599
vn 0.0398 -0.3623 0.9312
vn 0.8729 0.0429 0.4859
vn 0.6062 -0.0000 0.7953
vn 0.2621 -0.0000 0.9650
vn 0.8254 0.0000 -0.5646
vn 0.9815 0.0438 -0.1865
vn 0.5502 -0.0000 -0.8350
vn 0.3274 -0.3653 -0.8714
vn 0.3146 -0.8726 -0.3737
vn -0.1002 -0.7087 -0.6983
vn 0.6408 -0.7104 -0.2912
vn 0.5870 -0.7873 -0.1887
vn 0.5056 -0.1930 -0.8409
vn -0.3265 -0.1627 -0.9311
vn -0.8878 -0.4592 -0.0305
vn -0.5130 -0.8340 0.2030
vn 0.6846 0.2342 -0.6903
vn 0.0272 0.5048 -0.8628
vn 0.0738 -0.1956 -0.9779
vn 0.0822 -0.9836 -0.1608
vn 0.6917 -0.7094 -0.1356
vn 0.5226 0.0213 -0.8523
vn -0.9574 -0.2819 0.0627
vn -0.8718 -0.3780 -0.3117
vn -0.4316 -0.2255 -0.8734
vn -0.3993 -0.7377 -0.5444
vn -0.7097 -0.5425 -0.4495
vn -0.4986 -0.3646 -0.7864
vn -0.6974 0.0157 -0.7165
vn -0.5697 0.0000 -0.8219
vn -0.3206 0.0000 -0.9472
vn -0.7997 0.0000 0.6003
vn -0.8943 0.0227 0.4469
vn -0.5636 0.0000 0.8260
vn -0.7036 -0.4148 0.5770
vn -0.7759 -0.6209 0.1121
vn -0.5330 -0.7856 0.3142
vn -0.9195 -0.3879 0.0635
vn -0.8894 -0.3351 -0.3109
vn -0.6708 -0.2477 0.6991
vn 0.2275 -0.0191 0.9736
vn 0.5814 -0.7246 0.3700
vn 0.0116 -0.9826 0.1856
vn -0.2136 0.5103 0.8330
vn 0.4409 0.1890 0.8774
vn -0.2193 -0.1969 0.9556
vn -0.4497 -0.7961 -0.4049
vn -0.8651 -0.3824 -0.3247
vn -0.5943 -0.1293 0.7937
vn 0.5423 -0.7715 0.3327
vn 0.5277 -0.7232 0.4456
vn 0.2401 -0.1517 0.9588
vn -0.3354 -0.6506 0.6813
vn 0.2282 -0.8125 0.5364
vn 0.0833 -0.3407 0.9365
vn 0.8524 0.0316 0.5219
vn 0.5940 -0.0000 0.8045
vn 0.2809 -0.0000 0.9597
vn 0.8083 0.0000 -0.5888
vn 0.9726 0.0424 -0.2284
vn 0.5375 0.0000 -0.8433
vn 0.3161 -0.3680 -0.8744
vn 0.3302 -0.8570 -0.3957
vn -0.1320 -0.7091 -0.6927
vn 0.6397 -0.7096 -0.2954
vn 0.6129 -0.7709 -0.1734
vn 0.5024 -0.1532 -0.8510
vn -0.3567 -0.1229 -0.9261
vn -0.9204 -0.3833 0.0773
vn -0.5442 -0.7924 0.2753
vn 0.6722 0.1997 -0.7130
vn 0.0259 0.5019 -0.8645
vn 0.0643 -0.1893 -0.9798
vn 0.0690 -0.9792 -0.1906
vn 0.6532 -0.7296 -0.2025
vn 0.4814 -0.0358 -0.8758
vn -0.9377 -0.3469 -0.0182
vn -0.8484 -0.3919 -0.3559
vn -0.4177 -0.2204 -0.8814
vn -0.3968 -0.7672 -0.5040
vn -0.6996 -0.6004 -0.3874
vn -0.4950 -0.3890 -0.7769
vn -0.6948 0.0201 -0.7189
vn -0.5650 0.0000 -0.8251
vn -0.2839 0.0000 -0.9588
vn -0.7922 -0.0000 0.6103
vn -0.8819 0.0156 0.4711
vn -0.5865 0.0000 0.8100
vn -0.7177 -0.3692 0.5905
vn -0.8128 -0.5491 0.1944
vn -0.5458 -0.7481 0.3774
vn -0.9284 -0.3690 0.0431
vn -0.8931 -0.2671 -0.3620
vn -0.6718 -0.2207 0.7071
vn 0.2626 0.0381 0.9641
vn 0.6312 -0.7023 0.3291
vn 0.0301 -0.9821 0.1859
vn -0.2103 0.5012 0.8394
vn 0.4667 0.2055 0.8602
vn -0.2081 -0.1981 0.9578
vn -0.4439 -0.8184 -0.3650
vn -0.8681 -0.4187 -0.2664
vn -0.5864 -0.1434 0.7972
vn 0.5075 -0.7931 0.3367
vn 0.5281 -0.7251 0.4419
vn 0.2493 -0.1734 0.9528
vn -0.3177 -0.6875 0.6530
vn 0.1974 -0.8694 0.4529
vn 0.0844 -0.3621 0.9283
vn 0.8779 0.0423 0.4770
vn 0.6230 0.0000 0.7823
vn 0.2808 -0.0000 0.9598
vn 0.7811 0.0000 -0.6244
vn 0.9636 0.0453 -0.2636
vn 0.4801 0.0000 -0.8772
vn 0.2707 -0.3703 -0.8886
vn 0.2773 -0.8822 -0.3804
vn -0.1619 -0.7106 -0.6847
vn 0.6127 -0.7220 -0.3214
vn 0.5638 -0.7925 -0.2325
vn 0.4461 -0.1879 -0.8750
vn -0.3858 -0.1592 -0.9087
vn -0.9054 -0.4221 0.0451
vn -0.5225 -0.8150 0.2505
vn 0.6451 0.2005 -0.7373
vn -0.0102 0.4814 -0.8764
vn 0.0218 -0.2087 -0.9777
vn 0.0744 -0.9818 -0.1748
vn 0.6842 -0.7087 -0.1720
vn 0.4778 0.0192 -0.8783
vn -0.9540 -0.2774 0.1141
vn -0.8873 -0.3694 -0.2762
vn -0.4779 -0.2197 -0.8505
vn -0.4382 -0.7496 -0.4961
vn -0.7392 -0.5523 -0.3853
vn -0.5500 -0.3713 -0.7481
vn -0.7421 0.0164 -0.6701
vn -0.6209 -0.0000 -0.7839
vn -0.3727 -0.0000 -0.9279
vn -0.8150 0.0000 0.5795
vn -0.9073 0.0260 0.4196
vn -0.5714 0.0000 0.8206
vn -0.7132 -0.4380 0.5472
vn -0.7759 -0.6291 0.0462
vn -0.5469 -0.8136 0.1971
vn -0.9302 -0.3387 0.1417
vn -0.9049 -0.2920 -0.3096
vn -0.6549 -0.2278 0.7205
vn 0.2796 0.0094 0.9601
vn 0.6119 -0.7169 0.3341
vn 0.0285 -0.9815 0.1896
vn -0.1874 0.4894 0.8517
vn 0.4731 0.1875 0.8608
vn -0.1815 -0.2052 0.9617
vn -0.4701 -0.8061 -0.3595
vn -0.8790 -0.4046 -0.2522
vn -0.5570 -0.1434 0.8181
vn 0.5306 -0.7839 0.3223
vn 0.5385 -0.7292 0.4222
vn 0.2718 -0.1726 0.9468
vn -0.2982 -0.6762 0.6737
vn 0.2267 -0.8431 0.4876
vn 0.1066 -0.3562 0.9283
vn 0.8717 0.0377 0.4886
vn 0.6227 -0.0000 0.7824
vn 0.2990 -0.0000 0.9543
vn 0.7540 -0.0000 -0.6569
vn 0.9445 0.0383 -0.3264
vn 0.4664 0.0000 -0.8846
vn 0.2777 -0.3579 -0.8915
vn 0.3119 -0.8442 -0.4359
vn -0.1710 -0.6748 -0.7179
vn 0.6061 -0.7306 -0.3145
vn 0.5819 -0.7833 -0.2186
vn 0.4432 -0.1679 -0.8805
vn -0.4031 -0.1389 -0.9046
vn -0.9089 -0.4051 0.0986
vn -0.5169 -0.8087 0.2809
vn 0.6341 0.2050 -0.7456
vn -0.0285 0.5085 -0.8606
vn 0.0019 -0.1956 -0.9807
vn 0.0571 -0.9841 -0.1681
vn 0.6659 -0.7195 -0.1973
vn 0.4584 0.0023 -0.8887
vn -0.9472 -0.2957 0.1239
vn -0.8872 -0.3552 -0.2944
vn -0.5017 -0.2155 -0.8378
vn -0.4715 -0.7996 -0.3719
vn -0.7509 -0.6123 -0.2475
vn -0.5910 -0.4129 -0.6930
vn -0.7893 0.0223 -0.6136
vn -0.6698 0.0000 -0.7425
vn -0.3929 -0.0000 -0.9196
vn -0.8609 0.0000 0.5088
vn -0.9359 0.0195 0.3516
vn -0.6657 0.0000 0.7462
vn -0.7722 -0.3957 0.4971
vn -0.8094 -0.5846 0.0559
vn -0.5832 -0.7673 0.2666
vn -0.9280 -0.3700 -0.0429
vn -0.8526 -0.3029 -0.4259
vn -0.7463 -0.2372 0.6220
vn 0.1160 -0.0086 0.9932
vn 0.5403 -0.7259 0.4256
vn -0.0006 -0.9820 0.1888
vn -0.3162 0.4892 0.8128
vn 0.3324 0.2036 0.9209
vn -0.3205 -0.2049 0.9248
vn -0.4199 -0.8119 -0.4057
vn -0.8371 -0.4248 -0.3446
vn -0.6748 -0.1549 0.7216
vn 0.4534 -0.7914 0.4101
vn 0.4648 -0.7190 0.5167
vn 0.1157 -0.1947 0.9740
vn -0.3792 -0.7240 0.5762
vn 0.1277 -0.8865 0.4448
vn -0.0609 -0.3749 0.9251
vn 0.8163 0.0467 0.5757
vn 0.5192 0.0000 0.8547
vn 0.1479 0.0000 0.9890
vn 0.8435 -0.0000 -0.5372
vn 0.9828 0.0380 -0.1808
vn 0.5884 -0.0000 -0.8086
vn 0.4130 -0.3532 -0.8394
vn 0.3645 -0.8488 -0.3830
vn -0.0631 -0.6584 -0.7500
vn 0.6403 -0.7354 -0.2217
vn 0.5967 -0.7894 -0.1440
vn 0.5645 -0.1730 -0.8071
vn -0.2679 -0.1538 -0.9511
vn -0.9043 -0.4235 -0.0535
vn -0.5482 -0.8138 0.1930
vn 0.7378 0.2215 -0.6377
vn 0.0960 0.5176 -0.8502
vn 0.1531 -0.1905 -0.9697
vn 0.0792 -0.9846 -0.1556
vn 0.6789 -0.7266 -0.1056
vn 0.5740 -0.0040 -0.8188
vn -0.9530 -0.3024 -0.0166
vn -0.8428 -0.3820 -0.3790
vn -0.3683 -0.2230 -0.9026
vn -0.3568 -0.7503 -0.5565
vn -0.6797 -0.5646 -0.4683
vn -0.4489 -0.3731 -0.8120
vn -0.6470 0.0166 -0.7623
vn -0.5117 0.0000 -0.8592
vn -0.2403 0.0000 -0.9707
vn -0.8446 0.0000 0.5353
vn -0.9215 0.0159 0.3881
vn -0.6586 0.0000 0.7525
vn -0.7669 -0.3691 0.5250
vn -0.8255 -0.5508 0.1231
vn -0.5785 -0.7437 0.3350
vn -0.9258 -0.3752 -0.0471
vn -0.8529 -0.2870 -0.4361
vn -0.7366 -0.2256 0.6376
vn 0.1512 0.0157 0.9884
vn 0.5657 -0.7204 0.4012
vn 0.0053 -0.9816 0.1908
vn -0.2887 0.4963 0.8188
vn 0.3738 0.2024 0.9051
vn -0.2887 -0.2014 0.9360
vn -0.4210 -0.8073 -0.4135
vn -0.8428 -0.4124 -0.3458
vn -0.6469 -0.1556 0.7465
vn 0.4657 -0.7917 0.3954
vn 0.4621 -0.7663 0.4463
vn 0.1349 -0.1897 0.9725
vn -0.3910 -0.6345 0.6668
vn 0.1632 -0.8123 0.5599
vn -0.0054 -0.3494 0.9370
vn 0.7300 0.0337 0.6826
vn 0.4534 0.0000 0.8913
vn 0.1209 0.0000 0.9927
vn 0.7706 0.0000 -0.6373
vn 0.9393 0.0310 -0.3417
vn 0.5127 0.0000 -0.8586
vn 0.3843 -0.3414 -0.8578
vn 0.3892 -0.7966 -0.4626
vn -0.0843 -0.6135 -0.7852
vn 0.5984 -0.7723 -0.2133
vn 0.5858 -0.7928 -0.1680
vn 0.5178 -0.1905 -0.8340
vn -0.2865 -0.1532 -0.9458
vn -0.9094 -0.4149 -0.0293
vn -0.5481 -0.8111 0.2039
vn 0.7114 0.2114 -0.6702
vn 0.0717 0.5044 -0.8605
vn 0.1154 -0.1970 -0.9736
vn 0.0751 -0.9844 -0.1589
vn 0.6789 -0.7234 -0.1257
vn 0.5448 -0.0069 -0.8385
vn -0.9567 -0.2912 0.0019
vn -0.8557 -0.3806 -0.3506
vn -0.3886 -0.2281 -0.8927
vn -0.3658 -0.7353 -0.5706
vn -0.6859 -0.5452 -0.4821
vn -0.4593 -0.3636 -0.8105
vn -0.6555 0.0150 -0.7550
vn -0.5228 -0.0000 -0.8524
vn -0.2639 -0.0000 -0.9646
vn -0.8070 0.0000 0.5906
vn -0.8926 0.0137 0.4505
vn -0.6118 0.0000 0.7910
vn -0.7343 -0.3582 0.5766
vn -0.8176 -0.5423 0.1935
vn -0.5492 -0.7254 0.4148
vn -0.9172 -0.3965 -0.0383
vn -0.8738 -0.2976 -0.3847
vn -0.7074 -0.2376 0.6657
vn 0.1769 0.0066 0.9842
vn 0.5944 -0.7057 0.3856
vn 0.0165 -0.9807 0.1950
vn -0.2762 0.4776 0.8340
vn 0.3817 0.1860 0.9054
vn -0.2849 -0.2115 0.9349
vn -0.4304 -0.8121 -0.3939
vn -0.8514 -0.4125 -0.3242
vn -0.6375 -0.1562 0.7544
vn 0.4618 -0.7982 0.3868
vn 0.4680 -0.7653 0.4419
vn 0.1465 -0.1916 0.9705
vn -0.3853 -0.6355 0.6690
vn 0.1649 -0.8242 0.5418
vn 0.0082 -0.3495 0.9369
vn 0.7530 0.0342 0.6571
vn 0.4766 0.0000 0.8791
vn 0.1382 0.0000 0.9904
vn 0.7744 0.0000 -0.6328
vn 0.9460 0.0376 -0.3219
vn 0.4973 -0.0000 -0.8676
vn 0.3551 -0.3584 -0.8634
vn 0.3451 -0.8379 -0.4229
vn -0.1100 -0.6506 -0.7514
vn 0.6019 -0.7623 -0.2379
vn 0.5758 -0.7957 -0.1880
vn 0.5033 -0.1850 -0.8441
vn -0.3178 -0.1510 -0.9361
vn -0.9116 -0.4110 0.0018
vn -0.5324 -0.8132 0.2351
vn 0.7129 0.2156 -0.6673
vn 0.0645 0.5085 -0.8586
vn 0.1002 -0.1963 -0.9754
vn 0.0822 -0.9831 -0.1638
vn 0.7004 -0.7046 -0.1139
vn 0.5511 0.0176 -0.8342
vn -0.9546 -0.2968 0.0261
vn -0.8584 -0.3941 -0.3283
vn -0.4017 -0.2300 -0.8864
vn -0.3603 -0.7357 -0.5735
vn -0.6860 -0.5505 -0.4758
vn -0.4652 -0.3640 -0.8069
vn -0.6662 0.0157 -0.7456
vn -0.5340 0.0000 -0.8455
vn -0.2769 -0.0000 -0.9609
vn 0.7083 0.0000 0.7059
vn 0.9677 -0.0664 0.2434
vn 0.2617 -0.0000 0.9652
vn 0.2586 0.9660 0.0000
vn 0.9414 0.2961 -0.1613
vn 0.3236 0.9011 -0.2886
vn 0.5252 0.7124 0.4655
vn 0.9659 0.2589 0.0000
vn 0.2790 0.9457 0.1666
vn 0.2590 -0.0000 -0.9659
vn 0.9630 -0.0644 -0.2617
vn 0.6730 -0.1726 -0.7192
vn 0.4471 0.4420 -0.7777
vn 0.8892 0.4141 -0.1946
vn 0.5729 0.0226 -0.8193
vn 0.2921 -0.7640 -0.5752
vn 0.5636 -0.7921 -0.2341
vn 0.9221 0.3647 -0.1297
vn -0.2100 -0.9684 0.1343
vn -0.5210 -0.8404 -0.1494
vn -0.7640 -0.3862 -0.5169
vn -0.4533 -0.5594 -0.6940
vn -0.0688 -0.8396 -0.5389
vn -0.3705 -0.3705 -0.8517
vn -0.9310 -0.2538 0.2625
vn -1.0000 -0.0000 0.0000
vn -0.8518 0.5239 0.0000
vn -0.7060 -0.0000 -0.7082
vn -0.5015 0.0273 -0.8647
vn -0.8925 -0.0000 -0.4511
vn -0.7944 -0.4176 -0.4410
vn -0.3617 -0.7242 -0.5871
vn -0.5140 -0.8441 -0.1527
vn -0.3085 -0.5149 -0.7998
vn 0.0007 -0.5178 -0.8555
vn -0.8817 -0.1635 -0.4426
vn -0.9253 -0.0279 0.3781
vn 0.0002 -0.5183 0.8552
vn 0.0758 -0.9386 0.3367
vn -0.8552 0.3664 -0.3667
vn -0.8551 0.3667 0.3665
vn -0.9743 -0.2251 -0.0000
vn 0.0758 -0.9386 -0.3366
vn -0.0002 -0.5185 -0.8551
vn -0.9253 -0.0288 -0.3781
vn -0.0007 -0.5191 0.8547
vn -0.3072 -0.5169 0.7990
vn -0.8820 -0.1644 0.4417
vn -0.5177 -0.8421 0.1513
vn -0.3651 -0.7230 0.5865
vn -0.7957 -0.4165 0.4398
vn -0.5049 0.0271 0.8628
vn -0.7083 0.0000 0.7060
vn -0.8936 0.0000 0.4488
vn 0.5049 0.0270 0.8628
vn 0.8936 0.0000 0.4488
vn 0.7957 -0.4164 0.4397
vn 0.3651 -0.7230 0.5865
vn 0.5177 -0.8421 0.1513
vn 0.3071 -0.5170 0.7990
vn 0.0007 -0.5191 0.8547
vn 0.8820 -0.1644 0.4417
vn 0.9253 -0.0288 -0.3781
vn 0.0002 -0.5185 -0.8551
vn -0.0758 -0.9386 -0.3366
vn 0.8551 0.3667 0.3665
vn 0.8552 0.3664 -0.3667
vn 0.9743 -0.2251 -0.0000
vn -0.0758 -0.9386 0.3367
vn -0.0002 -0.5183 0.8552
vn 0.9253 -0.0279 0.3781
vn -0.0008 -0.5178 -0.8555
vn 0.3085 -0.5149 -0.7998
vn 0.8817 -0.1635 -0.4426
vn 0.5140 -0.8441 -0.1527
vn 0.3617 -0.7242 -0.5871
vn 0.7944 -0.4177 -0.4410
vn 0.5015 0.0273 -0.8647
vn 0.7060 -0.0000 -0.7082
vn 0.8925 -0.0000 -0.4511
vn -0.7059 0.0000 -0.7083
vn -0.5014 0.0273 -0.8648
vn -0.8924 -0.0000 -0.4512
vn -0.7944 -0.4177 -0.4410
vn -0.3616 -0.7243 -0.5870
vn -0.5137 -0.8442 -0.1528
vn 0.0008 -0.5178 -0.8555
vn 0.0001 -0.5183 0.8552
vn -0.8552 0.3664 -0.3666
vn -0.3071 -0.5170 0.7990
vn -0.8820 -0.1645 0.4417
vn -0.5178 -0.8420 0.1512
vn -0.3652 -0.7229 0.5865
vn -0.7957 -0.4164 0.4398
vn -0.5049 0.0270 0.8628
vn -0.7083 0.0000 0.7059
vn 0.5050 0.0270 0.8627
vn 0.7957 -0.4165 0.4398
vn 0.3653 -0.7229 0.5865
vn 0.5179 -0.8420 0.1512
vn 0.8820 -0.1644 0.4416
vn 0.8552 0.3664 -0.3666
vn 0.3086 -0.5149 -0.7998
vn 0.5139 -0.8442 -0.1528
vn 0.3617 -0.7243 -0.5870
vn 0.5014 0.0273 -0.8648
vn 0.7059 -0.0000 -0.7083
vn 0.8924 0.0000 -0.4512
vn -0.5138 -0.8442 -0.1527
vn -0.3086 -0.5149 -0.7998
vn -0.9253 -0.0279 0.3782
vn -0.8551 0.3667 0.3666
vn -0.0001 -0.5185 -0.8551
vn -0.0008 -0.5191 0.8547
vn -0.8820 -0.1644 0.4416
vn -0.5179 -0.8420 0.1512
vn -0.3653 -0.7229 0.5865
vn -0.5050 0.0271 0.8627
vn 0.5050 0.0271 0.8627
vn 0.3652 -0.7229 0.5865
vn 0.0008 -0.5191 0.8547
vn 0.9253 -0.0288 -0.3782
vn 0.0001 -0.5185 -0.8551
vn -0.0759 -0.9386 -0.3366
vn -0.0007 -0.5178 -0.8555
vn 0.3086 -0.5148 -0.7998
vn 0.5137 -0.8442 -0.1528
vn 0.3615 -0.7243 -0.5871
vn -0.3086 -0.5148 -0.7998
vn -0.0001 -0.5185 -0.8550
vn -0.0008 -0.5190 0.8547
vn -0.5050 0.0270 0.8627
vn 0.7957 -0.4164 0.4398
vn 0.5178 -0.8420 0.1512
vn 0.0007 -0.7075 0.7067
vn 0.0002 -0.7071 -0.7071
vn 0.4174 -0.9040 -0.0928
vn 0.4174 -0.9040 0.0930
vn 0.5138 -0.8442 -0.1528
vn 0.3616 -0.7243 -0.5871
vn -0.8552 0.3665 -0.3666
vn -0.7957 -0.4164 0.4397
vn 0.5049 0.0271 0.8628
vn 0.9253 -0.0279 0.3782
vn 0.5137 -0.8443 -0.1527
vn 0.3615 -0.7244 -0.5870
vn -0.3617 -0.7243 -0.5870
vn -0.5138 -0.8442 -0.1528
vn 0.7958 -0.4164 0.4397
vn 0.3616 -0.7243 -0.5870
vn -0.3616 -0.7243 -0.5871
vn -0.5139 -0.8442 -0.1527
vn 0.3086 -0.5148 -0.7999
vn 0.5138 -0.8442 -0.1527
vn -0.8551 0.3668 0.3665
vn 0.8820 -0.1645 0.4417
vn -0.5139 -0.8441 -0.1527
vn 0.0007 -0.5177 -0.8555
vn 0.0759 -0.9386 0.3366
vn -0.3615 -0.7243 -0.5871
vn -0.3084 -0.5149 -0.7999
vn 0.0009 -0.5178 -0.8555
vn -0.8817 -0.1636 -0.4426
vn -0.9253 -0.0278 0.3781
vn 0.0000 -0.5183 0.8552
vn 0.0756 -0.9386 0.3366
vn -0.8550 0.3662 0.3671
vn 0.0759 -0.9386 -0.3366
vn 0.0007 -0.5186 -0.8550
vn -0.9253 -0.0281 -0.3781
vn 0.0005 -0.5190 0.8548
vn -0.3076 -0.5160 0.7995
vn -0.8815 -0.1632 0.4432
vn -0.5147 -0.8437 0.1522
vn -0.3618 -0.7245 0.5866
vn -0.7944 -0.4176 0.4410
vn -0.5021 0.0275 0.8644
vn -0.7062 0.0000 0.7080
vn -0.8926 -0.0000 0.4508
vn 0.7090 0.0000 0.7052
vn 0.5059 0.0269 0.8622
vn 0.8940 -0.0000 0.4482
vn 0.7961 -0.4161 0.4394
vn 0.3663 -0.7224 0.5865
vn 0.5189 -0.8414 0.1508
vn 0.3070 -0.5173 0.7989
vn 0.0012 -0.5190 0.8547
vn 0.8822 -0.1648 0.4411
vn 0.9253 -0.0290 -0.3781
vn 0.0004 -0.5185 -0.8551
vn 0.8551 0.3669 0.3663
vn -0.0001 -0.5183 0.8552
vn 0.8298 0.0000 -0.5580
vn 0.4309 0.3357 -0.8376
vn 0.5970 0.0000 -0.8023
vn 0.1339 -0.7029 0.6985
vn 0.3383 -0.3760 0.8626
vn 0.9794 -0.1989 -0.0355
vn 0.0050 -0.7106 -0.7036
vn 0.0978 -0.6952 -0.7121
vn 0.6537 -0.2171 -0.7250
vn 0.7052 -0.6926 -0.1514
vn 0.3261 -0.7943 -0.5125
vn 0.6876 -0.2610 -0.6775
vn -0.1226 0.0417 -0.9916
vn -0.3960 0.0949 -0.9133
vn 0.6020 -0.1516 -0.7840
vn 0.7643 -0.5189 -0.3828
vn 0.9103 0.0196 -0.4135
vn 0.9421 -0.1315 -0.3086
vn 0.8703 0.0507 -0.4899
vn 0.8362 0.3193 -0.4458
vn 0.7685 -0.0849 -0.6343
vn 0.9320 -0.3289 0.1524
vn 0.9564 0.0573 0.2863
vn 0.9975 -0.0057 0.0703
vn 0.9818 0.1650 -0.0935
vn 0.9965 -0.0000 0.0835
vn 0.9954 -0.0000 0.0957
vn -0.5117 0.0000 0.8592
vn -0.6470 0.0166 0.7623
vn -0.2403 0.0000 0.9707
vn -0.4489 -0.3731 0.8120
vn -0.6797 -0.5645 0.4683
vn -0.3568 -0.7503 0.5566
vn -0.8429 -0.3820 0.3790
vn -0.9530 -0.3024 0.0166
vn -0.3683 -0.2230 0.9026
vn 0.5740 -0.0039 0.8189
vn 0.6789 -0.7265 0.1057
vn 0.0793 -0.9846 0.1557
vn 0.0961 0.5176 0.8502
vn 0.7377 0.2216 0.6377
vn 0.1531 -0.1905 0.9697
vn -0.5483 -0.8137 -0.1931
vn -0.9043 -0.4235 0.0535
vn -0.2679 -0.1539 0.9511
vn 0.5967 -0.7894 0.1439
vn 0.6403 -0.7354 0.2216
vn 0.5645 -0.1731 0.8071
vn -0.0631 -0.6584 0.7501
vn 0.3645 -0.8487 0.3831
vn 0.4130 -0.3532 0.8394
vn 0.9828 0.0380 0.1808
vn 0.8435 -0.0000 0.5372
vn 0.5883 -0.0001 0.8086
vn 0.5192 0.0000 -0.8547
vn 0.8163 0.0467 -0.5757
vn 0.1479 0.0000 -0.9890
vn -0.0609 -0.3749 -0.9251
vn 0.1277 -0.8865 -0.4448
vn -0.3793 -0.7239 -0.5763
vn 0.4648 -0.7190 -0.5167
vn 0.4534 -0.7914 -0.4100
vn 0.1156 -0.1947 -0.9740
vn -0.6748 -0.1550 -0.7216
vn -0.8371 -0.4248 0.3448
vn -0.4198 -0.8118 0.4058
vn 0.3324 0.2036 -0.9209
vn -0.3162 0.4891 -0.8129
vn -0.3205 -0.2049 -0.9248
vn -0.0006 -0.9820 -0.1888
vn 0.5403 -0.7259 -0.4255
vn 0.1160 -0.0086 -0.9932
vn -0.8526 -0.3028 0.4260
vn -0.9281 -0.3699 0.0430
vn -0.7463 -0.2372 -0.6219
vn -0.5832 -0.7673 -0.2665
vn -0.8094 -0.5847 -0.0558
vn -0.7722 -0.3957 -0.4971
vn -0.9360 0.0195 -0.3516
vn -0.8609 0.0000 -0.5087
vn -0.6657 -0.0000 -0.7462
vn -0.5229 -0.0000 0.8524
vn -0.6556 0.0150 0.7550
vn -0.2639 -0.0001 0.9646
vn -0.4593 -0.3636 0.8104
vn -0.6859 -0.5453 0.4819
vn -0.3658 -0.7353 0.5705
vn -0.8557 -0.3806 0.3506
vn -0.9566 -0.2913 -0.0020
vn -0.3886 -0.2281 0.8927
vn 0.5448 -0.0069 0.8385
vn 0.6790 -0.7233 0.1256
vn 0.0751 -0.9845 0.1588
vn 0.0717 0.5044 0.8605
vn 0.7115 0.2115 0.6702
vn 0.1155 -0.1970 0.9736
vn -0.5481 -0.8112 -0.2039
vn -0.9094 -0.4149 0.0294
vn -0.2864 -0.1532 0.9458
vn 0.5857 -0.7929 0.1681
vn 0.5983 -0.7723 0.2134
vn 0.5179 -0.1904 0.8340
vn -0.0843 -0.6136 0.7851
vn 0.3891 -0.7966 0.4625
vn 0.3843 -0.3413 0.8578
vn 0.9393 0.0310 0.3418
vn 0.7706 0.0000 0.6373
vn 0.5127 0.0000 0.8586
vn 0.4533 0.0000 -0.8914
vn 0.7299 0.0337 -0.6827
vn 0.1209 0.0000 -0.9927
vn -0.0053 -0.3495 -0.9369
vn 0.1634 -0.8120 -0.5603
vn -0.3911 -0.6341 -0.6670
vn 0.4621 -0.7664 -0.4462
vn 0.4657 -0.7917 -0.3954
vn 0.1349 -0.1897 -0.9725
vn -0.6469 -0.1556 -0.7465
vn -0.8428 -0.4124 0.3459
vn -0.4210 -0.8073 0.4137
vn 0.3739 0.2024 -0.9051
vn -0.2887 0.4963 -0.8187
vn -0.2886 -0.2014 -0.9360
vn 0.0053 -0.9816 -0.1908
vn 0.5657 -0.7204 -0.4011
vn 0.1512 0.0157 -0.9884
vn -0.8529 -0.2870 0.4360
vn -0.9258 -0.3751 0.0471
vn -0.7366 -0.2256 -0.6376
vn -0.5785 -0.7437 -0.3350
vn -0.8255 -0.5508 -0.1230
vn -0.7669 -0.3691 -0.5251
vn -0.9215 0.0159 -0.3881
vn -0.8446 0.0000 -0.5354
vn -0.6586 -0.0000 -0.7525
vn -0.5340 0.0000 0.8455
vn -0.6662 0.0157 0.7456
vn -0.2769 -0.0000 0.9609
vn -0.4652 -0.3641 0.8069
vn -0.6860 -0.5505 0.4757
vn -0.3604 -0.7357 0.5735
vn -0.8584 -0.3941 0.3284
vn -0.9546 -0.2967 -0.0261
vn -0.4016 -0.2299 0.8865
vn 0.5512 0.0177 0.8342
vn 0.7004 -0.7046 0.1139
vn 0.0822 -0.9831 0.1638
vn 0.0645 0.5086 0.8586
vn 0.7129 0.2156 0.6673
vn 0.1002 -0.1962 0.9754
vn -0.5323 -0.8133 -0.2350
vn -0.9116 -0.4110 -0.0017
vn -0.3178 -0.1509 0.9361
vn 0.5758 -0.7957 0.1881
vn 0.6019 -0.7623 0.2380
vn 0.5033 -0.1850 0.8441
vn -0.1100 -0.6507 0.7513
vn 0.3450 -0.8380 0.4228
vn 0.3551 -0.3584 0.8634
vn 0.9460 0.0376 0.3218
vn 0.7744 -0.0000 0.6327
vn 0.4973 0.0000 0.8676
vn 0.4766 0.0000 -0.8791
vn 0.7529 0.0342 -0.6572
vn 0.1381 -0.0000 -0.9904
vn 0.0083 -0.3494 -0.9369
vn 0.1650 -0.8240 -0.5421
vn -0.3854 -0.6353 -0.6692
vn 0.4680 -0.7653 -0.4419
vn 0.4618 -0.7982 -0.3868
vn 0.1465 -0.1916 -0.9705
vn -0.6375 -0.1563 -0.7545
vn -0.8514 -0.4125 0.3242
vn -0.4304 -0.8121 0.3939
vn 0.3817 0.1860 -0.9054
vn -0.2762 0.4777 -0.8340
vn -0.2849 -0.2115 -0.9349
vn 0.0165 -0.9807 -0.1949
vn 0.5944 -0.7057 -0.3856
vn 0.1768 0.0064 -0.9842
vn -0.8738 -0.2976 0.3846
vn -0.9172 -0.3965 0.0383
vn -0.7075 -0.2377 -0.6656
vn -0.5492 -0.7254 -0.4149
vn -0.8176 -0.5423 -0.1936
vn -0.7343 -0.3582 -0.5765
vn -0.8927 0.0137 -0.4505
vn -0.8070 0.0000 -0.5906
vn -0.6118 0.0000 -0.7910
vn -0.5697 0.0000 0.8219
vn -0.6974 0.0157 0.7165
vn -0.3206 0.0000 0.9472
vn -0.4986 -0.3646 0.7864
vn -0.7097 -0.5425 0.4495
vn -0.3994 -0.7377 0.5443
vn -0.8718 -0.3780 0.3117
vn -0.9574 -0.2819 -0.0626
vn -0.4316 -0.2255 0.8734
vn 0.5226 0.0213 0.8523
vn 0.6917 -0.7094 0.1354
vn 0.0822 -0.9836 0.1607
vn 0.0272 0.5048 0.8628
vn 0.6846 0.2343 0.6902
vn 0.0738 -0.1956 0.9779
vn -0.5130 -0.8340 -0.2031
vn -0.8878 -0.4592 0.0304
vn -0.3265 -0.1627 0.9311
vn 0.5870 -0.7873 0.1887
vn 0.6408 -0.7104 0.2911
vn 0.5056 -0.1930 0.8409
vn -0.1002 -0.7088 0.6983
vn 0.3145 -0.8726 0.3736
vn 0.3273 -0.3653 0.8714
vn 0.9815 0.0438 0.1864
vn 0.8254 0.0000 0.5646
vn 0.5502 0.0000 0.8350
vn 0.6063 0.0000 -0.7953
vn 0.8730 0.0430 -0.4859
vn 0.2621 -0.0000 -0.9650
vn 0.0398 -0.3624 -0.9312
vn 0.1834 -0.8688 -0.4599
vn -0.3184 -0.7025 -0.6365
vn 0.5169 -0.7094 -0.4790
vn 0.4979 -0.7878 -0.3626
vn 0.2163 -0.1878 -0.9581
vn -0.6033 -0.1659 -0.7801
vn -0.8514 -0.4589 0.2541
vn -0.4348 -0.8314 0.3460
vn 0.4097 0.2062 -0.8886
vn -0.2638 0.4819 -0.8356
vn -0.2509 -0.2071 -0.9456
vn 0.0284 -0.9806 -0.1940
vn 0.6030 -0.7093 -0.3650
vn 0.2025 0.0238 -0.9790
vn -0.8745 -0.2813 0.3951
vn -0.9213 -0.3878 0.0298
vn -0.7005 -0.2253 -0.6771
vn -0.5474 -0.7145 -0.4357
vn -0.8252 -0.5183 -0.2245
vn -0.7336 -0.3436 -0.5862
vn -0.8846 0.0117 -0.4661
vn -0.7996 0.0000 -0.6006
vn -0.6116 -0.0000 -0.7912
vn -0.5650 0.0000 0.8251
vn -0.6948 0.0202 0.7189
vn -0.2840 0.0000 0.9588
vn -0.4951 -0.3891 0.7768
vn -0.6995 -0.6004 0.3875
vn -0.3967 -0.7672 0.5040
vn -0.8484 -0.3918 0.3559
vn -0.9377 -0.3469 0.0182
vn -0.4178 -0.2205 0.8814
vn 0.4813 -0.0358 0.8758
vn 0.6532 -0.7296 0.2026
vn 0.0691 -0.9792 0.1906
vn 0.0259 0.5018 0.8646
vn 0.6722 0.1997 0.7130
vn 0.0644 -0.1893 0.9798
vn -0.5443 -0.7924 -0.2753
vn -0.9204 -0.3832 -0.0773
vn -0.3568 -0.1229 0.9261
vn 0.6129 -0.7709 0.1733
vn 0.6397 -0.7096 0.2954
vn 0.5023 -0.1533 0.8510
vn -0.1320 -0.7091 0.6926
vn 0.3303 -0.8570 0.3956
vn 0.3161 -0.3682 0.8744
vn 0.9727 0.0424 0.2284
vn 0.8083 0.0000 0.5888
vn 0.5374 0.0000 0.8433
vn 0.5939 -0.0000 -0.8045
vn 0.8524 0.0316 -0.5220
vn 0.2808 -0.0000 -0.9598
vn 0.0833 -0.3406 -0.9365
vn 0.2282 -0.8125 -0.5365
vn -0.3354 -0.6506 -0.6814
vn 0.5276 -0.7232 -0.4456
vn 0.5422 -0.7716 -0.3327
vn 0.2401 -0.1516 -0.9588
vn -0.5943 -0.1294 -0.7937
vn -0.8651 -0.3824 0.3247
vn -0.4497 -0.7961 0.4048
vn 0.4408 0.1890 -0.8775
vn -0.2136 0.5103 -0.8330
vn -0.2193 -0.1970 -0.9556
vn 0.0116 -0.9826 -0.1856
vn 0.5814 -0.7246 -0.3700
vn 0.2275 -0.0191 -0.9736
vn -0.8894 -0.3351 0.3109
vn -0.9195 -0.3879 -0.0635
vn -0.6708 -0.2477 -0.6990
vn -0.5331 -0.7856 -0.3141
vn -0.7759 -0.6209 -0.1119
vn -0.7036 -0.4148 -0.5770
vn -0.8943 0.0227 -0.4469
vn -0.7998 0.0000 -0.6003
vn -0.5637 0.0000 -0.8260
vn -0.6209 -0.0000 0.7839
vn -0.7421 0.0164 0.6701
vn -0.3727 -0.0000 0.9280
vn -0.5500 -0.3713 0.7481
vn -0.7392 -0.5523 0.3854
vn -0.4383 -0.7495 0.4961
vn -0.8872 -0.3695 0.2763
vn -0.9539 -0.2775 -0.1140
vn -0.4779 -0.2196 0.8505
vn 0.4777 0.0193 0.8783
vn 0.6842 -0.7087 0.1722
vn 0.0745 -0.9818 0.1749
vn -0.0102 0.4814 0.8765
vn 0.6451 0.2005 0.7373
vn 0.0219 -0.2087 0.9777
vn -0.5225 -0.8150 -0.2505
vn -0.9054 -0.4221 -0.0451
vn -0.3858 -0.1592 0.9088
vn 0.5638 -0.7925 0.2325
vn 0.6127 -0.7220 0.3213
vn 0.4461 -0.1879 0.8750
vn -0.1619 -0.7105 0.6848
vn 0.2774 -0.8822 0.3805
vn 0.2706 -0.3703 0.8886
vn 0.9636 0.0453 0.2636
vn 0.7811 -0.0000 0.6245
vn 0.4801 -0.0000 0.8772
vn 0.6230 0.0000 -0.7822
vn 0.8779 0.0423 -0.4769
vn 0.2809 0.0000 -0.9597
vn 0.0844 -0.3621 -0.9283
vn 0.1974 -0.8695 -0.4528
vn -0.3177 -0.6875 -0.6530
vn 0.5282 -0.7250 -0.4420
vn 0.5075 -0.7931 -0.3367
vn 0.2492 -0.1733 -0.9528
vn -0.5864 -0.1433 -0.7972
vn -0.8681 -0.4188 0.2665
vn -0.4438 -0.8184 0.3650
vn 0.4666 0.2055 -0.8602
vn -0.2103 0.5012 -0.8394
vn -0.2081 -0.1981 -0.9578
vn 0.0301 -0.9821 -0.1859
vn 0.6313 -0.7023 -0.3291
vn 0.2626 0.0381 -0.9641
vn -0.8931 -0.2671 0.3620
vn -0.9284 -0.3690 -0.0432
vn -0.6718 -0.2206 -0.7071
vn -0.5460 -0.7481 -0.3771
vn -0.8128 -0.5492 -0.1942
vn -0.7176 -0.3692 -0.5905
vn -0.8820 0.0156 -0.4711
vn -0.7922 0.0000 -0.6102
vn -0.5865 -0.0000 -0.8100
vn -0.6698 -0.0000 0.7425
vn -0.7893 0.0223 0.6136
vn -0.3929 0.0000 0.9196
vn -0.5910 -0.4129 0.6929
vn -0.7509 -0.6123 0.2476
vn -0.4715 -0.7996 0.3719
vn -0.8872 -0.3552 0.2943
vn -0.9472 -0.2956 -0.1238
vn -0.5017 -0.2156 0.8377
vn 0.4584 0.0023 0.8887
vn 0.6659 -0.7195 0.1974
vn 0.0571 -0.9841 0.1682
vn -0.0285 0.5085 0.8606
vn 0.6341 0.2050 0.7456
vn 0.0018 -0.1956 0.9807
vn -0.5169 -0.8087 -0.2808
vn -0.9089 -0.4052 -0.0985
vn -0.4031 -0.1388 0.9046
vn 0.5819 -0.7833 0.2186
vn 0.6060 -0.7306 0.3146
vn 0.4433 -0.1679 0.8805
vn -0.1710 -0.6749 0.7179
vn 0.3118 -0.8443 0.4358
vn 0.2777 -0.3579 0.8915
vn 0.9445 0.0383 0.3264
vn 0.7539 -0.0000 0.6569
vn 0.4664 0.0000 0.8846
vn 0.6227 -0.0000 -0.7824
vn 0.8716 0.0377 -0.4887
vn 0.2990 -0.0000 -0.9543
vn 0.1066 -0.3562 -0.9283
vn 0.2266 -0.8431 -0.4876
vn -0.2982 -0.6762 -0.6737
vn 0.5386 -0.7292 -0.4221
vn 0.5306 -0.7839 -0.3223
vn 0.2717 -0.1726 -0.9468
vn -0.5570 -0.1434 -0.8181
vn -0.8790 -0.4046 0.2522
vn -0.4702 -0.8061 0.3595
vn 0.4731 0.1875 -0.8608
vn -0.1874 0.4895 -0.8516
vn -0.1815 -0.2052 -0.9617
vn 0.0285 -0.9815 -0.1895
vn 0.6119 -0.7169 -0.3341
vn 0.2797 0.0094 -0.9600
vn -0.9049 -0.2920 0.3096
vn -0.9302 -0.3387 -0.1416
vn -0.6550 -0.2278 -0.7205
vn -0.5469 -0.8137 -0.1972
vn -0.7759 -0.6292 -0.0462
vn -0.7133 -0.4380 -0.5472
vn -0.9074 0.0260 -0.4195
vn -0.8150 0.0000 -0.5795
vn -0.5715 -0.0000 -0.8206
vn -0.6469 0.0000 0.7625
vn -0.7686 0.0197 0.6394
vn -0.3826 -0.0000 0.9239
vn -0.5677 -0.3934 0.7231
vn -0.7395 -0.5939 0.3168
vn -0.4441 -0.7695 0.4590
vn -0.8878 -0.3870 0.2491
vn -0.9419 -0.3139 -0.1199
vn -0.5053 -0.2332 0.8309
vn 0.4386 -0.0056 0.8987
vn 0.6677 -0.7131 0.2134
vn 0.0544 -0.9829 0.1761
vn -0.0367 0.5006 0.8649
vn 0.6172 0.1790 0.7662
vn -0.0224 -0.2018 0.9792
vn -0.5155 -0.7961 -0.3172
vn -0.9147 -0.3723 -0.1569
vn -0.4179 -0.1216 0.9003
vn 0.6071 -0.7664 0.2098
vn 0.6178 -0.7137 0.3299
vn 0.4156 -0.1493 0.8972
vn -0.1846 -0.6787 0.7108
vn 0.3461 -0.8088 0.4754
vn 0.2659 -0.3473 0.8993
vn 0.9338 0.0326 0.3564
vn 0.7372 -0.0000 0.6757
vn 0.4636 -0.0000 0.8861
vn 0.6537 -0.0000 -0.7568
vn 0.8864 0.0337 -0.4616
vn 0.3561 -0.0000 -0.9345
vn 0.1561 -0.3489 -0.9241
vn 0.2855 -0.8122 -0.5088
vn -0.2736 -0.6814 -0.6788
vn 0.5751 -0.7100 -0.4064
vn 0.5801 -0.7674 -0.2730
vn 0.3064 -0.1394 -0.9416
vn -0.5333 -0.1118 -0.8385
vn -0.8845 -0.3711 0.2828
vn -0.4753 -0.7972 0.3721
vn 0.4971 0.1611 -0.8526
vn -0.1604 0.4944 -0.8543
vn -0.1657 -0.2043 -0.9648
vn 0.0301 -0.9819 -0.1871
vn 0.6293 -0.7103 -0.3154
vn 0.3008 -0.0021 -0.9537
vn -0.9138 -0.3094 0.2631
vn -0.9163 -0.3847 -0.1115
vn -0.6217 -0.2393 -0.7458
vn -0.5101 -0.7702 -0.3827
vn -0.7788 -0.5949 -0.1989
vn -0.6674 -0.3961 -0.6306
vn -0.8536 0.0193 -0.5206
vn -0.7505 0.0000 -0.6609
vn -0.5098 0.0000 -0.8603
vn -0.6571 0.0000 0.7538
vn -0.7765 0.0188 0.6299
vn -0.3975 -0.0000 0.9176
vn -0.5794 -0.3897 0.7158
vn -0.7477 -0.5862 0.3120
vn -0.4541 -0.7625 0.4608
vn -0.8949 -0.3861 0.2237
vn -0.9384 -0.3164 -0.1389
vn -0.5207 -0.2404 0.8192
vn 0.4100 -0.0135 0.9120
vn 0.6521 -0.7198 0.2380
vn 0.0513 -0.9831 0.1757
vn -0.0609 0.5011 0.8633
vn 0.5959 0.1918 0.7798
vn -0.0416 -0.2005 0.9788
vn -0.5113 -0.8062 -0.2978
vn -0.9058 -0.4009 -0.1374
vn -0.4352 -0.1352 0.8901
vn 0.5839 -0.7777 0.2328
vn 0.6026 -0.7195 0.3453
vn 0.4152 -0.1623 0.8951
vn -0.1948 -0.6816 0.7053
vn 0.3014 -0.8416 0.4482
vn 0.2435 -0.3561 0.9021
vn 0.9405 0.0378 0.3378
vn 0.7404 -0.0000 0.6721
vn 0.4501 -0.0000 0.8930
vn 0.6696 -0.0000 -0.7427
vn 0.9020 0.0379 -0.4301
vn 0.3586 -0.0000 -0.9335
vn 0.1521 -0.3562 -0.9220
vn 0.2551 -0.8416 -0.4761
vn -0.2643 -0.6817 -0.6823
vn 0.5650 -0.7194 -0.4039
vn 0.5576 -0.7777 -0.2902
vn 0.3237 -0.1621 -0.9322
vn -0.5218 -0.1353 -0.8423
vn -0.8875 -0.4010 0.2270
vn -0.4790 -0.8061 0.3475
vn 0.5155 0.1917 -0.8352
vn -0.1478 0.5010 -0.8527
vn -0.1388 -0.2003 -0.9698
vn 0.0342 -0.9826 -0.1825
vn 0.6261 -0.7185 -0.3029
vn 0.3171 -0.0061 -0.9484
vn -0.9175 -0.3131 0.2452
vn -0.9148 -0.3818 -0.1322
vn -0.6060 -0.2381 -0.7590
vn -0.5047 -0.7676 -0.3951
vn -0.7775 -0.5893 -0.2195
vn -0.6558 -0.3930 -0.6446
vn -0.8434 0.0193 -0.5369
vn -0.7384 -0.0000 -0.6743
vn -0.4971 0.0000 -0.8677
vn -0.6722 0.0000 0.7404
vn -0.7909 0.0205 0.6116
vn -0.4066 0.0000 0.9136
vn -0.5908 -0.4018 0.6997
vn -0.7497 -0.6021 0.2746
vn -0.4654 -0.7781 0.4218
vn -0.8951 -0.3798 0.2334
vn -0.9382 -0.3137 -0.1464
vn -0.5275 -0.2350 0.8164
vn 0.4137 -0.0072 0.9104
vn 0.6557 -0.7171 0.2364
vn 0.0529 -0.9827 0.1774
vn -0.0613 0.4999 0.8639
vn 0.5966 0.1910 0.7795
vn -0.0421 -0.2009 0.9787
vn -0.5103 -0.8068 -0.2979
vn -0.9056 -0.4013 -0.1374
vn -0.4352 -0.1353 0.8901
vn 0.5836 -0.7780 0.2328
vn 0.6026 -0.7195 0.3452
vn -0.1949 -0.6816 0.7053
vn 0.2435 -0.3562 0.9021
vn 0.9404 0.0379 0.3378
vn 0.7404 0.0000 0.6722
vn 0.6702 0.0000 -0.7422
vn 0.9025 0.0380 -0.4289
vn 0.3593 0.0000 -0.9332
vn 0.1522 -0.3562 -0.9219
vn 0.2551 -0.8418 -0.4756
vn -0.2641 -0.6821 -0.6819
vn 0.5653 -0.7190 -0.4043
vn 0.5577 -0.7778 -0.2899
vn 0.3239 -0.1619 -0.9321
vn -0.5218 -0.1352 -0.8423
vn -0.8874 -0.4013 0.2271
vn -0.4781 -0.8068 0.3472
vn 0.5158 0.1909 -0.8352
vn -0.1472 0.5000 -0.8534
vn -0.1396 -0.2009 -0.9696
vn 0.0350 -0.9827 -0.1819
vn 0.6288 -0.7171 -0.3007
vn 0.3209 -0.0071 -0.9471
vn -0.9189 -0.3137 0.2393
vn -0.9139 -0.3799 -0.1428
vn -0.6064 -0.2350 -0.7597
vn -0.5053 -0.7781 -0.3732
vn -0.7734 -0.6020 -0.1985
vn -0.6577 -0.4017 -0.6372
vn -0.8480 0.0205 -0.5296
vn -0.7427 0.0000 -0.6696
vn -0.4958 0.0000 -0.8685
vn -0.6868 0.0000 0.7269
vn -0.7902 0.0101 0.6128
vn -0.4711 0.0000 0.8821
vn -0.6340 -0.3290 0.6998
vn -0.7710 -0.5183 0.3701
vn -0.4385 -0.6902 0.5757
vn -0.9034 -0.4204 0.0846
vn -0.9280 -0.3067 -0.2114
vn -0.5951 -0.2250 0.7715
vn 0.3076 -0.0314 0.9510
vn 0.6305 -0.7234 0.2816
vn -0.0001 -0.9927 0.1204
vn -0.1544 0.6059 0.7804
vn 0.5366 0.2846 0.7944
vn -0.1697 -0.1456 0.9747
vn -0.3439 -0.7969 -0.4968
vn -0.8340 -0.3754 -0.4043
vn -0.5890 -0.1089 0.8008
vn 0.6085 -0.7206 0.3324
vn 0.5581 -0.6975 0.4496
vn 0.2152 -0.1266 0.9683
vn -0.2989 -0.6755 0.6741
vn 0.2977 -0.7217 0.6249
vn 0.0931 -0.3340 0.9380
vn 0.7869 0.0239 0.6167
vn 0.5402 -0.0000 0.8415
vn 0.2720 -0.0000 0.9623
vn 0.8107 -0.0000 -0.5855
vn 0.9628 0.0101 -0.2701
vn 0.6179 -0.0000 -0.7863
vn 0.4199 -0.3041 -0.8551
vn 0.5261 -0.6759 -0.5161
vn -0.0509 -0.6498 -0.7584
vn 0.6914 -0.6852 -0.2289
vn 0.6859 -0.7273 -0.0251
vn 0.5293 -0.1295 -0.8385
vn -0.2683 -0.0819 -0.9599
vn -0.9252 -0.3774 0.0396
vn -0.5791 -0.7973 0.1702
vn 0.6162 0.0923 -0.7821
vn -0.0266 0.4300 -0.9024
vn 0.0150 -0.2207 -0.9752
vn 0.0844 -0.9711 -0.2234
vn 0.6575 -0.7179 -0.2288
vn 0.4454 0.0368 -0.8946
vn -0.9477 -0.2824 0.1487
vn -0.8781 -0.2932 -0.3781
vn -0.5215 -0.1858 -0.8328
vn -0.5399 -0.8218 -0.1822
vn -0.7656 -0.6295 -0.1328
vn -0.6343 -0.4483 -0.6298
vn -0.8537 0.0318 -0.5198
vn -0.7444 0.0000 -0.6678
vn -0.4781 0.0000 -0.8783
vn -0.8818 -0.0000 0.4717
vn -0.9404 0.0065 0.3401
vn -0.7394 -0.0000 0.6733
vn -0.8331 -0.3024 0.4631
vn -0.8651 -0.4822 0.1382
vn -0.6084 -0.6487 0.4571
vn -0.8552 -0.4406 -0.2730
vn -0.7759 -0.3426 -0.5297
vn -0.8230 -0.2323 0.5184
vn -0.1013 -0.0281 0.9945
vn 0.4504 -0.7213 0.5262
vn -0.0027 -0.9829 0.1842
vn -0.4660 0.5270 0.7107
vn 0.1794 0.3063 0.9349
vn -0.4772 -0.1679 0.8626
vn -0.2532 -0.8111 -0.5273
vn -0.7232 -0.4712 -0.5048
vn -0.8252 -0.2237 0.5187
vn 0.2595 -0.7991 0.5424
vn 0.2908 -0.7686 0.5699
vn -0.1204 -0.2127 0.9697
vn -0.5424 -0.6790 0.4948
vn -0.0299 -0.9112 0.4110
vn -0.2833 -0.3848 0.8784
vn 0.5889 0.0502 0.8066
vn 0.2418 -0.0000 0.9703
vn -0.1737 -0.0000 0.9848
vn 0.9595 0.0000 -0.2818
vn 0.9876 0.0484 0.1491
vn 0.7596 0.0000 -0.6504
vn 0.5577 -0.3691 -0.7434
vn 0.3246 -0.9105 -0.2561
vn 0.0931 -0.7029 -0.7052
vn 0.6630 -0.7432 -0.0900
vn 0.5835 -0.8115 -0.0329
vn 0.7303 -0.2268 -0.6444
vn -0.0338 -0.1643 -0.9858
vn -0.8209 -0.4500 -0.3515
vn -0.5762 -0.8168 -0.0287
vn 0.8339 0.2340 -0.4999
vn 0.2545 0.4753 -0.8422
vn 0.3606 -0.1905 -0.9131
vn 0.1424 -0.9824 -0.1212
vn 0.6804 -0.7324 0.0237
vn 0.7141 0.0092 -0.7000
vn -0.9358 -0.2786 -0.2162
vn -0.6596 -0.2623 -0.7043
vn -0.1796 -0.1817 -0.9668
vn -0.4833 -0.8303 -0.2776
vn -0.6925 -0.6327 -0.3466
vn -0.3923 -0.4665 -0.7927
vn -0.6499 0.0360 -0.7592
vn -0.4942 0.0000 -0.8693
vn -0.1662 0.0000 -0.9861
vn -0.9941 -0.0000 0.1082
vn -0.9998 -0.0018 -0.0191
vn -0.9615 -0.0000 0.2748
vn -0.9643 -0.2286 0.1335
vn -0.9379 -0.3350 -0.0904
vn -0.7560 -0.6047 0.2506
vn -0.7162 -0.4119 -0.5634
vn -0.5064 -0.2099 -0.8364
vn -0.9653 -0.1632 0.2036
vn -0.3652 0.0912 0.9264
vn 0.4349 -0.6396 0.6339
vn -0.0514 -0.9848 0.1660
vn -0.6814 0.4948 0.5393
vn -0.1256 0.1798 0.9756
vn -0.7642 -0.1905 0.6162
vn 0.0385 -0.7804 -0.6241
vn -0.3734 -0.3113 -0.8739
vn -0.9698 -0.0973 0.2234
vn 0.2249 -0.7617 0.6077
vn 0.1345 -0.7270 0.6733
vn -0.4137 -0.1039 0.9044
vn -0.6988 -0.6544 0.2888
vn -0.1587 -0.8042 0.5728
vn -0.5181 -0.3481 0.7812
vn 0.2974 0.0331 0.9542
vn -0.0647 -0.0000 0.9979
vn -0.3960 -0.0000 0.9182
vn 0.9969 0.0000 0.0785
vn 0.8837 0.0326 0.4670
vn 0.9633 -0.0000 -0.2685
vn 0.8131 -0.3451 -0.4689
vn 0.5692 -0.8160 -0.1006
vn 0.3193 -0.6886 -0.6511
vn 0.6940 -0.6958 0.1847
vn 0.5726 -0.7573 0.3139
vn 0.9357 -0.1002 -0.3383
vn 0.3073 -0.0729 -0.9488
vn -0.8414 -0.2831 -0.4603
vn -0.6368 -0.7636 -0.1066
vn 0.9793 0.0791 -0.1861
vn 0.5760 0.4098 -0.7073
vn 0.6190 -0.2234 -0.7529
vn 0.2267 -0.9706 -0.0804
vn 0.6788 -0.6351 0.3686
vn 0.9068 0.1662 -0.3873
vn -0.9188 -0.1213 -0.3756
vn -0.5636 -0.3025 -0.7687
vn 0.1191 -0.1597 -0.9800
vn -0.1361 -0.7221 -0.6783
vn -0.3659 -0.4515 -0.8138
vn -0.0484 -0.3232 -0.9451
vn -0.2228 0.0096 -0.9748
vn -0.0773 0.0000 -0.9970
vn 0.1593 0.0000 -0.9872
vn -0.9757 0.0000 -0.2190
vn -0.9335 0.0100 -0.3586
vn -0.9999 -0.0000 0.0103
vn -0.9379 -0.3006 -0.1730
vn -0.7686 -0.4667 -0.4376
vn -0.7422 -0.6672 -0.0632
vn -0.5758 -0.4096 -0.7076
vn -0.3659 -0.3135 -0.8762
vn -0.9768 -0.1900 -0.0983
vn -0.6908 -0.0843 0.7181
vn 0.0871 -0.7374 0.6698
vn -0.1163 -0.9884 0.0977
vn -0.8556 0.4494 0.2570
vn -0.5271 0.1451 0.8373
vn -0.9229 -0.2231 0.3139
vn 0.0914 -0.8035 -0.5883
vn -0.1836 -0.3945 -0.9003
vn -0.9885 -0.1507 -0.0101
vn 0.0476 -0.7458 0.6644
vn -0.0482 -0.7506 0.6590
vn -0.6747 -0.1485 0.7230
vn -0.8261 -0.5456 0.1410
vn -0.4433 -0.6047 0.6617
vn -0.7231 -0.2844 0.6295
vn -0.1565 0.0069 0.9877
vn -0.4526 -0.0000 0.8917
vn -0.6580 -0.0000 0.7530
vn 0.9349 -0.0000 0.3549
vn 0.7522 0.0181 0.6587
vn 0.9970 -0.0000 0.0768
vn 0.9346 -0.3300 -0.1327
vn 0.6963 -0.7048 0.1358
vn 0.5946 -0.6615 -0.4570
vn 0.5672 -0.7034 0.4284
vn 0.4219 -0.7269 0.5419
vn 0.9920 -0.1243 0.0205
vn 0.6448 -0.0670 -0.7614
vn -0.5888 -0.3608 -0.7233
vn -0.5180 -0.8018 -0.2980
vn 0.9658 0.1707 0.1949
vn 0.7400 0.5195 -0.4272
vn 0.8545 -0.1842 -0.4857
vn 0.2429 -0.9692 -0.0411
vn 0.5718 -0.6614 0.4853
vn 0.9841 0.1677 -0.0577
vn -0.7793 -0.1950 -0.5956
vn -0.3634 -0.3511 -0.8630
vn 0.3769 -0.2579 -0.8896
vn 0.1092 -0.7390 -0.6647
vn -0.1437 -0.5356 -0.8321
vn 0.2700 -0.3767 -0.8861
vn 0.1006 0.0124 -0.9948
vn 0.2677 0.0000 -0.9635
vn 0.5325 -0.0000 -0.8464
vn -0.9120 -0.0000 -0.4102
vn -0.8298 0.0156 -0.5578
vn -0.9915 -0.0000 -0.1297
vn -0.8634 -0.3669 -0.3464
vn -0.5533 -0.5748 -0.6029
vn -0.6607 -0.7117 -0.2387
vn -0.3589 -0.4470 -0.8194
vn -0.1248 -0.3669 -0.9219
vn -0.9084 -0.2743 -0.3155
vn -0.8217 -0.0622 0.5665
vn -0.1231 -0.7162 0.6869
vn -0.1632 -0.9826 0.0884
vn -0.8687 0.4801 0.1220
vn -0.6942 0.1358 0.7069
vn -0.9700 -0.2057 0.1293
vn 0.0681 -0.7946 -0.6033
vn -0.1295 -0.3677 -0.9209
vn -0.9756 -0.1058 -0.1922
vn -0.1147 -0.7991 0.5902
vn -0.1686 -0.7933 0.5851
vn -0.8127 -0.1789 0.5545
vn -0.8416 -0.5391 -0.0323
vn -0.5271 -0.7036 0.4766
vn -0.8369 -0.2975 0.4595
vn -0.3705 0.0181 0.9287
vn -0.6346 -0.0000 0.7728
vn -0.8323 0.0000 0.5543
vn 0.7903 0.0000 0.6127
vn 0.4403 0.0545 0.8962
vn 0.9637 0.0000 0.2671
vn 0.9246 -0.3736 -0.0746
vn 0.4344 -0.8883 0.1492
vn 0.5131 -0.7911 -0.3329
vn 0.6062 -0.6298 0.4856
vn 0.4044 -0.7529 0.5193
vn 0.9793 -0.1273 0.1573
vn 0.7414 -0.1075 -0.6624
vn -0.3694 -0.3922 -0.8424
vn -0.3827 -0.8003 -0.4616
vn 0.9580 0.1136 0.2634
vn 0.8258 0.4473 -0.3435
vn 0.9052 -0.2218 -0.3624
vn 0.1957 -0.9806 0.0063
vn 0.4289 -0.7162 0.5506
vn 0.9941 -0.0419 0.0998
vn -0.3737 -0.3404 -0.8628
vn -0.0469 -0.4002 -0.9152
vn 0.6282 -0.2406 -0.7399
vn 0.3112 -0.7685 -0.5590
vn 0.0706 -0.6044 -0.7936
vn 0.5146 -0.3961 -0.7604
vn 0.3713 0.0203 -0.9283
vn 0.5269 0.0000 -0.8499
vn 0.7644 0.0000 -0.6448
vn -0.7313 0.0000 -0.6820
vn -0.6032 0.0185 -0.7974
vn -0.9035 0.0000 -0.4287
vn -0.6977 -0.3878 -0.6024
vn -0.2914 -0.5904 -0.7527
vn -0.4640 -0.7571 -0.4600
vn -0.1722 -0.4016 -0.8995
vn 0.1728 -0.3294 -0.9283
vn -0.7937 -0.2448 -0.5569
vn -0.9304 -0.0181 0.3660
vn -0.2709 -0.7173 0.6419
vn -0.1798 -0.9827 0.0442
vn -0.8593 0.5014 -0.1012
vn -0.8086 0.1878 0.5575
vn -0.9754 -0.2009 -0.0902
vn 0.3225 -0.8069 -0.4950
vn 0.1846 -0.4002 -0.8976
vn -0.8688 -0.1302 -0.4778
vn -0.2524 -0.7727 0.5825
vn -0.3874 -0.7018 0.5978
vn -0.9108 -0.1543 0.3829
vn -0.6786 -0.6998 -0.2232
vn -0.4430 -0.8525 0.2776
vn -0.9118 -0.3589 0.1996
vn -0.3324 0.0404 0.9423
vn -0.6802 -0.0000 0.7330
vn -0.9007 -0.0000 0.4345
vn 0.6816 -0.0000 0.7317
vn 0.3345 0.0400 0.9415
vn 0.9012 0.0000 0.4334
vn 0.9123 -0.3579 0.1990
vn 0.4455 -0.8510 0.2781
vn 0.6801 -0.6978 -0.2245
vn 0.3879 -0.7021 0.5971
vn 0.2531 -0.7726 0.5823
vn 0.9115 -0.1541 0.3814
vn 0.8681 -0.1303 -0.4790
vn -0.1859 -0.4001 -0.8974
vn -0.3231 -0.8069 -0.4945
vn 0.8095 0.1878 0.5562
vn 0.8591 0.5014 -0.1028
vn 0.9753 -0.2009 -0.0917
vn 0.1798 -0.9827 0.0439
vn 0.2715 -0.7175 0.6414
vn 0.9310 -0.0181 0.3645
vn -0.1743 -0.3297 -0.9278
vn 0.1707 -0.4019 -0.8996
vn 0.7928 -0.2443 -0.5584
vn 0.4639 -0.7568 -0.4604
vn 0.2907 -0.5902 -0.7531
vn 0.6968 -0.3874 -0.6037
vn 0.6017 0.0185 -0.7985
vn 0.7300 0.0000 -0.6834
vn 0.9025 0.0000 -0.4307
vn -0.7307 0.0000 -0.6827
vn -0.6023 0.0186 -0.7980
vn -0.9031 -0.0000 -0.4295
vn -0.6971 -0.3881 -0.6028
vn -0.2904 -0.5907 -0.7528
vn -0.4627 -0.7575 -0.4605
vn -0.1726 -0.4013 -0.8995
vn 0.1731 -0.3294 -0.9282
vn -0.7936 -0.2445 -0.5572
vn -0.9304 -0.0179 0.3661
vn -0.2707 -0.7174 0.6419
vn -0.1799 -0.9827 0.0442
vn -0.8593 0.5013 -0.1014
vn -0.8086 0.1886 0.5573
vn 0.1839 -0.4002 -0.8978
vn -0.8687 -0.1307 -0.4779
vn -0.2533 -0.7727 0.5821
vn -0.3874 -0.7025 0.5970
vn -0.9113 -0.1551 0.3814
vn -0.6802 -0.6981 -0.2239
vn -0.4455 -0.8510 0.2781
vn -0.9123 -0.3579 0.1990
vn -0.3345 0.0400 0.9416
vn -0.6817 -0.0000 0.7317
vn -0.9012 -0.0000 0.4334
vn 0.6787 -0.0000 0.7344
vn 0.3303 0.0409 0.9430
vn 0.9001 -0.0000 0.4356
vn 0.9113 -0.3599 0.2001
vn 0.4405 -0.8539 0.2771
vn 0.6771 -0.7012 -0.2234
vn 0.3879 -0.7009 0.5986
vn 0.2514 -0.7726 0.5830
vn 0.9105 -0.1523 0.3845
vn 0.8683 -0.1292 -0.4788
vn -0.1874 -0.4000 -0.8971
vn -0.3231 -0.8069 -0.4946
vn 0.8096 0.1864 0.5566
vn 0.8591 0.5014 -0.1027
vn 0.1798 -0.9827 0.0438
vn 0.2717 -0.7175 0.6414
vn 0.9310 -0.0183 0.3644
vn -0.1740 -0.3297 -0.9279
vn 0.1703 -0.4021 -0.8996
vn 0.7929 -0.2446 -0.5581
vn 0.4651 -0.7564 -0.4600
vn 0.2918 -0.5898 -0.7530
vn 0.6973 -0.3871 -0.6033
vn 0.6026 0.0185 -0.7979
vn 0.7307 0.0000 -0.6827
vn 0.9028 -0.0000 -0.4300
vn 0.7058 -0.0000 0.7084
vn 0.5016 0.0271 0.8646
vn 0.8922 -0.0000 0.4517
vn 0.7943 -0.4171 0.4417
vn 0.3625 -0.7235 0.5875
vn 0.5149 -0.8435 0.1526
vn 0.3080 -0.5150 0.8000
vn -0.0015 -0.5176 0.8556
vn 0.8816 -0.1630 0.4430
vn 0.9254 -0.0278 -0.3779
vn -0.0004 -0.5183 -0.8552
vn -0.0758 -0.9386 -0.3367
vn 0.8552 0.3662 0.3668
vn 0.8551 0.3667 -0.3666
vn -0.0758 -0.9386 0.3366
vn 0.0001 -0.5185 0.8551
vn 0.9253 -0.0288 0.3782
vn 0.0007 -0.5191 -0.8547
vn 0.3072 -0.5169 -0.7990
vn 0.8820 -0.1644 -0.4417
vn 0.5177 -0.8421 -0.1513
vn 0.3650 -0.7230 -0.5865
vn 0.7957 -0.4165 -0.4398
vn 0.5048 0.0271 -0.8628
vn 0.7082 0.0000 -0.7060
vn 0.8936 0.0000 -0.4489
vn -0.7082 0.0000 -0.7060
vn -0.5048 0.0271 -0.8628
vn -0.8936 0.0000 -0.4489
vn -0.7957 -0.4165 -0.4398
vn -0.3651 -0.7230 -0.5865
vn -0.5177 -0.8421 -0.1512
vn -0.3071 -0.5169 -0.7990
vn -0.0007 -0.5191 -0.8547
vn -0.8820 -0.1644 -0.4417
vn -0.9253 -0.0288 0.3782
vn -0.0001 -0.5185 0.8551
vn 0.0758 -0.9386 0.3366
vn -0.8551 0.3667 -0.3665
vn -0.8552 0.3665 0.3666
vn 0.0758 -0.9386 -0.3367
vn 0.0001 -0.5183 -0.8552
vn -0.9254 -0.0277 -0.3781
vn 0.0008 -0.5179 0.8555
vn -0.3090 -0.5145 0.7998
vn -0.8816 -0.1636 0.4427
vn -0.5125 -0.8449 0.1533
vn -0.3607 -0.7249 0.5869
vn -0.7942 -0.4182 0.4408
vn -0.5006 0.0274 0.8652
vn -0.7054 -0.0000 0.7088
vn -0.8922 -0.0000 0.4516
vn 0.7060 -0.0000 0.7083
vn 0.5015 0.0273 0.8647
vn 0.8925 -0.0000 0.4511
vn 0.7944 -0.4177 0.4410
vn 0.3617 -0.7242 0.5871
vn 0.5140 -0.8441 0.1527
vn 0.3085 -0.5149 0.7998
vn -0.0007 -0.5178 0.8555
vn 0.8817 -0.1635 0.4426
vn 0.9253 -0.0279 -0.3781
vn -0.0002 -0.5183 -0.8552
vn -0.0759 -0.9386 -0.3367
vn 0.8552 0.3664 0.3666
vn 0.8551 0.3667 -0.3665
vn 0.9253 -0.0288 0.3781
vn 0.0008 -0.5190 -0.8548
vn 0.3071 -0.5169 -0.7990
vn 0.8820 -0.1645 -0.4417
vn 0.5178 -0.8421 -0.1512
vn 0.3651 -0.7230 -0.5865
vn -0.5049 0.0271 -0.8628
vn -0.5178 -0.8421 -0.1512
vn -0.8820 -0.1644 -0.4416
vn -0.9253 -0.0288 0.3781
vn -0.0002 -0.5185 0.8551
vn -0.8552 0.3664 0.3667
vn 0.0759 -0.9386 -0.3367
vn 0.0002 -0.5183 -0.8552
vn -0.9253 -0.0280 -0.3781
vn 0.0007 -0.5178 0.8555
vn -0.3085 -0.5149 0.7998
vn -0.8817 -0.1635 0.4426
vn -0.5140 -0.8441 0.1527
vn -0.3618 -0.7242 0.5870
vn -0.5016 0.0273 0.8647
vn -0.7060 -0.0000 0.7082
vn -0.8925 -0.0000 0.4511
vn 0.7059 0.0000 0.7083
vn 0.5014 0.0273 0.8648
vn 0.8924 0.0000 0.4512
vn 0.3616 -0.7243 0.5871
vn 0.5138 -0.8442 0.1527
vn 0.3086 -0.5149 0.7998
vn 0.9253 -0.0279 -0.3782
vn 0.0002 -0.5185 0.8551
vn 0.3071 -0.5170 -0.7990
vn 0.5179 -0.8420 -0.1512
vn 0.3653 -0.7229 -0.5865
vn 0.7957 -0.4164 -0.4398
vn 0.5050 0.0270 -0.8627
vn 0.7083 -0.0000 -0.7059
vn 0.8936 -0.0000 -0.4488
vn -0.7083 -0.0000 -0.7059
vn -0.5050 0.0270 -0.8627
vn -0.8936 -0.0000 -0.4488
vn -0.7957 -0.4164 -0.4397
vn -0.3653 -0.7228 -0.5866
vn -0.5179 -0.8420 -0.1512
vn -0.3071 -0.5170 -0.7990
vn -0.0007 -0.5190 -0.8547
vn -0.9253 -0.0279 -0.3782
vn -0.3086 -0.5148 0.7998
vn -0.5138 -0.8442 0.1527
vn -0.3616 -0.7244 0.5870
vn -0.7944 -0.4177 0.4410
vn -0.5014 0.0273 0.8648
vn -0.7059 0.0000 0.7083
vn -0.8924 0.0000 0.4512
vn 0.3086 -0.5148 0.7998
vn 0.8820 -0.1644 -0.4416
vn 0.5178 -0.8420 -0.1512
vn -0.5050 0.0271 -0.8627
vn -0.3653 -0.7229 -0.5865
vn -0.5178 -0.8420 -0.1512
vn -0.0008 -0.5190 -0.8547
vn -0.8552 0.3664 0.3666
vn -0.9253 -0.0279 -0.3781
vn -0.3086 -0.5149 0.7998
vn -0.3616 -0.7243 0.5870
vn 0.3616 -0.7243 0.5870
vn 0.8552 0.3664 0.3667
vn 0.8551 0.3668 -0.3665
vn 0.0008 -0.5191 -0.8547
vn 0.5178 -0.8420 -0.1513
vn 0.3652 -0.7229 -0.5865
vn -0.3652 -0.7229 -0.5865
vn -0.6521 -0.5213 -0.5505
vn -0.3710 -0.3710 -0.8513
vn -0.5821 -0.5821 -0.5677
vn -0.5774 -0.5774 0.5773
vn -0.8518 0.0000 -0.5239
vn -0.8817 -0.1634 0.4425
vn -0.5015 0.0273 0.8648
vn 0.5050 0.0271 -0.8627
vn -0.7958 -0.4164 -0.4398
vn -0.5180 -0.8419 -0.1512
vn -0.8820 -0.1645 -0.4416
vn 0.0757 -0.9386 0.3366
vn 0.3617 -0.7243 0.5871
vn 0.5139 -0.8442 0.1527
vn 0.3070 -0.5170 -0.7990
vn -0.0008 -0.5190 -0.8548
vn -0.0008 -0.5178 0.8555
vn -0.0003 -0.5183 -0.8552
vn -0.0759 -0.9385 -0.3367
vn 0.0001 -0.5186 0.8550
vn 0.0008 -0.5190 -0.8547
vn 0.3652 -0.7230 -0.5865
vn -0.3072 -0.5169 -0.7990
vn -0.0009 -0.5191 -0.8547
vn -0.0001 -0.5186 0.8550
vn -0.5139 -0.8442 0.1527
vn -0.3617 -0.7243 0.5870
vn -0.5015 0.0273 0.8647
vn 0.3615 -0.7243 0.5871
vn 0.8817 -0.1636 0.4426
vn -0.0001 -0.5183 -0.8552
vn 0.8551 0.3665 0.3666
vn 0.9744 -0.2250 0.0000
vn 0.9253 -0.0287 0.3781
vn 0.8820 -0.1645 -0.4416
vn 0.7958 -0.4164 -0.4397
vn -0.7957 -0.4164 -0.4398
vn -0.5179 -0.8419 -0.1513
vn -0.3070 -0.5170 -0.7990
vn -0.0006 -0.5191 -0.8547
vn -0.8820 -0.1645 -0.4417
vn -0.8551 0.3668 -0.3665
vn 0.0008 -0.5178 0.8555
vn -0.3616 -0.7243 0.5871
vn 0.8817 -0.1634 0.4426
vn 0.3654 -0.7229 -0.5865
vn 0.7957 -0.4164 -0.4397
vn -0.8551 0.3664 0.3667
vn 0.0760 -0.9386 -0.3366
vn 0.0003 -0.5183 -0.8552
vn 0.0007 -0.5177 0.8555
vn -0.8817 -0.1634 0.4426
vn -0.8924 0.0000 0.4511
vn 0.8551 0.3670 -0.3663
vn -0.0759 -0.9386 0.3366
vn 0.0004 -0.5185 0.8551
vn 0.9253 -0.0291 0.3782
vn 0.0011 -0.5190 -0.8548
vn 0.3068 -0.5173 -0.7989
vn 0.8822 -0.1649 -0.4411
vn 0.5189 -0.8414 -0.1508
vn 0.3664 -0.7223 -0.5865
vn 0.7962 -0.4161 -0.4393
vn 0.5059 0.0269 -0.8622
vn 0.7090 0.0000 -0.7052
vn 0.8940 -0.0000 -0.4481
vn -0.7062 0.0000 -0.7080
vn -0.5021 0.0275 -0.8644
vn -0.8926 0.0000 -0.4508
vn -0.3618 -0.7245 -0.5867
vn -0.5148 -0.8437 -0.1523
vn -0.3075 -0.5160 -0.7995
vn 0.0005 -0.5190 -0.8547
vn -0.8815 -0.1632 -0.4432
vn -0.9254 -0.0280 0.3781
vn 0.0006 -0.5186 0.8550
vn -0.8551 0.3662 -0.3671
vn -0.2210 0.0000 -0.9753
vn 0.0236 0.2017 -0.9792
vn -0.2136 0.0000 -0.9769
vn -0.2305 0.0037 -0.9731
vn -0.5230 0.0728 -0.8492
vn -0.1146 -0.2499 -0.9615
vn 0.4717 0.4481 -0.7594
vn 0.5735 0.1329 -0.8084
vn 0.8256 -0.2244 -0.5177
vn 0.4769 -0.5133 -0.7135
vn 0.4587 0.0546 -0.8869
vn 0.7923 -0.3322 -0.5117
vn 0.9370 0.2148 0.2755
vn 0.9933 0.0591 -0.0991
vn 0.8915 -0.2624 -0.3694
vn 0.9295 -0.0807 -0.3599
vn 0.8339 -0.5389 0.1190
vn 0.6652 -0.7354 -0.1290
vn 0.8746 -0.3701 0.3132
vn 0.6498 -0.5097 0.5638
vn 0.8894 -0.2518 -0.3814
vn 0.2412 -0.0582 -0.9687
vn -0.2093 -0.8689 -0.4485
vn 0.1107 -0.6796 -0.7252
vn 0.6366 0.7119 -0.2965
vn 0.4109 0.7401 0.5323
vn 0.5501 0.6547 -0.5184
vn -0.2105 -0.0637 -0.9755
vn 0.5517 -0.0093 -0.8340
vn 0.3834 -0.1643 -0.9088
vn 0.4518 0.0718 -0.8892
vn 0.7195 -0.1619 -0.6753
vn 0.3025 0.0224 -0.9529
vn 0.4918 -0.7945 -0.3562
vn 0.7391 -0.1674 -0.6524
vn 0.5128 -0.7691 -0.3815
vn 0.7217 -0.1913 -0.6652
vn 0.8978 0.2830 -0.3374
vn 0.9581 0.0218 -0.2858
vn 0.9080 -0.1588 -0.3876
vn 0.7076 -0.0367 -0.7057
vn 0.9843 -0.0017 -0.1764
vn 0.4830 0.3106 -0.8187
vn 0.5929 0.5378 -0.5994
vn 0.5633 0.7504 -0.3458
vn -0.2210 -0.0000 0.9753
vn -0.3680 -0.2320 0.9004
vn -0.2215 -0.0007 0.9752
vn -0.2381 0.0021 0.9713
vn -0.4922 0.0671 0.8679
vn 0.1829 -0.1469 0.9721
vn -0.0113 -0.9445 0.3284
vn 0.0745 -0.9676 0.2412
vn 0.2725 -0.3196 0.9075
vn 0.1068 0.1695 0.9797
vn 0.6424 -0.2642 0.7194
vn 0.3390 0.5216 0.7830
vn 0.4847 -0.7800 -0.3958
vn 0.8029 -0.5695 -0.1760
vn 0.9124 -0.2783 0.3003
vn 0.8655 -0.0972 0.4914
vn 0.9851 0.0390 0.1678
vn 0.9606 -0.0028 0.2780
vn 0.9617 -0.1143 0.2492
vn 0.9641 -0.0000 0.2657
vn 0.9639 0.0009 0.2664
vn -0.4597 0.0000 0.8881
vn -0.5252 0.2881 0.8007
vn -0.3496 0.0000 0.9369
vn -0.4759 -0.7034 0.5280
vn -0.7150 -0.4063 0.5690
vn -0.5184 -0.1331 0.8447
vn 0.4928 -0.5197 0.6979
vn 0.3942 -0.6403 0.6592
vn -0.3160 -0.4391 0.8410
vn -0.4673 -0.4274 0.7739
vn -0.4515 -0.0352 0.8916
vn -0.6638 -0.2404 0.7082
vn -0.3605 0.4034 0.8410
vn -0.4390 0.3256 0.8374
vn -0.4882 -0.1197 0.8645
vn -0.7155 -0.1647 0.6790
vn -0.8389 0.1897 0.5103
vn -0.8047 0.0804 0.5882
vn -0.6806 -0.0535 0.7307
vn -0.7851 -0.0000 0.6193
vn -0.7812 -0.0000 0.6243
vn 0.7075 0.7067 -0.0001
vn 0.9557 0.2324 0.1804
vn 0.2598 0.9657 -0.0001
vn 0.2566 -0.0001 -0.9665
vn 0.9491 -0.0588 -0.3096
vn 0.6722 -0.1728 -0.7200
vn 0.4757 0.4039 -0.7814
vn 0.8892 0.4130 -0.1970
vn 0.5714 0.0226 -0.8204
vn 0.2912 -0.7638 -0.5760
vn 0.5640 -0.7913 -0.2360
vn 0.9222 0.3635 -0.1321
vn -0.2109 -0.9684 0.1334
vn -0.5701 -0.7672 -0.2939
vn -0.7613 -0.3888 -0.5189
vn -0.4530 -0.5591 -0.6944
vn -0.2279 -0.7864 -0.5741
vn -0.3346 -0.3347 -0.8809
vn -0.8547 0.0083 0.5190
vn -0.8805 0.4648 -0.0931
vn 0.8857 -0.0015 0.4643
vn 0.8782 0.0229 0.4778
vn 0.8807 -0.0015 0.4737
vn 0.8914 0.0011 0.4532
vn 0.9089 0.0034 0.4171
vn 0.7217 -0.1913 0.6652
vn -0.0484 0.0581 0.9971
vn 0.0280 0.0209 0.9994
vn 0.7195 -0.1619 0.6753
vn 0.7391 -0.1675 0.6524
vn 0.5968 -0.6034 0.5288
vn 0.4192 -0.5874 0.6923
vn 0.4787 -0.5350 0.6962
vn 0.9282 -0.3585 0.0991
vn 0.4509 -0.8446 0.2886
vn 0.1567 0.0161 0.9875
vn 0.5584 0.1135 0.8217
vn 0.4635 0.0029 0.8861
vn 0.3384 -0.0037 0.9410
vn 0.4911 0.0388 0.8702
vn 0.5055 0.0727 0.8597
vn -0.4751 0.0796 -0.8763
vn -0.6392 -0.1821 -0.7471
vn -0.4597 0.2644 -0.8478
vn -0.8380 0.2505 -0.4848
vn -0.5988 -0.0519 -0.7993
vn -0.8179 0.4538 -0.3537
vn -0.5725 -0.1799 -0.7999
vn -0.2485 -0.6135 -0.7496
vn -0.5047 -0.6126 -0.6083
vn -0.6160 -0.4105 -0.6723
vn -0.6207 -0.0651 -0.7813
vn -0.6006 -0.5457 -0.5843
vn -0.1950 -0.4002 -0.8955
vn 0.1382 -0.1434 -0.9800
vn 0.3600 -0.6410 -0.6779
vn -0.0968 -0.7098 -0.6977
vn -0.5933 -0.2053 -0.7783
vn 0.0003 -0.6408 -0.7677
vn 0.2788 0.2089 -0.9374
vn 0.5356 -0.0000 -0.8445
vn 0.9324 -0.0000 -0.3615
vn -0.0773 -0.0000 0.9970
vn 0.6010 -0.0750 0.7957
vn -0.7210 -0.0001 0.6930
vn 0.3698 0.8685 -0.3302
vn 0.8937 0.0294 0.4476
vn 0.7202 0.6655 -0.1961
vn 0.2062 0.8973 0.3903
vn 0.8101 0.3592 0.4633
vn 0.5675 0.8208 0.0655
vn 0.9518 0.0085 -0.3065
vn 0.9302 -0.0416 0.3647
vn 0.9811 -0.1776 -0.0773
vn 0.9406 0.3354 -0.0534
vn 0.9516 -0.0000 0.3075
vn 0.9836 0.0247 -0.1788
vn 0.5946 -0.7968 0.1070
vn 0.8264 -0.3149 0.4668
vn 0.8233 -0.5156 0.2375
vn -0.4366 -0.0602 -0.8976
vn 0.2752 0.0000 -0.9614
vn 0.0482 0.8145 -0.5781
vn -0.5497 0.4611 -0.6965
vn 0.0809 0.9635 -0.2552
vn 0.2201 0.5516 -0.8045
vn -0.6233 0.2008 -0.7558
vn 0.5954 0.7065 -0.3825
vn -0.7700 -0.0146 0.6379
vn -0.7518 -0.0945 -0.6526
vn -0.9951 -0.0963 0.0238
vn -0.7103 0.5400 0.4514
vn -0.9801 -0.0000 -0.1983
vn -0.9909 0.0134 0.1337
vn -0.7985 -0.4922 0.3467
vn -0.9488 -0.3158 0.0034
vn -0.9246 -0.3553 0.1372
vn 0.8324 -0.0826 0.5480
vn -0.4435 0.0000 0.8963
vn 0.2585 0.8747 -0.4100
vn 0.9883 0.0372 0.1481
vn 0.6629 0.6198 -0.4201
vn 0.2081 0.9508 0.2297
vn 0.9002 0.3992 0.1738
vn 0.4429 0.8825 -0.1579
vn 0.7456 -0.0018 -0.6664
vn 0.9986 -0.0486 0.0218
vn 0.8628 -0.2119 -0.4590
vn 0.8342 0.3748 -0.4045
vn 1.0000 0.0000 -0.0013
vn 0.8186 0.0308 -0.5735
vn 0.3989 -0.9140 -0.0739
vn 0.9116 -0.3645 0.1898
vn 0.7826 -0.6216 -0.0348
vn -0.4531 -0.0001 -0.8915
vn -0.7406 -0.0533 -0.6698
vn -0.1649 -0.0001 -0.9863
vn -0.2064 0.7945 -0.5711
vn -0.7577 0.4281 -0.4926
vn -0.0760 0.9367 -0.3417
vn -0.2197 0.5174 -0.8271
vn -0.8493 0.1967 -0.4899
vn 0.2172 0.7549 -0.6189
vn -0.6900 -0.0067 0.7238
vn -0.9126 -0.0777 -0.4013
vn -0.9707 -0.0925 0.2218
vn -0.6710 0.4612 0.5805
vn -0.9997 0.0001 -0.0249
vn -0.9444 0.0119 0.3285
vn -0.6606 -0.5435 0.5180
vn -0.9208 -0.3254 0.2152
vn -0.8614 -0.3818 0.3351
vn 0.5269 -0.0000 0.8499
vn 0.9447 -0.0959 0.3136
vn -0.0438 0.0000 0.9990
vn 0.1249 0.8950 -0.4282
vn 0.9876 0.1564 -0.0115
vn 0.5995 0.6045 -0.5245
vn 0.1474 0.9836 0.1042
vn 0.8992 0.4322 0.0677
vn 0.2773 0.9366 -0.2143
vn 0.4997 -0.0080 -0.8662
vn 0.9824 -0.0517 -0.1795
vn 0.6832 -0.2707 -0.6782
vn 0.6801 0.4172 -0.6029
vn 0.9788 -0.0000 -0.2049
vn 0.5933 0.0377 -0.8041
vn 0.2375 -0.9641 -0.1187
vn 0.9094 -0.4006 0.1123
vn 0.7020 -0.6982 -0.1403
vn -0.8654 -0.0525 -0.4984
vn -0.3964 -0.0000 -0.9181
vn -0.3377 0.7894 -0.5127
vn -0.8361 0.4068 -0.3681
vn -0.2343 0.9313 -0.2791
vn -0.3996 0.5405 -0.7403
vn -0.9322 0.1211 -0.3410
vn -0.0069 0.7821 -0.6231
vn -0.4823 -0.0063 0.8760
vn -0.9817 -0.0826 -0.1715
vn -0.9197 -0.1150 0.3753
vn -0.4760 0.4345 0.7646
vn -0.9763 0.0000 0.2166
vn -0.8181 0.0166 0.5749
vn -0.4595 -0.5707 0.6806
vn -0.8268 -0.3623 0.4302
vn -0.7273 -0.4144 0.5472
vn 0.7301 0.0000 0.6834
vn 0.9942 -0.0884 0.0610
vn 0.2063 0.0000 0.9785
vn 0.0111 0.8970 -0.4419
vn 0.9512 0.1457 -0.2721
vn 0.3750 0.6654 -0.6454
vn 0.3216 0.9439 0.0753
vn 0.8958 0.3978 -0.1983
vn 0.3267 0.8941 -0.3065
vn 0.4036 0.0015 -0.9149
vn 0.9271 -0.0485 -0.3718
vn 0.6002 -0.2146 -0.7705
vn 0.5909 0.3852 -0.7088
vn 0.9143 -0.0000 -0.4050
vn 0.5134 0.0304 -0.8576
vn 0.3448 -0.9104 -0.2287
vn 0.9131 -0.3564 -0.1982
vn 0.7066 -0.6184 -0.3439
vn -0.6801 -0.0000 -0.7331
vn -0.9190 -0.0476 -0.3913
vn -0.3537 -0.0000 -0.9354
vn -0.2933 0.8525 -0.4327
vn -0.8777 0.4616 -0.1288
vn -0.0515 0.9805 -0.1897
vn -0.5849 0.4851 -0.6500
vn -0.9833 0.1625 -0.0819
vn -0.0537 0.8063 -0.5890
vn -0.1437 0.0017 0.9896
vn -0.9899 -0.0843 0.1142
vn -0.7152 -0.1204 0.6885
vn -0.2752 0.4858 0.8296
vn -0.8932 0.0000 0.4497
vn -0.6168 0.0165 0.7869
vn -0.1879 -0.6226 0.7596
vn -0.6704 -0.4016 0.6239
vn -0.5248 -0.4606 0.7159
vn 0.7307 -0.0000 0.6827
vn 0.9942 -0.0884 0.0606
vn 0.2077 -0.0000 0.9782
vn 0.0125 0.8970 -0.4419
vn 0.9512 0.1455 -0.2721
vn 0.3760 0.6649 -0.6454
vn 0.3212 0.9441 0.0748
vn 0.3266 0.8941 -0.3064
vn 0.9270 -0.0485 -0.3718
vn 0.9130 -0.3565 -0.1982
vn -0.6815 0.0000 -0.7318
vn -0.9195 -0.0476 -0.3901
vn -0.3557 0.0000 -0.9346
vn -0.2955 0.8519 -0.4323
vn -0.8783 0.4608 -0.1279
vn -0.0540 0.9804 -0.1896
vn -0.5839 0.4863 -0.6501
vn -0.9833 0.1624 -0.0818
vn -0.0534 0.8062 -0.5892
vn -0.1444 0.0016 0.9895
vn -0.9899 -0.0842 0.1143
vn -0.7152 -0.1204 0.6884
vn -0.8932 0.0000 0.4498
vn -0.1880 -0.6226 0.7596
vn -0.6705 -0.4016 0.6239
vn -0.5248 -0.4605 0.7159
vn -0.1550 -0.0857 0.9842
vn -0.9963 0.0000 0.0863
vn 0.4460 0.8925 0.0669
vn 0.2008 0.1196 0.9723
vn 0.6148 0.6574 0.4358
vn -0.1071 0.9431 0.3149
vn 0.1360 0.3960 0.9081
vn 0.2860 0.8882 0.3596
vn 0.8750 0.0011 0.4840
vn 0.3002 -0.0486 0.9526
vn 0.7165 -0.2078 0.6660
vn 0.6569 0.3806 0.6509
vn 0.3361 -0.0000 0.9418
vn 0.8078 0.0297 0.5887
vn 0.2100 -0.9030 0.3748
vn 0.1341 -0.3550 0.9252
vn 0.2969 -0.6094 0.7352
vn 0.7373 0.0000 -0.6756
vn 0.3976 -0.0514 -0.9161
vn 0.9296 0.0000 -0.3687
vn 0.4331 0.8556 -0.2835
vn 0.1732 0.4596 -0.8711
vn 0.1847 0.9793 -0.0826
vn 0.6723 0.5222 -0.5247
vn 0.1472 0.1700 -0.9744
vn 0.5852 0.8105 -0.0259
vn -0.9706 -0.0002 -0.2409
vn -0.0428 -0.0844 -0.9955
vn -0.6306 -0.1095 -0.7683
vn -0.8012 0.4836 -0.3524
vn -0.4073 -0.0000 -0.9133
vn -0.7264 0.0151 -0.6871
vn -0.7534 -0.5733 -0.3220
vn -0.5766 -0.3650 -0.7309
vn -0.6748 -0.4168 -0.6090
vn -0.7386 0.0000 0.6742
vn -0.1278 -0.0868 0.9880
vn -0.9947 -0.0000 0.1025
vn 0.4551 0.8899 0.0299
vn 0.2192 0.1264 0.9675
vn 0.6341 0.6548 0.4112
vn -0.0902 0.9443 0.3166
vn 0.1605 0.3942 0.9049
vn 0.3081 0.8820 0.3566
vn 0.8924 0.0023 0.4512
vn 0.3344 -0.0476 0.9412
vn 0.7406 -0.2163 0.6362
vn 0.6804 0.3774 0.6282
vn 0.3577 -0.0000 0.9338
vn 0.8328 0.0306 0.5528
vn 0.2082 -0.9133 0.3499
vn 0.1509 -0.3578 0.9215
vn 0.3062 -0.6217 0.7209
vn 0.7405 0.0000 -0.6720
vn 0.4046 -0.0502 -0.9131
vn 0.9334 -0.0000 -0.3589
vn 0.4402 0.8505 -0.2879
vn 0.1684 0.4593 -0.8722
vn 0.1882 0.9793 -0.0742
vn 0.6732 0.5083 -0.5370
vn 0.1302 0.1622 -0.9781
vn 0.5923 0.8053 -0.0251
vn -0.9812 0.0001 -0.1930
vn -0.0655 -0.0842 -0.9943
vn -0.6525 -0.1203 -0.7482
vn -0.8150 0.4856 -0.3162
vn -0.4051 -0.0000 -0.9143
vn -0.7553 0.0164 -0.6551
vn -0.7495 -0.6224 -0.2257
vn -0.5902 -0.4013 -0.7004
vn -0.6891 -0.4603 -0.5597
vn -0.1431 -0.0864 0.9859
vn -0.9958 0.0000 0.0911
vn 0.4445 0.8938 0.0604
vn 0.2199 0.1156 0.9686
vn 0.6241 0.6526 0.4297
vn -0.1126 0.9462 0.3033
vn 0.1541 0.3981 0.9043
vn 0.2884 0.8950 0.3402
vn 0.8940 0.0000 0.4481
vn 0.3260 -0.0486 0.9441
vn 0.7403 -0.2149 0.6370
vn 0.6791 0.3854 0.6247
vn 0.3596 0.0000 0.9331
vn 0.8318 0.0304 0.5543
vn 0.2110 -0.9110 0.3543
vn 0.1527 -0.3568 0.9216
vn 0.3086 -0.6191 0.7222
vn 0.4044 -0.0503 -0.9132
vn 0.9333 -0.0000 -0.3592
vn 0.4401 0.8505 -0.2879
vn 0.1683 0.4593 -0.8722
vn 0.1882 0.9793 -0.0744
vn 0.6732 0.5085 -0.5368
vn 0.5923 0.8053 -0.0249
vn -0.9812 0.0000 -0.1931
vn -0.0654 -0.0842 -0.9943
vn -0.6523 -0.1204 -0.7484
vn -0.8151 0.4856 -0.3160
vn -0.7554 0.0164 -0.6551
vn -0.7495 -0.6225 -0.2255
vn -0.5902 -0.4014 -0.7004
vn -0.6891 -0.4604 -0.5596
vn -0.1019 -0.0907 0.9906
vn -0.9999 0.0000 -0.0158
vn 0.4639 0.8852 -0.0342
vn 0.3514 0.0538 0.9347
vn 0.6939 0.6320 0.3451
vn -0.1642 0.9472 0.2755
vn 0.2814 0.4089 0.8681
vn 0.3293 0.9073 0.2614
vn 0.9695 -0.0021 0.2452
vn 0.4888 -0.0491 0.8710
vn 0.8510 -0.2479 0.4629
vn 0.7848 0.3952 0.4774
vn 0.5045 -0.0000 0.8634
vn 0.9363 0.0346 0.3495
vn 0.2170 -0.9463 0.2397
vn 0.2366 -0.3822 0.8933
vn 0.3828 -0.6675 0.6387
vn 0.5404 0.0000 -0.8414
vn 0.1365 -0.0533 -0.9892
vn 0.7999 0.0000 -0.6001
vn 0.3472 0.8729 -0.3427
vn -0.0409 0.4759 -0.8785
vn 0.1457 0.9836 -0.1061
vn 0.4700 0.4985 -0.7284
vn -0.1204 0.1454 -0.9820
vn 0.5123 0.8216 -0.2501
vn -0.9983 0.0061 0.0574
vn -0.3298 -0.0803 -0.9406
vn -0.8121 -0.1229 -0.5704
vn -0.8753 0.4653 -0.1315
vn -0.6068 -0.0000 -0.7949
vn -0.8916 0.0166 -0.4525
vn -0.7760 -0.6302 -0.0244
vn -0.7383 -0.4094 -0.5361
vn -0.8010 -0.4690 -0.3721
vn -0.4942 0.0000 0.8693
vn 0.2145 -0.0863 0.9729
vn -0.9632 0.0000 0.2687
vn 0.4163 0.8922 -0.1750
vn 0.6439 0.0331 0.7644
vn 0.7424 0.6677 0.0547
vn -0.0588 0.9088 0.4131
vn 0.5850 0.3845 0.7141
vn 0.4399 0.8792 0.1831
vn 0.9998 0.0036 -0.0192
vn 0.7352 -0.0469 0.6762
vn 0.9515 -0.2295 0.2051
vn 0.8960 0.3785 0.2323
vn 0.7520 -0.0000 0.6592
vn 0.9962 0.0320 0.0816
vn 0.3649 -0.9076 0.2075
vn 0.5632 -0.3548 0.7463
vn 0.6032 -0.6234 0.4975
vn 0.2419 -0.0000 -0.9703
vn -0.1624 -0.0556 -0.9852
vn 0.5488 0.0000 -0.8360
vn 0.2163 0.8438 -0.4911
vn -0.2844 0.4493 -0.8469
vn 0.0846 0.9750 -0.2055
vn 0.3245 0.5504 -0.7692
vn -0.3720 0.1686 -0.9128
vn 0.4947 0.8112 -0.3118
vn -0.9558 -0.0028 0.2941
vn -0.5397 -0.0836 -0.8377
vn -0.9292 -0.1386 -0.3425
vn -0.8679 0.4830 0.1157
vn -0.7577 0.0000 -0.6526
vn -0.9814 0.0188 -0.1910
vn -0.6687 -0.6973 0.2579
vn -0.8289 -0.4599 -0.3184
vn -0.8368 -0.5339 -0.1214
vn -0.7995 0.0000 0.6006
vn -0.2262 -0.0851 0.9704
vn -0.9997 -0.0000 0.0250
vn 0.4551 0.8857 0.0917
vn 0.1120 0.1293 0.9853
vn 0.5779 0.6536 0.4887
vn -0.1029 0.9430 0.3165
vn 0.0483 0.3931 0.9182
vn 0.2632 0.8756 0.4049
vn 0.8236 0.0025 0.5672
vn 0.2187 -0.0472 0.9747
vn 0.6492 -0.2053 0.7324
vn 0.5932 0.3708 0.7146
vn 0.2504 0.0000 0.9681
vn 0.7463 0.0293 0.6650
vn 0.1788 -0.8970 0.4044
vn 0.0485 -0.3526 0.9345
vn 0.2306 -0.6030 0.7637
vn 0.8253 -0.0000 -0.5646
vn 0.5091 -0.0468 -0.8594
vn 0.9781 0.0000 -0.2080
vn 0.4454 0.8725 -0.2011
vn 0.2572 0.4620 -0.8487
vn 0.1606 0.9868 -0.0204
vn 0.7040 0.4802 -0.5233
vn 0.2232 0.1617 -0.9613
vn 0.5474 0.8358 -0.0429
vn -0.9414 0.0059 -0.3374
vn 0.0282 -0.0816 -0.9963
vn -0.5503 -0.1312 -0.8246
vn -0.7632 0.4679 -0.4456
vn -0.2442 0.0000 -0.9697
vn -0.6740 0.0181 -0.7385
vn -0.6941 -0.6832 -0.2270
vn -0.4853 -0.4414 -0.7548
vn -0.6052 -0.5130 -0.6087
vn -0.7997 0.0000 0.6004
vn -0.2295 -0.0879 0.9693
vn -1.0000 -0.0000 0.0050
vn 0.4275 0.9004 0.0815
vn 0.1327 0.1289 0.9827
vn 0.5816 0.6755 0.4532
vn -0.1579 0.9359 0.3148
vn 0.0751 0.3962 0.9151
vn 0.2514 0.8948 0.3689
vn 0.8396 0.0019 0.5432
vn 0.2244 -0.0494 0.9732
vn 0.6685 -0.2127 0.7127
vn 0.6088 0.3870 0.6925
vn 0.2569 0.0000 0.9664
vn 0.7676 0.0304 0.6402
vn 0.1713 -0.9130 0.3701
vn 0.0689 -0.3564 0.9318
vn 0.2336 -0.6203 0.7488
vn 0.8082 -0.0000 -0.5890
vn 0.4987 -0.0512 -0.8653
vn 0.9676 -0.0000 -0.2524
vn 0.4709 0.8513 -0.2313
vn 0.2487 0.4677 -0.8482
vn 0.2085 0.9778 -0.0225
vn 0.7275 0.4983 -0.4716
vn 0.2185 0.1804 -0.9590
vn 0.6021 0.7965 0.0555
vn -0.9528 0.0001 -0.3035
vn 0.0454 -0.0861 -0.9953
vn -0.5734 -0.1126 -0.8115
vn -0.7749 0.4935 -0.3950
vn -0.3300 -0.0000 -0.9440
vn -0.6777 0.0156 -0.7351
vn -0.7256 -0.5918 -0.3511
vn -0.5205 -0.3764 -0.7664
vn -0.6287 -0.4315 -0.6469
vn -0.7923 0.0000 0.6101
vn -0.2053 -0.0839 0.9751
vn -1.0000 -0.0000 0.0012
vn 0.4619 0.8843 0.0690
vn 0.1639 0.1055 0.9808
vn 0.6032 0.6578 0.4510
vn -0.1191 0.9361 0.3309
vn 0.1050 0.3883 0.9155
vn 0.2866 0.8691 0.4032
vn 0.8473 0.0035 0.5310
vn 0.2687 -0.0468 0.9621
vn 0.6818 -0.1998 0.7038
vn 0.6267 0.3673 0.6873
vn 0.3024 -0.0000 0.9532
vn 0.7731 0.0286 0.6337
vn 0.2063 -0.8879 0.4112
vn 0.1071 -0.3472 0.9317
vn 0.2759 -0.5929 0.7565
vn 0.7810 -0.0000 -0.6245
vn 0.4509 -0.0497 -0.8912
vn 0.9551 -0.0000 -0.2962
vn 0.4401 0.8646 -0.2423
vn 0.2206 0.4596 -0.8603
vn 0.1673 0.9841 -0.0590
vn 0.6877 0.5097 -0.5170
vn 0.1894 0.1639 -0.9681
vn 0.5617 0.8268 -0.0313
vn -0.9581 0.0026 -0.2864
vn -0.0067 -0.0830 -0.9965
vn -0.5904 -0.1235 -0.7976
vn -0.7836 0.4761 -0.3991
vn -0.3231 0.0000 -0.9464
vn -0.7028 0.0170 -0.7112
vn -0.7239 -0.6360 -0.2674
vn -0.5275 -0.4109 -0.7436
vn -0.6395 -0.4720 -0.6068
vn -0.2465 -0.0834 0.9655
vn -0.9960 0.0000 -0.0888
vn 0.4447 0.8888 0.1109
vn 0.1706 0.0626 0.9833
vn 0.5999 0.6469 0.4709
vn -0.1762 0.9378 0.2992
vn 0.1211 0.3941 0.9111
vn 0.2740 0.8889 0.3673
vn 0.8624 -0.0005 0.5063
vn 0.2765 -0.0487 0.9598
vn 0.7013 -0.2112 0.6808
vn 0.6412 0.3814 0.6659
vn 0.3078 -0.0000 0.9515
vn 0.7960 0.0302 0.6046
vn 0.1941 -0.9092 0.3683
vn 0.1077 -0.3573 0.9278
vn 0.2728 -0.6163 0.7387
vn 0.4215 -0.0523 -0.9053
vn 0.9379 -0.0000 -0.3470
vn 0.4441 0.8540 -0.2708
vn 0.1999 0.4602 -0.8650
vn 0.1877 0.9794 -0.0747
vn 0.6891 0.5233 -0.5013
vn 0.1708 0.1733 -0.9700
vn 0.5879 0.8089 0.0005
vn -0.9651 -0.0006 -0.2618
vn -0.0137 -0.0850 -0.9963
vn -0.6110 -0.1160 -0.7831
vn -0.7926 0.4867 -0.3672
vn -0.3624 -0.0000 -0.9320
vn -0.7143 0.0160 -0.6996
vn -0.7356 -0.6124 -0.2896
vn -0.5533 -0.3889 -0.7366
vn -0.6569 -0.4480 -0.6065
vn -0.3325 -0.0860 0.9392
vn -0.9932 0.0000 -0.1163
vn 0.4270 0.8936 0.1386
vn 0.0336 0.1120 0.9931
vn 0.5331 0.6598 0.5295
vn -0.1774 0.9408 0.2888
vn -0.0166 0.3955 0.9183
vn 0.2198 0.8898 0.4000
vn 0.7839 0.0011 0.6209
vn 0.1362 -0.0486 0.9895
vn 0.6004 -0.2202 0.7687
vn 0.5409 0.3822 0.7492
vn 0.1575 0.0000 0.9875
vn 0.7096 0.0314 0.7039
vn 0.1288 -0.9224 0.3641
vn -0.0427 -0.3638 0.9305
vn 0.1505 -0.6322 0.7600
vn 0.8435 -0.0000 -0.5371
vn 0.5472 -0.0507 -0.8355
vn 0.9798 -0.0001 -0.2002
vn 0.4677 0.8610 -0.1999
vn 0.3261 0.4557 -0.8283
vn 0.1737 0.9828 -0.0631
vn 0.7451 0.5255 -0.4106
vn 0.3130 0.1587 -0.9364
vn 0.5629 0.8252 0.0469
vn -0.9199 0.0011 -0.3922
vn 0.1148 -0.0831 -0.9899
vn -0.4917 -0.1224 -0.8621
vn -0.7319 0.4772 -0.4863
vn -0.2056 0.0000 -0.9786
vn -0.6126 0.0168 -0.7902
vn -0.6847 -0.6414 -0.3459
vn -0.4379 -0.4105 -0.7999
vn -0.5632 -0.4742 -0.6767
vn -0.8445 0.0000 0.5355
vn -0.2977 -0.0860 0.9508
vn -0.9968 -0.0000 -0.0800
vn 0.4407 0.8909 0.1099
vn 0.0639 0.1184 0.9909
vn 0.5530 0.6643 0.5029
vn -0.1601 0.9376 0.3085
vn 0.0102 0.3926 0.9197
vn 0.2368 0.8813 0.4089
vn 0.7968 0.0028 0.6043
vn 0.1663 -0.0479 0.9849
vn 0.6157 -0.2109 0.7592
vn 0.5584 0.3762 0.7393
vn 0.1920 -0.0000 0.9814
vn 0.7184 0.0301 0.6950
vn 0.1485 -0.9085 0.3906
vn 0.0022 -0.3549 0.9349
vn 0.1832 -0.6153 0.7667
vn 0.7705 -0.0000 -0.6374
vn 0.4549 -0.0593 -0.8886
vn 0.9325 0.0000 -0.3613
vn 0.4642 0.8450 -0.2655
vn 0.2923 0.4512 -0.8432
vn 0.1984 0.9703 -0.1386
vn 0.7247 0.5772 -0.3764
vn 0.2857 0.1720 -0.9427
vn 0.5894 0.8044 0.0744
vn -0.9265 -0.0054 -0.3763
vn 0.1053 -0.0848 -0.9908
vn -0.5129 -0.1183 -0.8503
vn -0.7445 0.4864 -0.4573
vn -0.2413 0.0000 -0.9705
vn -0.6282 0.0163 -0.7779
vn -0.6950 -0.6243 -0.3567
vn -0.4606 -0.3972 -0.7938
vn -0.5802 -0.4583 -0.6733
vn -0.2391 -0.0863 0.9671
vn -0.9997 0.0000 0.0239
vn 0.4498 0.8886 0.0903
vn 0.0899 0.1422 0.9858
vn 0.5676 0.6609 0.4910
vn -0.1093 0.9414 0.3190
vn 0.0259 0.3937 0.9189
vn 0.2516 0.8779 0.4074
vn 0.8107 0.0031 0.5855
vn 0.1932 -0.0475 0.9800
vn 0.6324 -0.2079 0.7462
vn 0.5762 0.3728 0.7274
vn 0.2255 -0.0000 0.9742
vn 0.7324 0.0297 0.6802
vn 0.1665 -0.9006 0.4014
vn 0.0167 -0.3560 0.9343
vn 0.2085 -0.6074 0.7666
vn 0.7743 -0.0000 -0.6328
vn 0.4523 -0.0578 -0.8900
vn 0.9387 -0.0000 -0.3448
vn 0.4560 0.8546 -0.2485
vn 0.2782 0.4579 -0.8444
vn 0.1861 0.9762 -0.1109
vn 0.7144 0.5585 -0.4215
vn 0.2608 0.1690 -0.9505
vn 0.5811 0.8130 0.0376
vn -0.9363 -0.0024 -0.3511
vn 0.0752 -0.0841 -0.9936
vn -0.5333 -0.1176 -0.8377
vn -0.7545 0.4825 -0.4450
vn -0.2681 -0.0000 -0.9634
vn -0.6459 0.0162 -0.7633
vn -0.7047 -0.6179 -0.3488
vn -0.4797 -0.3938 -0.7841
vn -0.5962 -0.4534 -0.6625
vn 0.8592 0.0000 -0.5116
vn 0.5729 -0.0493 -0.8181
vn 0.9867 0.0000 -0.1628
vn 0.4785 0.8580 -0.1867
vn 0.3346 0.4599 -0.8225
vn 0.1857 0.9821 -0.0329
vn 0.7566 0.5016 -0.4195
vn 0.3138 0.1585 -0.9362
vn 0.5736 0.8173 0.0553
vn -0.9216 0.0021 -0.3881
vn 0.1210 -0.0828 -0.9892
vn -0.4907 -0.1203 -0.8630
vn -0.7346 0.4779 -0.4816
vn -0.2154 -0.0000 -0.9765
vn -0.6101 0.0164 -0.7921
vn -0.6897 -0.6223 -0.3702
vn -0.4393 -0.4013 -0.8037
vn -0.5642 -0.4602 -0.6855
vn -0.9669 -0.0662 -0.2463
vn -0.2560 -0.0000 -0.9667
vn -0.2591 0.9659 -0.0000
vn -0.9418 0.2946 0.1618
vn -0.3237 0.9010 0.2887
vn -0.5253 0.7111 -0.4674
vn -0.9659 0.2588 0.0000
vn -0.2790 0.9457 -0.1667
vn -0.2588 0.0000 0.9659
vn -0.9630 -0.0644 0.2617
vn -0.6729 -0.1725 0.7194
vn -0.4471 0.4420 0.7777
vn -0.8930 -0.0000 0.4500
vn -0.5729 0.0226 0.8193
vn -0.2921 -0.7640 0.5753
vn -0.7951 -0.4170 0.4404
vn -0.6169 -0.5412 0.5715
vn 0.9676 -0.0664 0.2434
vn 0.2616 0.0000 0.9652
vn 0.3237 0.9010 -0.2887
vn 0.5251 0.7124 0.4655
vn 0.9659 0.2588 -0.0000
vn 0.2790 0.9457 0.1667
vn 0.2589 0.0000 -0.9659
vn 0.9630 -0.0644 -0.2618
vn 0.6729 -0.1726 -0.7193
vn 0.4471 0.4420 -0.7776
vn 0.8931 0.0000 -0.4499
vn 0.2920 -0.7641 -0.5752
vn 0.7950 -0.4171 -0.4404
vn 0.6168 -0.5413 -0.5715
vn -0.5253 0.7111 -0.4673
vn -0.2791 0.9457 -0.1666
vn -0.2589 0.0000 0.9659
vn -0.6729 -0.1725 0.7193
vn -0.4471 0.4420 0.7776
vn -0.5730 0.0226 0.8193
vn 0.2791 0.9457 0.1667
vn 0.2588 0.0000 -0.9659
vn 0.6729 -0.1726 -0.7194
vn 0.8930 0.0000 -0.4500
vn -0.9630 -0.0644 0.2618
vn -0.6168 -0.5412 0.5715
vn 0.2617 -0.0000 0.9651
vn 0.2585 0.9660 0.0000
vn 0.5251 0.7125 0.4655
vn 0.7951 -0.4171 -0.4404
vn -0.2791 0.9457 -0.1667
vn 0.2791 0.9457 0.1666
vn 0.7951 -0.4171 -0.4403
vn 0.6168 -0.5413 -0.5714
vn -0.2590 0.9659 -0.0000
vn -0.9630 -0.0643 0.2618
vn -0.4472 0.4420 0.7776
vn -0.4470 0.4420 0.7777
vn -0.5729 0.0227 0.8193
vn -0.2920 -0.7641 0.5753
vn -0.7951 -0.4171 0.4404
vn 0.9677 -0.0664 0.2433
vn 0.8931 -0.0000 -0.4500
vn -0.9418 0.2945 0.1618
vn 0.6728 -0.1726 -0.7194
vn -0.9669 -0.0663 -0.2464
vn -0.4471 0.4421 0.7776
vn 0.2590 -0.0001 -0.9659
vn 0.2789 0.9457 0.1668
vn 0.5246 0.7130 0.4651
vn 0.3249 0.9006 -0.2888
vn 0.9415 0.2957 -0.1615
vn 0.9678 -0.0664 0.2428
vn 0.2629 0.0000 0.9648
vn -0.5116 -0.0000 0.8592
vn 0.1512 -0.0861 0.9847
vn -0.9213 -0.0000 0.3889
vn 0.4437 0.8939 -0.0647
vn 0.4865 0.1197 0.8654
vn 0.7194 0.6537 0.2349
vn -0.0118 0.9462 0.3235
vn 0.4045 0.3980 0.8234
vn 0.3744 0.8938 0.2467
vn 0.9828 0.0000 0.1845
vn 0.5775 -0.0488 0.8149
vn 0.8882 -0.2121 0.4076
vn 0.8260 0.3845 0.4122
vn 0.6044 0.0000 0.7967
vn 0.9523 0.0302 0.3038
vn 0.3020 -0.9107 0.2818
vn 0.4160 -0.3550 0.8372
vn 0.5009 -0.6177 0.6062
vn 0.5191 -0.0000 -0.8547
vn 0.1150 -0.0491 -0.9921
vn 0.7974 0.0000 -0.6034
vn 0.3309 0.8670 -0.3725
vn -0.0941 0.4630 -0.8814
vn 0.1421 0.9847 -0.1008
vn 0.4506 0.4946 -0.7431
vn -0.1699 0.1615 -0.9721
vn 0.5054 0.8280 -0.2428
vn -0.9974 0.0042 0.0720
vn -0.3622 -0.0821 -0.9285
vn -0.8335 -0.1257 -0.5380
vn -0.8762 0.4719 -0.0981
vn -0.6300 0.0000 -0.7766
vn -0.9097 0.0172 -0.4148
vn -0.7626 -0.6465 0.0217
vn -0.7535 -0.4191 -0.5065
vn -0.8094 -0.4820 -0.3354
vn 0.1434 -0.0862 0.9859
vn -0.9233 0.0000 0.3840
vn 0.4459 0.8917 -0.0773
vn 0.4718 0.1284 0.8723
vn 0.7140 0.6600 0.2337
vn -0.0013 0.9420 0.3357
vn 0.3900 0.3947 0.8319
vn 0.3821 0.8848 0.2667
vn 0.9772 0.0019 0.2123
vn 0.5629 -0.0481 0.8251
vn 0.8780 -0.2162 0.4271
vn 0.8171 0.3781 0.4352
vn 0.5822 -0.0000 0.8131
vn 0.9460 0.0308 0.3228
vn 0.2871 -0.9160 0.2802
vn 0.3803 -0.3604 0.8517
vn 0.4788 -0.6245 0.6171
vn 0.4531 -0.0000 -0.8915
vn 0.0620 -0.0594 -0.9963
vn 0.7132 -0.0000 -0.7009
vn 0.3208 0.8461 -0.4258
vn -0.0719 0.4537 -0.8882
vn 0.1240 0.9718 -0.2007
vn 0.5128 0.5748 -0.6377
vn -0.1212 0.1661 -0.9786
vn 0.5720 0.8030 -0.1675
vn -0.9983 -0.0053 0.0578
vn -0.3137 -0.0850 -0.9457
vn -0.8203 -0.1228 -0.5586
vn -0.8668 0.4885 -0.1002
vn -0.6187 0.0000 -0.7856
vn -0.8977 0.0169 -0.4402
vn -0.7750 -0.6317 -0.0173
vn -0.7444 -0.4088 -0.5279
vn -0.8052 -0.4689 -0.3631
vn 0.1481 -0.0876 0.9851
vn -0.9256 0.0000 0.3785
vn 0.4385 0.8885 -0.1351
vn 0.4683 0.1498 0.8708
vn 0.7030 0.6866 0.1855
vn 0.0110 0.9238 0.3828
vn 0.3891 0.3850 0.8369
vn 0.4041 0.8637 0.3012
vn 0.9698 0.0076 0.2437
vn 0.5536 -0.0465 0.8315
vn 0.8653 -0.1971 0.4609
vn 0.8087 0.3656 0.4608
vn 0.5845 -0.0000 0.8114
vn 0.9297 0.0282 0.3673
vn 0.3305 -0.8822 0.3354
vn 0.3971 -0.3431 0.8512
vn 0.5009 -0.5869 0.6361
vn 0.4765 -0.0000 -0.8792
vn 0.0872 -0.0572 -0.9945
vn 0.7352 0.0000 -0.6778
vn 0.3261 0.8474 -0.4190
vn -0.0565 0.4500 -0.8913
vn 0.1223 0.9728 -0.1967
vn 0.5183 0.5715 -0.6362
vn -0.1021 0.1639 -0.9812
vn 0.5615 0.8103 -0.1676
vn -0.9996 -0.0044 0.0268
vn -0.2974 -0.0842 -0.9510
vn -0.8067 -0.1203 -0.5785
vn -0.8657 0.4839 -0.1277
vn -0.6045 0.0000 -0.7966
vn -0.8853 0.0165 -0.4647
vn -0.7809 -0.6226 -0.0502
vn -0.7343 -0.4008 -0.5478
vn -0.7986 -0.4599 -0.3882
vn 0.5088 0.0000 -0.8609
vn 0.1116 -0.0497 -0.9925
vn 0.7867 -0.0000 -0.6173
vn 0.3307 0.8569 -0.3955
vn -0.0974 0.4589 -0.8831
vn 0.1437 0.9819 -0.1233
vn 0.4699 0.5072 -0.7224
vn -0.1675 0.1566 -0.9734
vn 0.5342 0.8164 -0.2192
vn -0.9945 0.0016 0.1048
vn -0.3658 -0.0831 -0.9270
vn -0.8442 -0.1204 -0.5224
vn -0.8749 0.4794 -0.0683
vn -0.6573 0.0000 -0.7537
vn -0.9153 0.0165 -0.4024
vn -0.7826 -0.6225 0.0063
vn -0.7708 -0.4015 -0.4947
vn -0.8237 -0.4605 -0.3309
vn -0.5696 0.0000 0.8219
vn 0.1114 -0.0865 0.9900
vn -0.9464 -0.0000 0.3230
vn 0.4468 0.8858 -0.1256
vn 0.4486 0.1372 0.8831
vn 0.6999 0.6852 0.2016
vn -0.0060 0.9213 0.3889
vn 0.3730 0.3825 0.8453
vn 0.4034 0.8580 0.3180
vn 0.9628 0.0081 0.2701
vn 0.5360 -0.0461 0.8430
vn 0.8540 -0.2019 0.4795
vn 0.7976 0.3620 0.4824
vn 0.5590 -0.0000 0.8292
vn 0.9223 0.0288 0.3853
vn 0.3102 -0.8910 0.3315
vn 0.3640 -0.3483 0.8638
vn 0.4759 -0.5963 0.6464
vn 0.6061 -0.0000 -0.7954
vn 0.2151 -0.0471 -0.9755
vn 0.8625 0.0000 -0.5060
vn 0.3601 0.8699 -0.3369
vn -0.0204 0.4602 -0.8876
vn 0.1382 0.9871 -0.0806
vn 0.5149 0.4904 -0.7031
vn -0.0842 0.1544 -0.9844
vn 0.5149 0.8340 -0.1984
vn -1.0000 0.0048 0.0035
vn -0.2923 -0.0822 -0.9528
vn -0.7890 -0.1354 -0.5993
vn -0.8662 0.4719 -0.1644
vn -0.5429 0.0000 -0.8398
vn -0.8807 0.0186 -0.4733
vn -0.7254 -0.6877 0.0279
vn -0.7003 -0.4515 -0.5530
vn -0.7682 -0.5219 -0.3709
vn -0.5649 -0.0000 0.8252
vn 0.0712 -0.0873 0.9936
vn -0.9323 0.0000 0.3618
vn 0.4369 0.8995 0.0030
vn 0.3888 0.1406 0.9105
vn 0.6882 0.6487 0.3250
vn -0.0326 0.9549 0.2952
vn 0.3064 0.4055 0.8612
vn 0.3269 0.9087 0.2596
vn 0.9612 -0.0023 0.2759
vn 0.4828 -0.0504 0.8743
vn 0.8438 -0.2204 0.4893
vn 0.7783 0.3954 0.4878
vn 0.5134 0.0000 0.8581
vn 0.9210 0.0315 0.3882
vn 0.2538 -0.9234 0.2881
vn 0.3087 -0.3639 0.8788
vn 0.4225 -0.6332 0.6485
vn 0.2268 -0.0513 -0.9726
vn 0.8419 -0.0000 -0.5396
vn 0.3786 0.8385 -0.3920
vn -0.0004 0.4517 -0.8922
vn 0.1770 0.9750 -0.1343
vn 0.5934 0.5306 -0.6052
vn -0.0371 0.1710 -0.9846
vn 0.6092 0.7889 -0.0803
vn -0.9998 -0.0045 -0.0176
vn -0.2276 -0.0867 -0.9699
vn -0.7781 -0.1140 -0.6178
vn -0.8534 0.4980 -0.1537
vn -0.5800 0.0001 -0.8146
vn -0.8578 0.0157 -0.5138
vn -0.7940 -0.5944 -0.1274
vn -0.7136 -0.3800 -0.5885
vn -0.7846 -0.4349 -0.4419
vn -0.6210 0.0000 0.7838
vn 0.0399 -0.0851 0.9956
vn -0.9677 0.0001 0.2521
vn 0.4611 0.8853 -0.0605
vn 0.3922 0.1179 0.9123
vn 0.6917 0.6653 0.2810
vn -0.0333 0.9339 0.3560
vn 0.3179 0.3882 0.8650
vn 0.3750 0.8682 0.3249
vn 0.9492 0.0046 0.3146
vn 0.4884 -0.0467 0.8714
vn 0.8294 -0.2040 0.5201
vn 0.7713 0.3672 0.5199
vn 0.5152 -0.0000 0.8571
vn 0.9029 0.0291 0.4288
vn 0.2889 -0.8946 0.3409
vn 0.3120 -0.3517 0.8826
vn 0.4392 -0.6004 0.6683
vn 0.6229 0.0000 -0.7823
vn 0.2413 -0.0490 -0.9692
vn 0.8675 0.0000 -0.4975
vn 0.3748 0.8647 -0.3343
vn 0.0172 0.4601 -0.8877
vn 0.1510 0.9845 -0.0896
vn 0.5494 0.5024 -0.6676
vn -0.0404 0.1613 -0.9861
vn 0.5383 0.8268 -0.1634
vn -0.9987 0.0031 -0.0512
vn -0.2397 -0.0828 -0.9673
vn -0.7614 -0.1190 -0.6372
vn -0.8559 0.4752 -0.2040
vn -0.5412 0.0000 -0.8409
vn -0.8473 0.0164 -0.5308
vn -0.7707 -0.6284 -0.1057
vn -0.6928 -0.3998 -0.6001
vn -0.7667 -0.4618 -0.4460
vn -0.6699 0.0000 0.7425
vn -0.0445 -0.0836 0.9955
vn -0.9873 -0.0000 0.1588
vn 0.4566 0.8884 0.0477
vn 0.3430 0.0766 0.9362
vn 0.6762 0.6320 0.3786
vn -0.0927 0.9506 0.2963
vn 0.2742 0.4003 0.8744
vn 0.3270 0.8982 0.2937
vn 0.9442 -0.0028 0.3294
vn 0.4471 -0.0493 0.8931
vn 0.8167 -0.2084 0.5381
vn 0.7545 0.3869 0.5302
vn 0.4847 -0.0000 0.8747
vn 0.8943 0.0298 0.4465
vn 0.2662 -0.9044 0.3333
vn 0.2892 -0.3537 0.8895
vn 0.4125 -0.6107 0.6759
vn 0.2533 -0.0520 -0.9660
vn 0.8593 -0.0000 -0.5114
vn 0.3879 0.8507 -0.3548
vn 0.0412 0.4567 -0.8887
vn 0.1675 0.9787 -0.1183
vn 0.5935 0.5283 -0.6071
vn -0.0024 0.1680 -0.9858
vn 0.5824 0.8070 -0.0979
vn -0.9974 -0.0015 -0.0716
vn -0.1956 -0.0850 -0.9770
vn -0.7451 -0.1195 -0.6561
vn -0.8474 0.4878 -0.2097
vn -0.5246 -0.0000 -0.8514
vn -0.8340 0.0165 -0.5515
vn -0.7742 -0.6185 -0.1342
vn -0.6768 -0.3978 -0.6194
vn -0.7566 -0.4562 -0.4684
vn -0.6469 0.0000 0.7626
vn -0.0057 -0.0868 0.9962
vn -0.9723 -0.0000 0.2339
vn 0.4478 0.8939 -0.0207
vn 0.3408 0.1303 0.9311
vn 0.6699 0.6693 0.3214
vn -0.0608 0.9373 0.3432
vn 0.2676 0.3935 0.8795
vn 0.3384 0.8842 0.3219
vn 0.9340 0.0028 0.3572
vn 0.4331 -0.0483 0.9001
vn 0.8024 -0.2041 0.5609
vn 0.7423 0.3785 0.5529
vn 0.4688 0.0000 0.8833
vn 0.8805 0.0291 0.4732
vn 0.2683 -0.8966 0.3522
vn 0.2737 -0.3505 0.8957
vn 0.4039 -0.6022 0.6886
vn 0.2855 -0.0509 -0.9570
vn 0.8828 -0.0000 -0.4698
vn 0.3967 0.8580 -0.3263
vn 0.0611 0.4636 -0.8839
vn 0.1745 0.9806 -0.0897
vn 0.5957 0.5104 -0.6201
vn 0.0151 0.1667 -0.9859
vn 0.5750 0.8109 -0.1085
vn -0.9952 0.0010 -0.0976
vn -0.1791 -0.0842 -0.9802
vn -0.7306 -0.1087 -0.6741
vn -0.8429 0.4830 -0.2372
vn -0.5305 0.0000 -0.8477
vn -0.8138 0.0150 -0.5810
vn -0.7915 -0.5712 -0.2174
vn -0.6733 -0.3628 -0.6442
vn -0.7530 -0.4146 -0.5109
vn -0.0178 -0.0867 0.9961
vn -0.9746 -0.0000 0.2239
vn 0.4545 0.8906 -0.0161
vn 0.3171 0.1321 0.9391
vn 0.6720 0.6561 0.3436
vn -0.0497 0.9437 0.3270
vn 0.2515 0.3936 0.8842
vn 0.3428 0.8814 0.3249
vn 0.9326 0.0024 0.3609
vn 0.4272 -0.0476 0.9029
vn 0.8004 -0.2163 0.5591
vn 0.7398 0.3769 0.5573
vn 0.4491 -0.0000 0.8935
vn 0.8839 0.0306 0.4668
vn 0.2420 -0.9134 0.3272
vn 0.2420 -0.3580 0.9018
vn 0.3765 -0.6219 0.6867
vn 0.3113 -0.0502 -0.9490
vn 0.8928 -0.0000 -0.4504
vn 0.4092 0.8505 -0.3305
vn 0.0804 0.4592 -0.8847
vn 0.1799 0.9793 -0.0929
vn 0.6162 0.5082 -0.6017
vn 0.0318 0.1621 -0.9863
vn 0.5868 0.8053 -0.0843
vn -0.9956 0.0000 -0.0942
vn -0.1645 -0.0841 -0.9828
vn -0.7238 -0.1203 -0.6794
vn -0.8425 0.4854 -0.2334
vn -0.4943 -0.0000 -0.8693
vn -0.8169 0.0164 -0.5766
vn -0.7682 -0.6224 -0.1499
vn -0.6571 -0.4013 -0.6382
vn -0.7415 -0.4603 -0.4882
vn -0.0440 -0.0865 0.9953
vn -0.9818 -0.0000 0.1901
vn 0.4483 0.8938 0.0156
vn 0.3155 0.1157 0.9419
vn 0.6639 0.6526 0.3652
vn -0.0817 0.9463 0.3129
vn 0.2436 0.3982 0.8844
vn 0.3209 0.8951 0.3095
vn 0.9343 -0.0000 0.3564
vn 0.4187 -0.0486 0.9068
vn 0.8003 -0.2150 0.5597
vn 0.7382 0.3855 0.5536
vn 0.4510 -0.0000 0.8925
vn 0.8831 0.0304 0.4683
vn 0.2453 -0.9111 0.3313
vn 0.2438 -0.3571 0.9017
vn 0.3791 -0.6192 0.6876
vn 0.3119 -0.0502 -0.9488
vn 0.8933 0.0000 -0.4495
vn 0.4094 0.8505 -0.3302
vn 0.0805 0.4592 -0.8847
vn 0.1801 0.9793 -0.0922
vn 0.6163 0.5079 -0.6019
vn 0.0318 0.1622 -0.9862
vn 0.5868 0.8054 -0.0842
vn -0.9955 0.0001 -0.0944
vn -0.1643 -0.0842 -0.9828
vn -0.7236 -0.1203 -0.6796
vn -0.8426 0.4855 -0.2331
vn -0.8170 0.0164 -0.5764
vn -0.7683 -0.6224 -0.1496
vn -0.6571 -0.4014 -0.6380
vn -0.7415 -0.4604 -0.4881
vn -0.6867 0.0000 0.7269
vn -0.1020 -0.0847 0.9912
vn -0.9710 -0.0000 0.2392
vn 0.4301 0.8942 0.1242
vn 0.1998 0.1437 0.9692
vn 0.6053 0.6342 0.4811
vn -0.0482 0.9581 0.2822
vn 0.1252 0.4056 0.9054
vn 0.2723 0.9046 0.3279
vn 0.8763 -0.0036 0.4817
vn 0.2928 -0.0506 0.9548
vn 0.7163 -0.2029 0.6677
vn 0.6556 0.3906 0.6462
vn 0.8057 0.0294 0.5916
vn 0.2116 -0.9026 0.3750
vn 0.1600 -0.3514 0.9225
vn 0.3047 -0.6071 0.7339
vn 0.5001 -0.0472 -0.8647
vn 0.9697 0.0000 -0.2441
vn 0.4587 0.8527 -0.2499
vn 0.2477 0.4546 -0.8556
vn 0.1655 0.9822 -0.0884
vn 0.7191 0.5126 -0.4691
vn 0.2338 0.1095 -0.9661
vn 0.5855 0.8107 0.0056
vn -0.9849 0.0005 -0.1733
vn -0.0313 -0.0823 -0.9961
vn -0.6224 -0.1343 -0.7711
vn -0.8087 0.4798 -0.3402
vn -0.3505 -0.0000 -0.9366
vn -0.7419 0.0180 -0.6702
vn -0.7402 -0.6437 -0.1944
vn -0.5511 -0.4374 -0.7106
vn -0.6661 -0.4932 -0.5595
vn -0.4399 -0.0852 0.8940
vn -0.9995 -0.0000 -0.0330
vn 0.3185 0.8917 0.3216
vn -0.1935 0.1601 0.9680
vn 0.3489 0.5736 0.7412
vn -0.0731 0.9815 0.1772
vn -0.2369 0.4210 0.8756
vn 0.1446 0.9294 0.3396
vn 0.6909 -0.0102 0.7229
vn -0.0602 -0.0515 0.9969
vn 0.4744 -0.2375 0.8477
vn 0.4121 0.4104 0.8135
vn -0.0134 -0.0000 0.9999
vn 0.6005 0.0335 0.7990
vn 0.0819 -0.9224 0.3775
vn -0.2140 -0.3673 0.9051
vn 0.0127 -0.6412 0.7673
vn 0.7650 -0.0470 -0.6423
vn 0.9952 -0.0000 0.0983
vn 0.5320 0.8427 -0.0829
vn 0.5190 0.4496 -0.7269
vn 0.1891 0.9820 0.0043
vn 0.8438 0.4956 -0.2060
vn 0.5156 0.1425 -0.8449
vn 0.5426 0.8076 0.2308
vn -0.8550 0.0000 -0.5186
vn 0.3220 -0.0839 -0.9430
vn -0.3211 -0.1463 -0.9357
vn -0.6473 0.4886 -0.5850
vn 0.0378 -0.0000 -0.9993
vn -0.4804 0.0196 -0.8768
vn -0.6329 -0.7022 -0.3262
vn -0.2726 -0.4781 -0.8349
vn -0.4383 -0.5492 -0.7115
vn -0.6748 -0.0929 0.7321
vn -0.9036 -0.0000 -0.4283
vn 0.4048 0.8794 0.2504
vn -0.4122 0.1981 0.8893
vn 0.2584 0.6829 0.6833
vn -0.2370 0.9412 0.2406
vn -0.4809 0.4045 0.7779
vn -0.0029 0.8830 0.4695
vn 0.4157 0.0069 0.9095
vn -0.3333 -0.0467 0.9416
vn 0.1553 -0.1933 0.9688
vn 0.1258 0.3713 0.9200
vn -0.2573 0.0000 0.9663
vn 0.2663 0.0273 0.9635
vn -0.0571 -0.8372 0.5439
vn -0.4455 -0.3412 0.8277
vn -0.1905 -0.5521 0.8118
vn 0.9536 -0.0471 -0.2973
vn 0.9003 0.0000 0.4353
vn 0.5900 0.8003 0.1069
vn 0.7457 0.4506 -0.4907
vn 0.2414 0.9603 0.1400
vn 0.8719 0.4647 0.1542
vn 0.7814 0.1437 -0.6072
vn 0.4324 0.7310 0.5280
vn -0.6451 -0.0058 -0.7641
vn 0.6557 -0.0840 -0.7503
vn 0.0105 -0.1007 -0.9949
vn -0.4468 0.5001 -0.7418
vn 0.2404 0.0000 -0.9707
vn -0.1092 0.0129 -0.9939
vn -0.3506 -0.4997 -0.7921
vn 0.0158 -0.3301 -0.9438
vn -0.1232 -0.3682 -0.9215
vn -0.8838 -0.0921 0.4587
vn -0.7329 -0.0000 -0.6804
vn 0.2795 0.8860 0.3700
vn -0.7202 0.2164 0.6592
vn 0.0021 0.6863 0.7273
vn -0.3505 0.9201 0.1749
vn -0.7299 0.3782 0.5694
vn -0.1968 0.8592 0.4722
vn 0.0376 0.0096 0.9992
vn -0.6552 -0.0426 0.7543
vn -0.1967 -0.2201 0.9554
vn -0.2197 0.3604 0.9066
vn -0.6375 0.0000 0.7705
vn -0.0793 0.0293 0.9964
vn -0.2367 -0.8940 0.3805
vn -0.7496 -0.3415 0.5669
vn -0.5011 -0.6040 0.6197
vn 0.9974 -0.0643 -0.0323
vn 0.7484 0.0000 0.6633
vn 0.5034 0.8166 0.2825
vn 0.8427 0.4784 -0.2469
vn 0.1670 0.9724 0.1631
vn 0.6209 0.5523 0.5563
vn 0.9446 0.1644 -0.2841
vn 0.0620 0.6597 0.7489
vn -0.4655 -0.0202 -0.8848
vn 0.8608 -0.1023 -0.4986
vn 0.2593 -0.1370 -0.9560
vn -0.2502 0.5751 -0.7789
vn 0.5451 -0.0000 -0.8384
vn 0.1096 0.0196 -0.9938
vn -0.2510 -0.6345 -0.7310
vn 0.2725 -0.4368 -0.8573
vn 0.0796 -0.4863 -0.8702
vn -0.9120 0.0000 -0.4103
vn -0.9715 -0.0774 0.2241
vn -0.5856 0.0000 -0.8106
vn 0.0919 0.9034 0.4189
vn -0.8671 0.1910 0.4600
vn -0.1273 0.7643 0.6322
vn -0.6839 0.7235 0.0935
vn -0.8687 0.2687 0.4160
vn -0.5362 0.6966 0.4767
vn -0.4306 0.0157 0.9024
vn -0.8571 -0.0427 0.5134
vn -0.6456 -0.1739 0.7436
vn -0.4377 0.2810 0.8541
vn -0.8007 0.0000 0.5990
vn -0.4369 0.0256 0.8991
vn -0.4982 -0.7525 0.4308
vn -0.8431 -0.2584 0.4716
vn -0.6929 -0.4761 0.5414
vn 0.9698 -0.0387 0.2409
vn 0.4725 -0.0000 0.8813
vn 0.3760 0.8463 0.3773
vn 0.8837 0.4612 -0.0796
vn 0.0286 0.9660 0.2571
vn 0.8157 0.3763 0.4394
vn 0.9662 0.1879 -0.1763
vn 0.2580 0.8019 0.5389
vn 0.0306 0.0078 -0.9995
vn 0.9468 -0.0793 -0.3120
vn 0.5862 -0.1022 -0.8037
vn 0.1483 0.4618 -0.8745
vn 0.7759 -0.0000 -0.6308
vn 0.4889 0.0137 -0.8722
vn 0.1408 -0.5567 -0.8187
vn 0.5594 -0.3468 -0.7528
vn 0.4254 -0.3996 -0.8120
vn -0.7314 -0.0000 -0.6820
vn -0.9943 -0.0884 -0.0594
vn -0.2078 0.0000 -0.9782
vn -0.0123 0.8969 0.4421
vn -0.9508 0.1448 0.2739
vn -0.3757 0.6642 0.6463
vn -0.3191 0.9448 -0.0745
vn -0.8951 0.3985 0.1998
vn -0.3243 0.8949 0.3066
vn -0.4009 0.0013 0.9161
vn -0.9262 -0.0487 0.3738
vn -0.5979 -0.2153 0.7721
vn -0.5887 0.3857 0.7104
vn -0.9135 -0.0000 0.4068
vn -0.5104 0.0305 0.8594
vn -0.3416 -0.9117 0.2283
vn -0.9125 -0.3575 0.1988
vn -0.7049 -0.6199 0.3447
vn 0.6816 0.0000 0.7318
vn 0.9196 -0.0475 0.3899
vn 0.3556 -0.0000 0.9347
vn 0.2954 0.8520 0.4322
vn 0.8783 0.4609 0.1273
vn 0.0532 0.9804 0.1899
vn 0.5862 0.4849 0.6490
vn 0.9835 0.1622 0.0804
vn 0.0556 0.8064 0.5888
vn 0.1434 0.0016 -0.9897
vn 0.9897 -0.0841 -0.1156
vn 0.7146 -0.1202 -0.6891
vn 0.2748 0.4854 -0.8300
vn 0.8926 0.0000 -0.4508
vn 0.6164 0.0164 -0.7873
vn 0.1880 -0.6222 -0.7600
vn 0.6699 -0.4011 -0.6248
vn 0.5244 -0.4601 -0.7165
vn -0.9943 -0.0885 -0.0598
vn -0.2064 -0.0000 -0.9785
vn -0.0109 0.8969 0.4420
vn -0.9507 0.1451 0.2739
vn -0.3747 0.6647 0.6464
vn -0.3195 0.9446 -0.0752
vn -0.3244 0.8948 0.3067
vn -0.4008 0.0014 0.9162
vn -0.3417 -0.9117 0.2283
vn 0.9185 -0.0475 0.3926
vn 0.3511 0.0000 0.9363
vn 0.2909 0.8531 0.4332
vn 0.8771 0.4626 0.1292
vn 0.0480 0.9806 0.1902
vn 0.5888 0.4823 0.6486
vn 0.9835 0.1621 0.0804
vn 0.0567 0.8067 0.5883
vn 0.1423 0.0021 -0.9898
vn 0.7147 -0.1203 -0.6891
vn 0.2747 0.4853 -0.8301
vn 0.8927 0.0000 -0.4507
vn 0.6163 0.0164 -0.7873
vn 0.1879 -0.6222 -0.7600
vn 0.7062 -0.0001 0.7081
vn 0.9669 -0.0663 0.2462
vn 0.2567 -0.0001 0.9665
vn 0.2598 0.9657 0.0001
vn 0.9419 0.2944 -0.1616
vn 0.3248 0.9006 -0.2889
vn 0.5242 0.7119 0.4673
vn 0.9659 0.2588 0.0006
vn 0.2784 0.9458 0.1671
vn 0.2585 -0.0001 -0.9660
vn 0.6727 -0.1725 -0.7196
vn 0.4472 0.4421 -0.7775
vn 0.5731 0.0226 -0.8192
vn 0.2922 -0.7640 -0.5753
vn 0.7951 -0.4170 -0.4404
vn 0.6169 -0.5411 -0.5715
vn -0.9677 -0.0664 -0.2434
vn -0.2616 -0.0000 -0.9652
vn -0.2586 0.9660 -0.0000
vn -0.9414 0.2961 0.1613
vn -0.5251 0.7125 -0.4655
vn -0.2790 0.9457 -0.1666
vn -0.6729 -0.1726 0.7193
vn -0.2920 -0.7641 0.5752
vn 0.9669 -0.0662 0.2463
vn 0.2560 -0.0000 0.9667
vn 0.2591 0.9659 0.0000
vn 0.9418 0.2946 -0.1618
vn 0.5253 0.7111 0.4674
vn 0.6729 -0.1725 -0.7194
vn 0.5730 0.0226 -0.8193
vn 0.6169 -0.5412 -0.5715
vn -0.8931 0.0000 0.4499
vn -0.7951 -0.4171 0.4403
vn -0.6168 -0.5413 0.5714
vn 0.5253 0.7111 0.4673
vn 0.6728 -0.1725 -0.7194
vn -0.6729 -0.1726 0.7194
vn -0.7950 -0.4171 0.4403
vn 0.9669 -0.0662 0.2464
vn 0.2590 0.9659 -0.0000
vn 0.2921 -0.7640 -0.5753
vn 0.6168 -0.5412 -0.5715
vn -0.6728 -0.1726 0.7194
vn 0.6729 -0.1725 -0.7193
vn 0.4470 0.4420 -0.7777
vn 0.8930 -0.0000 -0.4501
vn -0.5251 0.7124 -0.4655
vn 0.2920 -0.7640 -0.5753
vn -0.9414 0.2961 0.1614
vn -0.6168 -0.5413 0.5715
vn 0.4472 0.4420 -0.7776
vn 0.2921 -0.7641 -0.5752
vn -0.2921 -0.7641 0.5752
vn -0.6169 -0.5412 0.5714
vn 0.9418 0.2945 -0.1618
vn -0.9677 -0.0664 -0.2433
vn 0.9630 -0.0643 -0.2618
vn -0.2582 0.0003 0.9661
vn -0.2796 0.9456 -0.1662
vn -0.5266 0.7106 -0.4666
vn -0.3203 0.9024 0.2882
vn -0.2549 0.9670 -0.0003
vn -0.9412 0.2973 0.1607
vn -0.9672 -0.0665 -0.2450
vn -0.2578 0.0000 -0.9662
vn 0.9976 -0.0001 0.0696
vn 0.9612 -0.1884 -0.2015
vn 0.9279 0.0316 0.3714
vn 0.6791 0.0317 -0.7333
vn 0.9597 -0.1673 -0.2260
vn 0.5456 0.0191 -0.8378
vn 0.9681 -0.1554 -0.1964
vn 0.7426 -0.5458 -0.3882
vn 0.8026 -0.5716 -0.1708
vn 0.7899 -0.5001 -0.3550
vn 0.5845 -0.8103 -0.0427
vn 0.8626 -0.4800 0.1597
vn 0.6427 0.0156 -0.7660
vn 0.8859 0.3149 -0.3407
vn 0.0667 -0.0652 0.9956
vn -0.2481 -0.5442 0.8014
vn -0.3062 0.5880 0.7487
vn 0.7736 -0.2986 0.5590
vn 0.8012 -0.5859 0.1220
vn 0.5756 -0.7536 0.3175
vn 0.4624 -0.5560 0.6906
vn 0.7401 0.6454 -0.1890
vn 0.8027 -0.5940 0.0540
vn -0.7834 0.0047 0.6215
vn 0.2657 -0.0381 0.9633
vn -0.1679 -0.0000 0.9858
vn -0.2439 0.2849 0.9270
vn -0.2914 0.5944 0.7495
vn -0.4475 0.8659 0.2237
vn 0.0473 0.0000 -0.9989
vn 0.1259 0.3713 -0.9200
vn 0.0471 -0.0000 -0.9989
vn -0.3333 -0.0467 -0.9417
vn 0.4157 0.0069 -0.9095
vn -0.4809 0.4044 -0.7779
vn -0.2369 0.9413 -0.2406
vn -0.0029 0.8830 -0.4694
vn 0.2585 0.6830 -0.6832
vn -0.4122 0.1982 -0.8893
vn 0.4050 0.8794 -0.2503
vn -0.6748 -0.0929 -0.7322
vn -0.9036 -0.0000 0.4283
vn -0.0077 0.0000 1.0000
vn -0.4469 0.5000 0.7418
vn 0.6557 -0.0840 0.7503
vn -0.6450 -0.0058 0.7641
vn 0.7815 0.1437 0.6072
vn 0.8719 0.4647 -0.1542
vn 0.4324 0.7310 -0.5279
vn 0.2414 0.9603 -0.1399
vn 0.7457 0.4506 0.4907
vn 0.5900 0.8003 -0.1069
vn 0.9536 -0.0471 0.2973
vn 0.9003 -0.0000 -0.4353
vn -0.3301 -0.0000 -0.9439
vn -0.2201 0.3604 -0.9065
vn -0.3299 -0.0000 -0.9440
vn -0.6551 -0.0426 -0.7544
vn 0.0380 0.0096 -0.9992
vn -0.7298 0.3783 -0.5694
vn -0.3504 0.9201 -0.1749
vn -0.1967 0.8592 -0.4722
vn 0.0022 0.6862 -0.7274
vn -0.7201 0.2165 -0.6592
vn 0.2797 0.8859 -0.3700
vn -0.8838 -0.0921 -0.4587
vn -0.7329 0.0000 0.6804
vn 0.2446 0.0000 0.9696
vn -0.2503 0.5751 0.7789
vn 0.2442 0.0000 0.9697
vn 0.8608 -0.1023 0.4986
vn -0.4656 -0.0202 0.8848
vn 0.9446 0.1644 0.2842
vn 0.6209 0.5523 -0.5563
vn 0.0621 0.6597 -0.7490
vn 0.1670 0.9724 -0.1631
vn 0.8427 0.4784 0.2468
vn 0.5034 0.8166 -0.2825
vn 0.9974 -0.0643 0.0322
vn 0.7484 0.0000 -0.6633
vn -0.6036 0.0000 -0.7973
vn -0.4375 0.2808 -0.8542
vn -0.6008 0.0073 -0.7994
vn -0.7286 -0.0098 -0.6849
vn -0.8572 -0.0427 -0.5133
vn -0.4310 0.0157 -0.9022
vn -0.8688 0.2685 -0.4161
vn -0.6844 0.7231 -0.0936
vn -0.5365 0.6963 -0.4768
vn -0.1270 0.7645 -0.6320
vn -0.8671 0.1910 -0.4600
vn 0.0920 0.9034 -0.4189
vn -0.9715 -0.0774 -0.2241
vn -0.5857 0.0000 0.8105
vn 0.5759 -0.0000 0.8175
vn 0.1483 0.4618 0.8745
vn 0.5760 -0.0000 0.8175
vn 0.9468 -0.0794 0.3119
vn 0.0306 0.0078 0.9995
vn 0.9662 0.1879 0.1763
vn 0.8157 0.3764 -0.4394
vn 0.2580 0.8019 -0.5389
vn 0.0286 0.9660 -0.2571
vn 0.8837 0.4612 0.0797
vn 0.3760 0.8463 -0.3773
vn 0.9698 -0.0387 -0.2408
vn 0.4725 -0.0000 -0.8813
vn -0.7061 0.0000 -0.7081
vn -0.5887 0.3857 -0.7104
vn -0.9263 -0.0487 -0.3737
vn -0.4011 0.0013 -0.9160
vn -0.8951 0.3985 -0.1998
vn -0.3192 0.9447 0.0746
vn -0.3245 0.8948 -0.3066
vn -0.3759 0.6642 -0.6462
vn -0.9508 0.1447 -0.2739
vn -0.0126 0.8969 -0.4420
vn -0.9943 -0.0884 0.0596
vn -0.2076 -0.0000 0.9782
vn 0.7068 0.0000 0.7074
vn 0.2747 0.4854 0.8300
vn 0.7069 0.0000 0.7073
vn 0.9897 -0.0841 0.1156
vn 0.1435 0.0016 0.9897
vn 0.9835 0.1622 -0.0804
vn 0.5862 0.4850 -0.6490
vn 0.0556 0.8064 -0.5888
vn 0.0532 0.9804 -0.1899
vn 0.8783 0.4609 -0.1273
vn 0.2953 0.8520 -0.4322
vn 0.9196 -0.0475 -0.3899
vn 0.6816 0.0000 -0.7317
vn 0.3556 -0.0000 -0.9346
vn -0.7061 0.0000 -0.7082
vn -0.5886 0.3857 -0.7104
vn -0.4009 0.0014 -0.9161
vn -0.8951 0.3985 -0.1999
vn -0.3196 0.9446 0.0752
vn -0.3245 0.8948 -0.3067
vn -0.3747 0.6647 -0.6463
vn -0.9508 0.1450 -0.2739
vn -0.0110 0.8969 -0.4421
vn -0.9943 -0.0885 0.0599
vn -0.2063 0.0000 0.9785
vn 0.2747 0.4853 0.8301
vn 0.1423 0.0020 0.9898
vn 0.9835 0.1622 -0.0805
vn 0.5887 0.4823 -0.6487
vn 0.0567 0.8067 -0.5883
vn 0.0480 0.9806 -0.1902
vn 0.8771 0.4625 -0.1292
vn 0.2909 0.8531 -0.4332
vn 0.9185 -0.0475 -0.3926
vn 0.6787 0.0000 -0.7344
vn 0.3511 0.0000 -0.9363
vn 0.7467 -0.0000 -0.6651
vn 0.7424 0.3785 -0.5528
vn 0.7468 -0.0000 -0.6651
vn 0.4331 -0.0483 -0.9000
vn 0.9341 0.0028 -0.3571
vn 0.2676 0.3935 -0.8795
vn -0.0608 0.9373 -0.3431
vn 0.3384 0.8842 -0.3219
vn 0.6699 0.6693 -0.3214
vn 0.3408 0.1303 -0.9311
vn 0.4478 0.8939 0.0207
vn -0.0056 -0.0868 -0.9962
vn -0.6469 0.0000 -0.7626
vn -0.9723 -0.0000 -0.2339
vn -0.7458 0.0000 0.6662
vn -0.8429 0.4830 0.2372
vn -0.1792 -0.0842 0.9802
vn -0.9952 0.0010 0.0976
vn 0.0151 0.1667 0.9859
vn 0.5957 0.5104 0.6201
vn 0.5750 0.8109 0.1085
vn 0.1746 0.9806 0.0897
vn 0.0612 0.4636 0.8839
vn 0.3967 0.8580 0.3263
vn 0.2855 -0.0508 0.9570
vn 0.8828 -0.0000 0.4697
vn 0.7417 0.0000 -0.6708
vn 0.7398 0.3769 -0.5573
vn 0.7416 -0.0000 -0.6708
vn 0.4272 -0.0476 -0.9029
vn 0.9326 0.0024 -0.3608
vn 0.2514 0.3937 -0.8842
vn -0.0497 0.9438 -0.3269
vn 0.3429 0.8814 -0.3248
vn 0.6720 0.6560 -0.3437
vn 0.3171 0.1321 -0.9391
vn 0.4545 0.8906 0.0160
vn -0.0177 -0.0867 -0.9961
vn -0.6570 0.0000 -0.7539
vn -0.9746 -0.0000 -0.2239
vn -0.7415 0.0000 0.6709
vn -0.8425 0.4855 0.2333
vn -0.7416 0.0000 0.6709
vn -0.1644 -0.0841 0.9828
vn -0.9956 -0.0000 0.0941
vn 0.0318 0.1621 0.9863
vn 0.6162 0.5083 0.6017
vn 0.5868 0.8053 0.0843
vn 0.1799 0.9793 0.0928
vn 0.0805 0.4592 0.8847
vn 0.4092 0.8505 0.3304
vn 0.3113 -0.0502 0.9490
vn 0.6697 0.0000 0.7427
vn 0.8928 -0.0000 0.4504
vn 0.7382 0.3855 -0.5536
vn 0.4187 -0.0486 -0.9068
vn 0.9343 0.0000 -0.3564
vn 0.2436 0.3982 -0.8844
vn -0.0817 0.9463 -0.3129
vn 0.3210 0.8951 -0.3095
vn 0.6639 0.6526 -0.3652
vn 0.3155 0.1157 -0.9418
vn 0.4483 0.8938 -0.0156
vn -0.0440 -0.0865 -0.9953
vn -0.9818 -0.0000 -0.1901
vn -0.7416 0.0000 0.6708
vn -0.8426 0.4855 0.2331
vn -0.1644 -0.0842 0.9828
vn -0.9955 0.0001 0.0943
vn 0.0318 0.1622 0.9862
vn 0.6163 0.5079 0.6018
vn 0.5869 0.8053 0.0841
vn 0.1800 0.9793 0.0922
vn 0.0805 0.4593 0.8846
vn 0.4094 0.8505 0.3302
vn 0.3120 -0.0502 0.9488
vn 0.8933 0.0000 0.4494
vn 0.6480 0.0000 -0.7616
vn 0.6557 0.3906 -0.6461
vn 0.6479 -0.0000 -0.7617
vn 0.2928 -0.0506 -0.9548
vn 0.8763 -0.0036 -0.4817
vn 0.1252 0.4058 -0.9054
vn -0.0483 0.9581 -0.2823
vn 0.2723 0.9046 -0.3279
vn 0.6053 0.6343 -0.4810
vn 0.1997 0.1438 -0.9693
vn 0.4301 0.8942 -0.1241
vn -0.1020 -0.0847 -0.9912
vn -0.6867 0.0000 -0.7269
vn -0.9710 -0.0000 -0.2391
vn -0.6448 0.0000 0.7643
vn -0.8087 0.4798 0.3402
vn -0.0313 -0.0823 0.9961
vn -0.9848 0.0005 0.1734
vn 0.2338 0.1095 0.9661
vn 0.7191 0.5126 0.4692
vn 0.5855 0.8106 -0.0055
vn 0.1655 0.9822 0.0885
vn 0.2477 0.4545 0.8556
vn 0.4586 0.8528 0.2499
vn 0.5001 -0.0472 0.8647
vn 0.8106 -0.0000 0.5855
vn 0.9697 0.0000 0.2442
vn 0.3614 -0.0000 -0.9324
vn 0.4126 0.4101 -0.8134
vn -0.0606 -0.0516 -0.9968
vn 0.6901 -0.0102 -0.7236
vn -0.2369 0.4206 -0.8758
vn -0.0738 0.9812 -0.1785
vn 0.1443 0.9290 -0.3408
vn 0.3491 0.5741 -0.7406
vn -0.1935 0.1600 -0.9680
vn 0.3186 0.8917 -0.3214
vn -0.4399 -0.0851 -0.8940
vn -0.9995 -0.0000 0.0331
vn -0.3467 0.0000 0.9380
vn -0.6476 0.4887 0.5847
vn 0.3220 -0.0839 0.9430
vn -0.8550 0.0000 0.5187
vn 0.5156 0.1425 0.8449
vn 0.8438 0.4957 0.2059
vn 0.5427 0.8076 -0.2309
vn 0.1892 0.9819 -0.0044
vn 0.5190 0.4496 0.7270
vn 0.5320 0.8427 0.0829
vn 0.7650 -0.0470 0.6424
vn 0.9595 -0.0000 0.2819
vn 0.9952 -0.0000 -0.0982
vn 0.8093 -0.0000 -0.5874
vn 0.7976 0.3619 -0.4825
vn 0.5360 -0.0461 -0.8430
vn 0.9628 0.0081 -0.2702
vn 0.3730 0.3825 -0.8453
vn -0.0061 0.9212 -0.3890
vn 0.4035 0.8579 -0.3181
vn 0.6999 0.6853 -0.2015
vn 0.4486 0.1371 -0.8831
vn 0.4468 0.8858 0.1257
vn 0.1114 -0.0866 -0.9900
vn -0.9464 -0.0000 -0.3229
vn -0.8085 0.0000 0.5885
vn -0.8662 0.4719 0.1644
vn -0.8085 0.0000 0.5886
vn -0.2923 -0.0822 0.9528
vn -1.0000 0.0048 -0.0035
vn -0.0841 0.1543 0.9844
vn 0.5149 0.4903 0.7032
vn 0.5148 0.8340 0.1984
vn 0.1382 0.9871 0.0806
vn -0.0204 0.4601 0.8876
vn 0.3601 0.8699 0.3369
vn 0.2151 -0.0470 0.9755
vn 0.6061 -0.0000 0.7954
vn 0.8625 0.0000 0.5060
vn 0.7944 0.0000 -0.6074
vn 0.7783 0.3954 -0.4879
vn 0.4828 -0.0503 -0.8743
vn 0.9612 -0.0024 -0.2759
vn 0.3065 0.4055 -0.8612
vn -0.0327 0.9548 -0.2953
vn 0.3270 0.9086 -0.2597
vn 0.6882 0.6488 -0.3248
vn 0.3888 0.1406 -0.9105
vn 0.4369 0.8995 -0.0028
vn 0.0712 -0.0873 -0.9936
vn -0.9323 0.0000 -0.3616
vn -0.7936 0.0000 0.6085
vn -0.8534 0.4980 0.1537
vn -0.2276 -0.0867 0.9699
vn -0.9998 -0.0045 0.0176
vn -0.0371 0.1709 0.9846
vn 0.5933 0.5306 0.6054
vn 0.6091 0.7890 0.0804
vn 0.1771 0.9750 0.1342
vn -0.0003 0.4517 0.8922
vn 0.3787 0.8384 0.3920
vn 0.2269 -0.0513 0.9726
vn 0.8420 -0.0000 0.5395
vn 0.7790 -0.0000 -0.6271
vn 0.7714 0.3672 -0.5198
vn 0.7790 0.0000 -0.6270
vn 0.4884 -0.0468 -0.8714
vn 0.9492 0.0046 -0.3146
vn 0.3179 0.3882 -0.8650
vn -0.0333 0.9339 -0.3560
vn 0.3750 0.8683 -0.3249
vn 0.6917 0.6653 -0.2809
vn 0.3922 0.1179 -0.9123
vn 0.4611 0.8853 0.0606
vn 0.0399 -0.0851 -0.9956
vn -0.6210 0.0000 -0.7838
vn -0.9677 0.0000 -0.2521
vn -0.7781 0.0000 0.6281
vn -0.8559 0.4752 0.2040
vn -0.2397 -0.0828 0.9673
vn -0.9987 0.0031 0.0512
vn -0.0405 0.1613 0.9861
vn 0.5495 0.5023 0.6676
vn 0.5383 0.8268 0.1633
vn 0.1510 0.9845 0.0895
vn 0.0171 0.4601 0.8877
vn 0.3747 0.8648 0.3343
vn 0.2413 -0.0490 0.9692
vn 0.8675 -0.0000 0.4975
vn 0.7631 -0.0000 -0.6463
vn 0.7545 0.3869 -0.5302
vn 0.4470 -0.0493 -0.8931
vn 0.9442 -0.0028 -0.3294
vn 0.2742 0.4003 -0.8744
vn -0.0926 0.9506 -0.2963
vn 0.3271 0.8982 -0.2937
vn 0.6763 0.6320 -0.3785
vn 0.3430 0.0767 -0.9362
vn 0.4566 0.8884 -0.0476
vn -0.0446 -0.0836 -0.9955
vn -0.6699 0.0000 -0.7425
vn -0.9873 0.0001 -0.1588
vn -0.7622 0.0000 0.6474
vn -0.8474 0.4879 0.2097
vn -0.1956 -0.0850 0.9770
vn -0.9974 -0.0014 0.0716
vn -0.0025 0.1681 0.9858
vn 0.5935 0.5283 0.6071
vn 0.5824 0.8070 0.0978
vn 0.1675 0.9788 0.1183
vn 0.0412 0.4567 0.8887
vn 0.3879 0.8507 0.3548
vn 0.2534 -0.0520 0.9660
vn 0.8593 -0.0000 0.5114
vn 0.8510 -0.0000 -0.5251
vn 0.8260 0.3844 -0.4122
vn 0.5775 -0.0488 -0.8149
vn 0.9828 0.0000 -0.1845
vn 0.4045 0.3982 -0.8233
vn -0.0118 0.9461 -0.3236
vn 0.3746 0.8938 -0.2468
vn 0.7194 0.6537 -0.2348
vn 0.4865 0.1197 -0.8655
vn 0.4436 0.8939 0.0648
vn 0.1513 -0.0860 -0.9847
vn -0.5116 -0.0000 -0.8592
vn -0.9213 -0.0000 -0.3888
vn -0.8503 -0.0000 0.5262
vn -0.8761 0.4720 0.0981
vn -0.8503 -0.0000 0.5263
vn -0.3622 -0.0821 0.9285
vn -0.9974 0.0042 -0.0720
vn -0.1699 0.1615 0.9721
vn 0.4507 0.4947 0.7431
vn 0.5054 0.8280 0.2427
vn 0.1421 0.9847 0.1007
vn -0.0941 0.4630 0.8813
vn 0.3309 0.8670 0.3725
vn 0.1150 -0.0491 0.9921
vn 0.5191 -0.0000 0.8547
vn 0.7975 0.0000 0.6033
vn 0.8377 -0.0000 -0.5462
vn 0.8170 0.3781 -0.4354
vn 0.5628 -0.0481 -0.8252
vn 0.9772 0.0018 -0.2124
vn 0.3900 0.3947 -0.8319
vn -0.0012 0.9420 -0.3357
vn 0.3821 0.8848 -0.2668
vn 0.7139 0.6601 -0.2338
vn 0.4718 0.1284 -0.8723
vn 0.4459 0.8917 0.0772
vn 0.1434 -0.0862 -0.9859
vn -0.5229 -0.0000 -0.8524
vn -0.9233 -0.0000 -0.3840
vn -0.8368 0.0000 0.5475
vn -0.8668 0.4884 0.1003
vn -0.3137 -0.0850 0.9457
vn -0.9983 -0.0054 -0.0579
vn -0.1212 0.1660 0.9786
vn 0.5127 0.5747 0.6379
vn 0.5719 0.8030 0.1677
vn 0.1241 0.9718 0.2006
vn -0.0718 0.4538 0.8882
vn 0.3208 0.8461 0.4257
vn 0.0621 -0.0594 0.9963
vn 0.4532 -0.0000 0.8914
vn 0.7133 -0.0000 0.7008
vn 0.8238 -0.0000 -0.5669
vn 0.8087 0.3655 -0.4609
vn 0.8237 -0.0000 -0.5670
vn 0.5536 -0.0465 -0.8315
vn 0.9698 0.0076 -0.2437
vn 0.3891 0.3849 -0.8369
vn 0.0111 0.9237 -0.3829
vn 0.4040 0.8637 -0.3012
vn 0.7030 0.6866 -0.1854
vn 0.4683 0.1498 -0.8708
vn 0.4385 0.8885 0.1351
vn 0.1481 -0.0876 -0.9851
vn -0.9256 0.0000 -0.3785
vn -0.8229 0.0000 0.5681
vn -0.8657 0.4839 0.1278
vn -0.8230 0.0000 0.5681
vn -0.2974 -0.0842 0.9510
vn -0.9996 -0.0044 -0.0268
vn -0.1021 0.1640 0.9812
vn 0.5183 0.5714 0.6363
vn 0.5615 0.8103 0.1676
vn 0.1225 0.9728 0.1966
vn -0.0565 0.4500 0.8912
vn 0.3261 0.8474 0.4190
vn 0.0872 -0.0571 0.9945
vn 0.7353 -0.0000 0.6777
vn -0.8601 0.0000 0.5101
vn -0.9356 0.0205 0.3523
vn -0.6572 -0.0000 0.7537
vn -0.7708 -0.4014 0.4948
vn -0.7975 -0.6019 0.0421
vn -0.5716 -0.7754 0.2683
vn -0.9238 -0.3805 -0.0421
vn -0.8582 -0.2978 -0.4180
vn -0.7461 -0.2374 0.6221
vn 0.1135 -0.0216 0.9933
vn 0.5491 -0.7142 0.4340
vn 0.1127 -0.9664 0.2311
vn -0.2453 0.4955 0.8333
vn -0.2433 0.0000 0.9699
vn -0.4728 0.0000 0.8812
vn -1.0000 0.0001 0.0000
vn -0.9133 0.0113 -0.4072
vn -0.5776 -0.5776 0.5768
vn -0.5821 -0.5821 0.5678
vn -0.5341 -0.8234 0.1916
vn -0.6180 -0.5406 0.5708
vn -0.6519 -0.5214 0.5505
vn 0.7071 -0.0000 0.7071
vn 0.4471 0.4420 0.7777
vn 0.9630 -0.0644 0.2618
vn 0.2587 0.0000 0.9659
vn 0.5253 0.7111 -0.4673
vn 0.2791 0.9457 -0.1667
vn 0.3237 0.9010 0.2887
vn 0.9418 0.2945 0.1618
vn 0.9669 -0.0662 -0.2464
vn 0.2560 -0.0000 -0.9667
vn -0.7071 0.0000 -0.7071
vn -0.4471 0.4420 -0.7776
vn -0.9630 -0.0644 -0.2617
vn -0.2589 0.0000 -0.9659
vn -0.5251 0.7125 0.4655
vn -0.2790 0.9457 0.1667
vn -0.3237 0.9010 -0.2887
vn -0.9414 0.2961 -0.1613
vn -0.9677 -0.0664 0.2434
vn -0.2616 -0.0000 0.9652
vn 0.7072 -0.0000 0.7071
vn 0.4472 0.4420 0.7776
vn 0.2588 0.0000 0.9659
vn 0.9418 0.2946 0.1618
vn 0.9669 -0.0662 -0.2463
vn -0.4471 0.4420 -0.7777
vn -0.9630 -0.0644 -0.2618
vn -0.2588 0.0000 -0.9659
vn -0.5251 0.7124 0.4655
vn -0.2791 0.9457 0.1667
vn -0.9677 -0.0664 0.2433
vn 0.9630 -0.0643 0.2618
vn 0.5253 0.7111 -0.4674
vn 0.2790 0.9457 -0.1667
vn 0.2559 -0.0000 -0.9667
vn -0.7072 -0.0000 -0.7070
vn -0.2790 0.9457 0.1666
vn -0.3237 0.9011 -0.2886
vn -0.2617 -0.0000 0.9652
vn 0.4471 0.4420 0.7776
vn 0.9630 -0.0644 0.2617
vn 0.2589 0.0000 0.9659
vn 0.2561 -0.0000 -0.9667
vn -0.5252 0.7124 0.4655
vn -0.2791 0.9457 0.1666
vn 0.2590 0.9659 0.0001
vn -0.4471 0.4421 -0.7776
vn -0.2581 0.0003 -0.9661
vn -0.5265 0.7107 0.4665
vn -0.2794 0.9457 0.1663
vn -0.3204 0.9024 -0.2883
vn -0.9411 0.2973 -0.1607
vn -0.2550 0.9670 0.0003
vn -0.9672 -0.0666 0.2450
vn -0.7063 -0.0000 0.7079
vn -0.2580 0.0000 0.9661
vn 0.8606 -0.0001 0.5092
vn 0.9596 -0.1674 0.2260
vn 0.6791 0.0317 0.7334
vn 0.9279 0.0317 -0.3714
vn 0.9612 -0.1884 0.2015
vn 0.9299 0.0156 -0.3674
vn 0.9681 -0.1554 0.1964
vn 0.5753 -0.5888 0.5677
vn 0.7494 -0.6544 0.1013
vn 0.7468 -0.6457 -0.1591
vn 0.9641 -0.0902 0.2496
vn 0.6051 -0.7852 -0.1316
vn 0.5929 -0.1233 0.7958
vn 0.2060 -0.4261 0.8809
vn -0.3461 -0.5496 0.7604
vn -0.2913 0.5942 -0.7497
vn -0.2438 0.2848 -0.9271
vn -0.4473 0.8659 -0.2240
vn -0.1678 -0.0000 -0.9858
vn 0.2657 -0.0381 -0.9633
vn -0.7833 0.0045 -0.6216
vn 0.7402 0.6453 0.1891
vn 0.4624 -0.5560 -0.6906
vn 0.8027 -0.5940 -0.0540
vn 0.5756 -0.7536 -0.3175
vn 0.8011 -0.5860 -0.1221
vn 0.7736 -0.2986 -0.5589
vn -0.2481 -0.5442 -0.8014
vn 0.0668 -0.0652 -0.9956
vn -0.3061 0.5879 -0.7488
vn 0.5106 -0.0000 -0.8598
vn 0.5409 0.3822 -0.7493
vn 0.5105 -0.0000 -0.8599
vn 0.1362 -0.0486 -0.9895
vn 0.7840 0.0011 -0.6208
vn -0.0166 0.3955 -0.9183
vn -0.1774 0.9408 -0.2887
vn 0.2198 0.8898 -0.3999
vn 0.5331 0.6598 -0.5295
vn 0.0336 0.1120 -0.9931
vn 0.4270 0.8936 -0.1387
vn -0.3325 -0.0860 -0.9392
vn -0.8609 -0.0000 -0.5088
vn -0.9932 0.0000 0.1164
vn -0.5112 -0.0000 0.8594
vn -0.7320 0.4773 0.4862
vn -0.5113 0.0000 0.8594
vn 0.1147 -0.0831 0.9899
vn -0.9200 0.0011 0.3920
vn 0.3131 0.1586 0.9364
vn 0.7452 0.5256 0.4105
vn 0.5629 0.8252 -0.0470
vn 0.1736 0.9828 0.0630
vn 0.3261 0.4556 0.8283
vn 0.4677 0.8610 0.1998
vn 0.5472 -0.0507 0.8355
vn 0.8435 -0.0000 0.5371
vn 0.9798 -0.0000 0.2002
vn 0.5307 -0.0000 -0.8476
vn 0.5584 0.3762 -0.7393
vn 0.5307 -0.0000 -0.8475
vn 0.1662 -0.0479 -0.9849
vn 0.7967 0.0028 -0.6044
vn 0.0102 0.3925 -0.9197
vn -0.1602 0.9376 -0.3087
vn 0.2368 0.8812 -0.4091
vn 0.5530 0.6644 -0.5028
vn 0.0639 0.1184 -0.9909
vn 0.4407 0.8909 -0.1098
vn -0.2977 -0.0860 -0.9508
vn -0.8445 0.0000 -0.5355
vn -0.9968 -0.0000 0.0800
vn -0.5316 0.0000 0.8470
vn -0.7444 0.4864 0.4575
vn 0.1053 -0.0848 0.9908
vn -0.9265 -0.0054 0.3762
vn 0.2857 0.1720 0.9427
vn 0.7247 0.5772 0.3763
vn 0.5894 0.8044 -0.0745
vn 0.1983 0.9703 0.1387
vn 0.2923 0.4512 0.8432
vn 0.4642 0.8450 0.2655
vn 0.4549 -0.0592 0.8886
vn 0.7705 -0.0000 0.6374
vn 0.9324 -0.0000 0.3613
vn 0.5507 -0.0000 -0.8347
vn 0.5761 0.3728 -0.7274
vn 0.5506 -0.0000 -0.8347
vn 0.1932 -0.0475 -0.9800
vn 0.8107 0.0031 -0.5855
vn 0.0259 0.3937 -0.9189
vn -0.1094 0.9414 -0.3190
vn 0.2515 0.8779 -0.4074
vn 0.5675 0.6609 -0.4911
vn 0.0899 0.1421 -0.9858
vn 0.4497 0.8886 -0.0904
vn -0.2392 -0.0864 -0.9671
vn -0.8069 0.0000 -0.5906
vn -0.9997 0.0001 -0.0239
vn -0.5515 -0.0000 0.8341
vn -0.7544 0.4824 0.4450
vn -0.5516 0.0000 0.8341
vn 0.0752 -0.0841 0.9936
vn -0.9363 -0.0024 0.3511
vn 0.2607 0.1691 0.9505
vn 0.7144 0.5586 0.4215
vn 0.5811 0.8130 -0.0377
vn 0.1861 0.9763 0.1109
vn 0.2782 0.4579 0.8443
vn 0.4559 0.8546 0.2484
vn 0.4523 -0.0578 0.8900
vn 0.7743 -0.0000 0.6328
vn 0.9387 -0.0000 0.3448
vn 0.8016 0.0410 -0.5964
vn 0.1523 0.0000 -0.9883
vn -0.0411 -0.3608 -0.9317
vn 0.1407 -0.8608 -0.4891
vn -0.4029 -0.6867 -0.6051
vn 0.4662 -0.7233 -0.5093
vn 0.4713 -0.7851 -0.4018
vn 0.1216 -0.1669 -0.9785
vn -0.6858 -0.1409 -0.7140
vn -0.8270 -0.4007 0.3943
vn -0.6207 -0.6976 0.3580
vn 0.3217 0.1915 -0.9273
vn -0.2559 -0.0058 -0.9667
vn 0.0665 -0.0182 -0.9976
vn -0.5103 0.0000 0.8600
vn -0.7347 0.4779 0.4815
vn -0.5102 0.0000 0.8600
vn 0.1209 -0.0828 0.9892
vn -0.9217 0.0021 0.3880
vn 0.3138 0.1585 0.9362
vn 0.7565 0.5016 0.4196
vn 0.5735 0.8174 -0.0552
vn 0.1857 0.9821 0.0329
vn 0.3346 0.4599 0.8225
vn 0.4785 0.8580 0.1867
vn 0.5729 -0.0493 0.8181
vn 0.8592 -0.0000 0.5116
vn 0.9867 -0.0000 0.1628
vn 0.5703 0.0000 -0.8214
vn 0.5931 0.3708 -0.7146
vn 0.2186 -0.0472 -0.9747
vn 0.8235 0.0025 -0.5673
vn 0.0483 0.3931 -0.9182
vn -0.1029 0.9430 -0.3166
vn 0.2632 0.8756 -0.4050
vn 0.5779 0.6536 -0.4887
vn 0.1120 0.1293 -0.9853
vn 0.4551 0.8857 -0.0917
vn -0.2262 -0.0851 -0.9704
vn -0.7995 0.0000 -0.6007
vn -0.9997 -0.0000 -0.0251
vn -0.5712 0.0000 0.8208
vn -0.7633 0.4678 0.4455
vn 0.0282 -0.0816 0.9963
vn -0.9413 0.0059 0.3374
vn 0.2232 0.1617 0.9613
vn 0.7040 0.4802 0.5233
vn 0.5474 0.8358 0.0429
vn 0.1606 0.9868 0.0205
vn 0.2572 0.4621 0.8487
vn 0.4455 0.8724 0.2011
vn 0.5091 -0.0468 0.8594
vn 0.8253 -0.0000 0.5646
vn 0.9781 0.0000 0.2081
vn 0.5899 0.0000 -0.8075
vn 0.6088 0.3870 -0.6925
vn 0.5898 -0.0000 -0.8075
vn 0.2245 -0.0493 -0.9732
vn 0.8396 0.0019 -0.5432
vn 0.0752 0.3962 -0.9151
vn -0.1579 0.9359 -0.3149
vn 0.2514 0.8948 -0.3690
vn 0.5816 0.6756 -0.4531
vn 0.1327 0.1289 -0.9827
vn 0.4276 0.9003 -0.0813
vn -0.2295 -0.0879 -0.9693
vn -0.7997 0.0000 -0.6004
vn -1.0000 0.0001 -0.0049
vn -0.5906 0.0000 0.8070
vn -0.7749 0.4936 0.3949
vn 0.0454 -0.0861 0.9953
vn -0.9528 0.0001 0.3035
vn 0.2184 0.1805 0.9590
vn 0.7275 0.4984 0.4715
vn 0.6022 0.7964 -0.0556
vn 0.2085 0.9778 0.0224
vn 0.2487 0.4677 0.8482
vn 0.4709 0.8513 0.2312
vn 0.4987 -0.0512 0.8653
vn 0.8082 -0.0000 0.5890
vn 0.9676 0.0000 0.2524
vn 0.6089 -0.0000 -0.7933
vn 0.6267 0.3673 -0.6873
vn 0.2686 -0.0468 -0.9621
vn 0.8473 0.0035 -0.5310
vn 0.1050 0.3883 -0.9155
vn -0.1191 0.9361 -0.3309
vn 0.2866 0.8691 -0.4032
vn 0.6032 0.6578 -0.4510
vn 0.1639 0.1054 -0.9808
vn 0.4619 0.8843 -0.0691
vn -0.2052 -0.0839 -0.9751
vn -0.7923 0.0000 -0.6102
vn -1.0000 -0.0000 -0.0012
vn -0.6096 0.0000 0.7927
vn -0.7836 0.4761 0.3991
vn -0.6095 0.0000 0.7928
vn -0.0067 -0.0830 0.9965
vn -0.9581 0.0027 0.2865
vn 0.1894 0.1639 0.9681
vn 0.6877 0.5097 0.5170
vn 0.5616 0.8268 0.0314
vn 0.1674 0.9841 0.0591
vn 0.2205 0.4597 0.8603
vn 0.4402 0.8646 0.2424
vn 0.4509 -0.0498 0.8912
vn 0.7810 -0.0000 0.6246
vn 0.9551 0.0000 0.2963
vn 0.6275 -0.0000 -0.7786
vn 0.6412 0.3814 -0.6659
vn 0.2765 -0.0487 -0.9598
vn 0.8624 -0.0005 -0.5063
vn 0.1211 0.3940 -0.9111
vn -0.1762 0.9378 -0.2992
vn 0.2739 0.8889 -0.3672
vn 0.5998 0.6469 -0.4710
vn 0.1707 0.0626 -0.9833
vn 0.4446 0.8888 -0.1109
vn -0.2466 -0.0834 -0.9655
vn -0.9960 -0.0000 0.0889
vn -0.6284 0.0000 0.7779
vn -0.7926 0.4868 0.3671
vn -0.0138 -0.0850 0.9963
vn -0.9651 -0.0006 0.2619
vn 0.1708 0.1733 0.9699
vn 0.6890 0.5233 0.5014
vn 0.5878 0.8090 -0.0004
vn 0.1877 0.9794 0.0746
vn 0.1999 0.4603 0.8650
vn 0.4441 0.8541 0.2708
vn 0.4215 -0.0523 0.9053
vn 0.7540 0.0000 0.6568
vn 0.9379 -0.0000 0.3470
vn 0.6458 -0.0000 -0.7635
vn 0.6569 0.3806 -0.6509
vn 0.6459 0.0000 -0.7634
vn 0.3003 -0.0486 -0.9526
vn 0.8751 0.0010 -0.4840
vn 0.1360 0.3960 -0.9081
vn -0.1072 0.9431 -0.3148
vn 0.2860 0.8882 -0.3596
vn 0.6148 0.6574 -0.4358
vn 0.2008 0.1196 -0.9723
vn 0.4461 0.8925 -0.0669
vn -0.1550 -0.0857 -0.9842
vn -0.9963 0.0000 -0.0863
vn -0.6468 -0.0000 0.7627
vn -0.8012 0.4837 0.3524
vn -0.0427 -0.0844 0.9955
vn -0.9705 -0.0003 0.2409
vn 0.1472 0.1700 0.9744
vn 0.6723 0.5223 0.5246
vn 0.5852 0.8105 0.0258
vn 0.1847 0.9793 0.0827
vn 0.1732 0.4596 0.8711
vn 0.4331 0.8556 0.2836
vn 0.3975 -0.0514 0.9161
vn 0.7372 -0.0000 0.6756
vn 0.9295 0.0000 0.3687
vn 0.6709 0.0000 -0.7415
vn 0.6804 0.3774 -0.6282
vn 0.6709 -0.0000 -0.7416
vn 0.3344 -0.0476 -0.9412
vn 0.8924 0.0023 -0.4512
vn 0.1605 0.3941 -0.9049
vn -0.0901 0.9443 -0.3166
vn 0.3080 0.8820 -0.3566
vn 0.6340 0.6548 -0.4113
vn 0.2192 0.1264 -0.9675
vn 0.4551 0.8899 -0.0300
vn -0.1278 -0.0867 -0.9880
vn -0.7385 0.0000 -0.6742
vn -0.9947 0.0000 -0.1026
vn -0.6709 -0.0000 0.7415
vn -0.8150 0.4856 0.3161
vn -0.6711 0.0000 0.7414
vn -0.0656 -0.0842 0.9943
vn -0.9812 0.0000 0.1928
vn 0.1302 0.1622 0.9781
vn 0.6733 0.5084 0.5368
vn 0.5924 0.8053 0.0248
vn 0.1881 0.9793 0.0742
vn 0.1684 0.4593 0.8722
vn 0.4402 0.8505 0.2878
vn 0.4046 -0.0503 0.9131
vn 0.7405 0.0000 0.6720
vn 0.9334 -0.0000 0.3588
vn 0.6708 -0.0000 -0.7416
vn 0.6791 0.3854 -0.6247
vn 0.3260 -0.0486 -0.9441
vn 0.1541 0.3981 -0.9043
vn -0.1126 0.9462 -0.3033
vn 0.2884 0.8950 -0.3402
vn 0.6241 0.6526 -0.4297
vn 0.2199 0.1157 -0.9686
vn 0.4444 0.8938 -0.0604
vn -0.1432 -0.0864 -0.9859
vn -0.9958 0.0000 -0.0911
vn -0.6710 0.0000 0.7415
vn -0.8151 0.4856 0.3160
vn -0.6709 0.0000 0.7416
vn -0.0654 -0.0842 0.9943
vn -0.9812 0.0000 0.1931
vn 0.1302 0.1623 0.9781
vn 0.6733 0.5085 0.5368
vn 0.5924 0.8053 0.0249
vn 0.1882 0.9793 0.0744
vn 0.1683 0.4593 0.8722
vn 0.4402 0.8505 0.2879
vn 0.4044 -0.0503 0.9132
vn 0.9333 0.0000 0.3591
vn 0.7993 -0.0000 -0.6010
vn 0.7848 0.3952 -0.4774
vn 0.7992 -0.0000 -0.6010
vn 0.4888 -0.0491 -0.8710
vn 0.9695 -0.0021 -0.2452
vn 0.2814 0.4090 -0.8681
vn -0.1643 0.9472 -0.2755
vn 0.3294 0.9073 -0.2614
vn 0.6939 0.6320 -0.3451
vn 0.3514 0.0537 -0.9347
vn 0.4639 0.8852 0.0343
vn -0.1020 -0.0907 -0.9906
vn -0.7443 0.0000 -0.6678
vn -0.9999 0.0000 0.0159
vn -0.8291 0.0000 0.5590
vn -0.8753 0.4654 0.1315
vn -0.8292 0.0000 0.5589
vn -0.3298 -0.0803 0.9406
vn -0.9983 0.0061 -0.0574
vn -0.1204 0.1453 0.9820
vn 0.4701 0.4985 0.7284
vn 0.5122 0.8216 0.2501
vn 0.1457 0.9836 0.1061
vn -0.0409 0.4759 0.8786
vn 0.3472 0.8729 0.3428
vn 0.1364 -0.0533 0.9892
vn 0.5403 0.0000 0.8415
vn 0.7999 0.0000 0.6001
vn 0.9403 0.0000 -0.3404
vn 0.8961 0.3784 -0.2321
vn 0.9402 -0.0000 -0.3405
vn 0.7353 -0.0469 -0.6762
vn 0.9998 0.0036 0.0192
vn 0.5850 0.3844 -0.7141
vn -0.0588 0.9087 -0.4133
vn 0.4400 0.8791 -0.1833
vn 0.7424 0.6677 -0.0547
vn 0.6439 0.0331 -0.7644
vn 0.4162 0.8922 0.1751
vn 0.2144 -0.0863 -0.9729
vn -0.9632 0.0000 -0.2686
vn -0.9455 -0.0000 0.3256
vn -0.8680 0.4828 -0.1157
vn -0.5398 -0.0835 0.8376
vn -0.9557 -0.0028 -0.2942
vn -0.3721 0.1684 0.9128
vn 0.3242 0.5502 0.7695
vn 0.4944 0.8112 0.3123
vn 0.0846 0.9750 0.2056
vn -0.2844 0.4492 0.8470
vn 0.2163 0.8437 0.4912
vn -0.1624 -0.0556 0.9852
vn 0.5488 0.0000 0.8360
vn 0.9997 -0.0000 -0.0248
vn 0.9406 0.3354 0.0534
vn 0.9302 -0.0416 -0.3647
vn 0.9518 0.0085 0.3065
vn 0.8101 0.3592 -0.4633
vn 0.2062 0.8973 -0.3903
vn 0.5675 0.8208 -0.0655
vn 0.7201 0.6656 0.1961
vn 0.8937 0.0294 -0.4477
vn 0.3698 0.8685 0.3302
vn 0.6011 -0.0750 -0.7957
vn -0.7210 -0.0001 -0.6930
vn -0.9993 0.0000 -0.0375
vn -0.7103 0.5401 -0.4515
vn -0.9993 0.0000 -0.0376
vn -0.7518 -0.0945 0.6526
vn -0.7700 -0.0146 -0.6379
vn -0.6232 0.2007 0.7558
vn 0.2201 0.5517 0.8045
vn 0.5955 0.7065 0.3825
vn 0.0809 0.9635 0.2551
vn -0.5497 0.4612 0.6965
vn 0.0482 0.8145 0.5781
vn -0.4366 -0.0602 0.8976
vn -0.0646 0.0000 0.9979
vn 0.2752 0.0000 0.9614
vn 0.9330 0.0000 0.3598
vn 0.8342 0.3748 0.4045
vn 0.9331 -0.0000 0.3597
vn 0.9986 -0.0485 -0.0218
vn 0.7456 -0.0018 0.6664
vn 0.9002 0.3992 -0.1738
vn 0.2081 0.9508 -0.2297
vn 0.4429 0.8825 0.1579
vn 0.6628 0.6198 0.4201
vn 0.9883 0.0372 -0.1481
vn 0.2585 0.8747 0.4099
vn 0.8323 -0.0826 -0.5481
vn -0.4437 0.0000 -0.8962
vn -0.9710 0.0000 -0.2390
vn -0.6709 0.4613 -0.5805
vn -0.9710 0.0000 -0.2389
vn -0.9126 -0.0778 0.4014
vn -0.6900 -0.0066 -0.7238
vn -0.8493 0.1969 0.4899
vn -0.2196 0.5173 0.8272
vn 0.2176 0.7548 0.6188
vn -0.0754 0.9368 0.3416
vn -0.7576 0.4282 0.4927
vn -0.2060 0.7946 0.5711
vn -0.7404 -0.0533 0.6701
vn -0.4527 -0.0000 0.8917
vn -0.1644 -0.0000 0.9864
vn 0.8138 0.0000 0.5812
vn 0.6800 0.4173 0.6029
vn 0.9824 -0.0517 0.1795
vn 0.4997 -0.0080 0.8662
vn 0.8992 0.4322 -0.0677
vn 0.1474 0.9836 -0.1042
vn 0.2774 0.9366 0.2143
vn 0.5996 0.6045 0.5245
vn 0.9876 0.1565 0.0115
vn 0.1248 0.8951 0.4281
vn 0.9447 -0.0959 -0.3137
vn -0.0438 0.0001 -0.9990
vn -0.8754 0.0000 -0.4834
vn -0.4759 0.4346 -0.7646
vn -0.8759 0.0032 -0.4825
vn -0.9187 -0.0070 -0.3948
vn -0.9817 -0.0826 0.1716
vn -0.4824 -0.0062 -0.8759
vn -0.9322 0.1212 0.3411
vn -0.3994 0.5407 0.7403
vn -0.0067 0.7821 0.6231
vn -0.2343 0.9313 0.2790
vn -0.8361 0.4068 0.3680
vn -0.3377 0.7894 0.5127
vn -0.8654 -0.0525 0.4983
vn -0.3964 -0.0000 0.9181
vn 0.7081 -0.0000 0.7061
vn 0.5908 0.3852 0.7089
vn 0.7080 -0.0000 0.7062
vn 0.9270 -0.0485 0.3718
vn 0.4036 0.0016 0.9149
vn 0.8958 0.3978 0.1983
vn 0.3215 0.9439 -0.0754
vn 0.3267 0.8941 0.3065
vn 0.3750 0.6654 0.6455
vn 0.9512 0.1457 0.2721
vn 0.0111 0.8970 0.4420
vn 0.9942 -0.0885 -0.0610
vn 0.2063 0.0000 -0.9785
vn -0.7074 0.0000 -0.7068
vn -0.2752 0.4858 -0.8296
vn -0.9899 -0.0842 -0.1144
vn -0.1435 0.0017 -0.9896
vn -0.9833 0.1623 0.0818
vn -0.5850 0.4850 0.6500
vn -0.0539 0.8063 0.5890
vn -0.0516 0.9805 0.1896
vn -0.8777 0.4616 0.1288
vn -0.2934 0.8524 0.4327
vn -0.9190 -0.0476 0.3913
vn -0.6801 0.0000 0.7331
vn -0.3536 0.0000 0.9354
vn 0.5909 0.3852 0.7088
vn 0.9271 -0.0485 0.3718
vn 0.4037 0.0015 0.9149
vn 0.3212 0.9441 -0.0747
vn 0.3266 0.8941 0.3064
vn 0.3760 0.6649 0.6454
vn 0.9512 0.1456 0.2721
vn 0.0124 0.8970 0.4419
vn 0.9942 -0.0884 -0.0606
vn 0.7307 -0.0000 -0.6826
vn 0.2077 -0.0000 -0.9782
vn -0.1441 0.0016 -0.9896
vn -0.9833 0.1624 0.0818
vn -0.5837 0.4864 0.6501
vn -0.0533 0.8062 0.5893
vn -0.0542 0.9804 0.1895
vn -0.8783 0.4608 0.1279
vn -0.2956 0.8519 0.4322
vn -0.9196 -0.0476 0.3900
vn -0.6816 -0.0000 0.7317
vn -0.3559 -0.0000 0.9345
vn -0.4475 0.4418 -0.7775
vn -0.7068 0.0000 -0.7074
vn -0.9629 -0.0643 -0.2621
vn -0.2588 0.0002 -0.9659
vn -0.9659 0.2588 -0.0007
vn -0.5268 0.7099 0.4674
vn -0.2799 0.9456 0.1660
vn -0.3218 0.9018 -0.2884
vn -0.9416 0.2951 -0.1620
vn -0.9669 -0.0662 0.2465
vn -0.7053 -0.0000 0.7089
vn -0.2548 0.0000 0.9670
vn 0.7072 -0.0000 0.7070
vn 0.2590 -0.0000 0.9659
vn 0.5251 0.7125 -0.4655
vn 0.3236 0.9011 0.2886
vn 0.9414 0.2961 0.1613
vn 0.9677 -0.0664 -0.2434
vn 0.2616 -0.0000 -0.9652
vn -0.5253 0.7111 0.4673
vn -0.9418 0.2946 -0.1618
vn -0.9669 -0.0662 0.2463
vn -0.2560 -0.0000 0.9667
vn 0.2617 -0.0000 -0.9652
vn 0.5251 0.7124 -0.4655
vn 0.5250 0.7125 -0.4655
vn -0.5253 0.7111 0.4674
vn 0.4470 0.4420 0.7777
vn 0.2591 -0.0001 0.9659
vn 0.5246 0.7130 -0.4652
vn 0.2789 0.9457 -0.1668
vn 0.3248 0.9006 0.2889
vn 0.9415 0.2957 0.1615
vn 0.9678 -0.0664 -0.2428
vn 0.2628 0.0000 -0.9648
vn 0.2409 0.0014 -0.9706
vn 0.2680 0.0200 -0.9632
vn 0.2376 0.0014 -0.9714
vn 0.2113 -0.0756 -0.9745
vn 0.2328 -0.0315 -0.9720
vn 0.2041 -0.0787 -0.9758
vn 0.3153 0.1443 -0.9380
vn 0.2715 0.0399 -0.9616
vn 0.3060 0.1097 -0.9457
vn 0.2399 -0.0004 -0.9708
vn 0.2635 -0.0446 -0.9636
vn 0.2433 -0.0000 -0.9699
vn -0.7331 0.0000 -0.6801
vn -0.7005 0.0264 -0.7131
vn -0.7385 -0.0000 -0.6743
vn -0.7597 -0.1228 -0.6385
vn -0.7388 -0.0530 -0.6718
vn -0.7684 -0.1329 -0.6260
vn -0.5658 0.2796 -0.7757
vn -0.6773 0.0797 -0.7313
vn -0.5929 0.2227 -0.7738
vn -0.7274 -0.0008 -0.6862
vn -0.6884 -0.0901 -0.7197
vn -0.7243 -0.0000 -0.6895
vn -0.9042 -0.0000 -0.4271
vn -0.9131 -0.0139 -0.4074
vn -0.9030 -0.0000 -0.4297
vn -0.8930 0.0551 -0.4467
vn -0.9012 0.0251 -0.4327
vn -0.8951 0.0596 -0.4418
vn -0.8893 0.0643 -0.4527
vn -0.8992 0.0296 -0.4365
vn -0.8818 0.0856 -0.4638
vn -0.9159 -0.0001 -0.4014
vn -0.9027 -0.0352 -0.4288
vn -0.9119 0.0000 -0.4104
vn -0.9647 0.0000 -0.2632
vn -0.9702 -0.0149 -0.2419
vn -0.9638 0.0000 -0.2665
vn -0.9558 0.0667 -0.2863
vn -0.9630 0.0261 -0.2682
vn -0.9485 0.0697 -0.3091
vn -0.6976 -0.6880 0.2003
vn -0.9571 -0.2771 -0.0844
vn -0.7252 -0.6597 0.1971
vn -0.9554 0.0013 -0.2954
vn -0.9437 0.3036 -0.1313
vn -0.9607 -0.0000 -0.2777
vn -1.0000 -0.0000 -0.0015
vn -1.0000 -0.0012 0.0002
vn -1.0000 0.0048 -0.0034
vn -1.0000 0.0022 -0.0021
vn -1.0000 0.0051 -0.0036
vn -1.0000 -0.0023 0.0003
vn -1.0000 -0.0001 -0.0008
vn -1.0000 0.0000 -0.0008
vn -1.0000 -0.0009 0.0006
vn -1.0000 0.0033 -0.0021
vn -1.0000 0.0018 -0.0013
vn -1.0000 0.0036 -0.0013
vn -0.9999 0.0131 -0.0075
vn -1.0000 0.0052 -0.0034
vn -0.9999 0.0142 -0.0085
vn -1.0000 -0.0000 0.0018
vn -1.0000 -0.0059 -0.0022
vn -1.0000 0.0000 0.0008
vn 0.0671 0.0000 -0.9977
vn 0.0687 0.0008 -0.9976
vn 0.0647 -0.0062 -0.9979
vn 0.0668 -0.0017 -0.9978
vn 0.0573 -0.0061 -0.9983
vn 0.1777 0.2093 -0.9616
vn 0.1112 0.0757 -0.9909
vn 0.1797 0.2034 -0.9625
vn 0.0526 -0.0003 -0.9986
vn 0.1015 -0.0810 -0.9915
vn 0.0594 0.0000 -0.9982
vn 0.0533 0.0000 -0.9986
vn 0.0432 -0.0067 -0.9990
vn 0.0544 -0.0000 -0.9985
vn 0.0644 0.0269 -0.9976
vn 0.0565 0.0117 -0.9983
vn 0.0653 0.0285 -0.9975
vn 0.0436 -0.0137 -0.9990
vn 0.0496 -0.0006 -0.9988
vn 0.0488 -0.0018 -0.9988
vn 0.0493 0.0001 -0.9988
vn 0.0497 0.0006 -0.9988
vn 0.0500 0.0000 -0.9987
vn 0.0500 0.0000 -0.9988
vn -0.0704 0.0000 -0.9975
vn -0.2327 -0.1099 -0.9663
vn -0.0517 0.0000 -0.9987
vn 0.0985 0.4195 -0.9024
vn -0.0212 0.1928 -0.9810
vn 0.0829 0.4448 -0.8918
vn 0.1385 0.4580 -0.8781
vn 0.0099 0.2401 -0.9707
vn 0.2252 0.5996 -0.7679
vn -0.1949 -0.0004 -0.9808
vn -0.0028 -0.2483 -0.9687
vn -0.1581 0.0000 -0.9874
vn -0.4377 0.0000 -0.8991
vn -0.4327 0.0034 -0.9015
vn -0.4380 -0.0000 -0.8990
vn -0.4450 -0.0196 -0.8953
vn -0.4395 -0.0063 -0.8982
vn -0.4607 -0.0199 -0.8873
vn -0.3188 0.2377 -0.9175
vn -0.3927 0.0826 -0.9159
vn -0.3170 0.2222 -0.9220
vn -0.4694 -0.0005 -0.8830
vn -0.4182 -0.0979 -0.9031
vn -0.4548 0.0000 -0.8906
vn 0.1712 0.0000 -0.9852
vn 0.1427 -0.0181 -0.9896
vn 0.1743 0.0000 -0.9847
vn 0.2001 0.0752 -0.9769
vn 0.1799 0.0332 -0.9831
vn 0.1997 0.0799 -0.9766
vn 0.1710 0.0124 -0.9852
vn 0.1715 0.0168 -0.9850
vn 0.1856 0.0443 -0.9816
vn 0.1549 0.0001 -0.9879
vn 0.1679 -0.0188 -0.9856
vn 0.1590 0.0000 -0.9873
vn 0.1232 0.0000 -0.9924
vn 0.1753 0.0357 -0.9839
vn 0.1162 0.0000 -0.9932
vn 0.0671 -0.1430 -0.9874
vn 0.1084 -0.0627 -0.9921
vn 0.0593 -0.1525 -0.9865
vn 0.1970 0.1149 -0.9736
vn 0.1541 0.0169 -0.9879
vn 0.1729 0.0506 -0.9836
vn 0.1422 -0.0006 -0.9898
vn 0.1504 -0.0192 -0.9884
vn 0.1407 0.0000 -0.9900
vn 0.1208 0.0000 -0.9927
vn 0.1036 -0.0110 -0.9946
vn 0.1225 -0.0000 -0.9925
vn 0.1377 0.0428 -0.9895
vn 0.1262 0.0200 -0.9918
vn 0.1307 0.0461 -0.9903
vn 0.2139 0.1903 -0.9581
vn 0.1584 0.0770 -0.9844
vn 0.2251 0.2048 -0.9526
vn 0.0969 -0.0002 -0.9953
vn 0.1443 -0.0853 -0.9859
vn 0.1058 0.0000 -0.9944
vn 0.0836 0.0000 -0.9965
vn 0.1094 0.0166 -0.9939
vn 0.0806 0.0000 -0.9967
vn 0.0563 -0.0683 -0.9961
vn 0.0760 -0.0299 -0.9967
vn 0.0560 -0.0727 -0.9958
vn 0.0863 -0.0073 -0.9962
vn 0.0845 -0.0139 -0.9963
vn 0.0726 -0.0363 -0.9967
vn 0.0984 -0.0000 -0.9951
vn 0.0874 0.0156 -0.9960
vn 0.0949 0.0000 -0.9955
vn 0.2272 -0.0000 -0.9738
vn 0.2750 0.0320 -0.9609
vn 0.2219 0.0000 -0.9751
vn 0.1755 -0.1295 -0.9759
vn 0.2126 -0.0570 -0.9755
vn 0.1781 -0.1376 -0.9743
vn 0.1934 -0.0882 -0.9771
vn 0.2131 -0.0537 -0.9756
vn 0.1657 -0.1413 -0.9760
vn 0.2597 0.0001 -0.9657
vn 0.2234 0.0595 -0.9729
vn 0.2505 0.0000 -0.9681
vn 0.2207 0.0000 -0.9753
vn 0.1792 -0.0266 -0.9835
vn 0.2252 0.0000 -0.9743
vn 0.2623 0.1120 -0.9585
vn 0.2330 0.0487 -0.9712
vn 0.2669 0.1185 -0.9564
vn 0.1629 -0.0931 -0.9822
vn 0.1989 -0.0154 -0.9799
vn 0.1837 -0.0435 -0.9820
vn 0.2084 0.0003 -0.9780
vn 0.2017 0.0170 -0.9793
vn 0.2093 0.0000 -0.9779
vn 0.1866 0.0000 -0.9824
vn 0.2057 0.0127 -0.9785
vn 0.1844 0.0000 -0.9829
vn 0.1666 -0.0515 -0.9847
vn 0.1808 -0.0228 -0.9833
vn 0.1652 -0.0548 -0.9847
vn 0.2011 0.0191 -0.9794
vn 0.1929 -0.0013 -0.9812
vn 0.1912 -0.0033 -0.9815
vn 0.1949 -0.0001 -0.9808
vn 0.1927 0.0017 -0.9813
vn 0.1934 0.0000 -0.9811
vn 0.1452 -0.6334 0.7601
vn 0.1244 -0.9234 0.3631
vn -0.0411 -0.3609 0.9317
vn 0.1523 -0.0000 0.9883
vn 0.7097 0.0314 0.7038
vn 0.5405 0.3641 0.7585
vn 0.6002 -0.2218 0.7685
vn 0.7867 -0.0000 0.6174
vn 0.1537 -0.0460 0.9870
vn -0.1273 0.4304 0.8936
vn 0.3306 0.8569 0.3956
vn 0.1541 0.6714 0.7249
vn 0.7957 -0.4165 0.4397
vn 0.3652 -0.7230 0.5865
vn 0.3072 -0.5169 0.7990
vn 0.0007 -0.7076 0.7066
vn 0.5773 -0.5774 -0.5773
vn 1.0000 -0.0011 -0.0011
vn 1.0000 0.0038 -0.0004
vn 1.0000 0.0017 -0.0004
vn 1.0000 0.0027 -0.0012
vn 0.9999 0.0145 0.0001
vn 1.0000 0.0061 -0.0000
vn 0.9999 0.0148 0.0005
vn 1.0000 0.0006 -0.0020
vn 1.0000 -0.0033 0.0025
vn 1.0000 0.0007 -0.0015
vn 0.9874 -0.0045 0.1582
vn 0.5649 -0.0521 0.8235
vn 0.4104 0.4162 0.8114
vn 0.3418 0.9144 0.2169
vn -0.1006 0.9457 0.3091
vn 0.7222 0.6363 0.2711
vn 0.4435 0.8962 -0.0069
vn 0.4806 0.0637 0.8746
vn 0.0766 -0.0849 0.9934
vn -0.9671 0.0017 0.2545
vn -0.5732 0.0010 0.8194
vn -0.2271 0.0000 -0.9739
vn -0.2750 -0.0320 -0.9609
vn -0.2217 0.0000 -0.9751
vn -0.1754 0.1295 -0.9759
vn -0.2120 0.0576 -0.9756
vn -0.1782 0.1377 -0.9743
vn -0.1923 0.0896 -0.9772
vn -0.2130 0.0540 -0.9756
vn -0.1644 0.1428 -0.9760
vn -0.2600 0.0000 -0.9656
vn -0.2232 -0.0600 -0.9729
vn -0.2507 0.0000 -0.9681
vn -0.2206 0.0000 -0.9754
vn -0.1794 0.0263 -0.9834
vn -0.2251 0.0000 -0.9743
vn -0.2621 -0.1111 -0.9586
vn -0.2329 -0.0482 -0.9713
vn -0.2668 -0.1176 -0.9565
vn -0.1620 0.0946 -0.9823
vn -0.1984 0.0161 -0.9800
vn -0.1826 0.0453 -0.9821
vn -0.2086 -0.0002 -0.9780
vn -0.2014 -0.0178 -0.9794
vn -0.2094 0.0000 -0.9778
vn -0.1865 0.0000 -0.9825
vn -0.2058 -0.0128 -0.9785
vn -0.1843 -0.0000 -0.9829
vn -0.1661 0.0521 -0.9847
vn -0.1808 0.0229 -0.9833
vn -0.1647 0.0554 -0.9848
vn -0.2010 -0.0183 -0.9794
vn -0.1922 0.0020 -0.9814
vn -0.1909 0.0044 -0.9816
vn -0.1950 0.0001 -0.9808
vn -0.1925 -0.0022 -0.9813
vn -0.1935 0.0000 -0.9811
vn -0.1712 0.0000 -0.9852
vn -0.1427 0.0180 -0.9896
vn -0.1743 0.0000 -0.9847
vn -0.2005 -0.0754 -0.9768
vn -0.1797 -0.0329 -0.9832
vn -0.2001 -0.0801 -0.9765
vn -0.1714 -0.0133 -0.9851
vn -0.1718 -0.0172 -0.9850
vn -0.1860 -0.0451 -0.9815
vn -0.1547 -0.0001 -0.9880
vn -0.1680 0.0191 -0.9856
vn -0.1589 0.0000 -0.9873
vn -0.1423 0.0000 -0.9898
vn -0.1313 0.0075 -0.9913
vn -0.1438 0.0000 -0.9896
vn -0.1540 -0.0308 -0.9876
vn -0.1453 -0.0132 -0.9893
vn -0.1575 -0.0328 -0.9870
vn -0.1085 0.0574 -0.9924
vn -0.1286 0.0152 -0.9916
vn -0.1133 0.0427 -0.9926
vn -0.1424 -0.0002 -0.9898
vn -0.1321 -0.0172 -0.9911
vn -0.1408 0.0000 -0.9900
vn -0.1207 0.0000 -0.9927
vn -0.1038 0.0108 -0.9945
vn -0.1224 0.0000 -0.9925
vn -0.1375 -0.0420 -0.9896
vn -0.1258 -0.0194 -0.9919
vn -0.1306 -0.0452 -0.9904
vn -0.2143 -0.1904 -0.9580
vn -0.1589 -0.0771 -0.9843
vn -0.2253 -0.2045 -0.9526
vn -0.0969 0.0002 -0.9953
vn -0.1444 0.0852 -0.9858
vn -0.1058 0.0000 -0.9944
vn -0.0836 0.0000 -0.9965
vn -0.1095 -0.0166 -0.9938
vn -0.0805 -0.0000 -0.9968
vn -0.0562 0.0682 -0.9961
vn -0.0757 0.0302 -0.9967
vn -0.0559 0.0728 -0.9958
vn -0.0858 0.0080 -0.9963
vn -0.0845 0.0141 -0.9963
vn -0.0719 0.0371 -0.9967
vn -0.0986 0.0001 -0.9951
vn -0.0873 -0.0158 -0.9961
vn -0.0949 0.0000 -0.9955
vn -0.0671 0.0000 -0.9977
vn -0.0686 -0.0007 -0.9976
vn -0.0647 0.0061 -0.9979
vn -0.0667 0.0017 -0.9978
vn -0.0573 0.0060 -0.9983
vn -0.1771 -0.2071 -0.9621
vn -0.1108 -0.0747 -0.9910
vn -0.1791 -0.2013 -0.9630
vn -0.0527 0.0003 -0.9986
vn -0.1013 0.0802 -0.9916
vn -0.0595 0.0000 -0.9982
vn -0.0533 0.0000 -0.9986
vn -0.0432 0.0066 -0.9990
vn -0.0543 0.0000 -0.9985
vn -0.0641 -0.0265 -0.9976
vn -0.0566 -0.0117 -0.9983
vn -0.0649 -0.0281 -0.9975
vn -0.0445 0.0122 -0.9989
vn -0.0499 0.0000 -0.9988
vn -0.0497 0.0004 -0.9988
vn -0.0492 -0.0001 -0.9988
vn -0.0500 0.0000 -0.9987
vn -0.0500 -0.0001 -0.9987
vn -0.0502 -0.0003 -0.9987
vn -0.0503 -0.0006 -0.9987
vn 0.0561 0.0000 -0.9984
vn 0.2726 0.1323 -0.9530
vn 0.0314 -0.0000 -0.9995
vn -0.1777 -0.5316 -0.8281
vn -0.0143 -0.2479 -0.9687
vn -0.1755 -0.5629 -0.8077
vn 0.0133 -0.1748 -0.9845
vn 0.0395 -0.1522 -0.9876
vn -0.1084 -0.4012 -0.9095
vn 0.1858 -0.0003 -0.9826
vn 0.0489 0.1580 -0.9862
vn 0.1528 0.0000 -0.9883
vn 0.4198 0.0000 -0.9076
vn 0.5468 0.0867 -0.8328
vn 0.4120 -0.0000 -0.9112
vn 0.2314 -0.3637 -0.9023
vn 0.3576 -0.1591 -0.9202
vn 0.2299 -0.3763 -0.8975
vn 0.4666 0.0825 -0.8806
vn 0.4271 -0.0294 -0.9037
vn 0.4035 -0.0779 -0.9117
vn 0.4606 -0.0005 -0.8876
vn 0.4368 0.0356 -0.8989
vn 0.4503 -0.0000 -0.8929
vn 0.7241 -0.0000 -0.6897
vn 0.7209 -0.0024 -0.6930
vn 0.7245 0.0000 -0.6892
vn 0.7274 0.0111 -0.6861
vn 0.7250 0.0053 -0.6887
vn 0.7265 0.0125 -0.6871
vn 0.7390 0.0386 -0.6726
vn 0.7299 0.0152 -0.6834
vn 0.7412 0.0427 -0.6700
vn 0.7192 -0.0001 -0.6948
vn 0.7275 -0.0174 -0.6859
vn 0.7209 0.0000 -0.6930
vn 0.9093 0.0000 -0.4161
vn 0.9072 -0.0028 -0.4207
vn 0.9097 0.0000 -0.4153
vn 0.9117 0.0137 -0.4107
vn 0.9099 0.0056 -0.4147
vn 0.9132 0.0144 -0.4073
vn 0.8973 -0.0420 -0.4394
vn 0.9050 -0.0112 -0.4253
vn 0.8983 -0.0345 -0.4381
vn 0.9114 0.0002 -0.4115
vn 0.9064 0.0137 -0.4221
vn 0.9101 -0.0000 -0.4143
vn 0.9652 -0.0000 -0.2617
vn 0.9650 -0.0004 -0.2622
vn 0.9653 0.0015 -0.2611
vn 0.9652 0.0008 -0.2614
vn 0.9651 0.0016 -0.2619
vn 0.9668 0.0122 -0.2552
vn 0.9658 0.0044 -0.2592
vn 0.9670 0.0125 -0.2545
vn 0.9645 -0.0000 -0.2640
vn 0.9655 -0.0051 -0.2603
vn 0.9648 0.0000 -0.2631
vn 1.0000 0.0000 -0.0015
vn 1.0000 0.0012 0.0003
vn 1.0000 0.0000 -0.0019
vn 1.0000 -0.0048 -0.0034
vn 1.0000 -0.0023 -0.0022
vn 1.0000 -0.0052 -0.0036
vn 1.0000 0.0024 0.0003
vn 1.0000 0.0001 -0.0008
vn 1.0000 0.0000 -0.0008
vn 1.0000 0.0014 0.0012
vn 1.0000 0.0000 -0.0011
vn 1.0000 -0.0051 -0.0027
vn 1.0000 -0.0028 -0.0016
vn 1.0000 -0.0062 -0.0019
vn 0.9997 -0.0198 -0.0108
vn 1.0000 -0.0075 -0.0046
vn 0.9997 -0.0221 -0.0127
vn 1.0000 0.0007 0.0038
vn 0.9999 0.0101 -0.0027
vn 1.0000 0.0007 0.0021
vn -1.0000 -0.0001 0.0000
vn -1.0000 0.0018 -0.0017
vn -1.0000 0.0000 0.0003
vn -1.0000 -0.0056 -0.0006
vn -1.0000 -0.0024 -0.0007
vn -1.0000 -0.0049 -0.0020
vn -0.9998 -0.0217 0.0002
vn -1.0000 -0.0090 -0.0000
vn -0.9997 -0.0231 0.0008
vn -1.0000 0.0000 -0.0036
vn -1.0000 0.0065 0.0041
vn -1.0000 0.0000 -0.0024
vn 0.4912 0.0389 -0.8702
vn 0.3383 -0.0037 -0.9410
vn 0.5057 0.0730 -0.8596
vn 0.4635 0.0029 -0.8861
vn 0.5585 0.1135 -0.8217
vn 0.2665 0.0015 -0.9638
vn 0.9283 -0.3584 -0.0989
vn 0.6269 -0.5820 -0.5179
vn 0.3732 -0.8996 -0.2269
vn 0.9997 0.0001 -0.0254
vn 0.9996 -0.0024 -0.0273
vn 0.9997 0.0001 -0.0250
vn 0.9997 0.0087 -0.0218
vn 0.9997 0.0031 -0.0245
vn 0.9997 0.0092 -0.0216
vn 0.9997 -0.0036 -0.0255
vn 0.9996 0.0000 -0.0275
vn 0.9996 -0.0000 -0.0284
vn 0.1108 -0.6795 0.7253
vn -0.2961 -0.7678 0.5681
vn 0.2276 -0.0976 0.9689
vn 0.8864 -0.2194 0.4077
vn 0.6893 -0.3500 -0.6343
vn 0.4891 -0.6623 -0.5675
vn -0.1456 0.2251 0.9634
vn 0.4444 0.0000 0.8959
vn 0.0729 -0.0000 0.9973
vn -0.1586 -0.4867 0.8590
vn 0.4392 -0.6354 0.6351
vn -0.3392 -0.5649 0.7523
vn -0.7841 0.0000 0.6206
vn -0.4576 -0.0513 0.8877
vn -0.5081 0.0001 0.8613
vn -0.5106 0.0665 0.8572
vn -0.5390 0.1498 0.8289
vn -0.5805 0.2776 0.7654
vn 0.8066 0.5907 -0.0213
vn 0.8329 0.5530 -0.0225
vn 0.7989 0.6015 -0.0088
vn 0.7519 0.6592 -0.0102
vn 0.7638 0.6441 -0.0410
vn 0.7706 0.6363 -0.0351
vn 0.7523 0.6561 -0.0596
vn 0.7637 0.6443 -0.0405
vn 0.7567 0.6525 -0.0402
vn 0.4686 0.6839 -0.5592
vn -0.1006 0.9457 -0.3091
vn 0.4592 0.6921 -0.5569
vn 0.4728 0.6333 -0.6127
vn 0.4806 0.0637 -0.8746
vn 0.4435 0.8962 0.0068
vn 0.0766 -0.0849 -0.9934
vn -0.5732 0.0010 -0.8194
vn -0.9671 0.0017 -0.2545
vn 0.7324 0.0219 0.6805
vn 0.7391 0.0384 0.6725
vn 0.7354 0.0277 0.6770
vn 0.7217 -0.0029 0.6922
vn 0.7253 0.0058 0.6884
vn 0.7276 0.0117 0.6859
vn 0.7209 -0.0024 0.6931
vn 0.7243 0.0001 0.6895
vn 0.7247 0.0001 0.6890
vn 0.9035 -0.0175 0.4283
vn 0.8973 -0.0420 0.4394
vn 0.9011 -0.0235 0.4330
vn 0.9143 0.0263 0.4041
vn 0.9099 0.0056 0.4147
vn 0.9116 0.0136 0.4107
vn 0.9072 -0.0028 0.4206
vn 0.9093 0.0000 0.4161
vn 0.9096 0.0000 0.4154
vn 0.9661 0.0064 0.2582
vn 0.9668 0.0122 0.2553
vn 0.9664 0.0081 0.2569
vn 0.9647 -0.0028 0.2632
vn 0.9652 0.0009 0.2614
vn 0.9653 0.0016 0.2610
vn 0.9650 -0.0005 0.2624
vn 0.9652 0.0000 0.2616
vn 1.0000 0.0001 0.0008
vn 1.0000 0.0024 -0.0003
vn 1.0000 0.0008 0.0002
vn 1.0000 -0.0044 0.0032
vn 1.0000 -0.0022 0.0021
vn 1.0000 -0.0048 0.0034
vn 1.0000 0.0012 -0.0003
vn 1.0000 -0.0000 0.0015
vn 1.0000 -0.0000 0.0019
vn 0.9999 -0.0110 0.0063
vn 0.9997 -0.0198 0.0108
vn 0.9999 -0.0137 0.0082
vn 1.0000 -0.0028 0.0016
vn 1.0000 -0.0051 0.0028
vn 1.0000 0.0014 -0.0012
vn 1.0000 -0.0000 0.0008
vn -0.1250 -0.1027 0.9868
vn -0.1776 -0.2077 0.9619
vn -0.1545 -0.1491 0.9767
vn -0.0367 0.0625 0.9974
vn -0.0668 0.0017 0.9978
vn -0.0647 0.0062 0.9979
vn -0.0686 -0.0007 0.9976
vn -0.0671 0.0000 0.9977
vn -0.0668 0.0000 0.9978
vn -0.0499 0.0000 0.9988
vn -0.0444 0.0124 0.9989
vn -0.0469 0.0044 0.9989
vn -0.0630 -0.0242 0.9977
vn -0.0566 -0.0117 0.9983
vn -0.0643 -0.0267 0.9976
vn -0.0431 0.0067 0.9990
vn -0.0533 0.0000 0.9986
vn -0.0544 0.0000 0.9985
vn -0.0500 -0.0001 0.9987
vn -0.0500 -0.0000 0.9987
vn 0.0064 -0.2142 0.9768
vn 0.0141 -0.1731 0.9848
vn 0.0273 -0.1839 0.9826
vn -0.0745 -0.3526 0.9328
vn -0.0144 -0.2479 0.9687
vn -0.1775 -0.5312 0.8284
vn 0.2725 0.1323 0.9530
vn 0.0561 0.0000 0.9984
vn 0.0315 -0.0000 0.9995
vn 0.4226 -0.0403 0.9054
vn 0.4681 0.0864 0.8794
vn 0.4357 -0.0211 0.8999
vn 0.2582 -0.3239 0.9102
vn 0.3568 -0.1602 0.9204
vn 0.2305 -0.3654 0.9019
vn 0.5475 0.0874 0.8322
vn 0.4197 0.0001 0.9077
vn 0.4119 0.0001 0.9112
vn -0.1748 -0.0237 0.9843
vn -0.1715 -0.0134 0.9851
vn -0.1715 -0.0188 0.9850
vn -0.1890 -0.0515 0.9806
vn -0.1796 -0.0327 0.9832
vn -0.2001 -0.0748 0.9769
vn -0.1428 0.0179 0.9896
vn -0.1711 0.0000 0.9852
vn -0.1742 0.0000 0.9847
vn -0.1256 0.0214 0.9919
vn -0.1084 0.0575 0.9924
vn -0.1167 0.0339 0.9926
vn -0.1596 -0.0422 0.9863
vn -0.1451 -0.0130 0.9893
vn -0.1541 -0.0309 0.9876
vn -0.1313 0.0075 0.9913
vn -0.1423 0.0000 0.9898
vn -0.1438 0.0000 0.9896
vn -0.1723 -0.1046 0.9795
vn -0.2140 -0.1900 0.9582
vn -0.1910 -0.1347 0.9723
vn -0.1021 0.0292 0.9943
vn -0.1260 -0.0196 0.9918
vn -0.1375 -0.0421 0.9896
vn -0.1038 0.0108 0.9945
vn -0.1207 -0.0000 0.9927
vn -0.1224 -0.0000 0.9925
vn -0.0816 0.0197 0.9965
vn -0.0855 0.0083 0.9963
vn -0.0853 0.0141 0.9963
vn -0.0666 0.0479 0.9966
vn -0.0755 0.0304 0.9967
vn -0.0563 0.0682 0.9961
vn -0.1095 -0.0166 0.9938
vn -0.0836 0.0000 0.9965
vn -0.0805 -0.0000 0.9968
vn -0.2033 0.0736 0.9763
vn -0.1930 0.0885 0.9772
vn -0.2025 0.0748 0.9764
vn -0.2069 0.0668 0.9761
vn -0.2121 0.0575 0.9756
vn -0.1754 0.1295 0.9759
vn -0.2750 -0.0320 0.9609
vn -0.2271 0.0000 0.9739
vn -0.2217 0.0000 0.9751
vn -0.1955 0.0220 0.9805
vn -0.1622 0.0945 0.9822
vn -0.1775 0.0507 0.9828
vn -0.2626 -0.1120 0.9584
vn -0.2329 -0.0483 0.9713
vn -0.2623 -0.1114 0.9585
vn -0.1793 0.0263 0.9834
vn -0.2206 0.0000 0.9754
vn -0.2252 -0.0000 0.9743
vn -0.1916 0.0031 0.9815
vn -0.2006 -0.0176 0.9795
vn -0.1982 -0.0078 0.9801
vn -0.1711 0.0419 0.9844
vn -0.1808 0.0229 0.9833
vn -0.1661 0.0521 0.9847
vn -0.2058 -0.0128 0.9785
vn -0.1865 0.0000 0.9824
vn -0.1843 -0.0000 0.9829
vn -0.2559 -0.0058 0.9667
vn -0.2528 -0.0043 0.9675
vn -0.2183 0.0200 0.9757
vn -0.2740 -0.0482 0.9605
vn -0.3035 -0.1058 0.9469
vn -0.2968 -0.0848 0.9512
vn -0.2352 0.0080 0.9719
vn -0.2457 0.0046 0.9693
vn -0.2315 0.0343 0.9722
vn 0.4471 0.4421 0.7776
vn 0.7070 0.0000 0.7072
vn 0.3761 0.0000 0.9266
vn 0.9659 0.2587 -0.0006
vn 0.7069 0.7073 -0.0004
vn 0.1610 0.9662 -0.2014
vn 0.5769 -0.5768 -0.5783
vn 0.1315 -0.1319 -0.9825
vn 0.0154 -0.8542 -0.5197
vn 0.9504 0.0005 0.3110
vn 0.9820 0.1855 -0.0368
vn 1.0000 0.0007 -0.0001
vn 0.9822 -0.1142 0.1494
vn 1.0000 -0.0006 0.0000
vn -0.7071 0.7071 0.0000
vn -0.9553 0.2343 -0.1803
vn -0.9500 -0.0590 0.3066
vn -0.4792 0.4045 0.7789
vn -0.9999 -0.0120 0.0000
vn -0.9998 -0.0215 -0.0002
vn -0.9999 -0.0149 -0.0006
vn -1.0000 0.0030 0.0006
vn -1.0000 -0.0024 0.0007
vn -1.0000 -0.0056 0.0006
vn -1.0000 0.0018 0.0017
vn -1.0000 -0.0000 -0.0005
vn 0.4852 -0.0003 0.8744
vn 0.7374 -0.0718 0.6716
vn -0.2105 -0.0637 0.9755
vn 0.5501 0.6548 0.5183
vn 0.4920 0.8159 -0.3038
vn 0.6721 0.7262 0.1443
vn 0.7170 0.2787 0.6389
vn 0.5929 0.5377 0.5995
vn 0.5795 0.3823 0.7198
vn 0.9996 -0.0000 0.0275
vn 0.9997 -0.0036 0.0255
vn 0.9996 -0.0000 0.0284
vn 0.9997 0.0094 0.0216
vn 0.9997 0.0030 0.0245
vn 0.9997 0.0089 0.0218
vn 0.9996 -0.0027 0.0274
vn 0.9997 0.0000 0.0254
vn 0.9997 0.0000 0.0251
vn -0.4597 -0.0000 -0.8881
vn -0.5051 -0.1150 -0.8553
vn -0.4456 -0.0000 -0.8952
vn -0.5841 0.2897 -0.7582
vn -0.5259 0.1021 -0.8444
vn -0.5806 0.2773 -0.7655
vn -0.4397 -0.0882 -0.8938
vn -0.4988 -0.0001 -0.8667
vn -0.5081 -0.0001 -0.8613
vn 0.7637 0.6443 0.0405
vn 0.7523 0.6562 0.0596
vn 0.7568 0.6524 0.0402
vn 0.7706 0.6364 0.0351
vn 0.7637 0.6442 0.0411
vn 0.7519 0.6592 0.0102
vn 0.8329 0.5530 0.0225
vn 0.8066 0.5907 0.0213
vn 0.7988 0.6015 0.0087
vn 0.2037 -0.0730 0.9763
vn 0.1936 -0.0876 0.9772
vn 0.2030 -0.0742 0.9764
vn 0.2068 -0.0670 0.9761
vn 0.2123 -0.0573 0.9755
vn 0.1756 -0.1295 0.9759
vn 0.2750 0.0320 0.9609
vn 0.2272 0.0000 0.9739
vn 0.2219 -0.0000 0.9751
vn 0.1961 -0.0211 0.9804
vn 0.1630 -0.0933 0.9822
vn 0.1779 -0.0498 0.9828
vn 0.2623 0.1118 0.9585
vn 0.2329 0.0484 0.9713
vn 0.1792 -0.0266 0.9834
vn 0.2207 -0.0000 0.9754
vn 0.2252 -0.0000 0.9743
vn 0.1921 -0.0022 0.9814
vn 0.2015 0.0195 0.9793
vn 0.1990 0.0091 0.9800
vn 0.1710 -0.0423 0.9844
vn 0.1809 -0.0228 0.9832
vn 0.1663 -0.0520 0.9847
vn 0.2058 0.0128 0.9785
vn 0.1866 0.0000 0.9824
vn 0.1843 -0.0000 0.9829
vn -0.2433 0.0000 -0.9699
vn -0.2397 0.0003 -0.9708
vn -0.2635 0.0446 -0.9636
vn -0.2715 -0.0400 -0.9616
vn -0.3071 -0.1090 -0.9454
vn -0.3036 -0.1126 -0.9461
vn -0.2398 0.0085 -0.9708
vn -0.2457 0.0045 -0.9693
vn -0.2412 0.0049 -0.9705
vn 0.2783 0.0550 0.9589
vn 0.3152 0.1438 0.9381
vn 0.2973 0.0855 0.9510
vn 0.1976 -0.1031 0.9748
vn 0.2330 -0.0311 0.9720
vn 0.2116 -0.0749 0.9745
vn 0.2678 0.0198 0.9633
vn 0.2410 0.0014 0.9705
vn 0.2377 0.0014 0.9713
vn 0.1746 0.0235 0.9844
vn 0.1713 0.0129 0.9851
vn 0.1714 0.0185 0.9850
vn 0.1893 0.0522 0.9805
vn 0.1797 0.0330 0.9832
vn 0.2003 0.0753 0.9768
vn 0.1428 -0.0181 0.9896
vn 0.1712 -0.0000 0.9852
vn 0.1743 0.0000 0.9847
vn 0.1576 0.0240 0.9872
vn 0.1971 0.1150 0.9736
vn 0.1803 0.0565 0.9820
vn 0.0657 -0.1456 0.9872
vn 0.1086 -0.0624 0.9921
vn 0.0670 -0.1429 0.9875
vn 0.1754 0.0357 0.9839
vn 0.1232 0.0000 0.9924
vn 0.1162 0.0000 0.9932
vn 0.1722 0.1051 0.9794
vn 0.2140 0.1908 0.9580
vn 0.1910 0.1352 0.9722
vn 0.1021 -0.0292 0.9943
vn 0.1261 0.0198 0.9918
vn 0.1376 0.0426 0.9896
vn 0.1037 -0.0110 0.9946
vn 0.1207 0.0000 0.9927
vn 0.1224 -0.0000 0.9925
vn 0.0819 -0.0193 0.9965
vn 0.0861 -0.0075 0.9963
vn 0.0858 -0.0135 0.9962
vn 0.0666 -0.0480 0.9966
vn 0.0758 -0.0300 0.9967
vn 0.0565 -0.0680 0.9961
vn 0.1094 0.0166 0.9939
vn 0.0836 0.0000 0.9965
vn 0.0806 0.0000 0.9967
vn 0.1255 0.1037 0.9867
vn 0.1775 0.2092 0.9616
vn 0.1543 0.1501 0.9766
vn 0.0366 -0.0632 0.9973
vn 0.0668 -0.0018 0.9978
vn 0.0647 -0.0063 0.9979
vn 0.0687 0.0008 0.9976
vn 0.0671 0.0000 0.9977
vn 0.0668 0.0000 0.9978
vn 0.0495 -0.0008 0.9988
vn 0.0435 -0.0139 0.9990
vn 0.0462 -0.0054 0.9989
vn 0.0632 0.0247 0.9977
vn 0.0567 0.0119 0.9983
vn 0.0643 0.0268 0.9976
vn 0.0432 -0.0067 0.9990
vn 0.0533 0.0000 0.9986
vn 0.0544 0.0000 0.9985
vn 0.0499 -0.0002 0.9988
vn 0.0502 0.0003 0.9987
vn 0.0500 0.0000 0.9988
vn 0.0578 0.3304 0.9421
vn 0.1376 0.4571 0.8787
vn 0.0831 0.3664 0.9267
vn -0.0314 0.1670 0.9855
vn -0.0211 0.1929 0.9810
vn 0.0985 0.4195 0.9024
vn -0.2328 -0.1099 0.9663
vn -0.0704 0.0000 0.9975
vn -0.0517 -0.0000 0.9987
vn -0.3785 0.1147 0.9185
vn -0.3187 0.2379 0.9175
vn -0.3625 0.1370 0.9219
vn -0.4821 -0.1125 0.8689
vn -0.4395 -0.0062 0.8982
vn -0.4450 -0.0197 0.8953
vn -0.4327 0.0033 0.9015
vn -0.4377 0.0000 0.8991
vn -0.4380 -0.0000 0.8990
vn -0.6614 0.1118 0.7417
vn -0.5659 0.2796 0.7756
vn -0.6072 0.1922 0.7709
vn -0.7699 -0.1652 0.6164
vn -0.7389 -0.0533 0.6717
vn -0.7598 -0.1229 0.6385
vn -0.7005 0.0264 0.7132
vn -0.7332 -0.0000 0.6801
vn -0.7385 -0.0000 0.6742
vn -0.8954 0.0447 0.4430
vn -0.8893 0.0643 0.4528
vn -0.8939 0.0482 0.4456
vn -0.9025 0.0188 0.4302
vn -0.9012 0.0251 0.4327
vn -0.8929 0.0552 0.4468
vn -0.9131 -0.0139 0.4075
vn -0.9042 -0.0000 0.4271
vn -0.9030 -0.0000 0.4296
vn -0.9304 -0.3654 0.0299
vn -0.6976 -0.6879 -0.2002
vn -0.8277 -0.5483 -0.1194
vn -0.9069 0.2280 0.3544
vn -0.9630 0.0261 0.2682
vn -0.9559 0.0665 0.2862
vn -0.9702 -0.0149 0.2419
vn -0.9648 -0.0000 0.2632
vn -0.9638 -0.0000 0.2665
vn -1.0000 -0.0002 0.0007
vn -1.0000 -0.0026 -0.0004
vn -1.0000 -0.0010 0.0001
vn -1.0000 0.0046 0.0033
vn -1.0000 0.0027 0.0024
vn -1.0000 0.0050 0.0035
vn -1.0000 -0.0012 -0.0002
vn -1.0000 0.0000 0.0016
vn -1.0000 0.0073 0.0044
vn -0.9999 0.0132 0.0075
vn -0.9999 0.0091 0.0057
vn -1.0000 -0.0019 -0.0005
vn -1.0000 0.0015 0.0011
vn -1.0000 0.0033 0.0021
vn -1.0000 -0.0009 -0.0005
vn 1.0000 0.0010 -0.0002
vn 1.0000 0.0007 0.0001
vn 1.0000 0.0082 -0.0000
vn 0.9999 0.0148 -0.0001
vn 0.9999 0.0102 -0.0004
vn 1.0000 -0.0021 0.0004
vn 1.0000 0.0020 0.0004
vn 1.0000 0.0038 0.0004
vn 1.0000 -0.0011 0.0011
vn 0.2061 -0.4261 -0.8809
vn -0.1314 -0.2442 -0.9608
vn -0.3289 -0.6641 -0.6714
vn 0.9545 -0.0000 -0.2981
vn 0.8238 0.4476 -0.3478
vn 0.8521 0.0000 -0.5234
vn 0.9248 -0.3472 -0.1559
vn 0.9645 -0.2310 -0.1278
vn 0.6060 -0.6154 -0.5040
vn 0.8577 -0.1616 0.4880
vn 0.6800 0.3918 0.6198
vn 0.8981 -0.0625 0.4354
vn 0.7790 -0.2681 -0.5668
vn 0.8164 -0.1602 -0.5549
vn 0.3982 -0.5391 -0.7421
vn 0.9944 -0.1047 0.0130
vn 0.8929 0.3947 0.2165
vn 0.9983 -0.0115 -0.0571
vn 0.5265 0.0056 0.8501
vn 0.5138 0.0056 0.8579
vn 0.5265 0.0141 0.8501
vn 0.5624 -0.0070 0.8268
vn 0.5516 -0.0179 0.8339
vn 0.5468 -0.0071 0.8372
vn -0.4019 0.5387 0.7405
vn -0.4017 0.5393 0.7401
vn -0.4014 0.5379 0.7413
vn -0.4020 0.5373 0.7414
vn -0.4018 0.5381 0.7410
vn 0.0201 0.6477 0.7617
vn 0.0193 0.6471 0.7622
vn 0.0200 0.6514 0.7584
vn 0.0251 0.6412 0.7670
vn 0.0230 0.6373 0.7703
vn 0.0229 0.6422 0.7662
vn 0.3824 0.6816 0.6238
vn 0.3846 0.6771 0.6274
vn 0.3811 0.6822 0.6240
vn 0.3790 0.6941 0.6121
vn 0.3836 0.6896 0.6142
vn 0.3820 0.6882 0.6168
vn 0.6629 0.6566 0.3598
vn 0.6687 0.6489 0.3629
vn 0.6610 0.6579 0.3608
vn 0.6490 0.6777 0.3458
vn 0.6574 0.6702 0.3446
vn 0.6570 0.6677 0.3500
vn -0.8600 -0.0000 0.5103
vn -0.3447 -0.0855 0.9348
vn -0.9979 0.0000 0.0654
vn 0.6017 0.7961 0.0645
vn -0.1573 0.1766 0.9716
vn 0.1435 0.6640 0.7339
vn -0.7072 -0.0000 -0.7071
vn 0.9247 -0.3472 0.1559
vn 0.6059 -0.6155 0.5041
vn 0.9645 -0.2310 0.1279
vn 0.6800 0.3918 -0.6198
vn 0.8577 -0.1617 -0.4880
vn 0.8981 -0.0625 -0.4354
vn 0.7789 -0.2683 0.5669
vn 0.3980 -0.5392 0.7422
vn 0.8163 -0.1604 0.5550
vn 0.8929 0.3948 -0.2165
vn 0.9944 -0.1047 -0.0130
vn 0.9983 -0.0115 0.0572
vn 0.9640 0.0000 -0.2657
vn 0.6754 -0.6647 0.3195
vn 0.7244 0.3150 0.6132
vn -0.9258 0.3129 -0.2119
vn -0.6866 -0.6502 -0.3253
vn -0.5217 0.0000 -0.8531
vn 0.1153 -0.6647 -0.7382
vn 0.0020 -0.4796 -0.8775
vn -0.0243 -0.9582 -0.2850
vn 0.7035 -0.1804 -0.6874
vn 0.3434 0.3485 -0.8721
vn 0.5798 -0.0868 -0.8101
vn -0.4019 0.5387 -0.7404
vn -0.4017 0.5393 -0.7401
vn -0.4021 0.5385 -0.7405
vn -0.4020 0.5374 -0.7414
vn -0.4018 0.5380 -0.7410
vn 0.0201 0.6477 -0.7616
vn 0.0200 0.6514 -0.7585
vn 0.0193 0.6471 -0.7622
vn 0.0230 0.6373 -0.7703
vn 0.0252 0.6412 -0.7670
vn 0.0229 0.6422 -0.7662
vn 0.3824 0.6816 -0.6239
vn 0.3810 0.6822 -0.6240
vn 0.3846 0.6771 -0.6274
vn 0.3836 0.6896 -0.6142
vn 0.3790 0.6940 -0.6121
vn 0.3820 0.6882 -0.6168
vn 0.6629 0.6566 -0.3598
vn 0.6611 0.6579 -0.3608
vn 0.6687 0.6490 -0.3629
vn 0.6573 0.6701 -0.3447
vn 0.6490 0.6777 -0.3458
vn 0.6570 0.6677 -0.3500
vn 0.2842 -0.0000 0.9588
vn 0.8452 0.0000 0.5345
vn -0.3406 -0.6603 0.6694
vn -0.5564 -0.5064 0.6588
vn 0.5355 -0.0000 0.8445
vn -0.5217 -0.0000 0.8531
vn 0.8600 -0.0000 -0.5102
vn -0.1904 -0.5521 -0.8117
vn -0.1232 -0.3682 0.9215
vn 0.7209 0.0000 0.6930
vn -0.5012 -0.6039 -0.6198
vn 0.0796 -0.4863 0.8701
vn 0.9101 0.0000 0.4143
vn -0.6929 -0.4761 -0.5414
vn 0.4254 -0.3996 0.8120
vn 0.9648 -0.0000 0.2631
vn -0.7049 -0.6199 -0.3447
vn 0.5243 -0.4601 0.7165
vn 0.5244 -0.4601 0.7165
vn 1.0000 0.0007 -0.0021
vn 0.4040 -0.6022 -0.6886
vn -0.7530 -0.4146 0.5109
vn -0.0594 0.0000 0.9982
vn 0.3764 -0.6219 -0.6866
vn -0.7415 -0.4603 0.4882
vn 0.3791 -0.6193 -0.6876
vn -0.7415 -0.4604 0.4881
vn -0.0500 0.0000 0.9988
vn 0.3048 -0.6072 -0.7338
vn -0.6661 -0.4932 0.5595
vn 0.1528 0.0001 0.9883
vn 0.0129 -0.6409 -0.7675
vn -0.4385 -0.5494 0.7113
vn 0.4502 0.0002 0.8929
vn 0.4759 -0.5963 -0.6465
vn -0.7682 -0.5219 0.3708
vn -0.1589 0.0000 0.9873
vn 0.4225 -0.6331 -0.6486
vn -0.7846 -0.4348 0.4419
vn -0.1408 -0.0000 0.9900
vn 0.4392 -0.6005 -0.6682
vn -0.7667 -0.4618 0.4460
vn -0.1058 0.0000 0.9944
vn 0.4126 -0.6107 -0.6759
vn -0.7566 -0.4562 0.4684
vn -0.0950 0.0000 0.9955
vn 0.5009 -0.6177 -0.6062
vn -0.8094 -0.4820 0.3353
vn -0.2506 0.0000 0.9681
vn 0.4788 -0.6244 -0.6171
vn -0.8052 -0.4689 0.3631
vn -0.2094 0.0000 0.9778
vn 0.5009 -0.5869 -0.6361
vn -0.7986 -0.4599 0.3883
vn -0.1935 0.0000 0.9811
vn -0.5773 -0.5774 0.5774
vn 0.6168 -0.5412 0.5715
vn -0.6168 -0.5413 -0.5715
vn 0.6169 -0.5412 0.5715
vn -0.6168 -0.5413 -0.5714
vn -0.6169 -0.5412 -0.5715
vn -1.0000 0.0000 0.0024
vn 0.7714 0.6347 0.0452
vn 0.8530 0.0000 0.5219
vn 0.2842 0.0000 -0.9588
vn 0.8452 -0.0000 -0.5345
vn -0.3405 -0.6603 -0.6694
vn 0.4444 -0.0001 -0.8958
vn -0.4480 -0.1608 -0.8795
vn -0.7851 0.0000 -0.6193
vn 0.4885 -0.6375 0.5958
vn 0.1505 -0.6322 -0.7600
vn -0.5632 -0.4742 0.6767
vn 0.2505 -0.0000 0.9681
vn 0.1832 -0.6153 -0.7667
vn -0.5801 -0.4583 0.6734
vn 0.2093 0.0000 0.9778
vn 0.2085 -0.6073 -0.7666
vn -0.5962 -0.4534 0.6626
vn 0.1934 -0.0000 0.9811
vn -0.5642 -0.4604 0.6854
vn 0.2433 0.0000 0.9699
vn 0.2305 -0.6029 -0.7638
vn -0.6052 -0.5130 0.6087
vn 0.1590 0.0000 0.9873
vn 0.2336 -0.6202 -0.7488
vn -0.6288 -0.4315 0.6469
vn 0.1407 0.0000 0.9900
vn 0.2759 -0.5929 -0.7565
vn -0.6395 -0.4720 0.6068
vn 0.1057 0.0000 0.9944
vn 0.2728 -0.6163 -0.7387
vn -0.6569 -0.4480 0.6064
vn 0.0949 0.0000 0.9955
vn 0.2969 -0.6094 -0.7352
vn -0.6748 -0.4168 0.6090
vn 0.0594 0.0000 0.9982
vn 0.3062 -0.6217 -0.7209
vn -0.6891 -0.4603 0.5597
vn 0.0500 -0.0000 0.9987
vn 0.3086 -0.6191 -0.7222
vn -0.6891 -0.4604 0.5596
vn 0.3828 -0.6675 -0.6386
vn -0.8010 -0.4690 0.3721
vn -0.1581 0.0000 0.9874
vn 0.6033 -0.6233 -0.4976
vn -0.8368 -0.5340 0.1212
vn -0.4548 -0.0000 0.8906
vn 0.8233 -0.5156 -0.2375
vn -0.9246 -0.3553 -0.1372
vn -0.7243 -0.0000 0.6895
vn 0.7825 -0.6216 0.0348
vn -0.8614 -0.3818 -0.3351
vn -0.9119 0.0000 0.4104
vn 0.7020 -0.6983 0.1402
vn -0.7272 -0.4144 -0.5472
vn -0.9607 0.0000 0.2777
vn 0.7066 -0.6184 0.3439
vn -0.5248 -0.4606 -0.7159
vn -0.6170 -0.5411 -0.5714
vn 0.6168 -0.5413 0.5715
vn 0.6168 -0.5413 0.5714
vn -0.6168 -0.5412 -0.5715
vn 1.0000 0.0007 0.0015
usemtl Tex_0047_0.dds
s off
f 1/1/1 3/2/2 2/3/1
f 2/3/3 3/2/3 4/4/3
f 3/2/4 5/5/5 4/4/3
f 4/4/6 5/5/6 6/6/7
f 5/5/8 7/7/9 6/6/10
f 6/6/11 7/7/12 8/8/13
f 7/7/14 9/9/15 8/8/16
f 8/8/17 9/9/17 10/10/18
f 9/9/19 11/11/20 10/10/21
f 10/10/22 11/11/23 12/12/24
f 11/11/25 13/13/26 12/12/27
f 12/12/28 13/13/29 14/14/30
f 13/13/31 15/15/32 14/14/33
f 14/14/34 15/15/35 16/16/36
f 15/15/37 17/17/38 16/16/36
f 16/16/39 17/17/39 18/18/40
f 17/17/41 19/19/42 18/18/42
f 20/20/43 22/21/44 21/22/43
f 21/22/45 22/21/46 23/23/47
f 22/21/48 24/24/49 23/23/50
f 23/23/51 24/24/52 25/25/53
f 24/24/54 26/26/55 25/25/56
f 25/25/57 26/26/58 27/27/59
f 26/26/60 28/28/61 27/27/62
f 27/27/63 28/28/64 29/29/65
f 28/28/66 30/30/67 29/29/68
f 29/29/69 30/30/70 31/31/71
f 30/30/72 32/32/73 31/31/74
f 31/31/75 32/32/76 33/33/77
f 32/32/78 34/34/79 33/33/80
f 33/33/81 34/34/79 35/35/82
f 34/34/83 36/36/84 35/35/83
f 35/35/85 36/36/86 37/37/87
f 36/36/88 38/38/89 37/37/89
f 39/39/90 41/40/91 40/41/92
f 40/41/93 41/40/94 42/42/95
f 41/40/96 43/43/97 42/42/98
f 42/42/99 43/43/100 44/44/101
f 43/43/102 45/45/103 44/44/104
f 44/44/105 45/45/106 46/46/107
f 45/45/108 47/47/109 46/46/110
f 46/46/111 47/47/112 48/48/113
f 47/47/114 49/49/115 48/48/116
f 48/48/117 49/49/118 50/50/119
f 49/49/120 51/51/121 50/50/122
f 50/50/123 51/51/124 52/52/125
f 51/51/126 53/53/127 52/52/128
f 52/52/129 53/53/130 54/54/131
f 55/55/132 57/56/133 56/57/134
f 56/57/135 57/56/136 58/58/137
f 57/56/138 59/59/139 58/58/140
f 58/58/141 59/59/142 60/60/143
f 59/59/144 61/61/145 60/60/146
f 60/60/147 61/61/148 62/62/149
f 61/61/150 63/63/151 62/62/152
f 62/62/153 63/63/154 64/64/155
f 63/63/156 65/65/157 64/64/158
f 64/64/159 65/65/160 66/66/161
f 65/65/162 67/67/163 66/66/164
f 66/66/165 67/67/166 68/68/167
f 67/67/168 69/69/169 68/68/170
f 70/70/171 72/71/172 71/72/173
f 71/72/174 72/71/175 73/73/176
f 72/71/177 74/74/178 73/73/177
f 73/73/179 74/74/180 75/75/181
f 74/74/182 76/76/183 75/75/184
f 75/75/185 76/76/186 77/77/187
f 76/76/188 78/78/189 77/77/190
f 77/77/191 78/78/192 79/79/193
f 78/78/194 80/80/195 79/79/196
f 79/79/197 80/80/198 81/81/199
f 80/80/200 82/82/201 81/81/202
f 81/81/203 82/82/204 83/83/205
f 82/82/206 84/84/207 83/83/208
f 85/85/209 87/86/210 86/87/211
f 86/87/212 87/86/213 88/88/214
f 87/86/215 89/89/216 88/88/217
f 88/88/218 89/89/219 90/90/220
f 89/89/221 91/91/222 90/90/223
f 90/90/224 91/91/225 92/92/226
f 91/91/227 93/93/228 92/92/229
f 92/92/230 93/93/231 94/94/232
f 93/93/233 95/95/234 94/94/235
f 94/94/236 95/95/237 96/96/238
f 95/95/239 97/97/240 96/96/241
f 96/96/242 97/97/243 98/98/244
f 97/97/245 99/99/246 98/98/247
f 100/100/248 102/101/249 101/102/250
f 101/102/251 102/101/252 103/103/253
f 102/101/254 104/104/255 103/103/256
f 103/103/257 104/104/258 105/105/259
f 104/104/260 106/106/261 105/105/262
f 105/105/263 106/106/264 107/107/265
f 106/106/266 108/108/267 107/107/268
f 107/107/269 108/108/270 109/109/271
f 108/108/272 110/110/273 109/109/274
f 109/109/275 110/110/276 111/111/277
f 110/110/278 112/112/279 111/111/280
f 113/113/281 115/114/282 114/115/283
f 114/115/284 115/114/285 116/116/286
f 115/114/287 117/117/288 116/116/289
f 116/116/290 117/117/291 118/118/292
f 117/117/293 119/119/294 118/118/295
f 118/118/296 119/119/297 120/120/298
f 119/119/299 121/121/300 120/120/301
f 120/120/302 121/121/303 122/122/304
f 121/121/305 123/123/306 122/122/307
f 122/122/308 123/123/306 124/124/306
f 123/123/306 125/125/306 124/124/306
f 126/126/309 128/127/310 127/128/311
f 127/128/312 128/127/313 129/129/314
f 128/127/315 130/130/316 129/129/317
f 129/129/318 130/130/319 131/131/320
f 130/130/321 132/132/322 131/131/323
f 131/131/324 132/132/325 133/133/326
f 132/132/327 134/134/328 133/133/329
f 133/133/330 134/134/331 135/135/332
f 134/134/333 136/136/334 135/135/335
f 135/135/336 136/136/337 137/137/338
f 136/136/339 138/138/340 137/137/341
f 139/139/342 141/140/343 140/141/344
f 140/141/345 141/140/346 142/142/347
f 141/140/348 143/143/349 142/142/350
f 142/142/351 143/143/352 144/144/353
f 143/143/354 145/145/355 144/144/356
f 144/144/357 145/145/358 146/146/359
f 145/145/360 147/147/361 146/146/362
f 146/146/363 147/147/363 148/148/364
f 147/147/365 149/149/366 148/148/367
f 150/150/368 152/151/369 151/152/370
f 151/152/371 152/151/372 153/153/373
f 152/151/374 154/154/375 153/153/376
f 153/153/377 154/154/378 155/155/379
f 154/154/380 156/156/381 155/155/382
f 155/155/383 156/156/384 157/157/385
f 156/156/386 158/158/387 157/157/388
f 157/157/389 158/158/390 159/159/391
f 158/158/392 160/160/393 159/159/394
f 161/161/395 163/162/396 162/163/397
f 162/163/398 163/162/399 164/164/400
f 163/162/401 165/165/402 164/164/403
f 164/164/404 165/165/405 166/166/406
f 165/165/407 167/167/408 166/166/409
f 166/166/410 167/167/411 168/168/412
f 167/167/413 169/169/414 168/168/415
f 168/168/416 169/169/417 170/170/418
f 169/169/419 171/171/420 170/170/421
f 172/172/422 174/173/423 173/174/424
f 173/174/425 174/173/426 175/175/427
f 174/173/428 176/176/429 175/175/430
f 175/175/431 176/176/432 177/177/433
f 176/176/434 178/178/435 177/177/436
f 177/177/437 178/178/438 179/179/439
f 178/178/440 180/180/441 179/179/442
f 179/179/443 180/180/444 181/181/445
f 180/180/446 182/182/447 181/181/448
f 183/183/449 185/184/450 184/185/451
f 184/185/452 185/184/453 186/186/454
f 185/184/455 187/187/456 186/186/457
f 186/186/458 187/187/459 188/188/460
f 187/187/461 189/189/462 188/188/463
f 188/188/464 189/189/465 190/190/466
f 189/189/467 191/191/468 190/190/469
f 190/190/470 191/191/471 192/192/472
f 191/191/473 193/193/474 192/192/475
f 194/194/476 196/195/477 195/196/478
f 195/196/479 196/195/480 197/197/481
f 196/195/482 198/198/483 197/197/484
f 197/197/485 198/198/486 199/199/487
f 198/198/488 200/200/489 199/199/490
f 199/199/491 200/200/492 201/201/493
f 200/200/494 202/202/495 201/201/496
f 201/201/497 202/202/498 203/203/499
f 202/202/500 204/204/501 203/203/502
f 205/205/503 207/206/504 206/207/505
f 206/207/506 207/206/507 208/208/508
f 207/206/509 209/209/510 208/208/511
f 208/208/512 209/209/513 210/210/514
f 209/209/515 211/211/516 210/210/517
f 210/210/518 211/211/519 212/212/520
f 211/211/521 213/213/522 212/212/523
f 212/212/524 213/213/525 214/214/526
f 213/213/527 215/215/528 214/214/529
f 216/216/530 218/217/531 217/218/532
f 217/218/533 218/217/534 219/219/535
f 218/217/536 220/220/537 219/219/538
f 219/219/539 220/220/540 221/221/541
f 220/220/542 222/222/543 221/221/544
f 221/221/545 222/222/546 223/223/547
f 222/222/548 224/224/549 223/223/550
f 223/223/551 224/224/552 225/225/553
f 224/224/554 226/226/555 225/225/556
f 227/227/557 229/228/558 228/229/559
f 228/229/560 229/228/561 230/230/562
f 229/228/563 231/231/564 230/230/565
f 230/230/566 231/231/567 232/232/568
f 231/231/569 233/233/570 232/232/571
f 232/232/572 233/233/573 234/234/574
f 233/233/575 235/235/576 234/234/577
f 234/234/578 235/235/579 236/236/580
f 235/235/581 237/237/582 236/236/583
f 238/238/584 240/239/585 239/240/586
f 239/240/587 240/239/588 241/241/589
f 240/239/590 242/242/591 241/241/592
f 241/241/593 242/242/594 243/243/541
f 242/242/595 244/244/596 243/243/544
f 243/243/597 244/244/598 245/245/599
f 244/244/600 246/246/601 245/245/602
f 245/245/603 246/246/604 247/247/605
f 246/246/606 248/248/607 247/247/608
f 249/249/609 251/250/610 250/251/611
f 250/251/612 251/250/613 252/252/614
f 251/250/615 253/253/616 252/252/617
f 252/252/618 253/253/619 254/254/620
f 253/253/621 255/255/622 254/254/571
f 254/254/572 255/255/623 256/256/624
f 255/255/625 257/257/626 256/256/627
f 256/256/628 257/257/629 258/258/630
f 257/257/631 259/259/632 258/258/633
f 260/260/634 262/261/635 261/262/636
f 261/262/637 262/261/638 263/263/639
f 262/261/640 264/264/641 263/263/642
f 263/263/643 264/264/644 265/265/645
f 264/264/646 266/266/647 265/265/648
f 265/265/649 266/266/650 267/267/651
f 266/266/652 268/268/653 267/267/654
f 267/267/655 268/268/656 269/269/657
f 268/268/658 270/270/659 269/269/660
f 271/271/661 273/272/662 272/273/663
f 272/273/664 273/272/665 274/274/666
f 273/272/667 275/275/668 274/274/669
f 274/274/670 275/275/671 276/276/672
f 275/275/673 277/277/674 276/276/675
f 276/276/676 277/277/677 278/278/678
f 277/277/679 279/279/680 278/278/681
f 278/278/682 279/279/683 280/280/684
f 279/279/685 281/281/686 280/280/687
f 282/282/688 284/283/689 283/284/690
f 283/284/691 284/283/692 285/285/693
f 284/283/694 286/286/695 285/285/696
f 285/285/697 286/286/698 287/287/699
f 286/286/700 288/288/701 287/287/702
f 287/287/703 288/288/704 289/289/705
f 288/288/706 290/290/707 289/289/708
f 289/289/709 290/290/710 291/291/711
f 290/290/712 292/292/713 291/291/714
f 293/293/715 295/294/716 294/295/717
f 294/295/718 295/294/719 296/296/720
f 295/294/721 297/297/722 296/296/723
f 296/296/724 297/297/725 298/298/726
f 297/297/727 299/299/728 298/298/729
f 298/298/730 299/299/731 300/300/732
f 299/299/733 301/301/734 300/300/735
f 300/300/736 301/301/737 302/302/738
f 301/301/739 303/303/740 302/302/741
f 304/304/742 306/305/743 305/306/744
f 305/306/745 306/305/746 307/307/747
f 306/305/748 308/308/749 307/307/750
f 307/307/751 308/308/752 309/309/753
f 308/308/754 310/310/755 309/309/756
f 309/309/757 310/310/758 311/311/759
f 310/310/760 312/312/761 311/311/762
f 311/311/763 312/312/764 313/313/711
f 312/312/765 314/314/766 313/313/767
f 315/315/768 317/316/769 316/317/770
f 316/317/718 317/316/771 318/318/772
f 317/316/773 319/319/774 318/318/723
f 318/318/775 319/319/776 320/320/777
f 319/319/778 321/321/779 320/320/780
f 320/320/781 321/321/782 322/322/783
f 321/321/784 323/323/785 322/322/786
f 322/322/787 323/323/788 324/324/789
f 323/323/790 325/325/791 324/324/792
f 326/326/793 328/327/794 327/328/795
f 327/328/796 328/327/797 329/329/798
f 328/327/799 330/330/800 329/329/801
f 329/329/802 330/330/803 331/331/804
f 330/330/805 332/332/806 331/331/807
f 331/331/808 332/332/809 333/333/810
f 332/332/811 334/334/812 333/333/813
f 333/333/814 334/334/815 335/335/816
f 334/334/817 336/336/818 335/335/819
f 337/337/820 339/338/821 338/339/822
f 338/339/823 339/338/824 340/340/825
f 339/338/826 341/341/827 340/340/828
f 340/340/829 341/341/830 342/342/831
f 341/341/832 343/343/833 342/342/834
f 342/342/835 343/343/836 344/344/837
f 343/343/838 345/345/839 344/344/840
f 344/344/841 345/345/842 346/346/843
f 345/345/844 347/347/845 346/346/846
f 348/348/847 350/349/848 349/350/849
f 349/350/850 350/349/851 351/351/852
f 350/349/853 352/352/854 351/351/855
f 351/351/856 352/352/857 353/353/858
f 352/352/859 354/354/860 353/353/861
f 353/353/862 354/354/863 355/355/864
f 354/354/865 356/356/866 355/355/867
f 355/355/868 356/356/869 357/357/870
f 356/356/871 358/358/872 357/357/873
f 359/359/874 361/360/875 360/361/876
f 360/361/877 361/360/878 362/362/879
f 361/360/880 363/363/881 362/362/882
f 362/362/883 363/363/884 364/364/885
f 363/363/886 365/365/887 364/364/888
f 364/364/889 365/365/890 366/366/891
f 365/365/892 367/367/893 366/366/894
f 366/366/895 367/367/896 368/368/897
f 367/367/898 369/369/899 368/368/900
f 370/370/901 372/371/902 371/372/903
f 371/372/904 372/371/905 373/373/906
f 372/371/907 374/374/908 373/373/909
f 373/373/910 374/374/911 375/375/912
f 374/374/913 376/376/914 375/375/915
f 375/375/916 376/376/917 377/377/918
f 376/376/919 378/378/920 377/377/921
f 377/377/922 378/378/923 379/379/924
f 378/378/925 380/380/926 379/379/927
f 381/381/928 383/382/929 382/383/930
f 382/383/931 383/382/932 384/384/933
f 383/382/934 385/385/935 384/384/936
f 384/384/937 385/385/938 386/386/939
f 385/385/940 387/387/941 386/386/942
f 386/386/943 387/387/944 388/388/945
f 387/387/946 389/389/947 388/388/948
f 388/388/949 389/389/950 390/390/951
f 389/389/952 391/391/953 390/390/954
f 392/392/955 394/393/956 393/394/957
f 393/394/958 394/393/959 395/395/960
f 394/393/961 396/396/962 395/395/963
f 395/395/964 396/396/965 397/397/966
f 396/396/967 398/398/968 397/397/969
f 397/397/970 398/398/971 399/399/972
f 398/398/973 400/400/974 399/399/975
f 399/399/976 400/400/977 401/401/978
f 400/400/979 402/402/980 401/401/981
f 403/403/982 405/404/983 404/405/984
f 404/405/985 405/404/986 406/406/987
f 405/404/988 407/407/989 406/406/990
f 406/406/991 407/407/992 408/408/993
f 407/407/994 409/409/995 408/408/996
f 408/408/997 409/409/998 410/410/999
f 409/409/1000 411/411/1001 410/410/1002
f 410/410/1003 411/411/1004 412/412/1005
f 411/411/1006 413/413/1007 412/412/1008
f 414/414/1009 416/415/1010 415/416/1011
f 415/416/1012 416/415/1013 417/417/1014
f 416/415/1015 418/418/1016 417/417/1017
f 417/417/1018 418/418/1019 419/419/1020
f 418/418/1021 420/420/1022 419/419/1023
f 419/419/1024 420/420/1025 421/421/1026
f 420/420/1027 422/422/1028 421/421/1029
f 421/421/1030 422/422/1031 423/423/1032
f 422/422/1033 424/424/1034 423/423/1035
f 425/425/1036 427/426/1037 426/427/1038
f 426/427/1039 427/426/1040 428/428/1041
f 427/426/1042 429/429/1043 428/428/1044
f 428/428/1045 429/429/1046 430/430/1047
f 429/429/1048 431/431/1049 430/430/1050
f 430/430/1051 431/431/1052 432/432/1053
f 431/431/1054 433/433/1055 432/432/1056
f 432/432/1057 433/433/1058 434/434/1059
f 433/433/1060 435/435/1061 434/434/1062
f 436/436/1063 438/437/1064 437/438/1065
f 437/438/1066 438/437/1067 439/439/1068
f 438/437/1069 440/440/1070 439/439/1071
f 439/439/1072 440/440/1073 441/441/1074
f 440/440/1075 442/442/1076 441/441/1077
f 441/441/1078 442/442/1079 443/443/1080
f 442/442/1081 444/444/1082 443/443/1083
f 443/443/1084 444/444/1085 445/445/1086
f 444/444/1087 446/446/1088 445/445/1089
f 447/447/1090 449/448/1091 448/449/1092
f 448/449/1093 449/448/1094 450/450/1095
f 449/448/1096 451/451/1097 450/450/1098
f 450/450/1099 451/451/1100 452/452/1101
f 451/451/1102 453/453/1103 452/452/1104
f 452/452/1105 453/453/1106 454/454/1107
f 453/453/1108 455/455/1109 454/454/1110
f 454/454/1111 455/455/1112 456/456/1113
f 455/455/1114 457/457/1115 456/456/1116
f 458/458/1117 460/459/1118 459/460/1119
f 459/460/1120 460/459/1121 461/461/1122
f 460/459/1123 462/462/1124 461/461/1125
f 461/461/1126 462/462/1127 463/463/1128
f 462/462/1129 464/464/1130 463/463/1131
f 463/463/1132 464/464/1133 465/465/1134
f 464/464/1135 466/466/1136 465/465/1137
f 465/465/1138 466/466/1139 467/467/1140
f 466/466/1141 468/468/1142 467/467/1143
f 469/469/1144 471/470/1145 470/471/1146
f 470/471/1147 471/470/1148 472/472/1149
f 471/470/1150 473/473/1151 472/472/1152
f 472/472/1153 473/473/1154 474/474/1155
f 473/473/1156 475/475/1157 474/474/1158
f 474/474/1159 475/475/1160 476/476/1161
f 475/475/1162 477/477/1163 476/476/1164
f 476/476/1165 477/477/1166 478/478/1167
f 477/477/1168 479/479/1169 478/478/1170
f 480/480/1171 482/481/1172 481/482/1173
f 481/482/1174 482/481/1175 483/483/1176
f 482/481/1177 484/484/1178 483/483/1179
f 483/483/1180 484/484/1181 485/485/1182
f 484/484/1183 486/486/1184 485/485/1185
f 485/485/1186 486/486/1187 487/487/1188
f 486/486/1189 488/488/1190 487/487/1191
f 487/487/1192 488/488/1193 489/489/1194
f 488/488/1195 490/490/1196 489/489/1197
f 491/491/1198 493/492/1199 492/493/1200
f 492/493/1201 493/492/1202 494/494/1203
f 493/492/1204 495/495/1205 494/494/1206
f 494/494/1207 495/495/1208 496/496/1209
f 495/495/1210 497/497/1211 496/496/1212
f 496/496/1213 497/497/1214 498/498/1215
f 497/497/1216 499/499/1217 498/498/1218
f 498/498/1219 499/499/1220 500/500/1221
f 499/499/1222 501/501/1223 500/500/1224
f 502/502/1225 504/503/1226 503/504/1227
f 503/504/1228 504/503/1229 505/505/1230
f 504/503/1231 506/506/1232 505/505/1233
f 505/505/1234 506/506/1235 507/507/1236
f 506/506/1237 508/508/1238 507/507/1239
f 507/507/1240 508/508/1241 509/509/1242
f 508/508/1243 510/510/1244 509/509/1245
f 509/509/1246 510/510/1247 511/511/1248
f 510/510/1249 512/512/1250 511/511/1251
f 513/513/1252 515/514/1253 514/515/1254
f 514/515/1255 515/514/1256 516/516/1257
f 515/514/1258 517/517/1259 516/516/1260
f 516/516/1261 517/517/1262 518/518/1263
f 517/517/1264 519/519/1265 518/518/1266
f 518/518/1267 519/519/1268 520/520/1269
f 519/519/1270 521/521/1271 520/520/1272
f 520/520/1273 521/521/1274 522/522/1275
f 521/521/1276 523/523/1277 522/522/1278
f 524/524/1279 526/525/1280 525/526/1281
f 525/526/1282 526/525/1283 527/527/1284
f 526/525/1285 528/528/1286 527/527/1287
f 527/527/1288 528/528/1289 529/529/1290
f 528/528/1291 530/530/1292 529/529/1293
f 529/529/1294 530/530/1295 531/531/1296
f 530/530/1297 532/532/1298 531/531/1299
f 531/531/1300 532/532/1301 533/533/1302
f 532/532/1303 534/534/1304 533/533/1305
f 535/535/1306 537/536/1307 536/537/1308
f 536/537/1309 537/536/1310 538/538/1311
f 537/536/1312 539/539/1313 538/538/1314
f 538/538/1315 539/539/1316 540/540/1317
f 539/539/1318 541/541/1319 540/540/1320
f 540/540/1321 541/541/1322 542/542/1323
f 541/541/1324 543/543/1325 542/542/1326
f 542/542/1327 543/543/1328 544/544/1329
f 543/543/1330 545/545/1331 544/544/1332
f 546/546/1279 548/547/1333 547/548/1334
f 547/548/1335 548/547/1336 549/549/1337
f 548/547/1338 550/550/1339 549/549/1340
f 549/549/1341 550/550/1342 551/551/1343
f 550/550/1344 552/552/1345 551/551/1346
f 551/551/1347 552/552/1348 553/553/1349
f 552/552/1350 554/554/1351 553/553/1352
f 553/553/1353 554/554/1354 555/555/1355
f 554/554/1356 556/556/1357 555/555/1358
f 557/557/1359 559/558/1360 558/559/1361
f 558/559/1362 559/558/1363 560/560/1364
f 559/558/1312 561/561/1365 560/560/1314
f 560/560/1315 561/561/1366 562/562/1317
f 561/561/1367 563/563/1319 562/562/1320
f 562/562/1321 563/563/1322 564/564/1323
f 563/563/1324 565/565/1368 564/564/1369
f 564/564/1370 565/565/1371 566/566/1372
f 565/565/1373 567/567/1374 566/566/1332
f 568/568/1279 570/569/1375 569/570/1334
f 569/570/1376 570/569/1377 571/571/1378
f 570/569/1338 572/572/1339 571/571/1379
f 571/571/1341 572/572/1342 573/573/1343
f 572/572/1344 574/574/1380 573/573/1346
f 573/573/1347 574/574/1348 575/575/1349
f 574/574/1350 576/576/1381 575/575/1352
f 575/575/1382 576/576/1383 577/577/1355
f 576/576/1384 578/578/1385 577/577/1386
f 579/579/1359 581/580/1360 580/581/1361
f 580/581/1362 581/580/1363 582/582/1387
f 581/580/1388 583/583/1313 582/582/1314
f 582/582/1389 583/583/1316 584/584/1317
f 583/583/1318 585/585/1390 584/584/1320
f 584/584/1321 585/585/1391 586/586/1323
f 585/585/1392 587/587/1368 586/586/1393
f 586/586/1394 587/587/1395 588/588/1329
f 587/587/1396 589/589/1374 588/588/1332
f 590/590/1279 592/591/1397 591/592/1334
f 591/592/1376 592/591/1398 593/593/1378
f 592/591/1338 594/594/1399 593/593/1379
f 593/593/1400 594/594/1401 595/595/1402
f 594/594/1344 596/596/1380 595/595/1346
f 595/595/1347 596/596/1348 597/597/1349
f 596/596/1403 598/598/1404 597/597/1352
f 597/597/1405 598/598/1406 599/599/1355
f 598/598/1384 600/600/1385 599/599/1386
f 601/601/1359 603/602/1360 602/603/1361
f 602/603/1362 603/602/1363 604/604/1387
f 603/602/1407 605/605/1313 604/604/1314
f 604/604/1389 605/605/1316 606/606/1317
f 605/605/1318 607/607/1319 606/606/1320
f 606/606/1321 607/607/1408 608/608/1323
f 607/607/1409 609/609/1368 608/608/1393
f 608/608/1370 609/609/1371 610/610/1329
f 609/609/1410 611/611/1374 610/610/1332
f 612/612/1279 614/613/1375 613/614/1334
f 613/614/1411 614/613/1377 615/615/1412
f 614/613/1338 616/616/1413 615/615/1340
f 615/615/1341 616/616/1414 617/617/1415
f 616/616/306 618/618/1380 617/617/306
f 617/617/1416 618/618/1348 619/619/1349
f 618/618/1350 620/620/1351 619/619/1352
f 619/619/1417 620/620/1418 621/621/1355
f 620/620/1384 622/622/1385 621/621/1386
f 623/623/1359 625/624/1360 624/625/1361
f 624/625/1362 625/624/1363 626/626/1387
f 625/624/1388 627/627/1313 626/626/1314
f 626/626/1315 627/627/1316 628/628/1317
f 627/627/1419 629/629/1319 628/628/1320
f 628/628/1321 629/629/1322 630/630/1323
f 629/629/1324 631/631/1368 630/630/1393
f 630/630/1370 631/631/1328 632/632/1420
f 631/631/1373 633/633/1374 632/632/1332
f 634/634/1279 636/635/1421 635/636/1334
f 635/636/1376 636/635/1336 637/637/1412
f 636/635/1338 638/638/1339 637/637/1379
f 637/637/1341 638/638/1401 639/639/1343
f 638/638/1344 640/640/1345 639/639/1346
f 639/639/1347 640/640/1348 641/641/1422
f 640/640/1403 642/642/1404 641/641/1352
f 641/641/1423 642/642/1424 643/643/1355
f 642/642/1384 644/644/1385 643/643/1386
f 645/645/1359 647/646/1360 646/647/1361
f 646/647/1362 647/646/1425 648/648/1426
f 647/646/1312 649/649/1365 648/648/1314
f 648/648/1315 649/649/1366 650/650/1317
f 649/649/1318 651/651/1319 650/650/1320
f 650/650/1321 651/651/1322 652/652/1323
f 651/651/1324 653/653/1368 652/652/1326
f 652/652/1370 653/653/1395 654/654/1329
f 653/653/1410 655/655/1374 654/654/1332
f 656/656/1279 658/657/1397 657/658/1334
f 657/658/1427 658/657/1398 659/659/1412
f 658/657/1338 660/660/1399 659/659/1379
f 659/659/1400 660/660/1401 661/661/1343
f 660/660/1344 662/662/1345 661/661/1346
f 661/661/1347 662/662/1348 663/663/1349
f 662/662/1403 664/664/1381 663/663/1352
f 663/663/1417 664/664/1428 665/665/1355
f 664/664/1384 666/666/1385 665/665/1386
f 667/667/1359 669/668/1360 668/669/1361
f 668/669/1362 669/668/1429 670/670/1430
f 669/668/1388 671/671/1313 670/670/1314
f 670/670/1315 671/671/1316 672/672/1317
f 671/671/1318 673/673/1319 672/672/1320
f 672/672/1321 673/673/1322 674/674/1323
f 673/673/1392 675/675/1368 674/674/1393
f 674/674/1394 675/675/1395 676/676/1329
f 675/675/1410 677/677/1374 676/676/1332
f 678/678/1279 680/679/1397 679/680/1334
f 679/680/1376 680/679/1377 681/681/1412
f 680/679/1338 682/682/1399 681/681/1379
f 681/681/1341 682/682/1401 683/683/1343
f 682/682/1344 684/684/1345 683/683/1346
f 683/683/1347 684/684/1348 685/685/1349
f 684/684/1350 686/686/1431 685/685/1352
f 685/685/1432 686/686/1418 687/687/1355
f 686/686/1384 688/688/1385 687/687/1386
f 689/689/1359 691/690/1360 690/691/1361
f 690/691/1362 691/690/1363 692/692/1426
f 691/690/1407 693/693/1313 692/692/1314
f 692/692/1315 693/693/1316 694/694/1317
f 693/693/1318 695/695/1433 694/694/1320
f 694/694/1321 695/695/1322 696/696/1323
f 695/695/1324 697/697/1368 696/696/1326
f 696/696/1370 697/697/1371 698/698/1420
f 697/697/1396 699/699/1374 698/698/1332
f 700/700/1279 702/701/1375 701/702/1334
f 701/702/1411 702/701/1377 703/703/1378
f 702/701/1338 704/704/1399 703/703/1434
f 703/703/1341 704/704/1342 705/705/1343
f 704/704/1344 706/706/1345 705/705/1346
f 705/705/1347 706/706/1348 707/707/1349
f 706/706/1350 708/708/1404 707/707/1352
f 707/707/1417 708/708/1406 709/709/1355
f 708/708/1384 710/710/1385 709/709/1386
f 711/711/1359 713/712/1307 712/713/1361
f 712/713/1362 713/712/1425 714/714/1435
f 713/712/1312 715/715/1436 714/714/1314
f 714/714/1315 715/715/1316 716/716/1437
f 715/715/1367 717/717/1319 716/716/1320
f 716/716/1321 717/717/1322 718/718/1323
f 717/717/1324 719/719/1368 718/718/1393
f 718/718/1394 719/719/1395 720/720/1372
f 719/719/1396 721/721/1374 720/720/1332
f 722/722/1279 724/723/1375 723/724/1334
f 723/724/1411 724/723/1377 725/725/1378
f 724/723/1338 726/726/1339 725/725/1379
f 725/725/1400 726/726/1342 727/727/1343
f 726/726/1344 728/728/1380 727/727/1346
f 727/727/1347 728/728/1348 729/729/1349
f 728/728/1350 730/730/1351 729/729/1352
f 729/729/1417 730/730/1418 731/731/1355
f 730/730/1384 732/732/1385 731/731/1386
f 733/733/1359 735/734/1360 734/735/1361
f 734/735/1362 735/734/1438 736/736/1426
f 735/734/1439 737/737/1440 736/736/1441
f 736/736/1442 737/737/1443 738/738/1444
f 737/737/1419 739/739/1445 738/738/1320
f 738/738/1446 739/739/1447 740/740/1448
f 739/739/1449 741/741/1450 740/740/1451
f 740/740/1452 741/741/1453 742/742/1454
f 741/741/1455 743/743/1456 742/742/1457
f 744/744/1458 746/745/1459 745/746/1460
f 745/746/1461 746/745/1462 747/747/1463
f 746/745/1464 748/748/1465 747/747/1466
f 747/747/1467 748/748/1468 749/749/1343
f 748/748/1469 750/750/1380 749/749/1346
f 749/749/1347 750/750/1470 751/751/1349
f 750/750/1350 752/752/1351 751/751/1352
f 751/751/1417 752/752/1418 753/753/1355
f 752/752/1384 754/754/1385 753/753/1386
f 755/755/1471 757/756/1472 756/757/1473
f 756/757/1474 757/756/1475 758/758/1476
f 757/756/1477 759/759/1478 758/758/1479
f 758/758/1480 759/759/1481 760/760/1482
f 759/759/1483 761/761/1484 760/760/1485
f 760/760/1486 761/761/1487 762/762/1488
f 761/761/1489 763/763/1490 762/762/1491
f 762/762/1492 763/763/1493 764/764/1494
f 763/763/1495 765/765/1496 764/764/1497
f 766/766/1498 768/767/1499 767/768/1500
f 767/768/1501 768/767/1502 769/769/1503
f 768/767/1504 770/770/1505 769/769/1506
f 769/769/1507 770/770/1508 771/771/1509
f 770/770/1510 772/772/1511 771/771/1512
f 771/771/1513 772/772/1514 773/773/1515
f 772/772/1516 774/774/1517 773/773/1518
f 773/773/1519 774/774/1520 775/775/1521
f 774/774/1522 776/776/1523 775/775/1524
f 777/777/1525 779/778/1526 778/779/1527
f 778/779/1528 779/778/1529 780/780/1530
f 779/778/1531 781/781/1532 780/780/1533
f 780/780/1534 781/781/1535 782/782/1536
f 781/781/1537 783/783/1538 782/782/1539
f 782/782/1540 783/783/1541 784/784/1542
f 783/783/1543 785/785/1544 784/784/1545
f 784/784/1546 785/785/1547 786/786/1548
f 785/785/1549 787/787/1550 786/786/1551
f 788/788/1552 790/789/1553 789/790/1554
f 789/790/1555 790/789/1556 791/791/1557
f 790/789/1558 792/792/1559 791/791/1560
f 791/791/1561 792/792/1562 793/793/1563
f 792/792/1564 794/794/1565 793/793/1566
f 793/793/1567 794/794/1568 795/795/1569
f 794/794/1570 796/796/1571 795/795/1572
f 795/795/1573 796/796/1574 797/797/1575
f 796/796/1576 798/798/1577 797/797/1578
f 799/799/1579 801/800/1580 800/801/1581
f 800/801/1582 801/800/1583 802/802/1584
f 801/800/1585 803/803/1586 802/802/1587
f 802/802/1588 803/803/1589 804/804/1590
f 803/803/1591 805/805/1592 804/804/1593
f 804/804/1594 805/805/1595 806/806/1596
f 805/805/1597 807/807/1598 806/806/1599
f 806/806/1600 807/807/1601 808/808/1602
f 807/807/1603 809/809/1604 808/808/1605
f 810/810/1606 812/811/1607 811/812/1608
f 811/812/1609 812/811/1610 813/813/1611
f 812/811/1612 814/814/1613 813/813/1614
f 813/813/1615 814/814/1616 815/815/1617
f 814/814/1618 816/816/1619 815/815/1620
f 815/815/1621 816/816/1622 817/817/1623
f 816/816/1624 818/818/1625 817/817/1626
f 817/817/1627 818/818/1628 819/819/1629
f 818/818/1630 820/820/1631 819/819/1632
f 821/821/1633 823/822/1634 822/823/1635
f 822/823/1636 823/822/1637 824/824/1638
f 823/822/1639 825/825/1640 824/824/1641
f 824/824/1642 825/825/1643 826/826/1644
f 825/825/1645 827/827/1646 826/826/1647
f 826/826/1648 827/827/1649 828/828/1650
f 827/827/1651 829/829/1652 828/828/1653
f 828/828/1654 829/829/1655 830/830/1656
f 829/829/1657 831/831/1658 830/830/1659
f 832/832/1660 834/833/1661 833/834/1662
f 833/834/1663 834/833/1664 835/835/1665
f 834/833/1666 836/836/1667 835/835/1668
f 835/835/1669 836/836/1670 837/837/1671
f 836/836/1672 838/838/1673 837/837/1674
f 837/837/1675 838/838/1676 839/839/1677
f 838/838/1678 840/840/1679 839/839/1680
f 839/839/1681 840/840/1682 841/841/1683
f 840/840/1684 842/842/1685 841/841/1686
f 843/843/1687 845/844/1688 844/845/1689
f 844/845/1690 845/844/1691 846/846/1692
f 845/844/1693 847/847/1694 846/846/1695
f 846/846/1696 847/847/1697 848/848/1698
f 847/847/1699 849/849/1700 848/848/1701
f 848/848/1702 849/849/1703 850/850/1704
f 849/849/1705 851/851/1706 850/850/1707
f 850/850/1708 851/851/1709 852/852/1710
f 851/851/1711 853/853/1712 852/852/1713
f 854/854/1714 856/855/1715 855/856/1716
f 855/856/1717 856/855/1718 857/857/1719
f 856/855/1720 858/858/1721 857/857/1722
f 857/857/1723 858/858/1724 859/859/1725
f 858/858/1726 860/860/1727 859/859/1728
f 859/859/1729 860/860/1730 861/861/1731
f 860/860/1732 862/862/1733 861/861/1734
f 861/861/1735 862/862/1736 863/863/1737
f 862/862/1738 864/864/1739 863/863/1740
f 865/865/1741 867/866/1742 866/867/1743
f 866/867/1744 867/866/1745 868/868/1746
f 867/866/1747 869/869/1748 868/868/1749
f 868/868/1750 869/869/1751 870/870/1752
f 869/869/1753 871/871/1754 870/870/1755
f 870/870/1756 871/871/1757 872/872/1758
f 871/871/1759 873/873/1760 872/872/1761
f 872/872/1762 873/873/1763 874/874/1764
f 873/873/1765 875/875/1766 874/874/1767
f 876/876/1768 878/877/1769 877/878/1770
f 877/878/1771 878/877/1772 879/879/1773
f 878/877/1774 880/880/1775 879/879/1776
f 879/879/1777 880/880/1778 881/881/1779
f 880/880/1780 882/882/1781 881/881/1782
f 881/881/1783 882/882/1784 883/883/1785
f 882/882/1786 884/884/1787 883/883/1788
f 883/883/1789 884/884/1790 885/885/1791
f 884/884/1792 886/886/1793 885/885/1794
f 887/887/1795 889/888/1796 888/889/1797
f 888/889/1798 889/888/1799 890/890/1800
f 889/888/1801 891/891/1802 890/890/1803
f 890/890/1804 891/891/1805 892/892/1806
f 891/891/1807 893/893/1808 892/892/1809
f 892/892/1810 893/893/1811 894/894/1812
f 893/893/1813 895/895/1814 894/894/1815
f 894/894/1816 895/895/1817 896/896/1818
f 895/895/1819 897/897/1820 896/896/1821
f 898/898/1822 900/899/1823 899/900/1824
f 899/900/1825 900/899/1826 901/901/1827
f 900/899/1828 902/902/1829 901/901/1830
f 901/901/1831 902/902/1832 903/903/1833
f 902/902/1834 904/904/1835 903/903/1836
f 903/903/1837 904/904/1838 905/905/1839
f 904/904/1840 906/906/1841 905/905/1842
f 905/905/1843 906/906/1844 907/907/1845
f 906/906/1846 908/908/1847 907/907/1848
f 909/909/1849 911/910/1850 910/911/1851
f 910/911/1852 911/910/1853 912/912/1854
f 911/910/1855 913/913/1856 912/912/1857
f 912/912/1858 913/913/1859 914/914/1860
f 913/913/1861 915/915/1862 914/914/1863
f 914/914/1864 915/915/1865 916/916/1866
f 915/915/1867 917/917/1868 916/916/1869
f 916/916/1870 917/917/1871 918/918/1872
f 917/917/1873 919/919/1874 918/918/1875
f 920/920/1876 922/921/1877 921/922/1878
f 921/922/1879 922/921/1880 923/923/1881
f 922/921/1882 924/924/1883 923/923/1884
f 923/923/1885 924/924/1886 925/925/1887
f 924/924/1888 926/926/1889 925/925/1890
f 925/925/1891 926/926/1892 927/927/1893
f 926/926/1894 928/928/1895 927/927/1896
f 927/927/1897 928/928/1898 929/929/1899
f 928/928/1900 930/930/1901 929/929/1902
f 931/931/1903 933/932/1904 932/933/1905
f 932/933/1906 933/932/1907 934/934/1908
f 933/932/1909 935/935/1910 934/934/1911
f 934/934/1912 935/935/1913 936/936/1914
f 935/935/1915 937/937/1916 936/936/1917
f 936/936/1918 937/937/1919 938/938/1920
f 937/937/1921 939/939/1922 938/938/1923
f 938/938/1924 939/939/1925 940/940/1926
f 939/939/1927 941/941/1928 940/940/1929
f 942/942/1930 944/943/1931 943/944/1932
f 943/944/1933 944/943/1934 945/945/1935
f 944/943/1936 946/946/1937 945/945/1938
f 945/945/1939 946/946/1940 947/947/1941
f 946/946/1942 948/948/1943 947/947/1944
f 947/947/1945 948/948/1946 949/949/1947
f 948/948/1948 950/950/1949 949/949/1950
f 949/949/1951 950/950/1952 951/951/1953
f 950/950/1954 952/952/1955 951/951/1956
f 953/953/1957 955/954/1958 954/955/1959
f 954/955/1960 955/954/1961 956/956/1962
f 955/954/1963 957/957/1964 956/956/1965
f 956/956/1966 957/957/1967 958/958/1968
f 957/957/1969 959/959/1970 958/958/1971
f 958/958/1972 959/959/1973 960/960/1974
f 959/959/1975 961/961/1976 960/960/1977
f 960/960/1978 961/961/1979 962/962/1980
f 961/961/1981 963/963/1982 962/962/1983
f 964/964/1984 966/965/1985 965/966/1986
f 965/966/1987 966/965/1988 967/967/1989
f 966/965/1990 968/968/1991 967/967/1992
f 967/967/1993 968/968/1994 969/969/1995
f 968/968/1996 970/970/1997 969/969/1998
f 969/969/1999 970/970/2000 971/971/2001
f 970/970/2002 972/972/2003 971/971/1950
f 971/971/2004 972/972/1952 973/973/2005
f 972/972/2006 974/974/2007 973/973/1956
f 975/975/2008 977/976/2009 976/977/2010
f 976/977/2011 977/976/2012 978/978/2013
f 977/976/2014 979/979/2015 978/978/2016
f 978/978/2017 979/979/2018 980/980/2019
f 979/979/2020 981/981/2021 980/980/2022
f 980/980/2023 981/981/2024 982/982/2025
f 981/981/2026 983/983/2027 982/982/2028
f 982/982/2029 983/983/2030 984/984/2031
f 983/983/2032 985/985/2033 984/984/2034
f 986/986/2035 988/987/2036 987/988/2037
f 987/988/2038 988/987/2039 989/989/2040
f 988/987/2041 990/990/2042 989/989/2043
f 989/989/2044 990/990/2045 991/991/2046
f 990/990/2047 992/992/2048 991/991/2049
f 991/991/2050 992/992/2051 993/993/2052
f 992/992/2053 994/994/2054 993/993/2055
f 993/993/2056 994/994/2057 995/995/2058
f 994/994/2059 996/996/2060 995/995/2061
f 997/997/2062 999/998/2063 998/999/2064
f 998/999/2065 999/998/2066 1000/1000/2067
f 999/998/2068 1001/1001/2069 1000/1000/2070
f 1000/1000/2071 1001/1001/2072 1002/1002/2073
f 1001/1001/2074 1003/1003/2075 1002/1002/2076
f 1002/1002/2077 1003/1003/2078 1004/1004/2079
f 1003/1003/2080 1005/1005/2081 1004/1004/2082
f 1004/1004/2083 1005/1005/2084 1006/1006/2085
f 1005/1005/2086 1007/1007/2087 1006/1006/2088
f 1008/1008/2089 1010/1009/2090 1009/1010/2091
f 1009/1010/2092 1010/1009/2093 1011/1011/2094
f 1010/1009/2095 1012/1012/2096 1011/1011/2097
f 1011/1011/2098 1012/1012/2099 1013/1013/2100
f 1012/1012/2101 1014/1014/2102 1013/1013/2103
f 1013/1013/2104 1014/1014/2105 1015/1015/2106
f 1014/1014/2107 1016/1016/2108 1015/1015/2109
f 1015/1015/2110 1016/1016/2111 1017/1017/2112
f 1016/1016/2113 1018/1018/2114 1017/1017/2115
f 1019/1019/2116 1021/1020/2117 1020/1021/2118
f 1020/1021/2119 1021/1020/2120 1022/1022/2121
f 1021/1020/2122 1023/1023/2123 1022/1022/2124
f 1022/1022/2125 1023/1023/2126 1024/1024/2127
f 1023/1023/2128 1025/1025/2129 1024/1024/2130
f 1024/1024/2131 1025/1025/2132 1026/1026/2133
f 1025/1025/2134 1027/1027/2135 1026/1026/2136
f 1026/1026/2137 1027/1027/2138 1028/1028/2139
f 1027/1027/2140 1029/1029/2141 1028/1028/2142
f 1030/1030/2143 1032/1031/2144 1031/1032/2145
f 1031/1032/2146 1032/1031/2147 1033/1033/2148
f 1032/1031/2149 1034/1034/2150 1033/1033/2151
f 1033/1033/2152 1034/1034/2153 1035/1035/2154
f 1034/1034/2155 1036/1036/2156 1035/1035/2157
f 1035/1035/2158 1036/1036/2159 1037/1037/2160
f 1036/1036/2161 1038/1038/2162 1037/1037/2163
f 1037/1037/2164 1038/1038/2165 1039/1039/2166
f 1038/1038/2167 1040/1040/2168 1039/1039/2169
f 1041/1041/2170 1043/1042/2171 1042/1043/2172
f 1042/1043/2173 1043/1042/2174 1044/1044/2175
f 1043/1042/2176 1045/1045/2177 1044/1044/2178
f 1044/1044/2179 1045/1045/2180 1046/1046/2181
f 1045/1045/2182 1047/1047/2183 1046/1046/2184
f 1046/1046/2185 1047/1047/2186 1048/1048/2187
f 1047/1047/2188 1049/1049/2189 1048/1048/2190
f 1048/1048/2191 1049/1049/2192 1050/1050/2193
f 1049/1049/2194 1051/1051/2195 1050/1050/2196
f 1052/1052/2197 1054/1053/2198 1053/1054/2199
f 1053/1054/2200 1054/1053/2201 1055/1055/2202
f 1054/1053/2203 1056/1056/2204 1055/1055/2205
f 1055/1055/2206 1056/1056/2207 1057/1057/2208
f 1056/1056/2209 1058/1058/2210 1057/1057/2211
f 1057/1057/2212 1058/1058/2213 1059/1059/2214
f 1058/1058/2215 1060/1060/2216 1059/1059/2217
f 1059/1059/2218 1060/1060/2219 1061/1061/2220
f 1060/1060/2221 1062/1062/2222 1061/1061/2223
f 1063/1063/2224 1065/1064/2225 1064/1065/2226
f 1064/1065/2227 1065/1064/2228 1066/1066/2229
f 1065/1064/2230 1067/1067/2231 1066/1066/2232
f 1066/1066/2233 1067/1067/2234 1068/1068/2235
f 1067/1067/2236 1069/1069/2237 1068/1068/2238
f 1068/1068/2239 1069/1069/2240 1070/1070/2241
f 1069/1069/2242 1071/1071/2243 1070/1070/2244
f 1070/1070/2245 1071/1071/2246 1072/1072/2247
f 1071/1071/2248 1073/1073/2249 1072/1072/2250
f 1074/1074/2251 1076/1075/2252 1075/1076/2253
f 1075/1076/2254 1076/1075/2255 1077/1077/2256
f 1076/1075/2257 1078/1078/2258 1077/1077/2259
f 1077/1077/2260 1078/1078/2261 1079/1079/2262
f 1078/1078/2263 1080/1080/2264 1079/1079/2265
f 1079/1079/2266 1080/1080/2267 1081/1081/2268
f 1080/1080/2269 1082/1082/2270 1081/1081/2271
f 1081/1081/2272 1082/1082/2273 1083/1083/2274
f 1082/1082/2275 1084/1084/2276 1083/1083/2277
f 1085/1085/2278 1087/1086/2279 1086/1087/2280
f 1086/1087/2281 1087/1086/2282 1088/1088/2283
f 1087/1086/2284 1089/1089/2285 1088/1088/2286
f 1088/1088/2287 1089/1089/2288 1090/1090/2289
f 1089/1089/2290 1091/1091/2291 1090/1090/2292
f 1090/1090/2293 1091/1091/2294 1092/1092/2295
f 1091/1091/2296 1093/1093/2297 1092/1092/2298
f 1092/1092/2299 1093/1093/2300 1094/1094/2301
f 1093/1093/2302 1095/1095/2303 1094/1094/2304
f 1096/1096/2305 1098/1097/2306 1097/1098/2307
f 1097/1098/2308 1098/1097/2309 1099/1099/2310
f 1098/1097/2311 1100/1100/2312 1099/1099/2313
f 1099/1099/2314 1100/1100/2315 1101/1101/2316
f 1100/1100/2317 1102/1102/2318 1101/1101/2319
f 1101/1101/2320 1102/1102/2321 1103/1103/2322
f 1102/1102/2323 1104/1104/2324 1103/1103/2325
f 1103/1103/2326 1104/1104/2327 1105/1105/2328
f 1104/1104/2329 1106/1106/2330 1105/1105/2331
f 1107/1107/2332 1109/1108/2333 1108/1109/2334
f 1108/1109/2335 1109/1108/2336 1110/1110/2337
f 1109/1108/2338 1111/1111/2339 1110/1110/2340
f 1110/1110/2341 1111/1111/2342 1112/1112/2343
f 1111/1111/2344 1113/1113/2345 1112/1112/2346
f 1112/1112/2347 1113/1113/2348 1114/1114/2349
f 1113/1113/2350 1115/1115/2351 1114/1114/2352
f 1114/1114/2353 1115/1115/2354 1116/1116/2355
f 1115/1115/2356 1117/1117/2357 1116/1116/2358
f 1118/1118/2359 1120/1119/2360 1119/1120/2361
f 1119/1120/2362 1120/1119/2363 1121/1121/2364
f 1120/1119/2365 1122/1122/2366 1121/1121/2367
f 1121/1121/2368 1122/1122/2369 1123/1123/2370
f 1122/1122/2371 1124/1124/2372 1123/1123/2319
f 1123/1123/2320 1124/1124/2373 1125/1125/2374
f 1124/1124/2375 1126/1126/2376 1125/1125/2377
f 1125/1125/2378 1126/1126/2379 1127/1127/2380
f 1126/1126/2381 1128/1128/2382 1127/1127/2383
f 1129/1129/2384 1131/1130/2385 1130/1131/2386
f 1130/1131/2387 1131/1130/2388 1132/1132/2389
f 1131/1130/2390 1133/1133/2391 1132/1132/2392
f 1132/1132/2393 1133/1133/2394 1134/1134/2395
f 1133/1133/2396 1135/1135/2397 1134/1134/2346
f 1134/1134/2398 1135/1135/2399 1136/1136/2400
f 1135/1135/2401 1137/1137/2402 1136/1136/2403
f 1136/1136/2404 1137/1137/2405 1138/1138/2406
f 1137/1137/2407 1139/1139/2408 1138/1138/2409
f 1140/1140/2410 1142/1141/2411 1141/1142/2412
f 1141/1142/2413 1142/1141/2414 1143/1143/2415
f 1142/1141/2416 1144/1144/2417 1143/1143/2418
f 1143/1143/2419 1144/1144/2420 1145/1145/2421
f 1144/1144/2422 1146/1146/2423 1145/1145/1346
f 1145/1145/2424 1146/1146/2425 1147/1147/2426
f 1146/1146/2427 1148/1148/2428 1147/1147/2429
f 1147/1147/2430 1148/1148/2431 1149/1149/2432
f 1148/1148/2433 1150/1150/2434 1149/1149/2435
f 1151/1151/2436 1153/1152/2437 1152/1153/2438
f 1152/1153/2439 1153/1152/2440 1154/1154/2441
f 1153/1152/2442 1155/1155/2443 1154/1154/2444
f 1154/1154/2445 1155/1155/2446 1156/1156/2447
f 1155/1155/2448 1157/1157/2449 1156/1156/1320
f 1156/1156/2450 1157/1157/2451 1158/1158/2452
f 1157/1157/2453 1159/1159/2454 1158/1158/2455
f 1158/1158/2456 1159/1159/2457 1160/1160/2458
f 1159/1159/2459 1161/1161/2460 1160/1160/2461
f 1162/1162/2462 1164/1163/2463 1163/1164/2464
f 1163/1164/2465 1164/1163/2466 1165/1165/2467
f 1164/1163/2468 1166/1166/2469 1165/1165/2470
f 1165/1165/2471 1166/1166/2472 1167/1167/2473
f 1166/1166/2474 1168/1168/2475 1167/1167/1346
f 1167/1167/2424 1168/1168/2425 1169/1169/2476
f 1168/1168/2477 1170/1170/2478 1169/1169/2479
f 1169/1169/2480 1170/1170/2481 1171/1171/2432
f 1170/1170/2433 1172/1172/2434 1171/1171/2435
f 1173/1173/2436 1175/1174/2482 1174/1175/2438
f 1174/1175/2439 1175/1174/2440 1176/1176/2483
f 1175/1174/2442 1177/1177/2443 1176/1176/2484
f 1176/1176/2485 1177/1177/2486 1178/1178/2447
f 1177/1177/2448 1179/1179/2487 1178/1178/1320
f 1178/1178/2488 1179/1179/2489 1180/1180/2490
f 1179/1179/2491 1181/1181/2492 1180/1180/2493
f 1180/1180/2494 1181/1181/2495 1182/1182/1454
f 1181/1181/2496 1183/1183/2497 1182/1182/2498
f 1184/1184/2499 1186/1185/2500 1185/1186/2501
f 1185/1186/2465 1186/1185/2502 1187/1187/2503
f 1186/1185/2504 1188/1188/2469 1187/1187/2470
f 1187/1187/2505 1188/1188/2472 1189/1189/2421
f 1188/1188/2474 1190/1190/2475 1189/1189/1346
f 1189/1189/2424 1190/1190/2506 1191/1191/2476
f 1190/1190/2427 1192/1192/2507 1191/1191/2479
f 1191/1191/2508 1192/1192/2509 1193/1193/2510
f 1192/1192/2511 1194/1194/2512 1193/1193/2513
f 1195/1195/2514 1197/1196/2515 1196/1197/2516
f 1196/1197/2517 1197/1196/2518 1198/1198/2519
f 1197/1196/2520 1199/1199/2521 1198/1198/2484
f 1198/1198/2485 1199/1199/2486 1200/1200/2447
f 1199/1199/2448 1201/1201/2487 1200/1200/1320
f 1200/1200/2450 1201/1201/2489 1202/1202/2522
f 1201/1201/2491 1203/1203/2523 1202/1202/2493
f 1202/1202/2524 1203/1203/2525 1204/1204/2526
f 1203/1203/2527 1205/1205/2528 1204/1204/2529
f 1206/1206/2499 1208/1207/2500 1207/1208/2501
f 1207/1208/2465 1208/1207/2502 1209/1209/2503
f 1208/1207/2530 1210/1210/2469 1209/1209/2470
f 1209/1209/2471 1210/1210/2472 1211/1211/2421
f 1210/1210/2474 1212/1212/2475 1211/1211/1346
f 1211/1211/2424 1212/1212/2506 1213/1213/2476
f 1212/1212/2477 1214/1214/2507 1213/1213/2531
f 1213/1213/2532 1214/1214/2509 1215/1215/2432
f 1214/1214/2511 1216/1216/2512 1215/1215/2513
f 1217/1217/2514 1219/1218/2533 1218/1219/2516
f 1218/1219/2439 1219/1218/2534 1220/1220/2535
f 1219/1218/2520 1221/1221/2536 1220/1220/2444
f 1220/1220/2485 1221/1221/2486 1222/1222/2447
f 1221/1221/2448 1223/1223/2537 1222/1222/1320
f 1222/1222/2450 1223/1223/2489 1224/1224/2538
f 1223/1223/2491 1225/1225/2539 1224/1224/2493
f 1224/1224/2524 1225/1225/2540 1226/1226/2526
f 1225/1225/2527 1227/1227/2528 1226/1226/2529
f 1228/1228/2499 1230/1229/2500 1229/1230/2501
f 1229/1230/2465 1230/1229/2541 1231/1231/2503
f 1230/1229/2504 1232/1232/2469 1231/1231/2470
f 1231/1231/2471 1232/1232/2472 1233/1233/2421
f 1232/1232/2542 1234/1234/2543 1233/1233/1346
f 1233/1233/2424 1234/1234/2425 1235/1235/2476
f 1234/1234/2544 1236/1236/2507 1235/1235/2479
f 1235/1235/2545 1236/1236/2546 1237/1237/2432
f 1236/1236/2511 1238/1238/2512 1237/1237/2513
f 1239/1239/2514 1241/1240/2533 1240/1241/2516
f 1240/1241/2439 1241/1240/2547 1242/1242/2548
f 1241/1240/2520 1243/1243/2549 1242/1242/2550
f 1242/1242/2551 1243/1243/2551 1244/1244/2447
f 1243/1243/2552 1245/1245/2487 1244/1244/1320
f 1244/1244/2450 1245/1245/2489 1246/1246/2538
f 1245/1245/2491 1247/1247/2539 1246/1246/2553
f 1246/1246/2524 1247/1247/2540 1248/1248/2526
f 1247/1247/2554 1249/1249/2528 1248/1248/2498
f 1250/1250/2499 1252/1251/2500 1251/1252/2501
f 1251/1252/2465 1252/1251/2502 1253/1253/2503
f 1252/1251/2504 1254/1254/2469 1253/1253/2470
f 1253/1253/2471 1254/1254/2472 1255/1255/2421
f 1254/1254/2474 1256/1256/2543 1255/1255/1346
f 1255/1255/2424 1256/1256/2425 1257/1257/2476
f 1256/1256/2427 1258/1258/2507 1257/1257/2479
f 1257/1257/2508 1258/1258/2509 1259/1259/2510
f 1258/1258/2555 1260/1260/2512 1259/1259/2435
f 1261/1261/2514 1263/1262/2515 1262/1263/2516
f 1262/1263/2556 1263/1262/2534 1264/1264/2557
f 1263/1262/2520 1265/1265/2443 1264/1264/2558
f 1264/1264/2485 1265/1265/2486 1266/1266/2559
f 1265/1265/2448 1267/1267/2487 1266/1266/1320
f 1266/1266/2450 1267/1267/2451 1268/1268/2538
f 1267/1267/2491 1269/1269/2523 1268/1268/2493
f 1268/1268/2524 1269/1269/2540 1270/1270/2526
f 1269/1269/2527 1271/1271/2528 1270/1270/2529
f 1272/1272/2499 1274/1273/2500 1273/1274/2501
f 1273/1274/2465 1274/1273/2560 1275/1275/2561
f 1274/1273/2504 1276/1276/2469 1275/1275/2470
f 1275/1275/2471 1276/1276/2472 1277/1277/2421
f 1276/1276/2542 1278/1278/2543 1277/1277/1346
f 1277/1277/2424 1278/1278/2506 1279/1279/2476
f 1278/1278/2427 1280/1280/2562 1279/1279/2479
f 1279/1279/2508 1280/1280/2509 1281/1281/2510
f 1280/1280/2511 1282/1282/2512 1281/1281/2513
f 1283/1283/2514 1285/1284/2515 1284/1285/2516
f 1284/1285/2439 1285/1284/2534 1286/1286/2519
f 1285/1284/2520 1287/1287/2563 1286/1286/2484
f 1286/1286/2485 1287/1287/2486 1288/1288/2447
f 1287/1287/2448 1289/1289/2487 1288/1288/1320
f 1288/1288/2450 1289/1289/2489 1290/1290/2538
f 1289/1289/2491 1291/1291/2539 1290/1290/2493
f 1290/1290/2524 1291/1291/2540 1292/1292/2526
f 1291/1291/2527 1293/1293/2528 1292/1292/2529
f 1294/1294/2499 1296/1295/2500 1295/1296/2501
f 1295/1296/2465 1296/1295/2502 1297/1297/2503
f 1296/1295/2468 1298/1298/2564 1297/1297/2470
f 1297/1297/2471 1298/1298/2565 1299/1299/2566
f 1298/1298/2474 1300/1300/2475 1299/1299/1346
f 1299/1299/2424 1300/1300/2567 1301/1301/2426
f 1300/1300/2568 1302/1302/2428 1301/1301/2531
f 1301/1301/2532 1302/1302/2569 1303/1303/2432
f 1302/1302/2511 1304/1304/2512 1303/1303/2513
f 1305/1305/2514 1307/1306/2533 1306/1307/2516
f 1306/1307/2439 1307/1306/2547 1308/1308/2535
f 1307/1306/2570 1309/1309/2571 1308/1308/2484
f 1308/1308/2445 1309/1309/2572 1310/1310/2447
f 1309/1309/2448 1311/1311/2487 1310/1310/1320
f 1310/1310/2488 1311/1311/2489 1312/1312/2522
f 1311/1311/2491 1313/1313/2492 1312/1312/2493
f 1312/1312/2573 1313/1313/2574 1314/1314/2526
f 1313/1313/2575 1315/1315/2528 1314/1314/2498
f 1316/1316/2499 1318/1317/2500 1317/1318/2464
f 1317/1318/2465 1318/1317/2576 1319/1319/2503
f 1318/1317/2468 1320/1320/2564 1319/1319/2577
f 1319/1319/2471 1320/1320/2578 1321/1321/1343
f 1320/1320/2579 1322/1322/2543 1321/1321/2580
f 1321/1321/2424 1322/1322/2506 1323/1323/2581
f 1322/1322/2477 1324/1324/2562 1323/1323/2582
f 1323/1323/2508 1324/1324/2509 1325/1325/2583
f 1324/1324/2511 1326/1326/2512 1325/1325/2513
f 1327/1327/2514 1329/1328/2515 1328/1329/2438
f 1328/1329/2584 1329/1328/2534 1330/1330/2585
f 1329/1328/2586 1331/1331/2587 1330/1330/2588
f 1330/1330/2485 1331/1331/2486 1332/1332/2559
f 1331/1331/2589 1333/1333/2487 1332/1332/1320
f 1332/1332/2450 1333/1333/2451 1334/1334/2538
f 1333/1333/2590 1335/1335/2492 1334/1334/2493
f 1334/1334/2524 1335/1335/2591 1336/1336/2526
f 1335/1335/2527 1337/1337/2528 1336/1336/2529
f 1338/1338/2499 1340/1339/2500 1339/1340/2501
f 1339/1340/2465 1340/1339/2541 1341/1341/2503
f 1340/1339/2530 1342/1342/2469 1341/1341/2592
f 1341/1341/2471 1342/1342/2472 1343/1343/2473
f 1342/1342/2542 1344/1344/2475 1343/1343/1346
f 1343/1343/2424 1344/1344/2506 1345/1345/2426
f 1344/1344/2477 1346/1346/2507 1345/1345/2582
f 1345/1345/2508 1346/1346/2593 1347/1347/2594
f 1346/1346/2511 1348/1348/2512 1347/1347/2513
f 1349/1349/2514 1351/1350/2533 1350/1351/2516
f 1350/1351/2439 1351/1350/2534 1352/1352/2519
f 1351/1350/2520 1353/1353/2443 1352/1352/2484
f 1352/1352/2485 1353/1353/2486 1354/1354/2447
f 1353/1353/2448 1355/1355/2595 1354/1354/1320
f 1354/1354/2596 1355/1355/2597 1356/1356/2522
f 1355/1355/2598 1357/1357/2539 1356/1356/2599
f 1356/1356/2524 1357/1357/2540 1358/1358/2526
f 1357/1357/2527 1359/1359/2528 1358/1358/2600
f 1360/1360/2499 1362/1361/2500 1361/1362/2501
f 1361/1362/2465 1362/1361/2541 1363/1363/2503
f 1362/1361/2504 1364/1364/2469 1363/1363/2470
f 1363/1363/2471 1364/1364/2472 1365/1365/2421
f 1364/1364/2474 1366/1366/2601 1365/1365/1346
f 1365/1365/2602 1366/1366/2603 1367/1367/2604
f 1366/1366/2605 1368/1368/2606 1367/1367/2607
f 1367/1367/2608 1368/1368/2609 1369/1369/2610
f 1368/1368/2611 1370/1370/2612 1369/1369/2613
f 1371/1371/2614 1373/1372/2615 1372/1373/2616
f 1372/1373/1309 1373/1372/2617 1374/1374/2618
f 1373/1372/2619 1375/1375/2620 1374/1374/2621
f 1374/1374/2622 1375/1375/2623 1376/1376/2447
f 1375/1375/2624 1377/1377/2487 1376/1376/1320
f 1376/1376/2450 1377/1377/2489 1378/1378/2538
f 1377/1377/2491 1379/1379/2523 1378/1378/2493
f 1378/1378/2524 1379/1379/2540 1380/1380/2526
f 1379/1379/2554 1381/1381/2528 1380/1380/2498
f 1382/1382/2625 1384/1383/2626 1383/1384/2627
f 1383/1384/2628 1384/1383/2629 1385/1385/2630
f 1384/1383/2631 1386/1386/2632 1385/1385/2633
f 1385/1385/2634 1386/1386/2635 1387/1387/2636
f 1386/1386/2637 1388/1388/2638 1387/1387/2639
f 1387/1387/2640 1388/1388/2641 1389/1389/2642
f 1388/1388/2643 1390/1390/2644 1389/1389/2645
f 1389/1389/2646 1390/1390/2647 1391/1391/2648
f 1392/1392/2649 1394/1393/2650 1393/1394/2651
f 1393/1394/2652 1394/1393/2653 1395/1395/2654
f 1394/1393/2655 1396/1396/2656 1395/1395/2657
f 1395/1395/2658 1396/1396/2659 1397/1397/2660
f 1396/1396/2661 1398/1398/2662 1397/1397/2663
f 1397/1397/2664 1398/1398/2665 1399/1399/2666
f 1398/1398/2667 1400/1400/2668 1399/1399/2669
f 1401/1401/2670 1403/1402/2671 1402/1403/2672
f 1402/1403/2673 1403/1402/2674 1404/1404/2675
f 1403/1402/2676 1405/1405/2677 1404/1404/2678
f 1404/1404/2679 1405/1405/2680 1406/1406/2681
f 1405/1405/2682 1407/1407/2683 1406/1406/2684
f 1406/1406/2685 1407/1407/2686 1408/1408/2687
f 1407/1407/2688 1409/1409/2689 1408/1408/2690
f 1410/1410/2691 1412/1411/2692 1411/1412/2693
f 1411/1412/2694 1412/1411/2695 1413/1413/2696
f 1412/1411/2697 1414/1414/2698 1413/1413/2699
f 1413/1413/2700 1414/1414/2701 1415/1415/2702
f 1414/1414/2703 1416/1416/2704 1415/1415/2705
f 1415/1415/2706 1416/1416/2707 1417/1417/2708
f 1416/1416/2709 1418/1418/2710 1417/1417/2711
f 1419/1419/2712 1421/1420/2713 1420/1421/2714
f 1420/1421/2715 1421/1420/2716 1422/1422/2717
f 1421/1420/2718 1423/1423/2719 1422/1422/2720
f 1422/1422/2721 1423/1423/2722 1424/1424/2723
f 1423/1423/2724 1425/1425/2725 1424/1424/2726
f 1424/1424/2727 1425/1425/2728 1426/1426/2729
f 1425/1425/2730 1427/1427/1304 1426/1426/2731
f 1428/1428/2732 1430/1429/2733 1429/1430/2734
f 1429/1430/2735 1430/1429/2736 1431/1431/2737
f 1430/1429/2738 1432/1432/2739 1431/1431/2740
f 1431/1431/2741 1432/1432/2742 1433/1433/2743
f 1432/1432/2744 1434/1434/2745 1433/1433/2746
f 1433/1433/2747 1434/1434/2748 1435/1435/2749
f 1434/1434/2750 1436/1436/2751 1435/1435/2752
f 1437/1437/2753 1439/1438/2754 1438/1439/2755
f 1438/1439/2756 1439/1438/2757 1440/1440/2758
f 1439/1438/2759 1441/1441/2760 1440/1440/2761
f 1440/1440/2762 1441/1441/2763 1442/1442/2764
f 1441/1441/2765 1443/1443/2766 1442/1442/2767
f 1442/1442/2768 1443/1443/2769 1444/1444/2770
f 1443/1443/2771 1445/1445/2772 1444/1444/2773
f 1446/1446/2774 1448/1447/2775 1447/1448/2776
f 1447/1448/2777 1448/1447/2778 1449/1449/2779
f 1448/1447/2780 1450/1450/2781 1449/1449/2782
f 1449/1449/2783 1450/1450/2784 1451/1451/2785
f 1450/1450/2786 1452/1452/2787 1451/1451/2788
f 1451/1451/2789 1452/1452/2790 1453/1453/2791
f 1454/1454/395 1456/1455/2792 1455/1456/2793
f 1455/1456/2794 1456/1455/2795 1457/1457/2796
f 1456/1455/2797 1458/1458/2798 1457/1457/2799
f 1457/1457/2800 1458/1458/2801 1459/1459/2802
f 1458/1458/2803 1460/1460/2804 1459/1459/2805
f 1459/1459/2806 1460/1460/2807 1461/1461/2808
f 1462/1462/422 1464/1463/2809 1463/1464/2810
f 1463/1464/2811 1464/1463/2812 1465/1465/2813
f 1464/1463/2814 1466/1466/2815 1465/1465/2816
f 1465/1465/2817 1466/1466/2818 1467/1467/2819
f 1466/1466/2820 1468/1468/2821 1467/1467/2822
f 1467/1467/2823 1468/1468/2824 1469/1469/2825
f 1470/1470/2826 1472/1471/2827 1471/1472/2828
f 1471/1472/2829 1472/1471/2830 1473/1473/2831
f 1472/1471/2832 1474/1474/2833 1473/1473/2834
f 1473/1473/2835 1474/1474/2836 1475/1475/2837
f 1474/1474/2838 1476/1476/2839 1475/1475/2840
f 1475/1475/2841 1476/1476/2842 1477/1477/2843
f 1478/1478/2844 1480/1479/2845 1479/1480/2846
f 1479/1480/2847 1480/1479/2848 1481/1481/2849
f 1480/1479/2850 1482/1482/2851 1481/1481/2852
f 1481/1481/2853 1482/1482/2854 1483/1483/2855
f 1482/1482/2856 1484/1484/2857 1483/1483/2858
f 1483/1483/2859 1484/1484/2860 1485/1485/2861
f 1486/1486/503 1488/1487/2862 1487/1488/2863
f 1487/1488/2864 1488/1487/2865 1489/1489/2866
f 1488/1487/2867 1490/1490/2868 1489/1489/2869
f 1489/1489/2870 1490/1490/2871 1491/1491/2872
f 1490/1490/2873 1492/1492/2874 1491/1491/2875
f 1491/1491/2876 1492/1492/2877 1493/1493/2878
f 1494/1494/2879 1496/1495/2880 1495/1496/2881
f 1495/1496/2882 1496/1495/2883 1497/1497/2884
f 1496/1495/2885 1498/1498/2886 1497/1497/2887
f 1497/1497/2888 1498/1498/2889 1499/1499/2890
f 1498/1498/2891 1500/1500/2892 1499/1499/2893
f 1499/1499/2894 1500/1500/2895 1501/1501/2896
f 1502/1502/2897 1504/1503/2898 1503/1504/2899
f 1503/1504/2900 1504/1503/2901 1505/1505/2902
f 1504/1503/2903 1506/1506/2904 1505/1505/2905
f 1505/1505/2906 1506/1506/2907 1507/1507/2908
f 1506/1506/2909 1508/1508/2910 1507/1507/2911
f 1507/1507/2912 1508/1508/2913 1509/1509/2914
f 1510/1510/2915 1512/1511/2916 1511/1512/2917
f 1511/1512/2918 1512/1511/2919 1513/1513/2920
f 1512/1511/2921 1514/1514/2886 1513/1513/2922
f 1513/1513/2888 1514/1514/2923 1515/1515/2890
f 1514/1514/2891 1516/1516/2892 1515/1515/2893
f 1515/1515/2894 1516/1516/2924 1517/1517/2896
f 1518/1518/2925 1520/1519/2926 1519/1520/2927
f 1519/1520/2928 1520/1519/2929 1521/1521/2930
f 1520/1519/2931 1522/1522/2932 1521/1521/2933
f 1521/1521/2934 1522/1522/2935 1523/1523/2936
f 1522/1522/2909 1524/1524/2937 1523/1523/2911
f 1523/1523/2938 1524/1524/2939 1525/1525/2940
f 1526/1526/634 1528/1527/2941 1527/1528/2942
f 1527/1528/2943 1528/1527/2944 1529/1529/2945
f 1528/1527/2946 1530/1530/2947 1529/1529/2948
f 1529/1529/2949 1530/1530/2950 1531/1531/2951
f 1530/1530/2952 1532/1532/2953 1531/1531/2954
f 1531/1531/2955 1532/1532/2956 1533/1533/2957
f 1534/1534/2958 1536/1535/2959 1535/1536/2960
f 1535/1536/2961 1536/1535/2962 1537/1537/2963
f 1536/1535/2964 1538/1538/2965 1537/1537/2966
f 1537/1537/2967 1538/1538/2968 1539/1539/2969
f 1538/1538/2970 1540/1540/2971 1539/1539/2972
f 1539/1539/2973 1540/1540/2974 1541/1541/2975
f 1542/1542/2976 1544/1543/2977 1543/1544/2978
f 1543/1544/2979 1544/1543/2980 1545/1545/2981
f 1544/1543/2982 1546/1546/2983 1545/1545/2984
f 1545/1545/2985 1546/1546/2986 1547/1547/2987
f 1546/1546/2988 1548/1548/2989 1547/1547/2990
f 1547/1547/2991 1548/1548/2992 1549/1549/2993
f 1550/1550/2994 1552/1551/2995 1551/1552/2996
f 1551/1552/2997 1552/1551/2998 1553/1553/2999
f 1552/1551/3000 1554/1554/3001 1553/1553/3002
f 1553/1553/3003 1554/1554/3004 1555/1555/3005
f 1554/1554/3006 1556/1556/3007 1555/1555/3008
f 1555/1555/3009 1556/1556/3010 1557/1557/3011
f 1558/1558/742 1560/1559/3012 1559/1560/3013
f 1559/1560/3014 1560/1559/3015 1561/1561/3016
f 1560/1559/3017 1562/1562/3018 1561/1561/3019
f 1561/1561/3020 1562/1562/3021 1563/1563/3022
f 1562/1562/3023 1564/1564/3024 1563/1563/3025
f 1563/1563/3026 1564/1564/3027 1565/1565/3028
f 1566/1566/768 1568/1567/3029 1567/1568/3030
f 1567/1568/3031 1568/1567/3032 1569/1569/3033
f 1568/1567/3034 1570/1570/3001 1569/1569/3035
f 1569/1569/3036 1570/1570/3037 1571/1571/3038
f 1570/1570/3039 1572/1572/3007 1571/1571/3040
f 1571/1571/3041 1572/1572/3042 1573/1573/3043
f 1574/1574/793 1576/1575/3044 1575/1576/3045
f 1575/1576/3046 1576/1575/3047 1577/1577/3048
f 1576/1575/3049 1578/1578/3050 1577/1577/3051
f 1577/1577/3052 1578/1578/3053 1579/1579/3054
f 1578/1578/3055 1580/1580/3056 1579/1579/3057
f 1579/1579/3058 1580/1580/3059 1581/1581/3060
f 1582/1582/3061 1584/1583/3062 1583/1584/3063
f 1583/1584/3064 1584/1583/3065 1585/1585/3066
f 1584/1583/3067 1586/1586/3068 1585/1585/3069
f 1585/1585/3070 1586/1586/3071 1587/1587/3072
f 1586/1586/3073 1588/1588/3074 1587/1587/3075
f 1587/1587/3076 1588/1588/3077 1589/1589/3078
f 1590/1590/3079 1592/1591/3080 1591/1592/3081
f 1591/1592/3082 1592/1591/3083 1593/1593/3084
f 1592/1591/3085 1594/1594/3086 1593/1593/3087
f 1593/1593/3088 1594/1594/3089 1595/1595/3090
f 1594/1594/3091 1596/1596/3092 1595/1595/3093
f 1595/1595/3094 1596/1596/3095 1597/1597/3096
f 1598/1598/3097 1600/1599/3098 1599/1600/3099
f 1599/1600/3100 1600/1599/3101 1601/1601/3102
f 1600/1599/3103 1602/1602/3104 1601/1601/3105
f 1601/1601/3106 1602/1602/3107 1603/1603/3108
f 1602/1602/3109 1604/1604/3110 1603/1603/3111
f 1603/1603/3112 1604/1604/3113 1605/1605/3114
f 1606/1606/3115 1608/1607/3116 1607/1608/3117
f 1607/1608/3118 1608/1607/3119 1609/1609/3120
f 1608/1607/3121 1610/1610/3122 1609/1609/3123
f 1609/1609/3124 1610/1610/3125 1611/1611/3126
f 1610/1610/3127 1612/1612/3128 1611/1611/3129
f 1611/1611/3130 1612/1612/3131 1613/1613/3132
f 1614/1614/3133 1616/1615/3134 1615/1616/3135
f 1615/1616/3136 1616/1615/3137 1617/1617/3138
f 1616/1615/3139 1618/1618/3140 1617/1617/3141
f 1617/1617/3142 1618/1618/3143 1619/1619/3144
f 1618/1618/3145 1620/1620/3146 1619/1619/3147
f 1619/1619/3148 1620/1620/3149 1621/1621/3150
f 1622/1622/3151 1624/1623/3152 1623/1624/3153
f 1623/1624/3154 1624/1623/3155 1625/1625/3156
f 1624/1623/3157 1626/1626/3158 1625/1625/3159
f 1625/1625/3160 1626/1626/3161 1627/1627/3162
f 1626/1626/3163 1628/1628/3164 1627/1627/3165
f 1627/1627/3166 1628/1628/3167 1629/1629/3168
f 1630/1630/3169 1632/1631/3170 1631/1632/3171
f 1631/1632/3172 1632/1631/3173 1633/1633/3174
f 1632/1631/3175 1634/1634/3176 1633/1633/3177
f 1633/1633/3178 1634/1634/3179 1635/1635/3180
f 1634/1634/3181 1636/1636/3182 1635/1635/3183
f 1635/1635/3184 1636/1636/3185 1637/1637/3186
f 1638/1638/3187 1640/1639/3188 1639/1640/3189
f 1639/1640/3190 1640/1639/3191 1641/1641/3192
f 1640/1639/3193 1642/1642/3194 1641/1641/3195
f 1641/1641/3196 1642/1642/3197 1643/1643/3198
f 1642/1642/3199 1644/1644/3200 1643/1643/3201
f 1643/1643/3202 1644/1644/3203 1645/1645/3204
f 1646/1646/3205 1648/1647/3206 1647/1648/3207
f 1647/1648/3208 1648/1647/3209 1649/1649/3210
f 1648/1647/3211 1650/1650/3212 1649/1649/3213
f 1649/1649/3214 1650/1650/3215 1651/1651/3216
f 1650/1650/3217 1652/1652/3218 1651/1651/3219
f 1651/1651/3220 1652/1652/3221 1653/1653/3222
f 1654/1654/1063 1656/1655/3223 1655/1656/3224
f 1655/1656/3225 1656/1655/3226 1657/1657/3227
f 1656/1655/3228 1658/1658/3229 1657/1657/3230
f 1657/1657/3231 1658/1658/3232 1659/1659/3233
f 1658/1658/3234 1660/1660/3235 1659/1659/3236
f 1659/1659/3237 1660/1660/3238 1661/1661/3239
f 1662/1662/1090 1664/1663/3240 1663/1664/3241
f 1663/1664/3242 1664/1663/3243 1665/1665/3244
f 1664/1663/3245 1666/1666/3246 1665/1665/3247
f 1665/1665/3248 1666/1666/3249 1667/1667/3250
f 1666/1666/3251 1668/1668/3252 1667/1667/3253
f 1667/1667/3254 1668/1668/3255 1669/1669/3256
f 1670/1670/1117 1672/1671/3257 1671/1672/3258
f 1671/1672/3259 1672/1671/3260 1673/1673/3261
f 1672/1671/3262 1674/1674/3263 1673/1673/3264
f 1673/1673/3265 1674/1674/3266 1675/1675/3267
f 1674/1674/3268 1676/1676/3269 1675/1675/3270
f 1675/1675/3271 1676/1676/3272 1677/1677/3273
f 1678/1678/3274 1680/1679/3275 1679/1680/3276
f 1679/1680/3277 1680/1679/3278 1681/1681/3279
f 1680/1679/3280 1682/1682/3281 1681/1681/3282
f 1681/1681/3283 1682/1682/3284 1683/1683/3285
f 1682/1682/3286 1684/1684/3287 1683/1683/3288
f 1683/1683/3289 1684/1684/3290 1685/1685/3291
f 1686/1686/3292 1688/1687/3293 1687/1688/3294
f 1687/1688/3295 1688/1687/3296 1689/1689/3297
f 1688/1687/3298 1690/1690/3299 1689/1689/3300
f 1689/1689/3301 1690/1690/3302 1691/1691/3303
f 1690/1690/3304 1692/1692/3305 1691/1691/3306
f 1691/1691/3307 1692/1692/3308 1693/1693/3309
f 1694/1694/3310 1696/1695/3311 1695/1696/3312
f 1695/1696/3313 1696/1695/3314 1697/1697/3315
f 1696/1695/3316 1698/1698/3317 1697/1697/3318
f 1697/1697/3319 1698/1698/3320 1699/1699/3321
f 1698/1698/3322 1700/1700/3323 1699/1699/3324
f 1699/1699/3325 1700/1700/3326 1701/1701/3327
f 1702/1702/1225 1704/1703/3328 1703/1704/3329
f 1703/1704/3330 1704/1703/3331 1705/1705/3332
f 1704/1703/3333 1706/1706/3334 1705/1705/3335
f 1705/1705/3336 1706/1706/3337 1707/1707/3338
f 1706/1706/3339 1708/1708/3340 1707/1707/3341
f 1707/1707/3342 1708/1708/3343 1709/1709/3344
f 1710/1710/3345 1712/1711/3346 1711/1712/3347
f 1711/1712/3348 1712/1711/3349 1713/1713/3350
f 1712/1711/3351 1714/1714/3352 1713/1713/3353
f 1713/1713/3354 1714/1714/3355 1715/1715/3356
f 1714/1714/3357 1716/1716/3358 1715/1715/3359
f 1715/1715/3360 1716/1716/3361 1717/1717/3362
f 1718/1718/3363 1720/1719/3364 1719/1720/3365
f 1719/1720/3366 1720/1719/3367 1721/1721/3368
f 1720/1719/3369 1722/1722/3370 1721/1721/3371
f 1721/1721/3372 1722/1722/3373 1723/1723/3374
f 1722/1722/3375 1724/1724/3376 1723/1723/3377
f 1723/1723/3378 1724/1724/3379 1725/1725/3380
f 1726/1726/1359 1728/1727/3381 1727/1728/3382
f 1727/1728/3383 1728/1727/3384 1729/1729/3385
f 1728/1727/3386 1730/1730/3387 1729/1729/3388
f 1729/1729/3389 1730/1730/3390 1731/1731/3391
f 1730/1730/3392 1732/1732/3393 1731/1731/3394
f 1731/1731/3395 1732/1732/3396 1733/1733/3397
f 1734/1734/1279 1736/1735/3398 1735/1736/3399
f 1735/1736/1282 1736/1735/1283 1737/1737/3400
f 1736/1735/3401 1738/1738/3402 1737/1737/3403
f 1737/1737/3404 1738/1738/3405 1739/1739/3406
f 1738/1738/3407 1740/1740/3408 1739/1739/1293
f 1739/1739/3409 1740/1740/3410 1741/1741/3411
f 1742/1742/1359 1744/1743/3381 1743/1744/3382
f 1743/1744/3383 1744/1743/3384 1745/1745/3385
f 1744/1743/3412 1746/1746/3387 1745/1745/3413
f 1745/1745/3414 1746/1746/3390 1747/1747/3415
f 1746/1746/3416 1748/1748/3393 1747/1747/3417
f 1747/1747/3395 1748/1748/3396 1749/1749/3397
f 1750/1750/1279 1752/1751/1280 1751/1752/3399
f 1751/1752/1282 1752/1751/1283 1753/1753/3400
f 1752/1751/3401 1754/1754/3402 1753/1753/3418
f 1753/1753/3419 1754/1754/3405 1755/1755/3420
f 1754/1754/1291 1756/1756/3421 1755/1755/1293
f 1755/1755/3409 1756/1756/3410 1757/1757/3411
f 1758/1758/1359 1760/1759/3381 1759/1760/3382
f 1759/1760/3383 1760/1759/3384 1761/1761/3385
f 1760/1759/3412 1762/1762/3387 1761/1761/3388
f 1761/1761/3389 1762/1762/3422 1763/1763/3391
f 1762/1762/3392 1764/1764/3393 1763/1763/3417
f 1763/1763/3395 1764/1764/3396 1765/1765/3423
f 1766/1766/1279 1768/1767/1280 1767/1768/3424
f 1767/1768/3425 1768/1767/1283 1769/1769/3400
f 1768/1767/3426 1770/1770/3402 1769/1769/3403
f 1769/1769/3419 1770/1770/3405 1771/1771/3420
f 1770/1770/1291 1772/1772/3421 1771/1771/1293
f 1771/1771/3409 1772/1772/3427 1773/1773/3411
f 1774/1774/1359 1776/1775/3381 1775/1776/3382
f 1775/1776/3383 1776/1775/3384 1777/1777/3385
f 1776/1775/3386 1778/1778/3387 1777/1777/3428
f 1777/1777/3389 1778/1778/3422 1779/1779/292
f 1778/1778/3416 1780/1780/3393 1779/1779/3417
f 1779/1779/296 1780/1780/3396 1781/1781/3397
f 1782/1782/1279 1784/1783/1280 1783/1784/3399
f 1783/1784/1282 1784/1783/1283 1785/1785/3400
f 1784/1783/1285 1786/1786/3402 1785/1785/3429
f 1785/1785/3404 1786/1786/1289 1787/1787/3406
f 1786/1786/3407 1788/1788/3408 1787/1787/1293
f 1787/1787/3409 1788/1788/3430 1789/1789/3431
f 1790/1790/1359 1792/1791/3381 1791/1792/3382
f 1791/1792/3432 1792/1791/3384 1793/1793/3385
f 1792/1791/3412 1794/1794/3387 1793/1793/3428
f 1793/1793/3389 1794/1794/3433 1795/1795/292
f 1794/1794/3434 1796/1796/3393 1795/1795/3417
f 1795/1795/3395 1796/1796/3396 1797/1797/3397
f 1798/1798/1279 1800/1799/1280 1799/1800/1281
f 1799/1800/1282 1800/1799/1283 1801/1801/3400
f 1800/1799/3401 1802/1802/3402 1801/1801/3418
f 1801/1801/3419 1802/1802/3405 1803/1803/3406
f 1802/1802/1291 1804/1804/3408 1803/1803/1293
f 1803/1803/3409 1804/1804/3427 1805/1805/3411
f 1806/1806/1359 1808/1807/3381 1807/1808/3382
f 1807/1808/3383 1808/1807/3384 1809/1809/3385
f 1808/1807/3386 1810/1810/3387 1809/1809/3388
f 1809/1809/3389 1810/1810/3422 1811/1811/3415
f 1810/1810/3435 1812/1812/3393 1811/1811/3436
f 1811/1811/3437 1812/1812/3438 1813/1813/3423
f 1814/1814/1279 1816/1815/1280 1815/1816/1281
f 1815/1816/1282 1816/1815/1283 1817/1817/3400
f 1816/1815/3426 1818/1818/3402 1817/1817/3403
f 1817/1817/3419 1818/1818/3405 1819/1819/3420
f 1818/1818/1291 1820/1820/3421 1819/1819/1293
f 1819/1819/3409 1820/1820/3410 1821/1821/3411
f 1822/1822/1359 1824/1823/3381 1823/1824/3382
f 1823/1824/3383 1824/1823/3384 1825/1825/3385
f 1824/1823/3412 1826/1826/3387 1825/1825/3388
f 1825/1825/3389 1826/1826/3422 1827/1827/3415
f 1826/1826/3392 1828/1828/3393 1827/1827/3394
f 1827/1827/3437 1828/1828/3438 1829/1829/3423
f 1830/1830/1279 1832/1831/3439 1831/1832/1281
f 1831/1832/1282 1832/1831/1283 1833/1833/3400
f 1832/1831/3401 1834/1834/3402 1833/1833/3418
f 1833/1833/3419 1834/1834/3405 1835/1835/3420
f 1834/1834/1291 1836/1836/3440 1835/1835/1293
f 1835/1835/3409 1836/1836/3410 1837/1837/3411
f 1838/1838/1359 1840/1839/3381 1839/1840/3382
f 1839/1840/3383 1840/1839/3441 1841/1841/3385
f 1840/1839/3412 1842/1842/3387 1841/1841/3428
f 1841/1841/3389 1842/1842/3422 1843/1843/292
f 1842/1842/3392 1844/1844/3393 1843/1843/3417
f 1843/1843/3395 1844/1844/3396 1845/1845/3397
f 1846/1846/1279 1848/1847/1280 1847/1848/3399
f 1847/1848/1282 1848/1847/1283 1849/1849/3400
f 1848/1847/1285 1850/1850/3402 1849/1849/3418
f 1849/1849/3419 1850/1850/3405 1851/1851/3420
f 1850/1850/1291 1852/1852/3440 1851/1851/1293
f 1851/1851/3409 1852/1852/3430 1853/1853/3431
f 1854/1854/1359 1856/1855/3381 1855/1856/3382
f 1855/1856/3383 1856/1855/3384 1857/1857/3385
f 1856/1855/3412 1858/1858/3387 1857/1857/3388
f 1857/1857/3389 1858/1858/3422 1859/1859/292
f 1858/1858/3416 1860/1860/3393 1859/1859/3417
f 1859/1859/296 1860/1860/3396 1861/1861/3397
f 1862/1862/1279 1864/1863/1280 1863/1864/1281
f 1863/1864/1282 1864/1863/1283 1865/1865/3400
f 1864/1863/3401 1866/1866/3402 1865/1865/3418
f 1865/1865/3419 1866/1866/3405 1867/1867/3442
f 1866/1866/1291 1868/1868/3440 1867/1867/1293
f 1867/1867/3409 1868/1868/3427 1869/1869/3411
f 1870/1870/1359 1872/1871/3443 1871/1872/3382
f 1871/1872/3383 1872/1871/3384 1873/1873/3385
f 1872/1871/3386 1874/1874/3387 1873/1873/3388
f 1873/1873/3389 1874/1874/3422 1875/1875/292
f 1874/1874/3444 1876/1876/3393 1875/1875/3394
f 1875/1875/3395 1876/1876/3396 1877/1877/3423
f 1878/1878/3411 1880/1879/3409 1879/1880/3427
f 1879/1880/3408 1880/1879/1293 1881/1881/1291
f 1880/1879/3420 1882/1882/3445 1881/1881/3405
f 1881/1881/3402 1882/1882/3446 1883/1883/3447
f 1882/1882/3448 1884/1884/2714 1883/1883/3449
f 1883/1883/3450 1884/1884/3451 1885/1885/1458
f 1886/1886/3452 1888/1887/3453 1887/1888/3454
f 1887/1888/3455 1888/1887/3456 1889/1889/3457
f 1888/1887/3458 1890/1890/3459 1889/1889/3460
f 1889/1889/3461 1890/1890/3462 1891/1891/3463
f 1890/1890/3464 1892/1892/3465 1891/1891/3466
f 1891/1891/3467 1892/1892/3468 1893/1893/3469
f 1894/1894/3470 1896/1895/3471 1895/1896/3472
f 1895/1896/3473 1896/1895/3474 1897/1897/3475
f 1896/1895/3476 1898/1898/3477 1897/1897/3478
f 1897/1897/3479 1898/1898/3480 1899/1899/3481
f 1898/1898/3482 1900/1900/3483 1899/1899/3484
f 1899/1899/3485 1900/1900/3486 1901/1901/3487
f 1902/1902/1552 1904/1903/3488 1903/1904/3489
f 1903/1904/3490 1904/1903/3491 1905/1905/3492
f 1904/1903/3493 1906/1906/3494 1905/1905/3495
f 1905/1905/3496 1906/1906/3497 1907/1907/3498
f 1906/1906/3499 1908/1908/3500 1907/1907/3501
f 1907/1907/3502 1908/1908/3503 1909/1909/3504
f 1910/1910/3505 1912/1911/3506 1911/1912/3507
f 1911/1912/3508 1912/1911/3509 1913/1913/3510
f 1912/1911/3511 1914/1914/3512 1913/1913/3513
f 1913/1913/3514 1914/1914/3515 1915/1915/3516
f 1914/1914/3517 1916/1916/3518 1915/1915/3519
f 1915/1915/3520 1916/1916/3521 1917/1917/3522
f 1918/1918/1606 1920/1919/3523 1919/1920/3524
f 1919/1920/3525 1920/1919/3526 1921/1921/3527
f 1920/1919/3528 1922/1922/3529 1921/1921/3530
f 1921/1921/3531 1922/1922/3532 1923/1923/3533
f 1922/1922/3534 1924/1924/3535 1923/1923/3536
f 1923/1923/3537 1924/1924/3538 1925/1925/3539
f 1926/1926/3540 1928/1927/3541 1927/1928/3542
f 1927/1928/3543 1928/1927/3544 1929/1929/3545
f 1928/1927/3546 1930/1930/3547 1929/1929/3548
f 1929/1929/3549 1930/1930/3550 1931/1931/3551
f 1930/1930/3552 1932/1932/3553 1931/1931/3554
f 1931/1931/3555 1932/1932/3556 1933/1933/3557
f 1934/1934/3558 1936/1935/3559 1935/1936/3560
f 1935/1936/3561 1936/1935/3562 1937/1937/3563
f 1936/1935/3564 1938/1938/3565 1937/1937/3566
f 1937/1937/3567 1938/1938/3568 1939/1939/3569
f 1938/1938/3570 1940/1940/3571 1939/1939/3572
f 1939/1939/3573 1940/1940/3574 1941/1941/3575
f 1942/1942/3576 1944/1943/3577 1943/1944/3578
f 1943/1944/3579 1944/1943/3580 1945/1945/3581
f 1944/1943/3582 1946/1946/3583 1945/1945/3584
f 1945/1945/3585 1946/1946/3586 1947/1947/3587
f 1946/1946/3588 1948/1948/3589 1947/1947/3590
f 1947/1947/3591 1948/1948/3592 1949/1949/3593
f 1950/1950/3594 1952/1951/3595 1951/1952/3596
f 1951/1952/3597 1952/1951/3598 1953/1953/3599
f 1952/1951/3600 1954/1954/3601 1953/1953/3602
f 1953/1953/3603 1954/1954/3604 1955/1955/3605
f 1954/1954/3606 1956/1956/3607 1955/1955/3608
f 1955/1955/3609 1956/1956/3610 1957/1957/3611
f 1958/1958/3612 1960/1959/3613 1959/1960/3614
f 1959/1960/3615 1960/1959/3616 1961/1961/3617
f 1960/1959/3618 1962/1962/3619 1961/1961/3620
f 1961/1961/3621 1962/1962/3622 1963/1963/3623
f 1962/1962/3624 1964/1964/3625 1963/1963/3626
f 1963/1963/3627 1964/1964/3628 1965/1965/3629
f 1966/1966/1741 1968/1967/3630 1967/1968/3631
f 1967/1968/3632 1968/1967/3633 1969/1969/3634
f 1968/1967/3635 1970/1970/3636 1969/1969/3637
f 1969/1969/3638 1970/1970/3639 1971/1971/3640
f 1970/1970/3641 1972/1972/3642 1971/1971/3643
f 1971/1971/3644 1972/1972/3645 1973/1973/3646
f 1974/1974/3647 1976/1975/3648 1975/1976/3649
f 1975/1976/3650 1976/1975/3651 1977/1977/3652
f 1976/1975/3653 1978/1978/3654 1977/1977/3655
f 1977/1977/3656 1978/1978/3657 1979/1979/3658
f 1978/1978/3659 1980/1980/3660 1979/1979/3661
f 1979/1979/3662 1980/1980/3663 1981/1981/3664
f 1982/1982/3665 1984/1983/3666 1983/1984/3667
f 1983/1984/3668 1984/1983/3669 1985/1985/3670
f 1984/1983/3671 1986/1986/3672 1985/1985/3673
f 1985/1985/3674 1986/1986/3675 1987/1987/3676
f 1986/1986/3677 1988/1988/3678 1987/1987/3679
f 1987/1987/3680 1988/1988/3681 1989/1989/3682
f 1990/1990/3683 1992/1991/3684 1991/1992/3685
f 1991/1992/3686 1992/1991/3687 1993/1993/3688
f 1992/1991/3689 1994/1994/3690 1993/1993/3691
f 1993/1993/3692 1994/1994/3693 1995/1995/3694
f 1994/1994/3695 1996/1996/3696 1995/1995/3697
f 1995/1995/3698 1996/1996/3699 1997/1997/3700
f 1998/1998/1849 2000/1999/3701 1999/2000/3702
f 1999/2000/3703 2000/1999/3704 2001/2001/3705
f 2000/1999/3706 2002/2002/3707 2001/2001/3708
f 2001/2001/3709 2002/2002/3710 2003/2003/3711
f 2002/2002/3712 2004/2004/3713 2003/2003/3714
f 2003/2003/3715 2004/2004/3716 2005/2005/3717
f 2006/2006/3718 2008/2007/3719 2007/2008/3720
f 2007/2008/3721 2008/2007/3722 2009/2009/3723
f 2008/2007/3724 2010/2010/3725 2009/2009/3726
f 2009/2009/3727 2010/2010/3728 2011/2011/3729
f 2010/2010/3730 2012/2012/3731 2011/2011/3732
f 2011/2011/3733 2012/2012/3734 2013/2013/3735
f 2014/2014/1903 2016/2015/3736 2015/2016/3737
f 2015/2016/3738 2016/2015/3739 2017/2017/3740
f 2016/2015/3741 2018/2018/3742 2017/2017/3743
f 2017/2017/3744 2018/2018/3745 2019/2019/3746
f 2018/2018/3747 2020/2020/3748 2019/2019/3749
f 2019/2019/3750 2020/2020/3751 2021/2021/3752
f 2022/2022/1930 2024/2023/3753 2023/2024/3754
f 2023/2024/3755 2024/2023/3756 2025/2025/3757
f 2024/2023/3758 2026/2026/3759 2025/2025/3760
f 2025/2025/3761 2026/2026/3762 2027/2027/3763
f 2026/2026/3764 2028/2028/3765 2027/2027/3766
f 2027/2027/3767 2028/2028/3768 2029/2029/3769
f 2030/2030/1957 2032/2031/3770 2031/2032/3771
f 2031/2032/3772 2032/2031/3773 2033/2033/3774
f 2032/2031/3775 2034/2034/3776 2033/2033/3777
f 2033/2033/3778 2034/2034/3779 2035/2035/3780
f 2034/2034/3781 2036/2036/3782 2035/2035/3783
f 2035/2035/3784 2036/2036/3785 2037/2037/3786
f 2038/2038/1984 2040/2039/3787 2039/2040/3788
f 2039/2040/3789 2040/2039/3790 2041/2041/3791
f 2040/2039/3792 2042/2042/3793 2041/2041/3794
f 2041/2041/3795 2042/2042/3796 2043/2043/3797
f 2042/2042/3798 2044/2044/3799 2043/2043/3800
f 2043/2043/3801 2044/2044/3802 2045/2045/3803
f 2046/2046/2008 2048/2047/3804 2047/2048/3805
f 2047/2048/3806 2048/2047/3807 2049/2049/3808
f 2048/2047/3809 2050/2050/3810 2049/2049/3811
f 2049/2049/3812 2050/2050/3813 2051/2051/3814
f 2050/2050/3815 2052/2052/3782 2051/2051/3816
f 2051/2051/3817 2052/2052/3818 2053/2053/3819
f 2054/2054/3820 2056/2055/3821 2055/2056/3822
f 2055/2056/3823 2056/2055/3824 2057/2057/3825
f 2056/2055/3826 2058/2058/3827 2057/2057/3828
f 2057/2057/3829 2058/2058/3830 2059/2059/3831
f 2058/2058/3832 2060/2060/2953 2059/2059/3833
f 2059/2059/3834 2060/2060/3835 2061/2061/3836
f 2062/2062/2062 2064/2063/3837 2063/2064/3838
f 2063/2064/3839 2064/2063/3840 2065/2065/3841
f 2064/2063/3842 2066/2066/3843 2065/2065/3844
f 2065/2065/3845 2066/2066/3846 2067/2067/3847
f 2066/2066/3848 2068/2068/3849 2067/2067/3850
f 2067/2067/3851 2068/2068/3852 2069/2069/3853
f 2070/2070/2089 2072/2071/3854 2071/2072/3855
f 2071/2072/3856 2072/2071/3857 2073/2073/3858
f 2072/2071/3859 2074/2074/3860 2073/2073/3861
f 2073/2073/3862 2074/2074/3863 2075/2075/3864
f 2074/2074/3865 2076/2076/3866 2075/2075/3867
f 2075/2075/3868 2076/2076/3869 2077/2077/3870
f 2078/2078/2116 2080/2079/3871 2079/2080/3872
f 2079/2080/3873 2080/2079/3874 2081/2081/3875
f 2080/2079/3876 2082/2082/3877 2081/2081/3878
f 2081/2081/3879 2082/2082/3880 2083/2083/3881
f 2082/2082/3882 2084/2084/3883 2083/2083/3884
f 2083/2083/3885 2084/2084/3886 2085/2085/3887
f 2086/2086/2143 2088/2087/3888 2087/2088/3889
f 2087/2088/3890 2088/2087/3891 2089/2089/3892
f 2088/2087/3893 2090/2090/3894 2089/2089/3895
f 2089/2089/3896 2090/2090/3897 2091/2091/3898
f 2090/2090/3899 2092/2092/3900 2091/2091/3901
f 2091/2091/3902 2092/2092/3903 2093/2093/3904
f 2094/2094/2170 2096/2095/3905 2095/2096/3906
f 2095/2096/3907 2096/2095/3908 2097/2097/3909
f 2096/2095/3910 2098/2098/3911 2097/2097/3912
f 2097/2097/3913 2098/2098/3914 2099/2099/3915
f 2098/2098/3916 2100/2100/3917 2099/2099/3918
f 2099/2099/3919 2100/2100/3920 2101/2101/3921
f 2102/2102/2197 2104/2103/3922 2103/2104/3923
f 2103/2104/3924 2104/2103/3925 2105/2105/3926
f 2104/2103/3927 2106/2106/3928 2105/2105/3929
f 2105/2105/3930 2106/2106/3931 2107/2107/3932
f 2106/2106/3933 2108/2108/3934 2107/2107/3935
f 2107/2107/3936 2108/2108/3937 2109/2109/3938
f 2110/2110/2224 2112/2111/3939 2111/2112/3940
f 2111/2112/3941 2112/2111/3942 2113/2113/3943
f 2112/2111/3944 2114/2114/3945 2113/2113/3946
f 2113/2113/3947 2114/2114/3948 2115/2115/3949
f 2114/2114/3950 2116/2116/3951 2115/2115/3952
f 2115/2115/3953 2116/2116/3954 2117/2117/3955
f 2118/2118/3956 2120/2119/3957 2119/2120/3958
f 2119/2120/3959 2120/2119/3960 2121/2121/3961
f 2120/2119/3962 2122/2122/3963 2121/2121/3964
f 2121/2121/3965 2122/2122/3966 2123/2123/3967
f 2122/2122/3968 2124/2124/3969 2123/2123/3970
f 2123/2123/3971 2124/2124/3972 2125/2125/3973
f 2126/2126/2278 2128/2127/3974 2127/2128/3975
f 2127/2128/3976 2128/2127/3977 2129/2129/3978
f 2128/2127/3979 2130/2130/3980 2129/2129/3981
f 2129/2129/3982 2130/2130/3983 2131/2131/3984
f 2130/2130/3985 2132/2132/3986 2131/2131/3987
f 2131/2131/3988 2132/2132/3989 2133/2133/3990
f 2134/2134/3991 2136/2135/3992 2135/2136/3993
f 2135/2136/3994 2136/2135/3995 2137/2137/3996
f 2136/2135/3997 2138/2138/3998 2137/2137/3999
f 2137/2137/4000 2138/2138/4001 2139/2139/4002
f 2138/2138/4003 2140/2140/4004 2139/2139/4005
f 2139/2139/4006 2140/2140/4007 2141/2141/4008
f 2142/2142/4009 2144/2143/4010 2143/2144/4011
f 2143/2144/4012 2144/2143/4013 2145/2145/4014
f 2144/2143/4015 2146/2146/4016 2145/2145/4017
f 2145/2145/4018 2146/2146/4019 2147/2147/4020
f 2146/2146/4021 2148/2148/4022 2147/2147/4023
f 2147/2147/4024 2148/2148/4025 2149/2149/4026
f 2150/2150/2359 2152/2151/4027 2151/2152/4028
f 2151/2152/4029 2152/2151/4030 2153/2153/4031
f 2152/2151/4032 2154/2154/3998 2153/2153/4033
f 2153/2153/4034 2154/2154/4001 2155/2155/4002
f 2154/2154/4003 2156/2156/4004 2155/2155/4005
f 2155/2155/4035 2156/2156/4007 2157/2157/4008
f 2158/2158/2384 2160/2159/4036 2159/2160/4037
f 2159/2160/4038 2160/2159/4039 2161/2161/4040
f 2160/2159/4041 2162/2162/4042 2161/2161/4043
f 2161/2161/4044 2162/2162/4019 2163/2163/4045
f 2162/2162/4046 2164/2164/4047 2163/2163/4048
f 2163/2163/4049 2164/2164/4025 2165/2165/4026
f 2166/2166/4050 2168/2167/4051 2167/2168/4052
f 2167/2168/4053 2168/2167/4054 2169/2169/4055
f 2168/2167/4056 2170/2170/4057 2169/2169/4058
f 2169/2169/4059 2170/2170/1289 2171/2171/4060
f 2170/2170/4061 2172/2172/3408 2171/2171/4062
f 2171/2171/4063 2172/2172/4064 2173/2173/4065
f 2174/2174/2514 2176/2175/4066 2175/2176/4067
f 2175/2176/4068 2176/2175/4069 2177/2177/3385
f 2176/2175/4070 2178/2178/3387 2177/2177/4071
f 2177/2177/3414 2178/2178/3390 2179/2179/4072
f 2178/2178/3416 2180/2180/3393 2179/2179/3417
f 2179/2179/4073 2180/2180/3438 2181/2181/3423
f 2182/2182/2499 2184/2183/4074 2183/2184/4075
f 2183/2184/4076 2184/2183/4077 2185/2185/3400
f 2184/2183/4078 2186/2186/3402 2185/2185/3403
f 2185/2185/3419 2186/2186/3405 2187/2187/4079
f 2186/2186/1291 2188/2188/3421 2187/2187/4080
f 2187/2187/4063 2188/2188/4064 2189/2189/4081
f 2190/2190/2514 2192/2191/4066 2191/2192/4067
f 2191/2192/4068 2192/2191/4069 2193/2193/3385
f 2192/2191/4070 2194/2194/3387 2193/2193/3413
f 2193/2193/3389 2194/2194/3422 2195/2195/4072
f 2194/2194/3392 2196/2196/4082 2195/2195/3394
f 2195/2195/4073 2196/2196/4083 2197/2197/4084
f 2198/2198/2499 2200/2199/4074 2199/2200/4075
f 2199/2200/4076 2200/2199/4077 2201/2201/3400
f 2200/2199/4085 2202/2202/3402 2201/2201/3403
f 2201/2201/3419 2202/2202/3405 2203/2203/4086
f 2202/2202/1291 2204/2204/3421 2203/2203/4080
f 2203/2203/4063 2204/2204/4064 2205/2205/4081
f 2206/2206/2514 2208/2207/4066 2207/2208/4067
f 2207/2208/4068 2208/2207/4069 2209/2209/3385
f 2208/2207/4070 2210/2210/3387 2209/2209/3428
f 2209/2209/3389 2210/2210/3422 2211/2211/4087
f 2210/2210/3416 2212/2212/4082 2211/2211/3394
f 2211/2211/4073 2212/2212/4088 2213/2213/4084
f 2214/2214/2499 2216/2215/4089 2215/2216/4075
f 2215/2216/4090 2216/2215/4077 2217/2217/3400
f 2216/2215/4085 2218/2218/3402 2217/2217/3418
f 2217/2217/3419 2218/2218/3405 2219/2219/4079
f 2218/2218/1291 2220/2220/3421 2219/2219/1293
f 2219/2219/4091 2220/2220/3410 2221/2221/4092
f 2222/2222/2514 2224/2223/4066 2223/2224/4067
f 2223/2224/4068 2224/2223/4069 2225/2225/3385
f 2224/2223/4070 2226/2226/3387 2225/2225/3428
f 2225/2225/3389 2226/2226/3422 2227/2227/4093
f 2226/2226/3416 2228/2228/3393 2227/2227/3394
f 2227/2227/4073 2228/2228/4083 2229/2229/4084
f 2230/2230/2499 2232/2231/4074 2231/2232/4075
f 2231/2232/4090 2232/2231/4077 2233/2233/3400
f 2232/2231/4085 2234/2234/3402 2233/2233/3418
f 2233/2233/3419 2234/2234/3405 2235/2235/4094
f 2234/2234/4095 2236/2236/4096 2235/2235/1293
f 2235/2235/4091 2236/2236/4064 2237/2237/4092
f 2238/2238/2514 2240/2239/4066 2239/2240/4067
f 2239/2240/4068 2240/2239/4069 2241/2241/3385
f 2240/2239/4097 2242/2242/3387 2241/2241/3428
f 2241/2241/3389 2242/2242/3422 2243/2243/4093
f 2242/2242/3434 2244/2244/4082 2243/2243/3417
f 2243/2243/4073 2244/2244/4083 2245/2245/4084
f 2246/2246/2499 2248/2247/4074 2247/2248/4075
f 2247/2248/4076 2248/2247/4077 2249/2249/3400
f 2248/2247/4085 2250/2250/3402 2249/2249/3418
f 2249/2249/3419 2250/2250/3405 2251/2251/4079
f 2250/2250/3407 2252/2252/3421 2251/2251/4080
f 2251/2251/4063 2252/2252/4064 2253/2253/4081
f 2254/2254/2514 2256/2255/4066 2255/2256/4067
f 2255/2256/4068 2256/2255/4069 2257/2257/3385
f 2256/2255/4070 2258/2258/3387 2257/2257/3388
f 2257/2257/3389 2258/2258/3422 2259/2259/4087
f 2258/2258/3416 2260/2260/4082 2259/2259/3394
f 2259/2259/4073 2260/2260/4083 2261/2261/4084
f 2262/2262/2499 2264/2263/4074 2263/2264/4075
f 2263/2264/4090 2264/2263/4077 2265/2265/3400
f 2264/2263/4085 2266/2266/3402 2265/2265/3403
f 2265/2265/3419 2266/2266/3405 2267/2267/4086
f 2266/2266/3407 2268/2268/3421 2267/2267/4080
f 2267/2267/4063 2268/2268/4064 2269/2269/4081
f 2270/2270/2514 2272/2271/4066 2271/2272/4067
f 2271/2272/4068 2272/2271/4069 2273/2273/3385
f 2272/2271/4097 2274/2274/3387 2273/2273/3413
f 2273/2273/3414 2274/2274/3390 2275/2275/4072
f 2274/2274/3416 2276/2276/4082 2275/2275/3394
f 2275/2275/4073 2276/2276/4083 2277/2277/4084
f 2278/2278/2499 2280/2279/4074 2279/2280/4075
f 2279/2280/4090 2280/2279/4077 2281/2281/3400
f 2280/2279/4085 2282/2282/3402 2281/2281/3418
f 2281/2281/3419 2282/2282/3405 2283/2283/3406
f 2282/2282/4095 2284/2284/3421 2283/2283/1293
f 2283/2283/4098 2284/2284/3410 2285/2285/4092
f 2286/2286/2514 2288/2287/4066 2287/2288/4067
f 2287/2288/4068 2288/2287/4099 2289/2289/3385
f 2288/2287/4070 2290/2290/3387 2289/2289/3428
f 2289/2289/3414 2290/2290/3422 2291/2291/4072
f 2290/2290/3435 2292/2292/3393 2291/2291/3394
f 2291/2291/4073 2292/2292/4083 2293/2293/4100
f 2294/2294/2499 2296/2295/4074 2295/2296/4075
f 2295/2296/4076 2296/2295/4077 2297/2297/3400
f 2296/2295/4085 2298/2298/3402 2297/2297/3418
f 2297/2297/3419 2298/2298/3405 2299/2299/4086
f 2298/2298/4101 2300/2300/3421 2299/2299/4080
f 2299/2299/4102 2300/2300/3410 2301/2301/4092
f 2302/2302/2514 2304/2303/4066 2303/2304/4067
f 2303/2304/4068 2304/2303/4069 2305/2305/3385
f 2304/2303/4097 2306/2306/3387 2305/2305/3428
f 2305/2305/3389 2306/2306/3422 2307/2307/4093
f 2306/2306/3416 2308/2308/3393 2307/2307/3394
f 2307/2307/4103 2308/2308/4083 2309/2309/4104
f 2310/2310/2499 2312/2311/4074 2311/2312/4075
f 2311/2312/4090 2312/2311/4105 2313/2313/3400
f 2312/2311/4085 2314/2314/3402 2313/2313/3403
f 2313/2313/3419 2314/2314/3405 2315/2315/4079
f 2314/2314/1291 2316/2316/3421 2315/2315/1293
f 2315/2315/4091 2316/2316/4064 2317/2317/4092
f 2318/2318/2514 2320/2319/4106 2319/2320/4067
f 2319/2320/4068 2320/2319/4069 2321/2321/3385
f 2320/2319/4070 2322/2322/3387 2321/2321/3388
f 2321/2321/3389 2322/2322/3422 2323/2323/4087
f 2322/2322/3392 2324/2324/3393 2323/2323/3394
f 2323/2323/3437 2324/2324/4083 2325/2325/4084
f 2326/2326/2499 2328/2327/4074 2327/2328/4075
f 2327/2328/4090 2328/2327/4077 2329/2329/3400
f 2328/2327/4085 2330/2330/3402 2329/2329/3418
f 2329/2329/3419 2330/2330/4107 2331/2331/4086
f 2330/2330/1291 2332/2332/3421 2331/2331/1293
f 2331/2331/4091 2332/2332/3410 2333/2333/4092
f 2334/2334/4100 2336/2335/4073 2335/2336/4083
f 2335/2336/4082 2336/2335/3394 2337/2337/3392
f 2336/2335/4087 2338/2338/4108 2337/2337/3422
f 2337/2337/3387 2338/2338/4109 2339/2339/4110
f 2338/2338/4111 2340/2340/4112 2339/2339/4113
f 2339/2339/4114 2340/2340/4115 2341/2341/2614
f 2342/2342/4116 2344/2343/4117 2343/2344/4118
f 2343/2344/4119 2344/2343/4120 2345/2345/4121
f 2344/2343/4122 2346/2346/4123 2345/2345/4124
f 2345/2345/4125 2346/2346/4126 2347/2347/4127
f 2346/2346/4128 2348/2348/39 2347/2347/4129
f 2349/2349/4130 2351/2350/4131 2350/2351/4132
f 2350/2351/4133 2351/2350/4134 2352/2352/4135
f 2351/2350/4136 2353/2353/4137 2352/2352/4138
f 2352/2352/4139 2353/2353/4140 2354/2354/4141
f 2353/2353/4142 2355/2355/4143 2354/2354/4144
f 2356/2356/4145 2358/2357/4146 2357/2358/4145
f 2357/2358/4147 2358/2357/4148 2359/2359/4149
f 2358/2357/4150 2360/2360/4151 2359/2359/4152
f 2359/2359/4153 2360/2360/4154 2361/2361/4155
f 2360/2360/4156 2362/2362/420 2361/2361/4157
f 2363/2363/4158 2365/2364/4159 2364/2365/4158
f 2364/2365/4158 2365/2364/4160 2366/2366/4161
f 2365/2364/4162 2367/2367/4163 2366/2366/4164
f 2366/2366/4165 2367/2367/4166 2368/2368/4167
f 2367/2367/4168 2369/2369/393 2368/2368/4169
f 2370/2370/4170 2372/2371/4171 2371/2372/4170
f 2371/2372/4172 2372/2371/4173 2373/2373/4174
f 2372/2371/4175 2374/2374/4176 2373/2373/4177
f 2373/2373/4178 2374/2374/4179 2375/2375/4180
f 2374/2374/4181 2376/2376/474 2375/2375/4182
f 2377/2377/4183 2379/2378/4184 2378/2379/4183
f 2378/2379/4185 2379/2378/4186 2380/2380/4187
f 2379/2378/4188 2381/2381/4189 2380/2380/4190
f 2380/2380/4191 2381/2381/4192 2382/2382/4193
f 2381/2381/4194 2383/2383/447 2382/2382/4195
f 2384/2384/4196 2386/2385/4197 2385/2386/4198
f 2385/2386/4199 2386/2385/4200 2387/2387/4201
f 2386/2385/4202 2388/2388/4203 2387/2387/4204
f 2387/2387/4205 2388/2388/4206 2389/2389/4207
f 2388/2388/4208 2390/2390/528 2389/2389/4209
f 2391/2391/4210 2393/2392/4211 2392/2393/4210
f 2392/2393/4212 2393/2392/4213 2394/2394/4214
f 2393/2392/4215 2395/2395/4216 2394/2394/4217
f 2394/2394/4218 2395/2395/4219 2396/2396/4220
f 2395/2395/4221 2397/2397/501 2396/2396/4222
f 2398/2398/4223 2400/2399/4224 2399/2400/4223
f 2399/2400/2614 2400/2399/4225 2401/2401/4226
f 2400/2399/4227 2402/2402/4228 2401/2401/4229
f 2401/2401/4230 2402/2402/4231 2403/2403/4232
f 2402/2402/4233 2404/2404/582 2403/2403/4234
f 2405/2405/4235 2407/2406/4236 2406/2407/4235
f 2406/2407/4237 2407/2406/4238 2408/2408/4239
f 2407/2406/4240 2409/2409/4241 2408/2408/4242
f 2408/2408/4243 2409/2409/4244 2410/2410/4245
f 2409/2409/4246 2411/2411/4247 2410/2410/4248
f 2412/2412/4249 2414/2413/4250 2413/2414/4249
f 2413/2414/2614 2414/2413/4225 2415/2415/4251
f 2414/2413/4252 2416/2416/4253 2415/2415/4254
f 2415/2415/4255 2416/2416/4256 2417/2417/4257
f 2416/2416/4258 2418/2418/632 2417/2417/4259
f 2419/2419/4235 2421/2420/4260 2420/2421/4235
f 2420/2421/4237 2421/2420/4238 2422/2422/4261
f 2421/2420/4262 2423/2423/4263 2422/2422/4264
f 2422/2422/4265 2423/2423/4266 2424/2424/4267
f 2423/2423/4268 2425/2425/4269 2424/2424/4270
f 2426/2426/4271 2428/2427/4272 2427/2428/4271
f 2427/2428/4273 2428/2427/4274 2429/2429/4275
f 2428/2427/4276 2430/2430/4277 2429/2429/4278
f 2429/2429/4279 2430/2430/4280 2431/2431/4281
f 2430/2430/4282 2432/2432/4283 2431/2431/4284
f 2433/2433/4285 2435/2434/4286 2434/2435/4285
f 2434/2435/4285 2435/2434/4287 2436/2436/4288
f 2435/2434/4289 2437/2437/4290 2436/2436/4291
f 2436/2436/4292 2437/2437/4293 2438/2438/4294
f 2437/2437/4295 2439/2439/659 2438/2438/4296
f 2440/2440/4297 2442/2441/4298 2441/2442/4297
f 2441/2442/4299 2442/2441/4300 2443/2443/4301
f 2442/2441/4302 2444/2444/4303 2443/2443/4304
f 2443/2443/4305 2444/2444/4306 2445/2445/4307
f 2444/2444/4308 2446/2446/4309 2445/2445/4310
f 2447/2447/4311 2449/2448/4312 2448/2449/4311
f 2448/2449/4313 2449/2448/4314 2450/2450/4315
f 2449/2448/4316 2451/2451/4317 2450/2450/4318
f 2450/2450/4319 2451/2451/4320 2452/2452/4321
f 2451/2451/4322 2453/2453/4323 2452/2452/4324
f 2454/2454/4299 2456/2455/4325 2455/2456/4299
f 2455/2456/4297 2456/2455/4326 2457/2457/4327
f 2456/2455/4328 2458/2458/4329 2457/2457/4330
f 2457/2457/4331 2458/2458/4332 2459/2459/4333
f 2458/2458/4334 2460/2460/791 2459/2459/4335
f 2461/2461/4336 2463/2462/4337 2462/2463/4336
f 2462/2463/4311 2463/2462/4338 2464/2464/4339
f 2463/2462/4340 2465/2465/4341 2464/2464/4342
f 2464/2464/4343 2465/2465/4344 2466/2466/4345
f 2465/2465/4346 2467/2467/766 2466/2466/4347
f 2468/2468/4348 2470/2469/4349 2469/2470/4348
f 2469/2470/4350 2470/2469/4351 2471/2471/4352
f 2470/2469/4353 2472/2472/4354 2471/2471/4355
f 2471/2471/4356 2472/2472/4357 2473/2473/4358
f 2472/2472/4359 2474/2474/4360 2473/2473/4361
f 2475/2475/4362 2477/2476/4363 2476/2477/4362
f 2476/2477/4362 2477/2476/4364 2478/2478/4365
f 2477/2476/4366 2479/2479/4367 2478/2478/4368
f 2478/2478/4369 2479/2479/4370 2480/2480/4371
f 2479/2479/4372 2481/2481/4373 2480/2480/4374
f 2482/2482/4375 2484/2483/4376 2483/2484/4375
f 2483/2484/4375 2484/2483/4377 2485/2485/4378
f 2484/2483/4379 2486/2486/4380 2485/2485/4381
f 2485/2485/4382 2486/2486/4383 2487/2487/4384
f 2486/2486/4385 2488/2488/899 2487/2487/4386
f 2489/2489/4387 2491/2490/4388 2490/2491/4387
f 2490/2491/4387 2491/2490/4389 2492/2492/4390
f 2491/2490/4391 2493/2493/4392 2492/2492/4393
f 2492/2492/4394 2493/2493/4395 2494/2494/4396
f 2493/2493/4397 2495/2495/4398 2494/2494/4399
f 2496/2496/4400 2498/2497/4401 2497/2498/4400
f 2497/2498/4400 2498/2497/4402 2499/2499/4403
f 2498/2497/4404 2500/2500/4405 2499/2499/4406
f 2499/2499/4407 2500/2500/4408 2501/2501/4409
f 2500/2500/4410 2502/2502/953 2501/2501/4411
f 2503/2503/4412 2505/2504/4413 2504/2505/4412
f 2504/2505/4414 2505/2504/4415 2506/2506/4416
f 2505/2504/4417 2507/2507/4418 2506/2506/4419
f 2506/2506/4420 2507/2507/4421 2508/2508/4422
f 2507/2507/4423 2509/2509/4424 2508/2508/4425
f 2510/2510/4426 2512/2511/4427 2511/2512/4426
f 2511/2512/4426 2512/2511/4428 2513/2513/4429
f 2512/2511/4430 2514/2514/4431 2513/2513/4432
f 2513/2513/4433 2514/2514/4434 2515/2515/4435
f 2514/2514/4436 2516/2516/1007 2515/2515/4437
f 2517/2517/4438 2519/2518/4439 2518/2519/4438
f 2518/2519/4438 2519/2518/4440 2520/2520/4441
f 2519/2518/4442 2521/2521/4443 2520/2520/4444
f 2520/2520/4445 2521/2521/4446 2522/2522/4447
f 2521/2521/4448 2523/2523/980 2522/2522/4449
f 2524/2524/4450 2526/2525/4451 2525/2526/4450
f 2525/2526/4452 2526/2525/4453 2527/2527/4454
f 2526/2525/4455 2528/2528/4456 2527/2527/4457
f 2527/2527/4458 2528/2528/4459 2529/2529/4460
f 2528/2528/4461 2530/2530/4462 2529/2529/4463
f 2531/2531/4464 2533/2532/4465 2532/2533/4464
f 2532/2533/4464 2533/2532/4466 2534/2534/4467
f 2533/2532/4468 2535/2535/4469 2534/2534/4470
f 2534/2534/4471 2535/2535/4472 2536/2536/4473
f 2535/2535/4474 2537/2537/1034 2536/2536/4475
f 2538/2538/4476 2540/2539/4477 2539/2540/4476
f 2539/2540/4476 2540/2539/4478 2541/2541/4479
f 2540/2539/4480 2542/2542/4481 2541/2541/4482
f 2541/2541/4483 2542/2542/4484 2543/2543/4485
f 2542/2542/4486 2544/2544/4487 2543/2543/4488
f 2545/2545/4489 2547/2546/4490 2546/2547/4489
f 2546/2547/4489 2547/2546/4491 2548/2548/4492
f 2547/2546/4493 2549/2549/4494 2548/2548/4495
f 2548/2548/4496 2549/2549/4497 2550/2550/4498
f 2549/2549/4499 2551/2551/1088 2550/2550/4500
f 2552/2552/4501 2554/2553/4502 2553/2554/4501
f 2553/2554/4501 2554/2553/4503 2555/2555/4504
f 2554/2553/4505 2556/2556/4506 2555/2555/4507
f 2555/2555/4508 2556/2556/4509 2557/2557/4510
f 2556/2556/4511 2558/2558/4512 2557/2557/4513
f 2559/2559/4514 2561/2560/4515 2560/2561/4514
f 2560/2561/4516 2561/2560/4517 2562/2562/4518
f 2561/2560/4519 2563/2563/4520 2562/2562/4521
f 2562/2562/4522 2563/2563/4523 2564/2564/4524
f 2563/2563/4525 2565/2565/4526 2564/2564/4527
f 2566/2566/4528 2568/2567/4529 2567/2568/4528
f 2567/2568/4528 2568/2567/4530 2569/2569/4531
f 2568/2567/4532 2570/2570/4533 2569/2569/4534
f 2569/2569/4535 2570/2570/4536 2571/2571/4537
f 2570/2570/4538 2572/2572/4539 2571/2571/4540
f 2573/2573/4541 2575/2574/4542 2574/2575/4541
f 2574/2575/4541 2575/2574/4543 2576/2576/4544
f 2575/2574/4545 2577/2577/4546 2576/2576/4547
f 2576/2576/4548 2577/2577/4549 2578/2578/4550
f 2577/2577/4551 2579/2579/4552 2578/2578/4553
f 2580/2580/4554 2582/2581/4555 2581/2582/4554
f 2581/2582/4556 2582/2581/4557 2583/2583/4558
f 2582/2581/4559 2584/2584/4560 2583/2583/4561
f 2583/2583/4562 2584/2584/4563 2585/2585/4564
f 2584/2584/4565 2586/2586/1277 2585/2585/4566
f 2587/2587/4567 2589/2588/4568 2588/2589/4567
f 2588/2589/4569 2589/2588/4570 2590/2590/4571
f 2589/2588/4572 2591/2591/4573 2590/2590/4574
f 2590/2590/4575 2591/2591/4576 2592/2592/4577
f 2591/2591/4578 2593/2593/1250 2592/2592/4579
f 2594/2594/4580 2596/2595/4581 2595/2596/4582
f 2595/2596/4583 2596/2595/4584 2597/2597/4585
f 2596/2595/4586 2598/2598/4587 2597/2597/4588
f 2597/2597/4589 2598/2598/4590 2599/2599/4591
f 2598/2598/4592 2600/2600/4593 2599/2599/4594
f 2601/2601/1304 2603/2602/1304 2602/2603/1304
f 2602/2603/4595 2603/2602/4595 2604/2604/4595
f 2603/2602/1304 2605/2605/4596 2604/2604/1304
f 2604/2604/4597 2605/2605/4597 2606/2606/4598
f 2605/2605/4599 2607/2607/4600 2606/2606/4601
f 2608/2608/4602 2610/2609/4603 2609/2610/4602
f 2609/2610/4602 2610/2609/4604 2611/2611/4605
f 2610/2609/3402 2612/2612/4606 2611/2611/4607
f 2611/2611/4608 2612/2612/4609 2613/2613/4090
f 2612/2612/4610 2614/2614/1385 2613/2613/4611
f 2615/2615/4612 2617/2616/4613 2616/2617/4612
f 2616/2617/4612 2617/2616/4614 2618/2618/4615
f 2617/2616/3387 2619/2619/4616 2618/2618/4617
f 2618/2618/4618 2619/2619/4619 2620/2620/4068
f 2619/2619/4620 2621/2621/1374 2620/2620/4621
f 2622/2622/4622 2624/2623/4623 2623/2624/4622
f 2623/2624/4602 2624/2623/4604 2625/2625/4624
f 2624/2623/3402 2626/2626/4606 2625/2625/4607
f 2625/2625/4608 2626/2626/4625 2627/2627/4076
f 2626/2626/4626 2628/2628/1385 2627/2627/4611
f 2629/2629/4612 2631/2630/4627 2630/2631/4612
f 2630/2631/4612 2631/2630/4628 2632/2632/4629
f 2631/2630/3387 2633/2633/4630 2632/2632/4631
f 2632/2632/4618 2633/2633/4619 2634/2634/4068
f 2633/2633/4632 2635/2635/1374 2634/2634/4621
f 2636/2636/4602 2638/2637/4623 2637/2638/4602
f 2637/2638/4602 2638/2637/4633 2639/2639/4624
f 2638/2637/3402 2640/2640/4606 2639/2639/4607
f 2639/2639/4608 2640/2640/4625 2641/2641/4076
f 2640/2640/4626 2642/2642/1385 2641/2641/4611
f 2643/2643/4612 2645/2644/4627 2644/2645/4612
f 2644/2645/4612 2645/2644/4628 2646/2646/4629
f 2645/2644/3387 2647/2647/4630 2646/2646/4631
f 2646/2646/4618 2647/2647/4619 2648/2648/4068
f 2647/2647/4620 2649/2649/1374 2648/2648/4621
f 2650/2650/4602 2652/2651/4603 2651/2652/4602
f 2651/2652/4602 2652/2651/4604 2653/2653/4624
f 2652/2651/3402 2654/2654/4634 2653/2653/4635
f 2653/2653/4608 2654/2654/4609 2655/2655/4076
f 2654/2654/4610 2656/2656/1385 2655/2655/4636
f 2657/2657/4612 2659/2658/4613 2658/2659/4612
f 2658/2659/4637 2659/2658/4614 2660/2660/4615
f 2659/2658/3387 2661/2661/4630 2660/2660/4638
f 2660/2660/4639 2661/2661/4619 2662/2662/4068
f 2661/2661/4620 2663/2663/1374 2662/2662/4621
f 2664/2664/4602 2666/2665/4603 2665/2666/4602
f 2665/2666/4602 2666/2665/4604 2667/2667/4624
f 2666/2665/3402 2668/2668/4634 2667/2667/4635
f 2667/2667/4608 2668/2668/4625 2669/2669/4090
f 2668/2668/4626 2670/2670/1385 2669/2669/4611
f 2671/2671/4612 2673/2672/4627 2672/2673/4612
f 2672/2673/4612 2673/2672/4614 2674/2674/4629
f 2673/2672/3387 2675/2675/4616 2674/2674/4631
f 2674/2674/4618 2675/2675/4619 2676/2676/4068
f 2675/2675/4632 2677/2677/1374 2676/2676/4640
f 2678/2678/4602 2680/2679/4623 2679/2680/4602
f 2679/2680/4602 2680/2679/4604 2681/2681/4624
f 2680/2679/3402 2682/2682/4606 2681/2681/4607
f 2681/2681/4608 2682/2682/4625 2683/2683/4076
f 2682/2682/4626 2684/2684/1385 2683/2683/4611
f 2685/2685/4612 2687/2686/4627 2686/2687/4612
f 2686/2687/4612 2687/2686/4628 2688/2688/4629
f 2687/2686/3387 2689/2689/4616 2688/2688/4617
f 2688/2688/4618 2689/2689/4619 2690/2690/4068
f 2689/2689/4620 2691/2691/1374 2690/2690/4621
f 2692/2692/4602 2694/2693/4603 2693/2694/4602
f 2693/2694/4602 2694/2693/4604 2695/2695/4624
f 2694/2693/3402 2696/2696/4634 2695/2695/4635
f 2695/2695/4608 2696/2696/4625 2697/2697/4076
f 2696/2696/4610 2698/2698/1385 2697/2697/4611
f 2699/2699/4612 2701/2700/4627 2700/2701/4612
f 2700/2701/4612 2701/2700/4628 2702/2702/4629
f 2701/2700/3387 2703/2703/4616 2702/2702/4617
f 2702/2702/4618 2703/2703/4619 2704/2704/4068
f 2703/2703/4632 2705/2705/1374 2704/2704/4640
f 2706/2706/4602 2708/2707/4603 2707/2708/4602
f 2707/2708/4602 2708/2707/4604 2709/2709/4624
f 2708/2707/3402 2710/2710/4634 2709/2709/4635
f 2709/2709/4608 2710/2710/4625 2711/2711/4076
f 2710/2710/4610 2712/2712/1385 2711/2711/4611
f 2713/2713/4612 2715/2714/4627 2714/2715/4612
f 2714/2715/4612 2715/2714/4628 2716/2716/4629
f 2715/2714/3387 2717/2717/4616 2716/2716/4631
f 2716/2716/4618 2717/2717/4619 2718/2718/4068
f 2717/2717/4620 2719/2719/1374 2718/2718/4621
f 2720/2720/4602 2722/2721/4641 2721/2722/4602
f 2721/2722/4602 2722/2721/4642 2723/2723/4643
f 2722/2721/3402 2724/2724/4606 2723/2723/4635
f 2723/2723/4608 2724/2724/4625 2725/2725/4076
f 2724/2724/4626 2726/2726/1385 2725/2725/4644
f 2727/2727/4612 2729/2728/4613 2728/2729/4612
f 2728/2729/4612 2729/2728/4614 2730/2730/4615
f 2729/2728/3387 2731/2731/4645 2730/2730/4646
f 2730/2730/4618 2731/2731/4619 2732/2732/4068
f 2731/2731/4632 2733/2733/1374 2732/2732/4640
f 2734/2734/4602 2736/2735/4603 2735/2736/4602
f 2735/2736/4602 2736/2735/4604 2737/2737/4624
f 2736/2735/3402 2738/2738/4606 2737/2737/4607
f 2737/2737/4608 2738/2738/4625 2739/2739/4647
f 2738/2738/4610 2740/2740/1385 2739/2739/4636
f 2741/2741/4612 2743/2742/4648 2742/2743/4612
f 2742/2743/4612 2743/2742/4628 2744/2744/4649
f 2743/2742/3387 2745/2745/4650 2744/2744/4651
f 2744/2744/4652 2745/2745/4653 2746/2746/4654
f 2745/2745/4655 2747/2747/4656 2746/2746/4657
f 2748/2748/4658 2750/2749/4659 2749/2750/4660
f 2749/2750/4661 2750/2749/4662 2751/2751/4663
f 2750/2749/4664 2752/2752/4665 2751/2751/4666
f 2751/2751/4667 2752/2752/4668 2753/2753/4669
f 2752/2752/4670 2754/2754/4671 2753/2753/4672
f 2755/2755/4673 2757/2756/4674 2756/2757/4675
f 2756/2757/4676 2757/2756/4677 2758/2758/4678
f 2757/2756/4679 2759/2759/4680 2758/2758/4681
f 2758/2758/4682 2759/2759/4683 2760/2760/4684
f 2759/2759/4685 2761/2761/4686 2760/2760/4687
f 2762/2762/4688 2764/2763/4689 2763/2764/4688
f 2763/2764/4690 2764/2763/4691 2765/2765/4692
f 2764/2763/4693 2766/2766/4694 2765/2765/4695
f 2765/2765/4696 2766/2766/4697 2767/2767/4698
f 2766/2766/4699 2768/2768/4700 2767/2767/4701
f 2769/2769/4702 2771/2770/4703 2770/2771/4702
f 2770/2771/4704 2771/2770/4705 2772/2772/4706
f 2771/2770/4707 2773/2773/4708 2772/2772/4709
f 2772/2772/4710 2773/2773/4711 2774/2774/4712
f 2773/2773/4713 2775/2775/4714 2774/2774/4715
f 2776/2776/4716 2778/2777/4717 2777/2778/4716
f 2777/2778/4718 2778/2777/4719 2779/2779/4720
f 2778/2777/4721 2780/2780/4722 2779/2779/4723
f 2779/2779/4724 2780/2780/4725 2781/2781/4726
f 2780/2780/4727 2782/2782/4728 2781/2781/4729
f 2783/2783/4730 2785/2784/4731 2784/2785/4730
f 2784/2785/4730 2785/2784/4732 2786/2786/4733
f 2785/2784/4734 2787/2787/4735 2786/2786/4736
f 2786/2786/4737 2787/2787/4738 2788/2788/4739
f 2787/2787/4740 2789/2789/4741 2788/2788/4742
f 2790/2790/4743 2792/2791/4744 2791/2792/4743
f 2791/2792/4745 2792/2791/4746 2793/2793/4747
f 2792/2791/4748 2794/2794/4749 2793/2793/4750
f 2793/2793/4751 2794/2794/4752 2795/2795/4753
f 2794/2794/4754 2796/2796/4755 2795/2795/4756
f 2797/2797/4757 2799/2798/4758 2798/2799/4757
f 2798/2799/4759 2799/2798/4760 2800/2800/4761
f 2799/2798/4762 2801/2801/4763 2800/2800/4764
f 2800/2800/4765 2801/2801/4766 2802/2802/4767
f 2801/2801/4768 2803/2803/4769 2802/2802/4770
f 2804/2804/3558 2806/2805/4771 2805/2806/4772
f 2805/2806/4773 2806/2805/4774 2807/2807/4775
f 2806/2805/4776 2808/2808/4777 2807/2807/4778
f 2807/2807/4779 2808/2808/4780 2809/2809/4781
f 2808/2808/4782 2810/2810/4783 2809/2809/4784
f 2811/2811/4785 2813/2812/4786 2812/2813/4785
f 2812/2813/4787 2813/2812/4788 2814/2814/4789
f 2813/2812/4790 2815/2815/4791 2814/2814/4792
f 2814/2814/4793 2815/2815/4794 2816/2816/4795
f 2815/2815/4796 2817/2817/4797 2816/2816/4798
f 2818/2818/4799 2820/2819/4800 2819/2820/4799
f 2819/2820/4799 2820/2819/4801 2821/2821/4802
f 2820/2819/4803 2822/2822/4804 2821/2821/4805
f 2821/2821/4806 2822/2822/4807 2823/2823/4808
f 2822/2822/4809 2824/2824/4810 2823/2823/4811
f 2825/2825/4812 2827/2826/4813 2826/2827/4812
f 2826/2827/4812 2827/2826/4814 2828/2828/4815
f 2827/2826/4816 2829/2829/4817 2828/2828/4818
f 2828/2828/4819 2829/2829/4820 2830/2830/4821
f 2829/2829/4822 2831/2831/4823 2830/2830/4824
f 2832/2832/4825 2834/2833/4826 2833/2834/4825
f 2833/2834/4827 2834/2833/4828 2835/2835/4829
f 2834/2833/4830 2836/2836/4831 2835/2835/4832
f 2835/2835/4833 2836/2836/4834 2837/2837/4835
f 2836/2836/4836 2838/2838/4837 2837/2837/4838
f 2839/2839/4839 2841/2840/4840 2840/2841/4839
f 2840/2841/4839 2841/2840/4841 2842/2842/4842
f 2841/2840/4843 2843/2843/4844 2842/2842/4845
f 2842/2842/4846 2843/2843/4847 2844/2844/4848
f 2843/2843/4849 2845/2845/4850 2844/2844/4851
f 2846/2846/4852 2848/2847/4853 2847/2848/4852
f 2847/2848/4852 2848/2847/4854 2849/2849/4855
f 2848/2847/4856 2850/2850/4857 2849/2849/4858
f 2849/2849/4859 2850/2850/4860 2851/2851/4861
f 2850/2850/4862 2852/2852/4863 2851/2851/4864
f 2853/2853/4865 2855/2854/4866 2854/2855/4865
f 2854/2855/4867 2855/2854/4868 2856/2856/4869
f 2855/2854/4870 2857/2857/4871 2856/2856/4872
f 2856/2856/4873 2857/2857/4874 2858/2858/4875
f 2857/2857/4876 2859/2859/4877 2858/2858/4878
f 2860/2860/4879 2862/2861/4880 2861/2862/4879
f 2861/2862/4879 2862/2861/4881 2863/2863/4882
f 2862/2861/4883 2864/2864/4884 2863/2863/4885
f 2863/2863/4886 2864/2864/4887 2865/2865/4888
f 2864/2864/4889 2866/2866/1874 2865/2865/4890
f 2867/2867/4891 2869/2868/4892 2868/2869/4891
f 2868/2869/4891 2869/2868/4893 2870/2870/4894
f 2869/2868/4895 2871/2871/4896 2870/2870/4897
f 2870/2870/4898 2871/2871/4899 2872/2872/4900
f 2871/2871/4901 2873/2873/4902 2872/2872/4903
f 2874/2874/4904 2876/2875/4905 2875/2876/4904
f 2875/2876/4906 2876/2875/4907 2877/2877/4908
f 2876/2875/4909 2878/2878/4910 2877/2877/4911
f 2877/2877/4912 2878/2878/4913 2879/2879/4914
f 2878/2878/4915 2880/2880/1928 2879/2879/4916
f 2881/2881/4917 2883/2882/4918 2882/2883/4917
f 2882/2883/4917 2883/2882/4919 2884/2884/4920
f 2883/2882/4921 2885/2885/4922 2884/2884/4923
f 2884/2884/4924 2885/2885/4925 2886/2886/4926
f 2885/2885/4927 2887/2887/4928 2886/2886/4929
f 2888/2888/4930 2890/2889/4931 2889/2890/4930
f 2889/2890/4932 2890/2889/4933 2891/2891/4934
f 2890/2889/4935 2892/2892/4936 2891/2891/4937
f 2891/2891/4938 2892/2892/4939 2893/2893/4940
f 2892/2892/4941 2894/2894/4942 2893/2893/4943
f 2895/2895/4944 2897/2896/4945 2896/2897/4944
f 2896/2897/4946 2897/2896/4947 2898/2898/4948
f 2897/2896/4949 2899/2899/4950 2898/2898/4951
f 2898/2898/4952 2899/2899/4953 2900/2900/4954
f 2899/2899/4955 2901/2901/4956 2900/2900/4957
f 2902/2902/4958 2904/2903/4959 2903/2904/4958
f 2903/2904/4932 2904/2903/4960 2905/2905/2613
f 2904/2903/4961 2906/2906/4962 2905/2905/4963
f 2905/2905/4964 2906/2906/4965 2907/2907/4966
f 2906/2906/4967 2908/2908/2033 2907/2907/4968
f 2909/2909/4969 2911/2910/4970 2910/2911/4969
f 2910/2911/4971 2911/2910/4972 2912/2912/4973
f 2911/2910/4974 2913/2913/4975 2912/2912/4976
f 2912/2912/4977 2913/2913/4978 2914/2914/4979
f 2913/2913/4980 2915/2915/2007 2914/2914/4981
f 2916/2916/4982 2918/2917/4983 2917/2918/4982
f 2917/2918/4984 2918/2917/4985 2919/2919/4986
f 2918/2917/4987 2920/2920/4988 2919/2919/4989
f 2919/2919/4990 2920/2920/4991 2921/2921/4992
f 2920/2920/4993 2922/2922/4994 2921/2921/4995
f 2923/2923/4996 2925/2924/4997 2924/2925/4996
f 2924/2925/4998 2925/2924/4999 2926/2926/5000
f 2925/2924/5001 2927/2927/5002 2926/2926/5003
f 2926/2926/5004 2927/2927/5005 2928/2928/5006
f 2927/2927/5007 2929/2929/5008 2928/2928/5009
f 2930/2930/5010 2932/2931/5011 2931/2932/5010
f 2931/2932/5012 2932/2931/5013 2933/2933/5014
f 2932/2931/5015 2934/2934/5016 2933/2933/5017
f 2933/2933/5018 2934/2934/5019 2935/2935/5020
f 2934/2934/5021 2936/2936/3782 2935/2935/5022
f 2937/2937/5023 2939/2938/5024 2938/2939/5023
f 2938/2939/5023 2939/2938/5025 2940/2940/5026
f 2939/2938/5027 2941/2941/5028 2940/2940/5029
f 2940/2940/5030 2941/2941/5031 2942/2942/5032
f 2941/2941/5033 2943/2943/2114 2942/2942/5034
f 2944/2944/5035 2946/2945/5036 2945/2946/5035
f 2945/2946/5035 2946/2945/5037 2947/2947/5038
f 2946/2945/5039 2948/2948/5040 2947/2947/5041
f 2947/2947/5042 2948/2948/5043 2949/2949/5044
f 2948/2948/5045 2950/2950/2195 2949/2949/5046
f 2951/2951/5047 2953/2952/5048 2952/2953/5047
f 2952/2953/5049 2953/2952/5050 2954/2954/5051
f 2953/2952/5052 2955/2955/5053 2954/2954/5054
f 2954/2954/5055 2955/2955/5056 2956/2956/5057
f 2955/2955/5058 2957/2957/5059 2956/2956/5060
f 2958/2958/5061 2960/2959/5062 2959/2960/5061
f 2959/2960/5063 2960/2959/5064 2961/2961/5065
f 2960/2959/5066 2962/2962/5067 2961/2961/5068
f 2961/2961/5069 2962/2962/5070 2963/2963/5071
f 2962/2962/5072 2964/2964/2249 2963/2963/5073
f 2965/2965/5074 2967/2966/5075 2966/2967/5074
f 2966/2967/5076 2967/2966/5077 2968/2968/5078
f 2967/2966/5079 2969/2969/5080 2968/2968/5081
f 2968/2968/5082 2969/2969/5083 2970/2970/5084
f 2969/2969/5085 2971/2971/5086 2970/2970/5087
f 2972/2972/5088 2974/2973/5089 2973/2974/5088
f 2973/2974/5088 2974/2973/5090 2975/2975/5091
f 2974/2973/5092 2976/2976/5093 2975/2975/5094
f 2975/2975/5095 2976/2976/5096 2977/2977/5097
f 2976/2976/5098 2978/2978/2303 2977/2977/5099
f 2979/2979/5100 2981/2980/5101 2980/2981/5102
f 2980/2981/5103 2981/2980/5104 2982/2982/5105
f 2981/2980/5106 2983/2983/5107 2982/2982/5108
f 2982/2982/5109 2983/2983/5110 2984/2984/5111
f 2983/2983/5112 2985/2985/2276 2984/2984/5113
f 2986/2986/5114 2988/2987/5115 2987/2988/5114
f 2987/2988/5116 2988/2987/5117 2989/2989/5118
f 2988/2987/5119 2990/2990/5120 2989/2989/5121
f 2989/2989/5122 2990/2990/5123 2991/2991/5124
f 2990/2990/5125 2992/2992/2357 2991/2991/5126
f 2993/2993/5127 2995/2994/5128 2994/2995/5127
f 2994/2995/5127 2995/2994/5129 2996/2996/5130
f 2995/2994/5131 2997/2997/5132 2996/2996/5133
f 2996/2996/5134 2997/2997/5135 2998/2998/5136
f 2997/2997/5137 2999/2999/5138 2998/2998/5139
f 3000/3000/5114 3002/3001/5140 3001/3002/5114
f 3001/3002/5116 3002/3001/5141 3003/3003/5142
f 3002/3001/5119 3004/3004/5143 3003/3003/5144
f 3003/3003/5145 3004/3004/5146 3005/3005/5147
f 3004/3004/5148 3006/3006/5149 3005/3005/5150
f 3007/3007/5127 3009/3008/5128 3008/3009/5127
f 3008/3009/5127 3009/3008/5129 3010/3010/5151
f 3009/3008/5152 3011/3011/5153 3010/3010/5154
f 3010/3010/5155 3011/3011/5156 3012/3012/5157
f 3011/3011/5158 3013/3013/5159 3012/3012/5160
f 3014/3014/4637 3016/3015/5161 3015/3016/4637
f 3015/3016/5162 3016/3015/5163 3017/3017/5164
f 3016/3015/5165 3018/3018/5166 3017/3017/5167
f 3017/3017/5168 3018/3018/5169 3019/3019/284
f 3018/3018/5170 3020/3020/5171 3019/3019/5172
f 3021/3021/4602 3023/3022/4603 3022/3023/4602
f 3022/3023/5173 3023/3022/4642 3024/3024/5174
f 3023/3022/3402 3025/3025/5175 3024/3024/4635
f 3024/3024/5176 3025/3025/5177 3026/3026/1282
f 3025/3025/5178 3027/3027/2512 3026/3026/5179
f 3028/3028/4612 3030/3029/4613 3029/3030/4612
f 3029/3030/4612 3030/3029/4628 3031/3031/4629
f 3030/3029/3387 3032/3032/5180 3031/3031/4631
f 3031/3031/4618 3032/3032/5181 3033/3033/3432
f 3032/3032/5182 3034/3034/2528 3033/3033/5183
f 3035/3035/4602 3037/3036/4603 3036/3037/4602
f 3036/3037/4602 3037/3036/4604 3038/3038/4624
f 3037/3036/3402 3039/3039/5175 3038/3038/4607
f 3038/3038/4608 3039/3039/5177 3040/3040/1282
f 3039/3039/5178 3041/3041/2512 3040/3040/5184
f 3042/3042/4612 3044/3043/4613 3043/3044/4612
f 3043/3044/4612 3044/3043/4628 3045/3045/4629
f 3044/3043/3387 3046/3046/5180 3045/3045/4617
f 3045/3045/4618 3046/3046/5181 3047/3047/3383
f 3046/3046/5182 3048/3048/2528 3047/3047/5183
f 3049/3049/4602 3051/3050/4603 3050/3051/4602
f 3050/3051/4602 3051/3050/4604 3052/3052/4624
f 3051/3050/3402 3053/3053/5175 3052/3052/4607
f 3052/3052/4608 3053/3053/5177 3054/3054/1282
f 3053/3053/5178 3055/3055/2512 3054/3054/5184
f 3056/3056/4612 3058/3057/4627 3057/3058/4612
f 3057/3058/4612 3058/3057/4628 3059/3059/4629
f 3058/3057/3387 3060/3060/5180 3059/3059/4631
f 3059/3059/4618 3060/3060/5181 3061/3061/3383
f 3060/3060/5182 3062/3062/2528 3061/3061/5183
f 3063/3063/4602 3065/3064/4603 3064/3065/4602
f 3064/3065/4602 3065/3064/4604 3066/3066/4624
f 3065/3064/3402 3067/3067/5175 3066/3066/4607
f 3066/3066/4608 3067/3067/5177 3068/3068/1282
f 3067/3067/5178 3069/3069/2512 3068/3068/5179
f 3070/3070/4612 3072/3071/4613 3071/3072/4612
f 3071/3072/4612 3072/3071/4628 3073/3073/4629
f 3072/3071/3387 3074/3074/5180 3073/3073/4617
f 3073/3073/4618 3074/3074/5181 3075/3075/3432
f 3074/3074/5182 3076/3076/2528 3075/3075/5183
f 3077/3077/4602 3079/3078/4641 3078/3079/4602
f 3078/3079/4602 3079/3078/4604 3080/3080/4624
f 3079/3078/3402 3081/3081/5185 3080/3080/4607
f 3080/3080/4608 3081/3081/5177 3082/3082/1282
f 3081/3081/5178 3083/3083/2512 3082/3082/5179
f 3084/3084/4612 3086/3085/4613 3085/3086/4612
f 3085/3086/4612 3086/3085/4614 3087/3087/4615
f 3086/3085/3387 3088/3088/5180 3087/3087/4646
f 3087/3087/4639 3088/3088/5181 3089/3089/3432
f 3088/3088/5182 3090/3090/2528 3089/3089/5183
f 3091/3091/4602 3093/3092/4603 3092/3093/4602
f 3092/3093/4602 3093/3092/4604 3094/3094/4624
f 3093/3092/1286 3095/3095/5186 3094/3094/4635
f 3094/3094/4608 3095/3095/5177 3096/3096/1282
f 3095/3095/5178 3097/3097/2512 3096/3096/5179
f 3098/3098/4612 3100/3099/4627 3099/3100/4612
f 3099/3100/4612 3100/3099/4628 3101/3101/4629
f 3100/3099/3387 3102/3102/5180 3101/3101/4631
f 3101/3101/4618 3102/3102/5181 3103/3103/3432
f 3102/3102/5182 3104/3104/2528 3103/3103/5183
f 3105/3105/4602 3107/3106/4641 3106/3107/4602
f 3106/3107/4602 3107/3106/4604 3108/3108/4624
f 3107/3106/3402 3109/3109/5175 3108/3108/4635
f 3108/3108/4608 3109/3109/5177 3110/3110/1282
f 3109/3109/5178 3111/3111/2512 3110/3110/5179
f 3112/3112/4612 3114/3113/4613 3113/3114/4612
f 3113/3114/4612 3114/3113/4628 3115/3115/4629
f 3114/3113/3387 3116/3116/5180 3115/3115/4631
f 3115/3115/4618 3116/3116/5181 3117/3117/3383
f 3116/3116/5182 3118/3118/2528 3117/3117/5183
f 3119/3119/4602 3121/3120/4641 3120/3121/4602
f 3120/3121/4602 3121/3120/4604 3122/3122/4624
f 3121/3120/3402 3123/3123/5175 3122/3122/4607
f 3122/3122/4608 3123/3123/5177 3124/3124/1282
f 3123/3123/5178 3125/3125/2512 3124/3124/5179
f 3126/3126/4612 3128/3127/4627 3127/3128/4612
f 3127/3128/4612 3128/3127/4628 3129/3129/4629
f 3128/3127/3387 3130/3130/5180 3129/3129/4631
f 3129/3129/4618 3130/3130/5181 3131/3131/3432
f 3130/3130/5182 3132/3132/2528 3131/3131/5183
f 3133/3133/4602 3135/3134/4603 3134/3135/4602
f 3134/3135/4602 3135/3134/4642 3136/3136/4624
f 3135/3134/3402 3137/3137/5175 3136/3136/4635
f 3136/3136/4608 3137/3137/5177 3138/3138/1282
f 3137/3137/5178 3139/3139/2512 3138/3138/5179
f 3140/3140/4612 3142/3141/4627 3141/3142/4612
f 3141/3142/4612 3142/3141/4628 3143/3143/4629
f 3142/3141/3387 3144/3144/5187 3143/3143/4617
f 3143/3143/4618 3144/3144/5181 3145/3145/3383
f 3144/3144/5182 3146/3146/2528 3145/3145/5183
f 3147/3147/4602 3149/3148/4603 3148/3149/4602
f 3148/3149/4602 3149/3148/4604 3150/3150/4624
f 3149/3148/3402 3151/3151/5175 3150/3150/4607
f 3150/3150/4608 3151/3151/5177 3152/3152/1282
f 3151/3151/5178 3153/3153/2512 3152/3152/5179
f 3154/3154/4612 3156/3155/4613 3155/3156/4612
f 3155/3156/4612 3156/3155/4628 3157/3157/4629
f 3156/3155/3387 3158/3158/5180 3157/3157/4631
f 3157/3157/4618 3158/3158/5181 3159/3159/3383
f 3158/3158/5182 3160/3160/2528 3159/3159/5183
f 3161/3161/4602 3163/3162/5188 3162/3163/4602
f 3162/3163/4602 3163/3162/4604 3164/3164/5189
f 3163/3162/3402 3165/3165/5190 3164/3164/5191
f 3164/3164/5192 3165/3165/5193 3166/3166/4053
f 3165/3165/5194 3167/3167/2612 3166/3166/5195
f 3168/3168/5196 3170/3169/5197 3169/3170/5198
f 3169/3170/5199 3170/3169/5200 3171/3171/5201
f 3170/3169/5202 3172/3172/5203 3171/3171/5204
f 3171/3171/5205 3172/3172/5206 3173/3173/5207
f 3174/3174/5208 3176/3175/5209 3175/3176/5210
f 3175/3176/5211 3176/3175/5212 3177/3177/5213
f 3176/3175/5214 3178/3178/5215 3177/3177/5216
f 3177/3177/5217 3178/3178/5218 3179/3179/5219
f 3180/3180/5220 3182/3181/5221 3181/3182/5222
f 3181/3182/5223 3182/3181/5224 3183/3183/5225
f 3182/3181/5226 3184/3184/5227 3183/3183/5228
f 3183/3183/5229 3184/3184/5230 3185/3185/5231
f 3186/3186/5232 3188/3187/5233 3187/3188/5234
f 3187/3188/5235 3188/3187/5236 3189/3189/5237
f 3188/3187/5238 3190/3190/5239 3189/3189/5240
f 3189/3189/5241 3190/3190/5242 3191/3191/5243
f 3192/3192/5244 3194/3193/5245 3193/3194/5244
f 3193/3194/5246 3194/3193/5247 3195/3195/5248
f 3194/3193/5249 3196/3196/5250 3195/3195/5250
f 3195/3195/5251 3196/3196/5251 3197/3197/5251
f 3198/3198/5251 3200/3199/5252 3199/3200/5251
f 3199/3200/5253 3200/3199/5254 3201/3201/5255
f 3200/3199/5256 3202/3202/5257 3201/3201/5258
f 3201/3201/5259 3202/3202/5260 3203/3203/5261
f 3204/3204/5262 3206/3205/5263 3205/3206/5262
f 3205/3206/5264 3206/3205/5265 3207/3207/5266
f 3206/3205/5267 3208/3208/5268 3207/3207/5269
f 3207/3207/5270 3208/3208/5271 3209/3209/5272
f 3210/3210/5273 3212/3211/5274 3211/3212/5275
f 3211/3212/5276 3212/3211/5277 3213/3213/5278
f 3212/3211/5279 3214/3214/5280 3213/3213/5281
f 3213/3213/5282 3214/3214/5283 3215/3215/5284
f 3216/3216/5285 3218/3217/5285 3217/3218/5285
f 3217/3218/5285 3218/3217/5285 3219/3219/5285
f 3218/3217/5285 3220/3220/5285 3219/3219/5285
f 3219/3219/5285 3220/3220/5285 3221/3221/5285
f 3222/3222/5286 3224/3223/5287 3223/3224/5288
f 3223/3224/5289 3224/3223/5290 3225/3225/5291
f 3224/3223/5292 3226/3226/5293 3225/3225/5294
f 3225/3225/5295 3226/3226/5296 3227/3227/5297
f 3228/3228/5298 3230/3229/5299 3229/3230/5300
f 3229/3230/5301 3230/3229/5302 3231/3231/5303
f 3230/3229/5304 3232/3232/5305 3231/3231/5306
f 3231/3231/5307 3232/3232/5308 3233/3233/5309
f 3234/3234/5310 3236/3235/5311 3235/3236/5312
f 3235/3236/5313 3236/3235/5314 3237/3237/5315
f 3236/3235/5316 3238/3238/5317 3237/3237/5318
f 3237/3237/5319 3238/3238/5320 3239/3239/5321
f 3240/3240/5322 3242/3241/5323 3241/3242/5324
f 3241/3242/5325 3242/3241/5326 3243/3243/5327
f 3242/3241/5328 3244/3244/5329 3243/3243/5330
f 3243/3243/5331 3244/3244/5332 3245/3245/5333
f 3246/3246/5334 3248/3247/5335 3247/3248/5336
f 3247/3248/5337 3248/3247/5338 3249/3249/5339
f 3248/3247/5340 3250/3250/5341 3249/3249/5342
f 3249/3249/5343 3250/3250/5344 3251/3251/5345
f 3252/3252/5346 3254/3253/5347 3253/3254/5348
f 3253/3254/5349 3254/3253/5350 3255/3255/5351
f 3254/3253/5352 3256/3256/5353 3255/3255/5354
f 3255/3255/5355 3256/3256/5356 3257/3257/5357
f 3258/3258/5358 3260/3259/5359 3259/3260/5360
f 3259/3260/5361 3260/3259/5362 3261/3261/5363
f 3260/3259/5364 3262/3262/5365 3261/3261/5366
f 3261/3261/5367 3262/3262/5368 3263/3263/5369
f 3264/3264/5370 3266/3265/5371 3265/3266/5372
f 3265/3266/5373 3266/3265/5374 3267/3267/5375
f 3266/3265/5376 3268/3268/5377 3267/3267/5378
f 3267/3267/5379 3268/3268/5380 3269/3269/5381
f 3270/3270/5382 3272/3271/5383 3271/3272/5384
f 3271/3272/5385 3272/3271/5386 3273/3273/5387
f 3272/3271/5388 3274/3274/5389 3273/3273/5390
f 3273/3273/5391 3274/3274/5392 3275/3275/5393
f 3276/3276/5394 3278/3277/5395 3277/3278/5396
f 3277/3278/5397 3278/3277/5398 3279/3279/5399
f 3278/3277/5400 3280/3280/5401 3279/3279/5402
f 3279/3279/5403 3280/3280/5404 3281/3281/5405
f 3282/3282/1279 3284/3283/1421 3283/3284/1334
f 3283/3284/5406 3284/3283/5407 3285/3285/1412
f 3284/3283/5408 3286/3286/5409 3285/3285/1340
f 3285/3285/1341 3286/3286/1414 3287/3287/5410
f 3288/3288/306 3290/3289/306 3289/3290/306
f 3289/3290/306 3290/3289/306 3291/3291/306
f 3290/3289/306 3292/3292/306 3291/3291/306
f 3291/3291/306 3292/3292/306 3293/3293/306
f 3294/3294/306 3296/3295/306 3295/3296/306
f 3295/3296/306 3296/3295/306 3297/3297/306
f 3296/3295/306 3298/3298/306 3297/3297/306
f 3297/3297/306 3298/3298/306 3299/3299/306
f 3300/3300/306 3302/3301/306 3301/3302/306
f 3301/3302/306 3302/3301/306 3303/3303/306
f 3302/3301/306 3304/3304/306 3303/3303/306
f 3303/3303/306 3304/3304/306 3305/3305/306
f 3306/3306/306 3308/3307/306 3307/3308/306
f 3307/3308/306 3308/3307/306 3309/3309/306
f 3308/3307/306 3310/3310/306 3309/3309/306
f 3309/3309/306 3310/3310/306 3311/3311/306
f 3312/3312/306 3314/3313/306 3313/3314/306
f 3313/3314/306 3314/3313/306 3315/3315/306
f 3314/3313/306 3316/3316/306 3315/3315/306
f 3315/3315/306 3316/3316/306 3317/3317/306
f 3318/3318/306 3320/3319/306 3319/3320/306
f 3319/3320/306 3320/3319/306 3321/3321/306
f 3320/3319/306 3322/3322/306 3321/3321/306
f 3321/3321/306 3322/3322/306 3323/3323/306
f 3324/3324/306 3326/3325/306 3325/3326/306
f 3325/3326/306 3326/3325/306 3327/3327/306
f 3326/3325/306 3328/3328/306 3327/3327/306
f 3327/3327/306 3328/3328/306 3329/3329/306
f 3330/3330/306 3332/3331/306 3331/3332/306
f 3331/3332/306 3332/3331/306 3333/3333/306
f 3332/3331/306 3334/3334/306 3333/3333/306
f 3333/3333/306 3334/3334/306 3335/3335/306
f 3336/3336/306 3338/3337/306 3337/3338/306
f 3337/3338/306 3338/3337/306 3339/3339/306
f 3338/3337/306 3340/3340/306 3339/3339/306
f 3339/3339/306 3340/3340/306 3341/3341/306
f 3342/3342/306 3344/3343/5411 3343/3344/306
f 3343/3344/5412 3344/3343/5413 3345/3345/5414
f 3344/3343/5415 3346/3346/5416 3345/3345/5417
f 3345/3345/5418 3346/3346/5419 3347/3347/5420
f 3348/3348/209 3350/3349/5421 3349/3350/5422
f 3349/3350/5423 3350/3349/5424 3351/3351/5425
f 3350/3349/5426 3352/3352/5427 3351/3351/5428
f 3351/3351/5429 3352/3352/5430 3353/3353/5431
f 3354/3354/5432 3356/3355/5433 3355/3356/5434
f 3355/3356/5435 3356/3355/5436 3357/3357/5437
f 3356/3355/5438 3358/3358/5439 3357/3357/5440
f 3357/3357/5441 3358/3358/5442 3359/3359/5443
f 3360/3360/5444 3362/3361/5445 3361/3362/5446
f 3361/3362/5447 3362/3361/5448 3363/3363/5449
f 3362/3361/5450 3364/3364/5451 3363/3363/5452
f 3363/3363/5453 3364/3364/5454 3365/3365/5455
f 3366/3366/5456 3368/3367/5457 3367/3368/5458
f 3367/3368/5459 3368/3367/5460 3369/3369/5461
f 3368/3367/5462 3370/3370/5463 3369/3369/5464
f 3369/3369/5465 3370/3370/5466 3371/3371/5467
f 3372/3372/5468 3374/3373/5469 3373/3374/5470
f 3373/3374/5471 3374/3373/5472 3375/3375/5473
f 3374/3373/5474 3376/3376/5475 3375/3375/5476
f 3375/3375/5477 3376/3376/5478 3377/3377/5479
f 3378/3378/5480 3380/3379/5481 3379/3380/5482
f 3379/3380/5483 3380/3379/5484 3381/3381/5485
f 3380/3379/5486 3382/3382/5487 3381/3381/5488
f 3381/3381/5489 3382/3382/5490 3383/3383/5491
f 3384/3384/5492 3386/3385/5493 3385/3386/5494
f 3385/3386/5495 3386/3385/5496 3387/3387/5497
f 3386/3385/5498 3388/3388/5499 3387/3387/5500
f 3387/3387/5501 3388/3388/5502 3389/3389/5503
f 3390/3390/5504 3392/3391/5505 3391/3392/5506
f 3391/3392/5507 3392/3391/5508 3393/3393/5509
f 3392/3391/5510 3394/3394/5511 3393/3393/5512
f 3393/3393/5513 3394/3394/5514 3395/3395/5515
f 3396/3396/5516 3398/3397/5517 3397/3398/5516
f 3397/3398/5518 3398/3397/5519 3399/3399/5520
f 3398/3397/5521 3400/3400/5522 3399/3399/5523
f 3399/3399/5524 3400/3400/5525 3401/3401/5526
f 3402/3402/5527 3404/3403/5528 3403/3404/5529
f 3403/3404/5530 3404/3403/5531 3405/3405/5532
f 3404/3403/5533 3406/3406/5534 3405/3405/5535
f 3405/3405/5536 3406/3406/5534 3407/3407/5534
f 3408/3408/5537 3410/3409/5537 3409/3410/5537
f 3409/3410/5538 3410/3409/5538 3411/3411/5538
f 3410/3409/5539 3412/3412/5539 3411/3411/5540
f 3411/3411/5534 3412/3412/5534 3413/3413/5534
f 3414/3414/5541 3416/3415/5542 3415/3416/5543
f 3415/3416/5544 3416/3415/5545 3417/3417/5546
f 3416/3415/5547 3418/3418/5548 3417/3417/5549
f 3417/3417/5550 3418/3418/5551 3419/3419/5552
f 3420/3420/5553 3422/3421/5554 3421/3422/5555
f 3421/3422/5556 3422/3421/5557 3423/3423/5558
f 3422/3421/5559 3424/3424/5560 3423/3423/5561
f 3423/3423/5562 3424/3424/5563 3425/3425/5564
f 3426/3426/5565 3428/3427/5566 3427/3428/5567
f 3427/3428/5568 3428/3427/5569 3429/3429/5570
f 3428/3427/5571 3430/3430/5572 3429/3429/5573
f 3429/3429/5574 3430/3430/5575 3431/3431/5576
f 3432/3432/5577 3434/3433/5578 3433/3434/5579
f 3433/3434/5580 3434/3433/5581 3435/3435/5582
f 3434/3433/5583 3436/3436/5584 3435/3435/5585
f 3435/3435/5586 3436/3436/5587 3437/3437/5588
f 3438/3438/5589 3440/3439/5590 3439/3440/5589
f 3439/3440/5591 3440/3439/5592 3441/3441/5593
f 3440/3439/5594 3442/3442/5595 3441/3441/5596
f 3441/3441/5597 3442/3442/5598 3443/3443/5599
f 3444/3444/5600 3446/3445/5601 3445/3446/5602
f 3445/3446/5603 3446/3445/5604 3447/3447/5605
f 3446/3445/5606 3448/3448/5607 3447/3447/5607
f 3447/3447/5608 3448/3448/5608 3449/3449/5608
f 3450/3450/5608 3452/3451/5609 3451/3452/5610
f 3451/3452/5611 3452/3451/5612 3453/3453/5613
f 3452/3451/5614 3454/3454/5615 3453/3453/5616
f 3453/3453/5617 3454/3454/5618 3455/3455/5619
f 3456/3456/1304 3458/3457/1304 3457/3458/1304
f 3457/3458/1304 3458/3457/1304 3459/3459/1304
f 3458/3457/1304 3460/3460/1304 3459/3459/1304
f 3459/3459/1304 3460/3460/1304 3461/3461/1304
f 3462/3462/1304 3464/3463/1304 3463/3464/1304
f 3463/3464/1304 3464/3463/1304 3465/3465/1304
f 3464/3463/5620 3466/3466/5620 3465/3465/5620
f 3465/3465/1304 3466/3466/1304 3467/3467/1304
f 3468/3468/1304 3470/3469/1304 3469/3470/1304
f 3469/3470/1304 3470/3469/1304 3471/3471/1304
f 3470/3469/1304 3472/3472/1304 3471/3471/1304
f 3471/3471/1304 3472/3472/1304 3473/3473/1304
f 3474/3474/1304 3476/3475/1304 3475/3476/1304
f 3475/3476/1304 3476/3475/1304 3477/3477/1304
f 3476/3475/1304 3478/3478/1304 3477/3477/1304
f 3477/3477/1304 3478/3478/1304 3479/3479/1304
f 3480/3480/1304 3482/3481/1304 3481/3482/1304
f 3481/3482/1304 3482/3481/1304 3483/3483/1304
f 3482/3481/1304 3484/3484/1304 3483/3483/1304
f 3483/3483/1304 3484/3484/1304 3485/3485/1304
f 3486/3486/1304 3488/3487/1304 3487/3488/1304
f 3487/3488/1304 3488/3487/1304 3489/3489/1304
f 3488/3487/1304 3490/3490/1304 3489/3489/1304
f 3489/3489/1304 3490/3490/1304 3491/3491/1304
f 3492/3492/1304 3494/3493/1304 3493/3494/1304
f 3493/3494/1304 3494/3493/1304 3495/3495/1304
f 3494/3493/1304 3496/3496/1304 3495/3495/1304
f 3495/3495/1304 3496/3496/1304 3497/3497/1304
f 3498/3498/1304 3500/3499/1304 3499/3500/1304
f 3499/3500/1304 3500/3499/1304 3501/3501/1304
f 3500/3499/1304 3502/3502/1304 3501/3501/1304
f 3501/3501/1304 3502/3502/1304 3503/3503/1304
f 3504/3504/1304 3506/3505/1304 3505/3506/1304
f 3505/3506/1304 3506/3505/1304 3507/3507/1304
f 3506/3505/1304 3508/3508/1304 3507/3507/1304
f 3507/3507/1304 3508/3508/1304 3509/3509/1304
f 3510/3510/1304 3512/3511/1304 3511/3512/1304
f 3511/3512/1304 3512/3511/1304 3513/3513/1304
f 3512/3511/1304 3514/3514/1304 3513/3513/1304
f 3513/3513/1304 3514/3514/1304 3515/3515/1304
f 3516/3516/1304 3518/3517/5621 3517/3518/5622
f 3517/3518/5623 3518/3517/5624 3519/3519/5625
f 3518/3517/5626 3520/3520/5627 3519/3519/5628
f 3519/3519/5629 3520/3520/5630 3521/3521/5631
f 3522/3522/5632 3524/3523/5633 3523/3524/5634
f 3523/3524/5635 3524/3523/5636 3525/3525/5637
f 3524/3523/5638 3526/3526/5639 3525/3525/5640
f 3527/3527/5641 3529/3528/5642 3528/3529/5643
f 3528/3529/5644 3529/3528/5645 3530/3530/5646
f 3529/3528/5647 3531/3531/5648 3530/3530/5649
f 3532/3532/5650 3534/3533/5651 3533/3534/5652
f 3533/3534/5653 3534/3533/5654 3535/3535/5655
f 3534/3533/5656 3536/3536/5657 3535/3535/5658
f 3537/3537/5659 3539/3538/5660 3538/3539/5661
f 3538/3539/5662 3539/3538/5663 3540/3540/5664
f 3539/3538/5665 3541/3541/5666 3540/3540/5667
f 3542/3542/5668 3544/3543/5669 3543/3544/5670
f 3543/3544/5671 3544/3543/5672 3545/3545/5673
f 3544/3543/5674 3546/3546/5675 3545/3545/5676
f 3547/3547/5677 3549/3548/5678 3548/3549/5679
f 3548/3549/5680 3549/3548/5681 3550/3550/5682
f 3549/3548/5683 3551/3551/5684 3550/3550/5685
f 3552/3552/5686 3554/3553/5687 3553/3554/5688
f 3553/3554/5689 3554/3553/5690 3555/3555/5691
f 3554/3553/5692 3556/3556/5693 3555/3555/5694
f 3557/3557/5695 3559/3558/5696 3558/3559/5697
f 3558/3559/5698 3559/3558/5699 3560/3560/5700
f 3559/3558/5701 3561/3561/5702 3560/3560/5703
f 3562/3562/5704 3564/3563/5705 3563/3564/5706
f 3563/3564/5707 3564/3563/5708 3565/3565/5709
f 3564/3563/5710 3566/3566/5711 3565/3565/5711
f 3567/3567/5712 3569/3568/5713 3568/3569/5714
f 3568/3569/5715 3569/3568/5716 3570/3570/5717
f 3569/3568/5718 3571/3571/5719 3570/3570/5720
f 3572/3572/5721 3574/3573/5722 3573/3574/5723
f 3573/3574/5414 3574/3573/5724 3575/3575/5725
f 3574/3573/5726 3576/3576/5727 3575/3575/5727
f 3577/3577/5728 3579/3578/5729 3578/3579/5730
f 3578/3579/5731 3579/3578/5732 3580/3580/5733
f 3579/3578/5734 3581/3581/5735 3580/3580/5736
f 3582/3582/5737 3584/3583/5738 3583/3584/5739
f 3583/3584/5740 3584/3583/5741 3585/3585/5742
f 3584/3583/5743 3586/3586/5744 3585/3585/5745
f 3587/3587/5746 3589/3588/5746 3588/3589/5746
f 3588/3589/5747 3589/3588/5747 3590/3590/5747
f 3589/3588/5747 3591/3591/5747 3590/3590/5747
f 3592/3592/5748 3594/3593/5749 3593/3594/5750
f 3593/3594/5751 3594/3593/5752 3595/3595/5753
f 3594/3593/5754 3596/3596/5755 3595/3595/5756
f 3597/3597/5757 3599/3598/5758 3598/3599/5759
f 3598/3599/5760 3599/3598/5761 3600/3600/5762
f 3599/3598/5763 3601/3601/5764 3600/3600/5765
f 3602/3602/5766 3604/3603/5767 3603/3604/5768
f 3603/3604/5769 3604/3603/5770 3605/3605/5771
f 3604/3603/5772 3606/3606/5773 3605/3605/5774
f 3607/3607/5775 3609/3608/5776 3608/3609/5777
f 3608/3609/5778 3609/3608/5779 3610/3610/5780
f 3609/3608/5781 3611/3611/5782 3610/3610/5783
f 3612/3612/5784 3614/3613/5785 3613/3614/5786
f 3613/3614/5787 3614/3613/5788 3615/3615/5789
f 3614/3613/5790 3616/3616/5791 3615/3615/5792
f 3617/3617/5793 3619/3618/5794 3618/3619/5795
f 3618/3619/5796 3619/3618/5797 3620/3620/5798
f 3619/3618/5799 3621/3621/5800 3620/3620/5801
f 3622/3622/5802 3624/3623/5803 3623/3624/5804
f 3623/3624/5805 3624/3623/5806 3625/3625/5807
f 3624/3623/5808 3626/3626/5809 3625/3625/5810
f 3627/3627/5811 3629/3628/5812 3628/3629/5813
f 3628/3629/5814 3629/3628/5815 3630/3630/5816
f 3629/3628/5817 3631/3631/5818 3630/3630/5819
f 3632/3632/5820 3634/3633/5821 3633/3634/5822
f 3633/3634/5823 3634/3633/5824 3635/3635/5825
f 3634/3633/5826 3636/3636/5827 3635/3635/5828
f 3637/3637/5829 3639/3638/5830 3638/3639/5831
f 3638/3639/5832 3639/3638/5833 3640/3640/5834
f 3639/3638/5835 3641/3641/5836 3640/3640/5837
f 3642/3642/5173 3644/3643/5838 3643/3644/5173
f 3643/3644/5839 3644/3643/4642 3645/3645/5840
f 3644/3643/5841 3646/3646/5842 3645/3645/5843
f 3647/3647/5844 3649/3648/5845 3648/3649/5846
f 3648/3649/5847 3649/3648/5848 3650/3650/5849
f 3649/3648/5850 3651/3651/306 3650/3650/5851
f 3652/3652/5852 3654/3653/5853 3653/3654/4068
f 3653/3654/4640 3654/3653/5854 3655/3655/1374
f 3654/3653/5855 3656/3656/1331 3655/3655/1331
f 3657/3657/1304 3659/3658/1304 3658/3659/1304
f 3658/3659/1304 3659/3658/1304 3660/3660/1304
f 3659/3658/1304 3661/3661/1304 3660/3660/1304
f 3662/3662/1304 3664/3663/1304 3663/3664/1304
f 3663/3664/1304 3664/3663/1304 3665/3665/1304
f 3664/3663/1304 3666/3666/1304 3665/3665/1304
f 3667/3667/1304 3669/3668/1304 3668/3669/1304
f 3668/3669/1304 3669/3668/1304 3670/3670/1304
f 3669/3668/1304 3671/3671/1304 3670/3670/1304
f 3672/3672/1304 3674/3673/1304 3673/3674/1304
f 3673/3674/1304 3674/3673/1304 3675/3675/1304
f 3674/3673/1304 3676/3676/1304 3675/3675/1304
f 3677/3677/1304 3679/3678/1304 3678/3679/1304
f 3678/3679/1304 3679/3678/1304 3680/3680/1304
f 3679/3678/1304 3681/3681/1304 3680/3680/1304
f 3682/3682/1304 3684/3683/1304 3683/3684/1304
f 3683/3684/1304 3684/3683/1304 3685/3685/1304
f 3684/3683/1304 3686/3686/1304 3685/3685/1304
f 3687/3687/1304 3689/3688/1304 3688/3689/1304
f 3688/3689/1304 3689/3688/1304 3690/3690/1304
f 3689/3688/1304 3691/3691/1304 3690/3690/1304
f 3692/3692/1304 3694/3693/1304 3693/3694/1304
f 3693/3694/1304 3694/3693/1304 3695/3695/1304
f 3694/3693/1304 3696/3696/1304 3695/3695/1304
f 3697/3697/1304 3699/3698/1304 3698/3699/1304
f 3698/3699/1304 3699/3698/1304 3700/3700/1304
f 3699/3698/1304 3701/3701/1304 3700/3700/1304
f 3702/3702/5856 3704/3703/5857 3703/3704/5858
f 3703/3704/5859 3704/3703/5860 3705/3705/5861
f 3704/3703/5862 3706/3706/1304 3705/3705/5863
f 3707/3707/5864 3709/3708/5865 3708/3709/5866
f 3708/3709/5867 3709/3708/5868 3710/3710/5869
f 3709/3708/5870 3711/3711/5871 3710/3710/5872
f 3712/3712/5873 3714/3713/5874 3713/3714/5875
f 3713/3714/5876 3714/3713/5877 3715/3715/5878
f 3714/3713/5879 3716/3716/5880 3715/3715/5881
f 3717/3717/5882 3719/3718/5883 3718/3719/5884
f 3718/3719/5885 3719/3718/5886 3720/3720/5887
f 3719/3718/5888 3721/3721/5889 3720/3720/5890
f 3722/3722/5891 3724/3723/5892 3723/3724/5893
f 3723/3724/5894 3724/3723/5895 3725/3725/5896
f 3724/3723/5897 3726/3726/5898 3725/3725/5899
f 3727/3727/5900 3729/3728/5901 3728/3729/5902
f 3728/3729/5903 3729/3728/5904 3730/3730/5905
f 3729/3728/5906 3731/3731/5907 3730/3730/5908
f 3732/3732/5909 3734/3733/5910 3733/3734/5911
f 3733/3734/5912 3734/3733/5913 3735/3735/5912
f 3734/3733/5914 3736/3736/5915 3735/3735/5916
f 3737/3737/5917 3739/3738/5918 3738/3739/5919
f 3738/3739/5920 3739/3738/5921 3740/3740/5922
f 3739/3738/5923 3741/3741/5924 3740/3740/5925
f 3742/3742/5926 3744/3743/5927 3743/3744/5928
f 3743/3744/5929 3744/3743/5930 3745/3745/5931
f 3744/3743/5932 3746/3746/5933 3745/3745/5934
f 3747/3747/5935 3749/3748/5936 3748/3749/5937
f 3748/3749/5938 3749/3748/5939 3750/3750/5940
f 3749/3748/5941 3751/3751/5942 3750/3750/5943
f 3752/3752/5944 3754/3753/5945 3753/3754/5946
f 3753/3754/5947 3754/3753/5948 3755/3755/5949
f 3754/3753/5950 3756/3756/5951 3755/3755/5952
f 3757/3757/5953 3759/3758/5954 3758/3759/5955
f 3758/3759/5956 3759/3758/5957 3760/3760/5958
f 3759/3758/5959 3761/3761/5960 3760/3760/5961
f 3762/3762/5962 3764/3763/5963 3763/3764/5964
f 3763/3764/5965 3764/3763/5966 3765/3765/5967
f 3764/3763/5968 3766/3766/5969 3765/3765/5970
f 3767/3767/5971 3769/3768/5972 3768/3769/5973
f 3768/3769/5974 3769/3768/5975 3770/3770/5976
f 3769/3768/5977 3771/3771/5978 3770/3770/5979
f 3772/3772/5980 3774/3773/5981 3773/3774/5982
f 3773/3774/5983 3774/3773/5984 3775/3775/5985
f 3774/3773/5986 3776/3776/5987 3775/3775/5988
f 3777/3777/5989 3779/3778/5990 3778/3779/5991
f 3778/3779/5992 3779/3778/5993 3780/3780/5994
f 3779/3778/5995 3781/3781/5996 3780/3780/5997
f 3782/3782/5998 3784/3783/5998 3783/3784/5998
f 3783/3784/5999 3784/3783/6000 3785/3785/5999
f 3784/3783/6000 3786/3786/6000 3785/3785/6000
f 3787/3787/6001 3789/3788/6002 3788/3789/6003
f 3788/3789/6004 3789/3788/6005 3790/3790/6006
f 3789/3788/6007 3791/3791/6008 3790/3790/6009
f 3792/3792/6010 3794/3793/6011 3793/3794/6012
f 3793/3794/6013 3794/3793/6014 3795/3795/6015
f 3794/3793/6016 3796/3796/6017 3795/3795/6018
f 3797/3797/6019 3799/3798/6020 3798/3799/6021
f 3798/3799/6022 3799/3798/6023 3800/3800/6024
f 3799/3798/6025 3801/3801/6026 3800/3800/6027
f 3802/3802/6028 3804/3803/6029 3803/3804/6030
f 3803/3804/6031 3804/3803/6032 3805/3805/6033
f 3804/3803/6034 3806/3806/6035 3805/3805/6036
f 3807/3807/6037 3809/3808/6038 3808/3809/6039
f 3808/3809/6040 3809/3808/6041 3810/3810/6042
f 3809/3808/6043 3811/3811/6044 3810/3810/6045
f 3812/3812/6046 3814/3813/6047 3813/3814/6048
f 3813/3814/6049 3814/3813/6050 3815/3815/6051
f 3814/3813/6052 3816/3816/6053 3815/3815/6053
f 3817/3817/6054 3819/3818/6055 3818/3819/6056
f 3818/3819/6057 3819/3818/6058 3820/3820/6059
f 3819/3818/6060 3821/3821/5261 3820/3820/5261
f 3822/3822/306 3824/3823/306 3823/3824/306
f 3823/3824/306 3824/3823/306 3825/3825/5851
f 3824/3823/6061 3826/3826/6062 3825/3825/6062
f 3827/3827/306 3829/3828/306 3828/3829/306
f 3828/3829/306 3829/3828/306 3830/3830/306
f 3829/3828/306 3831/3831/306 3830/3830/306
f 3832/3832/306 3834/3833/306 3833/3834/306
f 3833/3834/306 3834/3833/306 3835/3835/306
f 3834/3833/306 3836/3836/306 3835/3835/306
f 3837/3837/306 3839/3838/306 3838/3839/306
f 3838/3839/306 3839/3838/306 3840/3840/306
f 3839/3838/306 3841/3841/306 3840/3840/306
f 3842/3842/306 3844/3843/306 3843/3844/306
f 3843/3844/306 3844/3843/306 3845/3845/306
f 3844/3843/306 3846/3846/306 3845/3845/306
f 3847/3847/306 3849/3848/306 3848/3849/306
f 3848/3849/306 3849/3848/306 3850/3850/306
f 3849/3848/306 3851/3851/306 3850/3850/306
f 3852/3852/306 3854/3853/306 3853/3854/306
f 3853/3854/306 3854/3853/306 3855/3855/306
f 3854/3853/306 3856/3856/306 3855/3855/306
f 3857/3857/306 3859/3858/306 3858/3859/306
f 3858/3859/306 3859/3858/306 3860/3860/306
f 3859/3858/306 3861/3861/306 3860/3860/306
f 3862/3862/306 3864/3863/306 3863/3864/306
f 3863/3864/306 3864/3863/306 3865/3865/306
f 3864/3863/306 3866/3866/306 3865/3865/306
f 3867/3867/306 3869/3868/306 3868/3869/306
f 3868/3869/306 3869/3868/306 3870/3870/306
f 3869/3868/306 3871/3871/306 3870/3870/306
f 3872/3872/6063 3874/3873/6064 3873/3874/6065
f 3873/3874/6066 3874/3873/6067 3875/3875/6068
f 3874/3873/6069 3876/3876/306 3875/3875/306
f 3877/3877/6070 3879/3878/6071 3878/3879/6072
f 3878/3879/6073 3879/3878/6074 3880/3880/6075
f 3881/3881/6076 3883/3882/6077 3882/3883/6078
f 3882/3883/6079 3883/3882/6080 3884/3884/6081
f 3885/3885/6082 3887/3886/6083 3886/3887/6084
f 3886/3887/6085 3887/3886/6086 3888/3888/6087
f 3889/3889/6088 3891/3890/6089 3890/3891/6090
f 3890/3891/6091 3891/3890/6092 3892/3892/6093
f 3893/3893/6094 3895/3894/6094 3894/3895/6095
f 3894/3895/6096 3895/3894/6097 3896/3896/6098
f 3897/3897/6099 3899/3898/6100 3898/3899/6101
f 3898/3899/6102 3899/3898/6103 3900/3900/6104
f 3901/3901/6105 3903/3902/6106 3902/3903/6107
f 3902/3903/6108 3903/3902/6109 3904/3904/6110
f 3905/3905/6111 3907/3906/6112 3906/3907/6113
f 3906/3907/6114 3907/3906/6115 3908/3908/6116
f 3909/3909/6117 3911/3910/6118 3910/3911/6119
f 3910/3911/6120 3911/3910/6121 3912/3912/6122
f 3913/3913/6123 3915/3914/6123 3914/3915/6123
f 3914/3915/4612 3915/3914/4612 3916/3916/4612
f 3917/3917/6124 3919/3918/6125 3918/3919/6126
f 3918/3919/6127 3919/3918/6128 3920/3920/6129
f 3921/3921/6130 3923/3922/6131 3922/3923/6132
f 3922/3923/6133 3923/3922/6134 3924/3924/6135
f 3925/3925/6136 3927/3926/6137 3926/3927/6138
f 3926/3927/6139 3927/3926/6140 3928/3928/6141
f 3929/3929/6142 3931/3930/6143 3930/3931/6144
f 3930/3931/6145 3931/3930/6146 3932/3932/6147
f 3933/3933/6148 3935/3934/6149 3934/3935/6150
f 3934/3935/6151 3935/3934/6152 3936/3936/6152
f 3937/3937/6153 3939/3938/6154 3938/3939/6155
f 3938/3939/6156 3939/3938/6157 3940/3940/6158
f 3941/3941/6159 3943/3942/6160 3942/3943/6161
f 3942/3943/6162 3943/3942/6163 3944/3944/6164
f 3945/3945/6165 3947/3946/6166 3946/3947/6167
f 3946/3947/6168 3947/3946/6169 3948/3948/6170
f 3949/3949/6171 3951/3950/6171 3950/3951/6171
f 3952/3952/6172 3954/3953/6172 3953/3954/6172
f 3955/3955/6173 3957/3956/6173 3956/3957/6173
f 3958/3958/6174 3960/3959/6174 3959/3960/6174
f 3961/3961/6175 3963/3962/6175 3962/3963/6175
f 3964/3964/6176 3966/3965/6176 3965/3966/6176
f 3967/3967/6177 3969/3968/6177 3968/3969/6177
f 3970/3970/6178 3972/3971/6178 3971/3972/6178
f 3973/3973/6179 3975/3974/6179 3974/3975/6179
f 3976/3976/6180 3978/3977/6180 3977/3978/6180
f 3979/3979/6181 3981/3980/6181 3980/3981/6181
f 3982/3982/6182 3984/3983/6182 3983/3984/6182
f 3985/3985/6183 3987/3986/6183 3986/3987/6183
f 3988/3988/6184 3990/3989/6184 3989/3990/6184
f 3991/3991/6185 3993/3992/6185 3992/3993/6185
f 3994/3994/6186 3996/3995/6186 3995/3996/6186
f 3997/3997/6187 3999/3998/6187 3998/3999/6187
f 4000/4000/6188 4002/4001/6188 4001/4002/6188
f 4003/4003/5727 4005/4004/5727 4004/4005/5727
f 4006/4006/6187 4008/4007/6187 4007/4008/6187
f 4009/4009/6189 4011/4010/6189 4010/4011/6189
f 4012/4012/6190 4014/4013/6190 4013/4014/6190
f 4015/4015/6191 4017/4016/6191 4016/4017/6191
f 4018/4018/6192 4020/4019/6192 4019/4020/6192
f 4021/4021/6193 4023/4022/6193 4022/4023/6193
f 4024/4024/6194 4026/4025/6194 4025/4026/6194
f 4027/4027/6195 4029/4028/6195 4028/4029/6195
f 4030/4030/5737 4032/4031/5737 4031/4032/5737
f 4033/4033/6196 4035/4034/6196 4034/4035/6196
f 4036/4036/6197 4038/4037/6197 4037/4038/6197
f 4039/4039/6198 4041/4040/6198 4040/4041/6198
f 4042/4042/6199 4044/4043/6199 4043/4044/6199
f 4045/4045/6200 4047/4046/6200 4046/4047/6200
f 4048/4048/6201 4050/4049/6201 4049/4050/6201
f 4051/4051/6202 4053/4052/6202 4052/4053/6202
f 4054/4054/6203 4056/4055/6203 4055/4056/6203
f 4057/4057/6204 4059/4058/6204 4058/4059/6204
f 4060/4060/6205 4062/4061/6205 4061/4062/6205
f 4063/4063/6206 4065/4064/6206 4064/4065/6206
f 4066/4066/6207 4068/4067/6207 4067/4068/6207
f 4069/4069/6208 4071/4070/6208 4070/4071/6208
f 4072/4072/6209 4074/4073/6209 4073/4074/6209
f 4075/4075/6210 4077/4076/6210 4076/4077/6210
f 4078/4078/6211 4080/4079/6211 4079/4080/6211
f 4081/4081/6212 4083/4082/6212 4082/4083/6212
f 4084/4084/6213 4086/4085/6213 4085/4086/6213
f 4087/4087/6214 4089/4088/6214 4088/4089/6214
f 4090/4090/6215 4092/4091/6215 4091/4092/6215
f 4093/4093/6216 4095/4094/6216 4094/4095/6216
f 4096/4096/6217 4098/4097/6217 4097/4098/6217
f 4099/4099/6218 4101/4100/6218 4100/4101/6218
f 4102/4102/6219 4104/4103/6219 4103/4104/6219
f 4105/4105/6220 4107/4106/6220 4106/4107/6220
f 4108/4108/6221 4110/4109/6221 4109/4110/6221
f 4111/4111/6222 4113/4112/6222 4112/4113/6222
f 4114/4114/6223 4116/4115/6223 4115/4116/6223
f 4117/4117/6224 4119/4118/6224 4118/4119/6224
f 4120/4120/6225 4122/4121/6225 4121/4122/6225
f 4123/4123/281 4125/4124/281 4124/4125/281
f 4126/4126/6226 4128/4127/6226 4127/4128/6226
f 4129/4129/5852 4131/4130/5852 4130/4131/5852
f 4132/4132/6227 4134/4133/6227 4133/4134/6227
f 4135/4135/6228 4137/4136/6228 4136/4137/6228
f 4138/4138/1304 4140/4139/1304 4139/4140/1304
f 4141/4141/6229 4143/4142/6229 4142/4143/6229
f 4144/4144/6228 4146/4145/6228 4145/4146/6228
f 4147/4147/1304 4149/4148/1304 4148/4149/1304
f 4150/4150/6227 4152/4151/6227 4151/4152/6227
f 4153/4153/6228 4155/4154/6228 4154/4155/6228
f 4156/4156/1304 4158/4157/1304 4157/4158/1304
f 4159/4159/6229 4161/4160/6229 4160/4161/6229
f 4162/4162/6230 4164/4163/6230 4163/4164/6230
f 4165/4165/1304 4167/4166/1304 4166/4167/1304
f 4168/4168/6227 4170/4169/6227 4169/4170/6227
f 4171/4171/6228 4173/4172/6228 4172/4173/6228
f 4174/4174/1304 4176/4175/1304 4175/4176/1304
f 4177/4177/6229 4179/4178/6229 4178/4179/6229
f 4180/4180/6228 4182/4181/6228 4181/4182/6228
f 4183/4183/1304 4185/4184/1304 4184/4185/1304
f 4186/4186/6227 4188/4187/6227 4187/4188/6227
f 4189/4189/6228 4191/4190/6228 4190/4191/6228
f 4192/4192/1304 4194/4193/1304 4193/4194/1304
f 4195/4195/6229 4197/4196/6229 4196/4197/6229
f 4198/4198/6230 4200/4199/6230 4199/4200/6230
f 4201/4201/1304 4203/4202/1304 4202/4203/1304
f 4204/4204/6229 4206/4205/6229 4205/4206/6229
f 4207/4207/6231 4209/4208/6231 4208/4209/6231
f 4210/4210/1304 4212/4211/1304 4211/4212/1304
f 4213/4213/6227 4215/4214/6227 4214/4215/6227
f 4216/4216/6228 4218/4217/6228 4217/4218/6228
f 4219/4219/6232 4221/4220/6232 4220/4221/6232
f 4222/4222/6233 4224/4223/6233 4223/4224/6233
f 4225/4225/6234 4227/4226/6234 4226/4227/6234
f 4228/4228/6235 4230/4229/6235 4229/4230/6235
f 4231/4231/6236 4233/4232/6236 4232/4233/6236
f 4234/4234/6237 4236/4235/6237 4235/4236/6237
f 4237/4237/6238 4239/4238/6238 4238/4239/6238
f 4240/4240/6239 4242/4241/6239 4241/4242/6239
f 4243/4243/6240 4245/4244/6240 4244/4245/6240
f 4246/4246/6241 4248/4247/6241 4247/4248/6241
f 4249/4249/6242 4251/4250/6242 4250/4251/6242
f 4252/4252/6243 4254/4253/6243 4253/4254/6243
f 4255/4255/6244 4257/4256/6244 4256/4257/6244
f 4258/4258/6245 4260/4259/6245 4259/4260/6245
f 4261/4261/6246 4263/4262/6246 4262/4263/6246
f 4264/4264/6247 4266/4265/6247 4265/4266/6247
f 4267/4267/6248 4269/4268/6248 4268/4269/6248
f 4270/4270/6249 4272/4271/6249 4271/4272/6249
f 4273/4273/6250 4275/4274/6250 4274/4275/6250
f 4276/4276/6251 4278/4277/6251 4277/4278/6251
f 4279/4279/6252 4281/4280/6252 4280/4281/6252
f 4282/4282/6253 4284/4283/6253 4283/4284/6253
f 4285/4285/6254 4287/4286/6254 4286/4287/6254
f 4288/4288/6255 4290/4289/6255 4289/4290/6255
f 4291/4291/6256 4293/4292/6256 4292/4293/6256
f 4294/4294/6257 4296/4295/6257 4295/4296/6257
f 4297/4297/6258 4299/4298/6258 4298/4299/6258
f 4300/4300/6259 4302/4301/6259 4301/4302/6259
f 4303/4303/6260 4305/4304/6260 4304/4305/6260
f 4306/4306/6261 4308/4307/6261 4307/4308/6261
f 4309/4309/6262 4311/4310/6262 4310/4311/6262
f 4312/4312/6263 4314/4313/6263 4313/4314/6263
f 4315/4315/6264 4317/4316/6264 4316/4317/6264
f 4318/4318/6265 4320/4319/6265 4319/4320/6265
f 4321/4321/6266 4323/4322/6266 4322/4323/6266
f 4324/4324/6267 4326/4325/6267 4325/4326/6267
f 4327/4327/6268 4329/4328/6268 4328/4329/6268
f 4330/4330/6269 4332/4331/6269 4331/4332/6269
f 4333/4333/6270 4335/4334/6270 4334/4335/6270
f 4336/4336/6271 4338/4337/6271 4337/4338/6271
f 4339/4339/6272 4341/4340/6272 4340/4341/6272
f 4342/4342/6270 4344/4343/6270 4343/4344/6270
f 4345/4345/6273 4347/4346/6273 4346/4347/6273
f 4348/4348/6274 4350/4349/6274 4349/4350/6274
f 4351/4351/6275 4353/4352/6275 4352/4353/6275
f 4354/4354/6276 4356/4355/6276 4355/4356/6276
f 4357/4357/6277 4359/4358/6277 4358/4359/6277
f 4360/4360/6278 4362/4361/6278 4361/4362/6278
f 4363/4363/6279 4365/4364/6279 4364/4365/6279
f 4366/4366/6280 4368/4367/6280 4367/4368/6280
f 4369/4369/6281 4371/4370/6281 4370/4371/6281
f 4372/4372/6282 4374/4373/6282 4373/4374/6282
f 4375/4375/6283 4377/4376/6283 4376/4377/6283
f 4378/4378/6284 4380/4379/6284 4379/4380/6284
f 4381/4381/6285 4383/4382/6285 4382/4383/6285
f 4384/4384/6286 4386/4385/6286 4385/4386/6286
f 4387/4387/6287 4389/4388/6287 4388/4389/6287
f 4390/4390/6288 4392/4391/6288 4391/4392/6288
f 4393/4393/6289 4395/4394/6289 4394/4395/6289
f 4396/4396/5261 4398/4397/5261 4397/4398/5261
f 4399/4399/6288 4401/4400/6288 4400/4401/6288
f 4402/4402/6289 4404/4403/6289 4403/4404/6289
f 4405/4405/5251 4407/4406/5251 4406/4407/5251
f 4408/4408/6290 4410/4409/6290 4409/4410/6290
f 4411/4411/6227 4413/4412/6227 4412/4413/6227
f 4414/4414/306 4416/4415/306 4415/4416/306
f 4417/4417/6231 4419/4418/6231 4418/4419/6231
f 4420/4420/6291 4422/4421/6291 4421/4422/6291
f 4423/4423/306 4425/4424/306 4424/4425/306
f 4426/4426/6231 4428/4427/6231 4427/4428/6231
f 4429/4429/6292 4431/4430/6292 4430/4431/6292
f 4432/4432/306 4434/4433/306 4433/4434/306
f 4435/4435/6293 4437/4436/6293 4436/4437/6293
f 4438/4438/6291 4440/4439/6291 4439/4440/6291
f 4441/4441/306 4443/4442/306 4442/4443/306
f 4444/4444/6231 4446/4445/6231 4445/4446/6231
f 4447/4447/6292 4449/4448/6292 4448/4449/6292
f 4450/4450/306 4452/4451/306 4451/4452/306
f 4453/4453/6231 4455/4454/6231 4454/4455/6231
f 4456/4456/6292 4458/4457/6292 4457/4458/6292
f 4459/4459/306 4461/4460/306 4460/4461/306
f 4462/4462/6293 4464/4463/6293 4463/4464/6293
f 4465/4465/6292 4467/4466/6292 4466/4467/6292
f 4468/4468/306 4470/4469/306 4469/4470/306
f 4471/4471/6231 4473/4472/6231 4472/4473/6231
f 4474/4474/6291 4476/4475/6291 4475/4476/6291
f 4477/4477/306 4479/4478/306 4478/4479/306
f 4480/4480/6293 4482/4481/6293 4481/4482/6293
f 4483/4483/6227 4485/4484/6227 4484/4485/6227
f 4486/4486/306 4488/4487/306 4487/4488/306
f 4489/4489/6231 4491/4490/6231 4490/4491/6231
f 4492/4492/6291 4494/4493/6291 4493/4494/6291
f 4495/4495/306 4497/4496/306 4496/4497/306
f 4498/4498/6231 4500/4499/6231 4499/4500/6231
f 4501/4501/6291 4503/4502/6291 4502/4503/6291
f 4504/4504/6294 4506/4505/6294 4505/4506/6294
