# Blender v3.6.3 OBJ File: 'untitled.blend'
# www.blender.org
mtllib Mesh_0159.mtl
o Mesh_0159_Mesh.026
v -6.441345 0.705541 5.306236
v -6.344673 0.846651 5.348701
v -6.029434 0.705541 4.393105
v -5.924278 0.846651 4.474709
v -5.388515 0.705541 3.772652
v -5.318361 0.846651 3.889412
v -4.318363 0.705541 3.254501
v -4.282726 0.846651 3.379311
v -3.268379 0.705541 3.145119
v -3.257736 0.846651 3.248940
v -6.344673 0.564432 -10.492317
v -6.344673 -0.000010 -10.492317
v -5.924278 0.564432 -9.618320
v -5.924278 -0.000010 -9.618320
v -5.318361 0.564432 -9.033031
v -5.318361 -0.000010 -9.033031
v -4.282726 0.564432 -8.522923
v -4.282726 -0.000010 -8.522923
v -3.257736 0.564432 -8.392548
v -3.257736 -0.000010 -8.392548
v -6.441345 0.705541 -10.449841
v -6.029434 0.705541 -9.536716
v -6.344673 0.846651 -10.492317
v -5.924278 0.846651 -9.618320
v -5.924278 0.987761 -9.618320
v -5.318361 0.987761 -9.033031
v -5.458672 1.128870 -8.811367
v -4.282726 0.987761 -8.522923
v -4.358393 1.128870 -8.248451
v -3.266727 1.128870 -8.172630
v -6.525749 1.552202 -10.419643
v -6.525749 1.128870 -10.419643
v -6.124582 1.552202 -9.472073
v -6.124582 1.128870 -9.472073
v -5.458672 1.552202 -8.811367
v -5.458672 1.128870 -8.811367
v -4.358393 1.552202 -8.258255
v -4.358393 1.128870 -8.248451
v -3.266727 1.552202 -8.172630
v -3.266727 1.128870 -8.172630
v -6.556536 2.063740 4.989853
v -6.211727 2.063740 4.262650
v -6.124582 1.862651 4.328461
v -5.532763 2.063740 3.570755
v -5.458672 1.862651 3.667755
v -4.392378 2.063740 3.001030
v -4.368172 1.862651 3.075806
v -3.530809 2.063740 2.914520
v -3.266727 1.862651 3.029022
v -6.344673 -0.000010 5.348701
v -5.924278 0.564431 4.474709
v -5.924278 -0.000010 4.474709
v -5.318361 0.564431 3.889412
v -5.318361 -0.000010 3.889412
v -4.282726 0.564431 3.379311
v -4.282726 -0.000010 3.379311
v -3.257736 0.564431 3.248940
v -3.257736 -0.000010 3.248940
v -6.441345 0.705541 5.306236
v -6.029434 0.705541 4.393105
v -5.924278 0.564431 4.474709
v -5.388515 0.705541 3.772652
v -5.318361 0.564431 3.889412
v -4.318363 0.705541 3.254501
v -4.282726 0.564431 3.379311
v -3.268379 0.705541 3.145119
v -3.257736 0.564431 3.248940
v -6.344673 0.846651 5.348701
v -5.924278 0.987760 4.474709
v -5.924278 0.846651 4.474709
v -5.318361 0.987760 3.889412
v -5.318361 0.846651 3.889412
v -4.282726 0.987760 3.379311
v -4.282726 0.846651 3.379311
v -3.257736 0.987760 3.248940
v -3.257736 0.846651 3.248940
v -6.525749 1.128870 5.276031
v -6.124582 1.552202 4.328461
v -6.124582 1.128870 4.328461
v -5.458672 1.552202 3.667755
v -5.458672 1.128870 3.667755
v -4.358393 1.552202 3.114639
v -4.358393 1.128870 3.104836
v -3.266727 1.552202 3.029022
v -3.266727 1.128870 3.029022
v -3.266727 1.552202 3.029022
v -4.358393 1.552202 3.114639
v -4.324966 1.693312 3.228287
v -5.388515 1.693312 3.772652
v -5.458672 1.862651 3.667755
v -6.029434 1.693312 4.393105
v -6.124582 1.862651 4.328461
v -6.525749 1.862651 5.276031
v -6.556536 2.063740 4.989853
v -6.556536 2.063740 -10.133465
v -6.525749 1.862651 -10.419643
v -6.124582 1.862651 -9.472073
v -6.029434 1.693312 -9.536716
v -5.458672 1.862651 -8.811367
v -5.388515 1.693312 -8.916271
v -4.324966 1.693312 -8.371899
v -4.358393 1.552202 -8.258255
v -3.266727 1.552202 -8.172630
v -3.266727 1.862651 -8.172630
v -3.530809 2.063740 -8.058132
v -4.368172 1.862651 -8.219418
v -4.392378 2.063740 -8.144646
v -5.458672 1.862651 -8.811367
v -5.532763 2.063740 -8.714363
v -6.124582 1.862651 -9.472073
v -6.211727 2.063740 -9.406258
v -6.556536 2.063740 -10.133465
v -3.257736 0.564432 -8.392548
v -3.268379 0.705541 -8.288734
v -4.282726 0.564432 -8.522923
v -4.318363 0.705541 -8.398109
v -5.318361 0.564432 -9.033031
v -5.388515 0.705541 -8.916271
v -5.924278 0.564432 -9.618320
v -6.029434 0.705541 -9.536716
v -6.441345 0.705541 -10.449841
v 9.909296 1.587490 4.836761
v 6.771608 1.552202 4.126808
v 9.697813 1.688356 4.922287
v 6.745264 1.693312 4.252586
v 9.403780 1.862651 4.714264
v 6.771635 1.862651 4.126808
v 8.077600 2.061891 4.280281
v 7.050318 2.063740 4.050758
v -6.686455 1.128872 7.589928
v -6.686455 1.128870 6.350037
v -6.429585 0.987762 7.589928
v -6.429585 0.987760 6.369453
v -6.429590 0.846653 7.589928
v -6.429585 0.846651 6.369453
v -6.558033 0.705541 6.359749
v -6.441345 0.705541 5.306236
v -6.558027 0.705542 7.589928
v -6.558023 0.705544 8.400925
v -6.429590 0.846653 7.589928
v -6.429585 0.846653 8.400925
v -6.429585 0.987762 7.589928
v -6.429585 0.987763 8.400925
v -6.686455 1.128872 7.589928
v -6.686462 1.128873 8.400925
v -7.064585 2.063741 8.659424
v -6.814884 2.063742 8.400925
v -7.064579 1.862653 8.787849
v -6.686455 1.862653 8.400925
v -7.064585 1.693314 8.916290
v -6.558023 1.693311 8.400925
v -7.064585 1.552202 8.787857
v -6.686462 1.552202 8.400925
v -7.064583 1.128873 8.787865
v -6.686462 1.128873 8.400925
v -7.064587 0.987763 9.042282
v -6.429585 0.987763 8.400925
v -7.064585 0.846653 9.042282
v -6.429585 0.846653 8.400925
v -7.064579 0.705544 8.916290
v -6.558023 0.705544 8.400925
v -6.558022 0.705543 -22.891804
v -6.558023 0.705544 -22.079067
v -6.429590 0.846652 -22.891804
v -6.429585 0.846654 -22.079075
v -6.429585 0.987762 -22.891804
v -6.429585 0.987763 -22.079075
v -6.686457 1.128872 -22.891804
v -6.686462 1.128873 -22.079067
v -7.064585 2.063741 -21.820576
v -6.814884 2.063743 -22.079071
v -7.064579 1.862654 -21.692142
v -6.686455 1.862654 -22.079075
v -7.064585 1.693314 -21.563709
v -6.558023 1.693312 -22.079071
v -7.064585 1.552202 -21.692139
v -6.686462 1.552202 -22.079067
v -7.064583 1.128873 -21.692135
v -6.686462 1.128873 -22.079067
v -7.064587 0.987763 -21.437714
v -6.429585 0.987763 -22.079075
v -7.064585 0.846654 -21.437717
v -6.429585 0.846654 -22.079075
v -7.064579 0.705544 -21.563709
v -6.558023 0.705544 -22.079067
v 6.545954 2.063740 -9.092064
v 2.019775 2.063740 -8.387009
v 6.771635 1.862651 -9.270424
v 1.750843 1.862651 -8.489319
v 6.745264 1.693312 -9.396202
v 1.738142 1.693312 -8.617130
v 6.771608 1.552202 -9.270424
v 1.750843 1.552202 -8.489319
v -6.686459 1.552203 -12.733543
v -6.686455 1.552202 -11.493656
v -6.558027 1.693312 -12.733543
v -6.558033 1.693312 -11.503357
v -6.686462 1.862652 -12.732964
v -6.686455 1.862651 -11.493656
v -6.814903 2.063740 -12.417786
v -6.814903 2.063740 -11.478035
v 2.019775 2.063740 3.243393
v 6.771635 1.862651 4.126808
v 1.750843 1.862651 3.345703
v 6.745264 1.693312 4.252586
v 1.738142 1.693312 3.473518
v 6.771608 1.552202 4.126808
v 1.750843 1.552202 3.345703
v -6.556536 2.063740 4.989853
v -6.739923 2.063740 4.904884
v -6.211727 2.063740 4.262650
v -6.307209 2.063740 4.186676
v -5.532763 2.063740 3.570755
v -5.661007 2.063740 3.350990
v -4.470430 2.063740 2.774406
v 1.507328 2.063740 3.192421
v 1.750843 1.862651 3.345703
v -3.266727 1.862651 3.029022
v 1.738142 1.693312 3.473518
v -3.268379 1.693312 3.145119
v 1.750843 1.552202 3.345703
v -3.266727 1.552202 3.029022
v -3.266727 1.128870 3.029022
v 1.750843 1.128870 3.345703
v -3.257736 0.987760 3.248940
v 1.725414 0.987760 3.550758
v -3.257736 0.846651 3.248940
v 1.725414 0.846651 3.550758
v 1.738142 0.705541 3.422951
v -6.686455 1.552202 6.350037
v -6.558027 1.693312 7.589928
v -6.558033 1.693311 6.359749
v -6.686464 1.862652 7.589355
v -6.686455 1.862651 6.350037
v -6.814903 2.063740 7.274170
v -6.814903 2.063740 6.334427
v -6.814903 2.063740 6.334427
v -6.728418 2.063740 5.480408
v -6.686455 1.862651 6.350037
v -6.525749 1.862651 5.276031
v -6.558033 1.693311 6.359749
v -6.441345 1.693312 5.306236
v -6.525749 1.552202 5.276031
v -6.686455 1.128870 6.350037
v -6.525749 1.128870 5.276031
v -6.429585 0.987760 6.369453
v -6.344673 0.987760 5.348701
v -6.429585 0.846651 6.369453
v -6.344673 0.846651 5.348701
v -6.441345 0.705541 5.306236
v -6.558023 0.705544 16.935463
v -6.429590 0.846652 17.748192
v -6.429585 0.846653 16.935463
v -6.429585 0.987762 17.748192
v -6.429585 0.987763 16.935463
v -6.686455 1.128871 17.748192
v -6.686462 1.128873 16.935463
v -6.814884 2.063742 16.935463
v -7.064579 1.862653 16.548538
v -6.686455 1.862653 16.935463
v -7.064585 1.693314 16.420097
v -6.558023 1.693311 16.935463
v -7.064585 1.552202 16.548523
v -6.686462 1.552202 16.935463
v -6.686462 1.128873 16.935463
v -7.064587 0.987763 16.294106
v -6.429585 0.987763 16.935463
v -7.064585 0.846653 16.294106
v -6.429585 0.846653 16.935463
v -7.064579 0.705544 16.420097
v -6.558023 0.705544 16.935463
v -6.814894 2.063740 18.055962
v -6.686459 1.862651 17.889214
v -6.686459 1.862651 23.955170
v -6.558022 1.693311 17.748192
v -6.558023 1.693311 24.098190
v -6.686460 1.552203 17.748192
v -6.686462 1.552202 24.098190
v -6.558022 0.705542 17.748192
v -6.429585 0.846651 24.098190
v -6.429590 0.846652 17.748192
v -6.429585 0.987760 24.098190
v -6.429585 0.987762 17.748192
v -6.686462 1.128870 24.098190
v -6.686455 1.128871 17.748192
v -6.814894 2.063740 -28.934036
v -6.686459 1.862651 -29.100784
v -6.686459 1.862651 -23.034832
v -6.558022 1.693312 -29.241806
v -6.558023 1.693312 -22.891804
v -6.686459 1.552202 -29.241806
v -6.686462 1.552203 -22.891804
v -6.558022 0.705541 -29.241806
v -6.429590 0.846652 -22.891804
v -6.429585 0.846651 -29.241806
v -6.429585 0.987762 -22.891804
v -6.429585 0.987761 -29.241806
v -6.686457 1.128872 -22.891804
v -6.686459 1.128871 -29.241806
v -6.558023 0.705544 -13.544537
v -6.429590 0.846654 -12.733543
v -6.429585 0.846654 -13.544537
v -6.429585 0.987762 -12.733543
v -6.429585 0.987763 -13.544537
v -6.686455 1.128872 -12.733543
v -6.686462 1.128873 -13.544537
v -6.814884 2.063742 -13.544537
v -7.064579 1.862653 -13.931469
v -6.686455 1.862653 -13.544537
v -7.064585 1.693314 -14.059898
v -6.558023 1.693312 -13.544537
v -7.064585 1.552202 -13.931473
v -6.686462 1.552202 -13.544537
v -6.686462 1.128873 -13.544537
v -7.064587 0.987763 -14.185894
v -6.429585 0.987763 -13.544537
v -7.064585 0.846653 -14.185894
v -6.429585 0.846654 -13.544537
v -7.064579 0.705544 -14.059898
v -6.558023 0.705544 -13.544537
v 6.771608 1.552202 -9.270424
v 9.697813 1.688356 -10.065899
v 6.745264 1.693312 -9.396202
v 9.403780 1.862651 -9.857872
v 6.771635 1.862651 -9.270424
v 8.077600 2.061891 -9.423889
v 7.050318 2.063740 -9.194370
v 1.738142 0.705541 -8.566559
v 1.725414 0.846651 -8.694374
v -3.257736 0.846651 -8.392548
v 1.725414 0.987761 -8.694374
v -3.257736 0.987761 -8.392548
v 1.750843 1.128870 -8.489319
v -3.266727 1.128870 -8.172630
v -3.266727 1.552202 -8.172630
v 1.750843 1.552202 -8.489319
v -3.268379 1.693312 -8.288734
v 1.738142 1.693312 -8.617130
v -3.266727 1.862651 -8.172630
v 1.750843 1.862651 -8.489319
v 1.507328 2.063740 -8.336029
v -4.470430 2.063740 -7.918022
v -5.661007 2.063740 -8.494602
v -5.532763 2.063740 -8.714363
v -6.307209 2.063740 -9.330288
v -6.211727 2.063740 -9.406258
v -6.739923 2.063740 -10.048500
v -6.556536 2.063740 -10.133465
v -5.388515 0.705541 -8.916271
v -4.318363 0.705541 -8.398109
v -5.318361 0.846651 -9.033031
v -4.282726 0.846651 -8.522923
v -4.282726 0.987761 -8.522923
v -3.257736 0.987761 -8.392548
v -3.266727 1.128870 -8.172630
v -6.558027 0.705543 -12.733543
v -6.558033 0.705541 -11.503357
v -6.429590 0.846654 -12.733543
v -6.429585 0.846651 -11.513065
v -6.429585 0.987761 -11.513065
v -6.344673 0.987761 -10.492317
v -6.525749 1.128870 -10.419643
v -6.525749 1.552202 -10.419643
v -6.441345 1.693312 -10.449841
v -6.558033 1.693312 -11.503357
v -6.525749 1.862651 -10.419643
v -6.686455 1.862651 -11.493656
v -6.728418 2.063740 -10.624016
v -6.814903 2.063740 -11.478035
v 9.588430 0.634990 4.738365
v 9.320688 0.634990 4.737564
v 9.449736 0.846651 4.990181
v 9.052942 0.634990 4.736763
v 6.718924 0.846651 4.378342
v 6.745264 0.705541 4.252586
v -6.525749 1.128870 5.276031
v -6.124582 1.128870 4.328461
v -5.924278 0.987760 4.474709
v -5.458672 1.128870 3.667755
v -5.318361 0.987760 3.889412
v -4.282726 0.987760 3.379311
v -6.429585 0.564433 7.589928
v -6.558027 0.705542 7.589928
v -6.429585 0.564431 6.369453
v -6.558033 0.705541 6.359749
v -6.344673 0.564431 5.348701
v -6.441345 0.705541 5.306236
v -6.814903 2.063740 7.274170
v -7.064585 2.063740 7.274170
v -6.814903 2.063740 6.334427
v -7.064585 2.063740 6.315346
v -6.728418 2.063740 5.480408
v -6.917850 2.063740 5.412628
v -6.814892 2.063741 7.831871
v -6.686462 1.862651 7.698059
v -6.686455 1.862653 8.400925
v -6.558027 1.693312 7.589928
v -6.558023 1.693311 8.400925
v -6.686462 1.552202 8.400925
v -6.814892 2.063741 -22.648125
v -6.686462 1.862651 -22.781944
v -6.686455 1.862654 -22.079075
v -6.558023 1.693312 -22.891804
v -6.558023 1.693312 -22.079071
v -6.686462 1.552202 -22.079067
v 9.581278 1.049727 -9.902298
v 6.771635 1.108057 -9.270424
v 9.452703 0.975907 -10.134579
v 6.718924 0.987761 -9.521957
v 9.449736 0.846651 -10.133793
v 6.718924 0.846651 -9.521957
v 6.745264 0.705541 -9.396202
v 6.718924 0.846651 -9.521957
v 1.725414 0.846651 -8.694374
v 6.718924 0.987761 -9.521957
v 1.725414 0.987761 -8.694374
v 1.750843 1.128870 -8.489319
v -6.525749 1.552202 -10.419643
v -6.124582 1.552202 -9.472073
v -6.029434 1.693312 -9.536716
v -5.458672 1.552202 -8.811367
v -5.388515 1.693312 -8.916271
v -4.358393 1.552202 -8.258255
v -6.029434 0.705541 -9.536716
v -5.388515 0.705541 -8.916271
v -5.924278 0.846651 -9.618320
v -5.318361 0.846651 -9.033031
v -5.318361 0.987761 -9.033031
v -4.282726 0.987761 -8.522923
v -6.429585 0.564433 -12.733543
v -6.429586 -0.000009 -12.733547
v -6.429585 0.564432 -11.513065
v -6.429585 -0.000010 -11.513065
v -6.344673 0.564432 -10.492317
v -6.344673 -0.000010 -10.492317
v 6.771635 1.108057 4.126808
v 9.452703 0.975906 4.990974
v 6.718924 0.987760 4.378342
v 9.449736 0.846651 4.990181
v 6.718924 0.846651 4.378342
v 9.909296 1.049731 4.836769
v 9.581278 1.049726 4.758690
v 9.909296 1.587490 4.836761
v 6.771635 1.108057 4.126808
v 6.771608 1.552202 4.126808
v 1.725414 -0.000010 3.550758
v 1.725414 0.564431 3.550758
v 4.222158 -0.000010 3.925056
v 6.718924 0.564431 4.378342
v 6.718924 -0.000010 4.378342
v 1.725414 0.987760 3.550758
v 6.718924 0.987760 4.378342
v 1.725414 0.846651 3.550758
v 6.718924 0.846651 4.378342
v 6.745264 0.705541 4.252586
v -6.124582 1.552202 4.328461
v -6.525749 1.552202 5.276031
v -6.029434 1.693312 4.393105
v -6.441345 1.693312 5.306236
v -6.525749 1.862651 5.276031
v -3.257736 -0.000010 3.248940
v -3.257736 0.564431 3.248940
v -0.766150 -0.000010 3.341904
v 1.725414 0.564431 3.550758
v 1.725414 -0.000010 3.550758
v -5.532763 2.063740 3.570755
v -4.470430 2.063740 2.774406
v -4.392378 2.063740 3.001030
v -3.548668 2.063740 2.665466
v -3.530809 2.063740 2.914520
v -5.458672 1.862651 3.667755
v -4.368172 1.862651 3.075806
v -4.324966 1.693312 3.228287
v -3.266727 1.862651 3.029022
v -3.268379 1.693312 3.145119
v -5.458672 1.128870 3.667755
v -4.358393 1.128870 3.104836
v -4.282726 0.987760 3.379311
v -3.266727 1.128870 3.029022
v -3.257736 0.987760 3.248940
v -6.124582 1.552202 4.328461
v -6.029434 1.693312 4.393105
v -5.458672 1.552202 3.667755
v -5.388515 1.693312 3.772652
v -4.358393 1.552202 3.114639
v -6.429586 -0.000009 7.589943
v -6.429585 0.564431 6.369453
v -6.429585 -0.000010 6.369453
v -6.344673 0.564431 5.348701
v -6.344673 -0.000010 5.348701
v -6.525749 1.128870 5.276031
v -6.686455 1.128870 6.350037
v -6.686455 1.552202 6.350037
v -6.686455 1.128872 7.589928
v -6.686459 1.552203 7.589928
v -6.814892 2.063741 17.504509
v -6.686455 1.862653 16.935463
v -6.686462 1.862651 17.638329
v -6.558022 1.693311 17.748192
v -6.686464 1.862651 17.748192
v -6.686455 1.862653 16.935463
v -6.558023 1.693311 16.935463
v -6.558022 1.693311 17.748192
v -6.686462 1.552202 16.935463
v -6.686460 1.552203 17.748192
v -6.814892 2.063741 -12.975487
v -6.686455 1.862653 -13.544537
v -6.686462 1.862651 -12.841663
v -6.558027 1.693312 -12.733543
v -6.686462 1.862652 -12.732964
v -6.686455 1.862653 -13.544537
v -6.558023 1.693312 -13.544537
v -6.558027 1.693312 -12.733543
v -6.686462 1.552202 -13.544537
v -6.686459 1.552203 -12.733543
v 9.320688 0.634990 -9.881187
v 9.449736 0.846651 -10.133793
v 9.052942 0.634990 -9.880352
v 6.718924 0.846651 -9.521957
v 6.745264 0.705541 -9.396202
v 6.771608 1.552202 -9.270424
v 6.771635 1.108057 -9.270424
v 9.909296 1.587490 -9.980377
v 9.581278 1.049727 -9.902298
v 9.909296 1.049732 -9.980381
v 6.718924 -0.000010 -9.521957
v 6.718924 0.564432 -9.521957
v 4.222158 -0.000010 -9.068668
v 1.725414 0.564432 -8.694374
v 1.725414 -0.000010 -8.694374
v -6.124582 1.128870 -9.472073
v -6.525749 1.128870 -10.419643
v -5.924278 0.987761 -9.618320
v -6.344673 0.987761 -10.492317
v -6.344673 0.846651 -10.492317
v 1.725414 -0.000010 -8.694374
v 1.725414 0.564432 -8.694374
v -0.766150 -0.000010 -8.485508
v -3.257736 0.564432 -8.392548
v -3.257736 -0.000010 -8.392548
v -3.530809 2.063740 -8.058132
v -3.548668 2.063740 -7.809078
v -4.392378 2.063740 -8.144646
v -4.470430 2.063740 -7.918022
v -5.532763 2.063740 -8.714363
v -3.268379 1.693312 -8.288734
v -3.266727 1.862651 -8.172630
v -4.324966 1.693312 -8.371899
v -4.368172 1.862651 -8.219418
v -5.458672 1.862651 -8.811367
v -4.318363 0.705541 -8.398109
v -3.268379 0.705541 -8.288734
v -4.282726 0.846651 -8.522923
v -3.257736 0.846651 -8.392548
v -3.257736 0.987761 -8.392548
v -6.558027 0.705543 -12.733543
v -6.429585 0.564432 -11.513065
v -6.558033 0.705541 -11.503357
v -6.344673 0.564432 -10.492317
v -6.441345 0.705541 -10.449841
v -6.429590 0.846654 -12.733543
v -6.429585 0.987761 -11.513065
v -6.429585 0.987762 -12.733543
v -6.686455 1.128871 -11.493656
v -6.686455 1.128872 -12.733543
v -6.686459 1.552203 -12.733543
v -6.686455 1.128872 -12.733543
v -6.686455 1.552202 -11.493656
v -6.686455 1.128871 -11.493656
v -6.525749 1.128870 -10.419643
v -7.064585 2.063740 -12.417786
v -6.814903 2.063740 -11.478035
v -7.064585 2.063740 -11.458961
v -6.728418 2.063740 -10.624016
v -6.917850 2.063740 -10.556244
v -6.558033 0.705541 -11.503357
v -6.441345 0.705541 -10.449841
v -6.429585 0.846651 -11.513065
v -6.344673 0.846651 -10.492317
v -6.344673 0.987761 -10.492317
v 9.014830 2.063740 4.498848
v 9.909296 1.587490 4.836761
v 9.403780 1.862651 4.714264
v 9.697813 1.688356 4.922287
v 8.104013 2.061891 4.017586
v 8.077600 2.061891 4.280281
v 7.101274 2.063740 3.806053
v 7.050318 2.063740 4.050758
v 6.718924 -0.000010 4.378342
v 6.718924 0.564431 4.378342
v 8.989332 -0.000010 4.879662
v 8.989153 0.564431 4.878799
v 9.052942 0.634990 4.736763
v 8.989153 0.564431 4.878799
v 6.745264 0.705541 4.252586
v 6.718924 0.564431 4.378342
v 6.597464 2.063740 3.704132
v 6.545954 2.063740 3.948456
v 2.044491 2.063740 2.994911
v 2.019775 2.063740 3.243393
v 1.738142 0.705541 3.422951
v 6.745264 0.705541 4.252586
v 1.725414 0.564431 3.550758
v 6.718924 0.564431 4.378342
v 6.771635 1.108057 4.126808
v 6.718924 0.987760 4.378342
v 1.750843 1.128870 3.345703
v 1.725414 0.987760 3.550758
v 1.750843 1.552202 3.345703
v 6.771608 1.552202 4.126808
v 1.750843 1.128870 3.345703
v 6.771635 1.108057 4.126808
v -6.344673 0.846651 5.348701
v -6.344673 0.987760 5.348701
v -5.924278 0.987760 4.474709
v -6.525749 1.128870 5.276031
v -3.010975 2.063740 2.656044
v 1.532047 2.063740 2.943954
v -3.011328 2.063740 2.905396
v 1.507328 2.063740 3.192421
v -3.268379 0.705541 3.145119
v 1.738142 0.705541 3.422951
v -3.257736 0.564431 3.248940
v 1.725414 0.564431 3.550758
v -3.266727 1.552202 3.029022
v 1.750843 1.552202 3.345703
v -3.266727 1.128870 3.029022
v 1.750843 1.128870 3.345703
v -3.530809 7.982371 2.915657
v -3.266727 7.818719 2.885719
v -3.266727 7.793192 3.047134
v -3.013538 7.690399 2.901985
v -6.429586 -0.000009 17.748192
v -6.429585 0.564432 17.748192
v -6.429583 -0.000008 16.935455
v -6.429585 0.564434 16.935463
v -6.429585 0.564432 17.748192
v -6.558022 0.705542 17.748192
v -6.429585 0.564434 16.935463
v -6.558023 0.705544 16.935463
v -6.686462 1.552202 16.935463
v -6.686462 1.128873 16.935463
v -6.686460 1.552203 17.748192
v -6.686455 1.128871 17.748192
v -6.686462 1.128873 16.935463
v -6.686462 1.552202 16.935463
v -7.064583 1.128873 16.548515
v -7.064585 1.552202 16.548523
v -6.429585 0.564434 16.935463
v -6.558023 0.705544 16.935463
v -7.064585 0.564433 16.294106
v -7.064579 0.705544 16.420097
v -6.429583 -0.000008 16.935455
v -6.429585 0.564434 16.935463
v -7.064590 -0.000009 16.294106
v -7.064585 0.564433 16.294106
v -7.064585 2.063741 16.676964
v -6.814884 2.063742 16.935463
v -7.064585 2.063741 17.504509
v -6.814892 2.063741 17.504509
v -6.429586 -0.000009 7.589943
v -6.429583 -0.000008 8.400932
v -6.429585 0.564433 7.589928
v -6.429585 0.564434 8.400925
v -6.429585 0.564433 7.589928
v -6.429585 0.564434 8.400925
v -6.558027 0.705542 7.589928
v -6.558023 0.705544 8.400925
v -6.686462 1.552202 8.400925
v -6.686459 1.552203 7.589928
v -6.686462 1.128873 8.400925
v -6.686455 1.128872 7.589928
v -6.686462 1.128873 8.400925
v -7.064583 1.128873 8.787865
v -6.686462 1.552202 8.400925
v -7.064585 1.552202 8.787857
v -6.429585 0.564434 8.400925
v -7.064585 0.564433 9.042282
v -6.558023 0.705544 8.400925
v -7.064579 0.705544 8.916290
v -6.429583 -0.000008 8.400932
v -7.064590 -0.000009 9.042282
v -6.429585 0.564434 8.400925
v -7.064585 0.564433 9.042282
v -7.064585 2.063741 8.659424
v -7.064585 2.063741 7.831871
v -6.814884 2.063742 8.400925
v -6.814892 2.063741 7.831871
v -7.064585 2.063740 23.788155
v -7.064585 2.063740 18.055962
v -6.814894 2.063740 23.788147
v -6.814894 2.063740 18.055962
v -6.429585 -0.000010 24.098190
v -6.429585 0.564431 24.098190
v -6.429586 -0.000009 17.748192
v -6.429585 0.564432 17.748192
v -6.429585 0.564431 24.098190
v -6.558023 0.705541 24.098190
v -6.429585 0.564432 17.748192
v -6.558022 0.705542 17.748192
v -6.686462 1.128870 24.098190
v -6.686462 1.552202 24.098190
v -6.686455 1.128871 17.748192
v -6.686460 1.552203 17.748192
v -7.064585 2.063740 -23.201847
v -7.064585 2.063740 -28.934036
v -6.814894 2.063740 -23.201851
v -6.814894 2.063740 -28.934036
v -6.429586 -0.000009 -22.891800
v -6.429585 0.564433 -22.891804
v -6.429585 -0.000009 -29.241806
v -6.429585 0.564432 -29.241806
v -6.429585 0.564433 -22.891804
v -6.558022 0.705543 -22.891804
v -6.429585 0.564432 -29.241806
v -6.558022 0.705541 -29.241806
v -6.686457 1.128872 -22.891804
v -6.686462 1.552203 -22.891804
v -6.686459 1.128871 -29.241806
v -6.686459 1.552202 -29.241806
v -6.429586 -0.000009 -22.891800
v -6.429583 -0.000008 -22.079067
v -6.429585 0.564433 -22.891804
v -6.429585 0.564434 -22.079067
v -6.429585 0.564433 -22.891804
v -6.429585 0.564434 -22.079067
v -6.558022 0.705543 -22.891804
v -6.558023 0.705544 -22.079067
v -6.686462 1.552202 -22.079067
v -6.686462 1.552203 -22.891804
v -6.686462 1.128873 -22.079067
v -6.686457 1.128872 -22.891804
v -6.686462 1.128873 -22.079067
v -7.064583 1.128873 -21.692135
v -6.686462 1.552202 -22.079067
v -7.064585 1.552202 -21.692139
v -6.429585 0.564434 -22.079067
v -7.064585 0.564433 -21.437717
v -6.558023 0.705544 -22.079067
v -7.064579 0.705544 -21.563709
v -6.429583 -0.000008 -22.079067
v -7.064590 -0.000008 -21.437714
v -6.429585 0.564434 -22.079067
v -7.064585 0.564433 -21.437717
v -7.064585 2.063741 -21.820576
v -7.064585 2.063741 -22.648129
v -6.814884 2.063743 -22.079071
v -6.814892 2.063741 -22.648125
v -6.429586 -0.000009 -12.733547
v -6.429585 0.564433 -12.733543
v -6.429583 -0.000008 -13.544540
v -6.429585 0.564434 -13.544537
v -6.429585 0.564433 -12.733543
v -6.558027 0.705543 -12.733543
v -6.429585 0.564434 -13.544537
v -6.558023 0.705544 -13.544537
v -6.686462 1.552202 -13.544537
v -6.686462 1.128873 -13.544537
v -6.686459 1.552203 -12.733543
v -6.686455 1.128872 -12.733543
v -6.686462 1.128873 -13.544537
v -6.686462 1.552202 -13.544537
v -7.064583 1.128873 -13.931480
v -7.064585 1.552202 -13.931473
v -6.429585 0.564434 -13.544537
v -6.558023 0.705544 -13.544537
v -7.064585 0.564433 -14.185894
v -7.064579 0.705544 -14.059898
v -6.429583 -0.000008 -13.544540
v -6.429585 0.564434 -13.544537
v -7.064590 -0.000008 -14.185894
v -7.064585 0.564433 -14.185894
v -7.064585 2.063741 -13.803036
v -6.814884 2.063742 -13.544537
v -7.064585 2.063741 -12.975487
v -6.814892 2.063741 -12.975487
v 9.014830 2.063740 -9.642456
v 9.403780 1.862651 -9.857872
v 9.909296 1.587490 -9.980377
v 9.697813 1.688356 -10.065899
v 8.104013 2.061891 -9.161201
v 7.101274 2.063740 -8.949665
v 8.077600 2.061891 -9.423889
v 7.050318 2.063740 -9.194370
v 6.718924 -0.000010 -9.521957
v 8.989332 -0.000010 -10.023277
v 6.718924 0.564432 -9.521957
v 8.989153 0.564432 -10.022415
v 9.052942 0.634990 -9.880352
v 6.745264 0.705541 -9.396202
v 8.989153 0.564432 -10.022415
v 6.718924 0.564432 -9.521957
v 6.597464 2.063740 -8.847740
v 2.044491 2.063740 -8.138527
v 6.545954 2.063740 -9.092064
v 2.019775 2.063740 -8.387009
v 1.738142 0.705541 -8.566559
v 1.725414 0.564432 -8.694374
v 6.745264 0.705541 -9.396202
v 6.718924 0.564432 -9.521957
v 1.750843 1.552202 -8.489319
v 1.750843 1.128870 -8.489319
v 6.771608 1.552202 -9.270424
v 6.771635 1.108057 -9.270424
v -6.525749 1.862651 -10.419643
v -6.441345 1.693312 -10.449841
v -6.029434 1.693312 -9.536716
v -6.525749 1.552202 -10.419643
v -3.010975 2.063740 -7.799664
v -3.011328 2.063740 -8.049011
v 1.532047 2.063740 -8.087566
v 1.507328 2.063740 -8.336029
v -3.268379 0.705541 -8.288734
v -3.257736 0.564432 -8.392548
v 1.738142 0.705541 -8.566559
v 1.725414 0.564432 -8.694374
v -3.266727 1.552202 -8.172630
v -3.266727 1.128870 -8.172630
v 1.750843 1.552202 -8.489319
v 1.750843 1.128870 -8.489319
v -3.530809 7.982371 -8.059273
v -3.266727 7.793192 -8.190742
v -3.266727 7.818719 -8.029324
v -3.013538 7.690399 -8.045605
v 6.771635 1.108057 4.126808
v 9.581278 1.049726 4.758690
v 9.452703 0.975906 4.990974
v 6.545954 2.063740 3.948456
v 6.771635 1.862651 4.126808
v 2.019775 2.063740 3.243393
v 1.725414 0.846651 3.550758
v 6.745264 0.705541 4.252586
v 1.738142 0.705541 3.422951
v -6.344673 -0.000010 5.348701
v -6.344673 0.564431 5.348701
v -5.924278 0.564431 4.474709
v -5.924278 0.564431 4.474709
v -6.344673 0.564431 5.348701
v -6.441345 0.705541 5.306236
v -6.525749 1.128870 5.276031
v -6.525749 1.552202 5.276031
v -6.124582 1.552202 4.328461
v -3.011328 2.063740 2.905396
v 1.507328 2.063740 3.192421
v -3.266727 1.862651 3.029022
v -3.257736 0.846651 3.248940
v 1.738142 0.705541 3.422951
v -3.268379 0.705541 3.145119
v 1.763542 5.269525 3.217896
v 1.750843 5.104019 3.345703
v 1.507328 5.404297 3.192421
v 2.019775 5.138105 3.254898
v 1.750843 5.104019 3.345703
v 1.763542 5.269525 3.217896
v 6.545954 2.879207 3.948456
v 6.795889 2.746289 4.003746
v 6.771635 2.608697 4.126808
v 6.771635 2.608697 4.126808
v 6.795889 2.746289 4.003746
v 7.050318 2.612101 4.050758
v -3.268379 1.693312 3.145119
v -3.266727 1.552202 3.029022
v -4.324966 1.693312 3.228287
v 8.077600 2.061891 4.280281
v 9.014830 2.063740 4.498848
v 9.403780 1.862651 4.714264
v -6.429585 0.564431 6.369453
v -6.429586 -0.000009 7.589943
v -6.429585 0.564433 7.589928
v -6.429590 0.846653 7.589928
v -6.558033 0.705541 6.359749
v -6.558027 0.705542 7.589928
v -6.558027 1.693312 7.589928
v -6.686455 1.552202 6.350037
v -6.686459 1.552203 7.589928
v -6.558033 1.693311 6.359749
v -6.525749 1.552202 5.276031
v -6.686455 1.552202 6.350037
v -6.525749 1.552202 5.276031
v -6.525749 1.128870 5.276031
v -6.686455 1.552202 6.350037
v -6.686455 1.862653 16.935463
v -6.814892 2.063741 17.504509
v -6.814884 2.063742 16.935463
v -6.558022 0.705542 17.748192
v -6.429590 0.846652 17.748192
v -6.558023 0.705544 16.935463
v -6.814884 2.063742 16.935463
v -7.064585 2.063741 16.676964
v -7.064579 1.862653 16.548538
v -7.064583 1.128873 16.548515
v -7.064587 0.987763 16.294106
v -6.686462 1.128873 16.935463
v -6.814892 2.063741 7.831871
v -6.686455 1.862653 8.400925
v -6.814884 2.063742 8.400925
v -6.686462 1.862651 7.698059
v -6.686464 1.862652 7.589355
v -6.558027 1.693312 7.589928
v -6.686462 1.552202 8.400925
v -6.558027 1.693312 7.589928
v -6.686459 1.552203 7.589928
v -6.686459 1.862651 23.955170
v -6.814894 2.063740 23.788147
v -6.814894 2.063740 18.055962
v -6.686459 1.862651 23.955170
v -6.558023 1.693311 24.098190
v -6.686459 1.862651 24.098190
v -6.558022 1.693311 17.748192
v -6.686459 1.862651 17.889214
v -6.686464 1.862651 17.748192
v -6.429585 0.846651 24.098190
v -6.558022 0.705542 17.748192
v -6.558023 0.705541 24.098190
v -6.686459 1.862651 -23.034832
v -6.814894 2.063740 -23.201851
v -6.814894 2.063740 -28.934036
v -6.686459 1.862651 -23.034832
v -6.558023 1.693312 -22.891804
v -6.686464 1.862651 -22.891804
v -6.558022 1.693312 -29.241806
v -6.686459 1.862651 -29.100784
v -6.686459 1.862651 -29.241806
v -6.429590 0.846652 -22.891804
v -6.558022 0.705541 -29.241806
v -6.558022 0.705543 -22.891804
v -6.814892 2.063741 -22.648125
v -6.686455 1.862654 -22.079075
v -6.814884 2.063743 -22.079071
v -6.686462 1.862651 -22.781944
v -6.686464 1.862651 -22.891804
v -6.558023 1.693312 -22.891804
v -6.686462 1.552202 -22.079067
v -6.558023 1.693312 -22.891804
v -6.686462 1.552203 -22.891804
v -6.686455 1.862653 -13.544537
v -6.814892 2.063741 -12.975487
v -6.814884 2.063742 -13.544537
v -6.558027 0.705543 -12.733543
v -6.429590 0.846654 -12.733543
v -6.558023 0.705544 -13.544537
v -6.814884 2.063742 -13.544537
v -7.064585 2.063741 -13.803036
v -7.064579 1.862653 -13.931469
v -7.064583 1.128873 -13.931480
v -7.064587 0.987763 -14.185894
v -6.686462 1.128873 -13.544537
v 9.588430 0.634990 -9.882000
v 9.449736 0.846651 -10.133793
v 9.320688 0.634990 -9.881187
v 9.697813 1.688356 -10.065899
v 6.771608 1.552202 -9.270424
v 9.909296 1.587490 -9.980377
v 6.745264 0.705541 -9.396202
v 1.725414 0.846651 -8.694374
v 1.738142 0.705541 -8.566559
v 1.750843 1.128870 -8.489319
v 6.718924 0.987761 -9.521957
v 6.771635 1.108057 -9.270424
v -6.344673 0.564432 -10.492317
v -5.924278 0.564432 -9.618320
v -6.441345 0.705541 -10.449841
v 1.507328 2.063740 -8.336029
v -3.011328 2.063740 -8.049011
v -3.266727 1.862651 -8.172630
v 1.738142 0.705541 -8.566559
v -3.257736 0.846651 -8.392548
v -3.268379 0.705541 -8.288734
v 1.750843 5.104018 -8.489319
v 1.763542 5.269525 -8.361507
v 1.507328 5.404297 -8.336029
v 1.750843 5.104018 -8.489319
v 2.019775 5.138104 -8.398514
v 1.763542 5.269525 -8.361507
v 6.795889 2.746289 -9.147354
v 6.545954 2.879207 -9.092064
v 6.771635 2.608697 -9.270424
v 6.795889 2.746289 -9.147354
v 6.771635 2.608697 -9.270424
v 7.050318 2.612100 -9.194370
v -5.924278 0.987761 -9.618320
v -5.458672 1.128870 -8.811367
v -6.124582 1.128870 -9.472073
v -3.266727 1.552202 -8.172630
v -3.268379 1.693312 -8.288734
v -4.324966 1.693312 -8.371899
v 9.014830 2.063740 -9.642456
v 8.077600 2.061891 -9.423889
v 9.403780 1.862651 -9.857872
v -6.429585 0.564433 -12.733543
v -6.429585 0.564432 -11.513065
v -6.558027 0.705543 -12.733543
v -7.064585 2.063740 -12.417786
v -6.814903 2.063740 -12.417786
v -6.814903 2.063740 -11.478035
v -6.525749 1.552202 -10.419643
v -6.558033 1.693312 -11.503357
v -6.686455 1.552202 -11.493656
v -6.525749 1.128870 -10.419643
v -6.525749 1.552202 -10.419643
v -6.686455 1.552202 -11.493656
v -6.429585 0.987761 -11.513065
v -6.525749 1.128870 -10.419643
v -6.686455 1.128871 -11.493656
vt -1.500977 -1.694336
vt -1.000977 -1.694336
vt -1.500977 -2.070312
vt -1.000977 -2.070312
vt -0.501953 -1.694336
vt -0.501953 -2.070312
vt -0.001953 -1.694336
vt -0.001953 -2.070312
vt 0.497070 -1.694336
vt 0.497070 -2.070312
vt -1.500977 -3.003906
vt -1.000977 -3.003906
vt -1.500977 -2.603516
vt -1.000977 -2.603516
vt -0.501953 -3.003906
vt -0.501953 -2.603516
vt -0.001953 -3.003906
vt -0.001953 -2.603516
vt 0.497070 -3.003906
vt 0.497070 -2.603516
vt -1.500977 -1.694336
vt -1.500977 -2.070312
vt -1.000977 -1.694336
vt -1.000977 -2.070312
vt -1.000977 -2.196289
vt -0.501953 -2.196289
vt -0.501953 -1.770508
vt -0.001953 -2.196289
vt -0.001953 -1.770508
vt 0.497070 -1.770508
vt -1.500977 -0.346680
vt -1.000977 -0.346680
vt -1.500977 -0.653320
vt -1.000977 -0.653320
vt -0.501953 -0.346680
vt -0.501953 -0.653320
vt -0.001953 -0.346680
vt -0.001953 -0.653320
vt 0.497070 -0.346680
vt 0.497070 -0.653320
vt -0.422852 1.047852
vt 0.000000 0.799805
vt 0.038086 1.046875
vt 0.499023 1.046875
vt 0.499023 0.799805
vt 0.959961 1.046875
vt 0.997070 0.799805
vt 1.420898 1.045898
vt 1.496094 0.799805
vt -1.500977 -2.603516
vt -1.000977 -2.603516
vt -1.000977 -3.003906
vt -0.501953 -3.003906
vt -0.501953 -2.603516
vt -0.001953 -3.003906
vt -0.001953 -2.603516
vt 0.497070 -3.003906
vt 0.497070 -2.603516
vt -1.500977 -3.352539
vt -1.000977 -3.003906
vt -1.000977 -3.352539
vt -0.501953 -3.352539
vt -0.501953 -3.003906
vt -0.001953 -3.352539
vt -0.001953 -3.003906
vt 0.497070 -3.352539
vt 0.497070 -3.003906
vt -1.500977 -2.070312
vt -1.000977 -2.070312
vt -1.000977 -2.196289
vt -0.501953 -2.196289
vt -0.501953 -2.070312
vt -0.001953 -2.196289
vt -0.001953 -2.070312
vt 0.497070 -2.196289
vt 0.497070 -2.070312
vt -1.500977 -0.653320
vt -1.000977 -0.653320
vt -1.000977 -0.346680
vt -0.501953 -0.346680
vt -0.501953 -0.653320
vt -0.001953 -0.346680
vt -0.001953 -0.653320
vt 0.497070 -0.346680
vt 0.497070 -0.653320
vt 1.496094 0.794922
vt 1.000977 0.655273
vt 0.998047 0.794922
vt 0.499023 0.655273
vt 0.499023 0.799805
vt -0.002930 0.655273
vt 0.000000 0.799805
vt -0.498047 0.799805
vt -0.422852 1.047852
vt -0.422852 1.047852
vt 0.000000 0.799805
vt -0.498047 0.799805
vt -0.002930 0.655273
vt 0.499023 0.799805
vt 0.499023 0.655273
vt 1.000977 0.655273
vt 0.998047 0.794922
vt 1.496094 0.794922
vt 1.496094 0.799805
vt 0.997070 0.799805
vt 1.420898 1.045898
vt 0.959961 1.046875
vt 0.499023 0.799805
vt 0.499023 1.046875
vt 0.000000 0.799805
vt 0.038086 1.046875
vt -0.422852 1.047852
vt 0.497070 -3.003906
vt -0.001953 -3.003906
vt 0.497070 -3.352539
vt -0.001953 -3.352539
vt -0.501953 -3.003906
vt -0.501953 -3.352539
vt -1.000977 -3.003906
vt -1.000977 -3.352539
vt -1.500977 -3.352539
vt 0.799805 0.794922
vt 0.690430 0.660156
vt -0.498047 0.794922
vt -0.504883 0.655273
vt 0.553711 0.799805
vt -0.495117 0.799805
vt -0.024414 1.046875
vt -0.422852 1.047852
vt -1.500977 -1.770508
vt -1.500977 -2.196289
vt -1.000977 -1.770508
vt -1.000977 -2.196289
vt -1.500977 -2.070312
vt -1.000977 -2.070312
vt -1.000977 -1.694336
vt -0.501953 -1.694336
vt 3.501953 -1.679688
vt 3.501953 -2.043945
vt 2.943359 -1.679688
vt 2.943359 -2.043945
vt 3.501953 -2.194336
vt 2.943359 -2.194336
vt 3.501953 -1.774414
vt 2.943359 -1.774414
vt 2.690430 1.042969
vt 2.593750 0.803711
vt 2.884766 1.042969
vt 2.884766 0.803711
vt 2.497070 0.652344
vt 2.884766 0.652344
vt 2.593750 0.796875
vt 2.884766 0.796875
vt 2.677734 -1.774414
vt 2.502930 -2.194336
vt 2.943359 -1.774414
vt 2.943359 -2.194336
vt 2.502930 -2.043945
vt 2.943359 -2.043945
vt 2.589844 -1.679688
vt 2.943359 -1.679688
vt 3.501953 -1.679688
vt 3.501953 -2.043945
vt 2.943359 -1.679688
vt 2.943359 -2.043945
vt 3.501953 -2.194336
vt 2.943359 -2.194336
vt 3.501953 -1.774414
vt 2.943359 -1.774414
vt 2.690430 1.042969
vt 2.593750 0.803711
vt 2.884766 1.042969
vt 2.884766 0.803711
vt 2.497070 0.652344
vt 2.884766 0.652344
vt 2.593750 0.796875
vt 2.884766 0.796875
vt 2.677734 -1.774414
vt 2.502930 -2.194336
vt 2.943359 -1.774414
vt 2.943359 -2.194336
vt 2.502930 -2.043945
vt 2.943359 -2.043945
vt 2.589844 -1.679688
vt 2.943359 -1.679688
vt 1.420898 1.045898
vt 1.496094 0.799805
vt -0.422852 1.047852
vt -0.498047 0.799805
vt 1.502930 0.655273
vt -0.504883 0.655273
vt 1.496094 0.794922
vt -0.498047 0.794922
vt -0.498047 0.794922
vt -0.504883 0.655273
vt 0.000977 0.794922
vt -0.002930 0.655273
vt -0.498047 0.799805
vt 0.000000 0.799805
vt -0.422852 1.047852
vt -0.039062 1.046875
vt -0.422852 1.047852
vt -0.498047 0.799805
vt 1.496094 0.799805
vt 1.502930 0.655273
vt -0.504883 0.655273
vt 1.496094 0.794922
vt -0.498047 0.794922
vt -0.422852 1.047852
vt 0.038086 1.046875
vt -0.422852 1.397461
vt 0.038086 1.397461
vt 0.499023 1.046875
vt 0.499023 1.397461
vt 0.959961 1.397461
vt 1.420898 1.045898
vt -0.498047 0.799805
vt 1.496094 0.799805
vt 1.502930 0.655273
vt -0.504883 0.655273
vt 1.496094 0.794922
vt -0.498047 0.794922
vt -1.500977 -1.770508
vt -1.500977 -2.196289
vt 0.497070 -1.770508
vt 0.497070 -2.196289
vt -1.500977 -2.070312
vt 0.497070 -2.070312
vt 0.497070 -1.694336
vt 0.000977 0.794922
vt -0.002930 0.655273
vt -0.504883 0.655273
vt -0.498047 0.799805
vt 0.000000 0.799805
vt -0.422852 1.047852
vt -0.039062 1.046875
vt -0.039062 1.046875
vt 0.000000 0.799805
vt 0.345703 1.046875
vt 0.499023 0.799805
vt -0.002930 0.655273
vt 0.499023 0.655273
vt 0.499023 0.794922
vt -1.000977 -1.770508
vt -1.000977 -2.196289
vt -0.501953 -1.770508
vt -0.501953 -2.196289
vt -1.000977 -2.070312
vt -0.501953 -2.070312
vt -0.501953 -1.694336
vt 2.943359 -1.679688
vt 2.943359 -2.043945
vt 3.501953 -2.043945
vt 3.501953 -2.194336
vt 2.943359 -2.194336
vt 3.501953 -1.774414
vt 2.943359 -1.774414
vt 2.884766 1.042969
vt 2.884766 0.803711
vt 2.593750 0.803711
vt 2.497070 0.652344
vt 2.884766 0.652344
vt 2.593750 0.796875
vt 2.884766 0.796875
vt 2.943359 -1.774414
vt 2.943359 -2.194336
vt 2.502930 -2.194336
vt 2.502930 -2.043945
vt 2.943359 -2.043945
vt 2.589844 -1.679688
vt 2.943359 -1.679688
vt 1.416992 1.045898
vt -0.443359 0.830078
vt 1.453125 0.828125
vt 1.502930 0.655273
vt -0.504883 0.655273
vt 1.496094 0.794922
vt -0.498047 0.794922
vt 0.497070 -1.694336
vt 0.497070 -2.070312
vt -1.500977 -2.070312
vt -1.500977 -2.196289
vt 0.497070 -2.196289
vt -1.500977 -1.770508
vt 0.497070 -1.770508
vt 1.416992 1.045898
vt -0.443359 0.830078
vt 1.453125 0.828125
vt 1.502930 0.655273
vt -0.504883 0.655273
vt 1.496094 0.794922
vt -0.498047 0.794922
vt 0.497070 -1.694336
vt 0.497070 -2.070312
vt -1.500977 -2.070312
vt -1.500977 -2.196289
vt 0.497070 -2.196289
vt -1.500977 -1.770508
vt 0.497070 -1.770508
vt 2.943359 -1.679688
vt 2.943359 -2.043945
vt 3.501953 -2.043945
vt 3.501953 -2.194336
vt 2.943359 -2.194336
vt 3.501953 -1.774414
vt 2.943359 -1.774414
vt 2.884766 1.042969
vt 2.884766 0.803711
vt 2.593750 0.803711
vt 2.497070 0.652344
vt 2.884766 0.652344
vt 2.593750 0.796875
vt 2.884766 0.796875
vt 2.943359 -1.774414
vt 2.943359 -2.194336
vt 2.502930 -2.194336
vt 2.502930 -2.043945
vt 2.943359 -2.043945
vt 2.589844 -1.679688
vt 2.943359 -1.679688
vt -0.498047 0.794922
vt -0.504883 0.655273
vt 0.690430 0.660156
vt 0.553711 0.799805
vt -0.495117 0.799805
vt -0.024414 1.046875
vt -0.422852 1.047852
vt 0.497070 -1.694336
vt -1.500977 -2.070312
vt 0.497070 -2.070312
vt 0.497070 -2.196289
vt -1.500977 -2.196289
vt 0.497070 -1.770508
vt -1.500977 -1.770508
vt -0.498047 0.794922
vt -0.504883 0.655273
vt 1.496094 0.794922
vt 1.502930 0.655273
vt -0.498047 0.799805
vt 1.496094 0.799805
vt 1.420898 1.045898
vt 0.959961 1.397461
vt 0.499023 1.046875
vt 0.499023 1.397461
vt 0.038086 1.397461
vt 0.038086 1.046875
vt -0.422852 1.397461
vt -0.422852 1.047852
vt -0.501953 -1.694336
vt -0.501953 -2.070312
vt -0.001953 -1.694336
vt -0.001953 -2.070312
vt -0.001953 -2.196289
vt 0.497070 -2.196289
vt 0.497070 -1.770508
vt -1.500977 -1.694336
vt -1.500977 -2.070312
vt -1.000977 -1.694336
vt -1.000977 -2.070312
vt -1.000977 -2.196289
vt -0.501953 -2.196289
vt -0.501953 -1.770508
vt 0.499023 0.794922
vt -0.002930 0.655273
vt 0.499023 0.655273
vt 0.499023 0.799805
vt 0.000000 0.799805
vt 0.345703 1.046875
vt -0.039062 1.046875
vt -0.404297 -1.694336
vt -0.416992 -2.006836
vt -0.501953 -1.694336
vt -0.597656 -1.694336
vt -1.500977 -2.070312
vt -1.500977 -1.694336
vt -1.500977 -1.770508
vt -1.000977 -2.196289
vt -1.000977 -1.770508
vt -0.501953 -1.770508
vt -0.501953 -2.196289
vt -0.001953 -2.196289
vt -1.500977 -3.003906
vt -1.000977 -3.003906
vt -1.500977 -3.352539
vt -1.000977 -3.352539
vt -0.501953 -3.003906
vt -0.501953 -3.352539
vt -0.422852 1.047852
vt -0.039062 1.046875
vt -0.422852 1.397461
vt -0.030273 1.397461
vt 0.345703 1.046875
vt 0.361328 1.397461
vt 3.312500 1.042969
vt 2.884766 0.803711
vt 3.414062 0.802734
vt 3.496094 0.652344
vt 2.884766 0.652344
vt 2.884766 0.796875
vt 3.312500 1.042969
vt 2.884766 0.803711
vt 3.414062 0.802734
vt 3.496094 0.652344
vt 2.884766 0.652344
vt 2.884766 0.796875
vt -0.386719 -1.770508
vt -0.418945 -2.186523
vt -1.500977 -1.770508
vt -1.500977 -2.196289
vt -0.419922 -2.070312
vt -1.500977 -2.070312
vt 0.497070 -1.694336
vt -1.500977 -2.070312
vt 0.497070 -2.070312
vt 0.497070 -2.196289
vt -1.500977 -2.196289
vt -1.500977 -1.770508
vt -0.498047 0.794922
vt -0.002930 0.655273
vt 0.000977 0.794922
vt 0.499023 0.794922
vt 0.499023 0.655273
vt 0.998047 0.794922
vt -1.000977 -1.694336
vt -1.000977 -2.070312
vt -0.501953 -1.694336
vt -0.501953 -2.070312
vt -0.501953 -2.196289
vt -0.001953 -2.196289
vt -1.500977 -3.003906
vt -1.000977 -3.003906
vt -1.500977 -2.603516
vt -1.000977 -2.603516
vt -0.501953 -3.003906
vt -0.501953 -2.603516
vt -1.500977 -1.770508
vt -1.500977 -2.196289
vt -0.418945 -2.186523
vt -0.419922 -2.070312
vt -1.500977 -2.070312
vt -0.194336 -0.653320
vt -0.245117 -0.346680
vt -0.386719 -0.653320
vt -1.500977 -0.653320
vt -1.500977 -0.346680
vt -1.500977 -2.603516
vt -0.501953 -2.603516
vt -1.500977 -3.003906
vt 0.497070 -3.003906
vt 0.497070 -2.603516
vt -1.500977 -2.196289
vt -1.500977 -2.070312
vt 0.497070 -2.196289
vt 0.497070 -2.070312
vt 0.497070 -1.694336
vt 0.000977 0.794922
vt -0.002930 0.655273
vt -0.498047 0.794922
vt -0.504883 0.655273
vt -0.498047 0.799805
vt -1.500977 -2.603516
vt -0.501953 -2.603516
vt -1.500977 -3.003906
vt 0.497070 -3.003906
vt 0.497070 -2.603516
vt 0.499023 1.046875
vt 0.959961 1.046875
vt 0.959961 1.397461
vt 1.420898 1.397461
vt 1.420898 1.045898
vt 0.499023 0.799805
vt 1.000977 0.655273
vt 0.997070 0.799805
vt 1.496094 0.799805
vt 1.502930 0.655273
vt -0.501953 -1.770508
vt -0.001953 -2.196289
vt -0.001953 -1.770508
vt 0.497070 -1.770508
vt 0.497070 -2.196289
vt 0.000977 0.794922
vt 0.499023 0.794922
vt -0.002930 0.655273
vt 0.499023 0.655273
vt 0.998047 0.794922
vt -1.500977 -2.603516
vt -1.000977 -2.603516
vt -1.000977 -3.003906
vt -0.501953 -3.003906
vt -0.501953 -2.603516
vt -0.501953 -0.653320
vt -1.000977 -0.346680
vt -1.000977 -0.653320
vt -1.500977 -0.653320
vt -1.500977 -0.346680
vt 3.312500 1.042969
vt 3.414062 0.802734
vt 2.884766 0.803711
vt 3.496094 0.652344
vt 3.496094 0.803711
vt 2.884766 0.803711
vt 3.496094 0.652344
vt 2.884766 0.652344
vt 2.884766 0.796875
vt 3.496094 0.796875
vt 3.312500 1.042969
vt 3.414062 0.802734
vt 2.884766 0.803711
vt 3.496094 0.652344
vt 3.496094 0.803711
vt 2.884766 0.803711
vt 3.496094 0.652344
vt 2.884766 0.652344
vt 2.884766 0.796875
vt 3.496094 0.796875
vt -0.501953 -1.694336
vt -0.597656 -1.694336
vt -0.416992 -2.006836
vt -1.500977 -2.070312
vt -1.500977 -1.694336
vt -1.500977 -0.346680
vt -0.245117 -0.346680
vt -1.500977 -0.653320
vt -0.386719 -0.653320
vt -0.194336 -0.653320
vt 0.497070 -2.603516
vt -0.501953 -2.603516
vt 0.497070 -3.003906
vt -1.500977 -3.003906
vt -1.500977 -2.603516
vt -1.000977 -1.770508
vt -1.000977 -2.196289
vt -1.500977 -1.770508
vt -1.500977 -2.196289
vt -1.500977 -2.070312
vt 0.497070 -2.603516
vt -0.501953 -2.603516
vt 0.497070 -3.003906
vt -1.500977 -3.003906
vt -1.500977 -2.603516
vt 1.420898 1.045898
vt 0.959961 1.046875
vt 1.420898 1.397461
vt 0.959961 1.397461
vt 0.499023 1.046875
vt 1.502930 0.655273
vt 1.000977 0.655273
vt 1.496094 0.799805
vt 0.997070 0.799805
vt 0.499023 0.799805
vt -0.001953 -1.694336
vt -0.001953 -2.070312
vt 0.497070 -1.694336
vt 0.497070 -2.070312
vt 0.497070 -2.196289
vt -1.500977 -3.352539
vt -1.000977 -3.352539
vt -1.000977 -3.003906
vt -0.501953 -3.003906
vt -0.501953 -3.352539
vt -1.500977 -2.070312
vt -1.500977 -2.196289
vt -1.000977 -2.196289
vt -1.000977 -1.770508
vt -1.500977 -1.770508
vt -1.500977 -0.346680
vt -1.000977 -0.346680
vt -1.500977 -0.653320
vt -1.000977 -0.653320
vt -0.501953 -0.653320
vt -0.422852 1.397461
vt -0.030273 1.397461
vt -0.039062 1.046875
vt 0.345703 1.046875
vt 0.361328 1.397461
vt -1.000977 -1.694336
vt -1.000977 -2.070312
vt -0.501953 -1.694336
vt -0.501953 -2.070312
vt -0.501953 -2.196289
vt -2.332031 -1.689453
vt -2.077148 -1.810547
vt -1.667969 -1.898438
vt -1.860352 -1.927734
vt -0.020508 1.397461
vt -0.422852 1.397461
vt -0.024414 1.046875
vt -0.422852 1.047852
vt -1.500977 -2.603516
vt -0.605469 -2.603516
vt -1.500977 -3.003906
vt -0.606445 -3.003906
vt -0.598633 -3.335938
vt -1.500977 -3.352539
vt -0.606445 -3.003906
vt -1.500977 -3.003906
vt 1.420898 1.397461
vt -0.422852 1.397461
vt 1.420898 1.045898
vt -0.422852 1.047852
vt -1.500977 -3.352539
vt -1.500977 -3.003906
vt 0.497070 -3.352539
vt 0.497070 -3.003906
vt 0.497070 -1.770508
vt -1.500977 -1.770508
vt 0.497070 -2.196289
vt -1.500977 -2.196289
vt -1.500977 -0.346680
vt -1.500977 -0.653320
vt 0.497070 -0.346680
vt 0.497070 -0.653320
vt -1.500977 -2.070312
vt -1.000977 -2.196289
vt -1.500977 -2.196289
vt -1.500977 -1.770508
vt -0.422852 1.397461
vt -0.422852 1.047852
vt 1.420898 1.397461
vt 1.420898 1.045898
vt -1.500977 -3.352539
vt -1.500977 -3.003906
vt 0.497070 -3.352539
vt 0.497070 -3.003906
vt -1.500977 -0.346680
vt -1.500977 -0.653320
vt 0.497070 -0.346680
vt 0.497070 -0.653320
vt 1.328125 -0.956055
vt 1.352539 -1.205078
vt 1.252930 -1.205078
vt 1.328125 -0.956055
vt -1.482422 -3.602539
vt -2.040039 -3.602539
vt -1.482422 -3.986328
vt -2.040039 -3.986328
vt -1.482422 -3.002930
vt -2.040039 -3.002930
vt -1.482422 -3.347656
vt -2.040039 -3.347656
vt -1.799805 -2.347656
vt -1.503906 -2.347656
vt -1.799805 -2.618164
vt -1.503906 -2.618164
vt -1.799805 -2.618164
vt -2.000977 -2.618164
vt -1.799805 -2.347656
vt -2.000977 -2.347656
vt -2.040039 -3.002930
vt -2.480469 -3.002930
vt -2.040039 -3.347656
vt -2.394531 -3.347656
vt -2.040039 -3.602539
vt -2.480469 -3.602539
vt -2.040039 -3.986328
vt -2.480469 -3.986328
vt 2.488281 1.826172
vt 3.487305 1.826172
vt 2.800781 1.708984
vt 3.487305 1.708984
vt -1.482422 -3.602539
vt -1.482422 -3.986328
vt -2.040039 -3.602539
vt -2.040039 -3.986328
vt -1.482422 -3.002930
vt -1.482422 -3.347656
vt -2.040039 -3.002930
vt -2.040039 -3.347656
vt -1.799805 -2.347656
vt -1.799805 -2.618164
vt -1.503906 -2.347656
vt -1.503906 -2.618164
vt -1.799805 -2.618164
vt -1.799805 -2.347656
vt -2.000977 -2.618164
vt -2.000977 -2.347656
vt -2.040039 -3.002930
vt -2.040039 -3.347656
vt -2.480469 -3.002930
vt -2.394531 -3.347656
vt -2.040039 -3.602539
vt -2.040039 -3.986328
vt -2.480469 -3.602539
vt -2.480469 -3.986328
vt 2.488281 1.826172
vt 2.800781 1.708984
vt 3.487305 1.826172
vt 3.487305 1.708984
vt -1.500977 -1.000000
vt -1.500977 -1.249023
vt 0.497070 -1.000000
vt 0.497070 -1.249023
vt -1.500977 -2.603516
vt 0.497070 -2.603516
vt -1.500977 -3.003906
vt 0.497070 -3.003906
vt -1.500977 -3.003906
vt 0.497070 -3.003906
vt -1.500977 -3.352539
vt 0.497070 -3.352539
vt -1.500977 -0.653320
vt 0.497070 -0.653320
vt -1.500977 -0.346680
vt 0.497070 -0.346680
vt -1.500977 -1.000000
vt -1.500977 -1.249023
vt 0.497070 -1.000000
vt 0.497070 -1.249023
vt -1.500977 -2.603516
vt 0.497070 -2.603516
vt -1.500977 -3.003906
vt 0.497070 -3.003906
vt -1.500977 -3.003906
vt 0.497070 -3.003906
vt -1.500977 -3.352539
vt 0.497070 -3.352539
vt -1.500977 -0.653320
vt 0.497070 -0.653320
vt -1.500977 -0.346680
vt 0.497070 -0.346680
vt -1.482422 -3.602539
vt -1.482422 -3.986328
vt -2.040039 -3.602539
vt -2.040039 -3.986328
vt -1.482422 -3.002930
vt -1.482422 -3.347656
vt -2.040039 -3.002930
vt -2.040039 -3.347656
vt -1.799805 -2.347656
vt -1.799805 -2.618164
vt -1.503906 -2.347656
vt -1.503906 -2.618164
vt -1.799805 -2.618164
vt -1.799805 -2.347656
vt -2.000977 -2.618164
vt -2.000977 -2.347656
vt -2.040039 -3.002930
vt -2.040039 -3.347656
vt -2.480469 -3.002930
vt -2.394531 -3.347656
vt -2.040039 -3.602539
vt -2.040039 -3.986328
vt -2.480469 -3.602539
vt -2.480469 -3.986328
vt 2.488281 1.826172
vt 2.800781 1.708984
vt 3.487305 1.826172
vt 3.487305 1.708984
vt -1.482422 -3.602539
vt -2.040039 -3.602539
vt -1.482422 -3.986328
vt -2.040039 -3.986328
vt -1.482422 -3.002930
vt -2.040039 -3.002930
vt -1.482422 -3.347656
vt -2.040039 -3.347656
vt -1.799805 -2.347656
vt -1.503906 -2.347656
vt -1.799805 -2.618164
vt -1.503906 -2.618164
vt -1.799805 -2.618164
vt -2.000977 -2.618164
vt -1.799805 -2.347656
vt -2.000977 -2.347656
vt -2.040039 -3.002930
vt -2.480469 -3.002930
vt -2.040039 -3.347656
vt -2.394531 -3.347656
vt -2.040039 -3.602539
vt -2.480469 -3.602539
vt -2.040039 -3.986328
vt -2.480469 -3.986328
vt 2.488281 1.826172
vt 3.487305 1.826172
vt 2.800781 1.708984
vt 3.487305 1.708984
vt -2.332031 -1.689453
vt -1.667969 -1.898438
vt -2.077148 -1.810547
vt -1.860352 -1.927734
vt -0.020508 1.397461
vt -0.024414 1.046875
vt -0.422852 1.397461
vt -0.422852 1.047852
vt -1.500977 -2.603516
vt -1.500977 -3.003906
vt -0.605469 -2.603516
vt -0.606445 -3.003906
vt -0.598633 -3.335938
vt -0.606445 -3.003906
vt -1.500977 -3.352539
vt -1.500977 -3.003906
vt 1.420898 1.397461
vt 1.420898 1.045898
vt -0.422852 1.397461
vt -0.422852 1.047852
vt -1.500977 -3.352539
vt 0.497070 -3.352539
vt -1.500977 -3.003906
vt 0.497070 -3.003906
vt -1.500977 -0.346680
vt 0.497070 -0.346680
vt -1.500977 -0.653320
vt 0.497070 -0.653320
vt -0.498047 0.799805
vt -0.002930 0.655273
vt -0.504883 0.655273
vt -0.498047 0.794922
vt -0.422852 1.397461
vt 1.420898 1.397461
vt -0.422852 1.047852
vt 1.420898 1.045898
vt -1.500977 -3.352539
vt 0.497070 -3.352539
vt -1.500977 -3.003906
vt 0.497070 -3.003906
vt -1.500977 -0.346680
vt 0.497070 -0.346680
vt -1.500977 -0.653320
vt 0.497070 -0.653320
vt 1.328125 -0.956055
vt 1.252930 -1.205078
vt 1.352539 -1.205078
vt 1.328125 -0.956055
vt -1.500977 -1.770508
vt -0.418945 -2.186523
vt -0.386719 -1.770508
vt 1.420898 1.045898
vt -0.422852 1.047852
vt 1.496094 0.799805
vt -1.500977 -2.070312
vt -1.500977 -1.694336
vt 0.497070 -1.694336
vt -1.500977 -2.603516
vt -1.000977 -3.003906
vt -1.500977 -3.003906
vt -1.000977 -3.003906
vt -1.500977 -3.352539
vt -1.500977 -3.003906
vt -1.500977 -0.653320
vt -1.000977 -0.346680
vt -1.500977 -0.346680
vt -0.422852 1.047852
vt -0.498047 0.799805
vt 1.420898 1.045898
vt -1.500977 -2.070312
vt -1.500977 -1.694336
vt 0.497070 -1.694336
vt 0.039062 1.777344
vt 0.078125 2.043945
vt -0.068359 1.777344
vt -0.082031 2.043945
vt 0.039062 1.773438
vt -0.068359 1.773438
vt -1.592773 2.043945
vt -1.812500 1.778320
vt -1.700195 1.778320
vt -1.812500 1.775391
vt -1.896484 2.043945
vt -1.700195 1.774414
vt 1.502930 0.655273
vt 1.000977 0.655273
vt 1.496094 0.794922
vt -0.024414 1.046875
vt 0.553711 0.799805
vt 0.374023 1.046875
vt -1.000977 -3.003906
vt -1.500977 -3.003906
vt -1.500977 -2.603516
vt -1.500977 -2.070312
vt -1.500977 -1.694336
vt -1.000977 -1.694336
vt -0.504883 0.655273
vt -0.498047 0.794922
vt 0.000977 0.794922
vt -0.002930 0.655273
vt 0.000977 0.794922
vt 0.499023 0.794922
vt -0.501953 -0.346680
vt -1.000977 -0.346680
vt -0.501953 -0.653320
vt 2.884766 0.803711
vt 2.884766 1.042969
vt 3.312500 1.042969
vt 3.501953 -1.679688
vt 2.943359 -1.679688
vt 3.501953 -2.043945
vt 2.884766 1.042969
vt 2.593750 0.803711
vt 2.690430 1.042969
vt 2.677734 -1.774414
vt 2.943359 -1.774414
vt 2.502930 -2.194336
vt 3.312500 1.042969
vt 2.884766 1.042969
vt 2.884766 0.803711
vt 3.414062 0.802734
vt 3.496094 0.652344
vt 3.496094 0.803711
vt 2.884766 0.796875
vt 3.496094 0.796875
vt 3.496094 0.652344
vt -0.443359 0.830078
vt 1.416992 1.045898
vt -0.422852 1.047852
vt -0.443359 0.830078
vt -0.498047 0.831055
vt -0.504883 0.655273
vt 1.502930 0.655273
vt 1.496094 0.827148
vt 1.453125 0.828125
vt -1.500977 -2.070312
vt -1.500977 -1.694336
vt 0.497070 -1.694336
vt -0.443359 0.830078
vt 1.416992 1.045898
vt -0.422852 1.047852
vt -0.443359 0.830078
vt -0.498047 0.831055
vt -0.504883 0.655273
vt 1.502930 0.655273
vt 1.496094 0.827148
vt 1.453125 0.828125
vt -1.500977 -2.070312
vt -1.500977 -1.694336
vt 0.497070 -1.694336
vt 3.312500 1.042969
vt 2.884766 1.042969
vt 2.884766 0.803711
vt 3.414062 0.802734
vt 3.496094 0.652344
vt 3.496094 0.803711
vt 2.884766 0.796875
vt 3.496094 0.796875
vt 3.496094 0.652344
vt 2.884766 0.803711
vt 2.884766 1.042969
vt 3.312500 1.042969
vt 3.501953 -1.679688
vt 2.943359 -1.679688
vt 3.501953 -2.043945
vt 2.884766 1.042969
vt 2.593750 0.803711
vt 2.690430 1.042969
vt 2.677734 -1.774414
vt 2.943359 -1.774414
vt 2.502930 -2.194336
vt -0.404297 -1.694336
vt -0.501953 -1.694336
vt -0.416992 -2.006836
vt 0.690430 0.660156
vt 0.799805 0.794922
vt -0.498047 0.794922
vt 0.497070 -1.694336
vt -1.500977 -1.694336
vt -1.500977 -2.070312
vt -1.500977 -1.770508
vt 0.497070 -1.770508
vt 0.497070 -2.196289
vt -1.500977 -3.003906
vt -1.500977 -3.352539
vt -1.000977 -3.003906
vt 1.420898 1.045898
vt -0.498047 0.799805
vt -0.422852 1.047852
vt 0.497070 -1.694336
vt -1.500977 -1.694336
vt -1.500977 -2.070312
vt -0.068359 1.777344
vt 0.078125 2.043945
vt 0.039062 1.777344
vt -0.068359 1.773438
vt 0.039062 1.773438
vt -0.082031 2.043945
vt -1.700195 1.778320
vt -1.812500 1.778320
vt -1.592773 2.043945
vt -1.700195 1.774414
vt -1.896484 2.043945
vt -1.812500 1.775391
vt -1.000977 -2.196289
vt -1.000977 -1.770508
vt -0.501953 -1.770508
vt 1.496094 0.794922
vt 1.000977 0.655273
vt 1.502930 0.655273
vt 0.374023 1.046875
vt 0.553711 0.799805
vt -0.024414 1.046875
vt -1.500977 -3.003906
vt -1.500977 -3.352539
vt -1.000977 -3.003906
vt -0.422852 1.397461
vt -0.039062 1.046875
vt -0.422852 1.047852
vt 0.499023 0.794922
vt 0.000977 0.794922
vt -0.002930 0.655273
vt -0.501953 -0.653320
vt -1.000977 -0.346680
vt -0.501953 -0.346680
vt -1.000977 -2.196289
vt -1.000977 -1.770508
vt -0.501953 -1.770508
vn 0.7299 -0.5991 0.3292
vn 0.7034 -0.4440 0.5551
vn 0.6625 -0.6779 0.3186
vn 0.5857 -0.7600 0.2818
vn 0.5301 -0.6598 0.5326
vn 0.4008 -0.6129 0.6810
vn 0.4170 -0.7755 0.4741
vn 0.5061 -0.6851 0.5239
vn 0.4512 -0.7618 0.4650
vn 0.3232 -0.6719 0.6664
vn 0.2012 -0.6821 0.7031
vn 0.2581 -0.7720 0.5808
vn 0.4355 -0.6539 0.6187
vn 0.3832 -0.5696 0.7271
vn 0.2887 -0.7571 0.5861
vn 0.0835 -0.5693 0.8179
vn 0.0768 -0.6714 0.7371
vn 0.0418 -0.7656 0.6420
vn 0.1015 -0.5945 0.7977
vn 0.9012 0.0000 -0.4335
vn 0.8210 -0.0887 -0.5640
vn 0.9255 -0.1523 -0.3468
vn 0.8871 0.1763 -0.4267
vn 0.6839 -0.1763 -0.7080
vn 0.5940 -0.0861 -0.7998
vn 0.6133 0.1464 -0.7761
vn 0.7892 0.0981 -0.6063
vn 0.7483 -0.1284 -0.6508
vn 0.6864 0.1546 -0.7106
vn 0.4366 -0.1546 -0.8863
vn 0.3030 -0.0724 -0.9502
vn 0.3756 0.1389 -0.9163
vn 0.5611 0.0679 -0.8249
vn 0.5008 -0.1481 -0.8528
vn 0.4379 0.1335 -0.8890
vn 0.1245 -0.1648 -0.9784
vn 0.1262 0.0000 -0.9920
vn 0.0305 0.1720 -0.9846
vn 0.7298 -0.5991 -0.3292
vn 0.7197 -0.5898 -0.3662
vn 0.7767 -0.5235 -0.3504
vn 0.6557 -0.6793 -0.3296
vn 0.5644 -0.7753 -0.2835
vn 0.7589 -0.6340 0.1488
vn 0.7135 0.5636 -0.4162
vn 0.9309 -0.1772 -0.3193
vn 0.9785 0.1124 -0.1731
vn 0.4334 0.1792 -0.8832
vn 0.6191 -0.1590 -0.7691
vn 0.4043 -0.8596 -0.3125
vn -0.3942 0.8818 0.2589
vn 0.4029 0.8348 -0.3753
vn 0.3246 0.9044 -0.2770
vn 0.1395 0.9160 -0.3761
vn 0.2172 0.8490 -0.4816
vn 0.1434 0.8671 -0.4771
vn 0.2555 0.8928 -0.3710
vn 0.2416 0.8477 -0.4723
vn 0.1935 0.9250 -0.3270
vn -0.0050 0.9303 -0.3668
vn 0.0367 0.8480 -0.5288
vn 0.0313 0.8924 -0.4502
vn 0.9209 0.0000 -0.3899
vn 0.8339 -0.0735 -0.5471
vn 0.9322 -0.1787 -0.3148
vn 0.9035 0.1932 -0.3825
vn 0.6911 -0.1932 -0.6965
vn 0.5939 -0.0646 -0.8019
vn 0.6346 0.1761 -0.7525
vn 0.8161 0.0795 -0.5725
vn 0.7415 -0.1433 -0.6555
vn 0.6972 0.1564 -0.6996
vn 0.4436 -0.1572 -0.8824
vn 0.2754 -0.0425 -0.9604
vn 0.3958 0.1486 -0.9062
vn 0.5827 0.0115 -0.8126
vn 0.5034 -0.2047 -0.8394
vn 0.4503 0.1503 -0.8802
vn 0.0741 -0.2186 -0.9730
vn 0.0782 -0.0231 -0.9967
vn -0.0030 0.1837 -0.9830
vn 0.0693 0.0000 -0.9976
vn 0.7978 0.4695 0.3783
vn 0.7397 0.5995 0.3057
vn 0.8518 0.3337 0.4039
vn 0.6707 0.3419 0.6582
vn 0.5596 0.5848 0.5872
vn 0.5599 0.3930 0.7294
vn 0.6658 0.5681 0.4837
vn 0.5550 0.6271 0.5465
vn 0.6656 0.3991 0.6306
vn 0.4152 0.3885 0.8226
vn 0.3197 0.6208 0.7158
vn 0.1894 0.6007 0.7767
vn 0.5804 0.2107 0.7866
vn 0.3904 0.5283 0.7539
vn 0.5052 0.1836 0.8433
vn 0.0878 0.1797 0.9798
vn 0.0574 0.5176 0.8537
vn 0.0982 0.1845 0.9779
vn 0.2097 0.6869 0.6958
vn 0.0360 0.5298 0.8474
vn 0.0223 0.5166 0.8559
vn 0.9012 0.0000 0.4335
vn 0.8871 0.1763 0.4267
vn 0.9269 -0.1829 0.3277
vn 0.6879 -0.1406 0.7121
vn 0.6133 0.1464 0.7761
vn 0.5940 -0.0861 0.7998
vn 0.7892 0.0981 0.6062
vn 0.6864 0.1546 0.7106
vn 0.7483 -0.1284 0.6508
vn 0.4365 -0.1546 0.8863
vn 0.3756 0.1389 0.9163
vn 0.3030 -0.0724 0.9502
vn 0.5611 0.0679 0.8249
vn 0.4358 0.1648 0.8848
vn 0.5008 -0.1481 0.8528
vn 0.1245 -0.1648 0.9784
vn 0.0461 0.1446 0.9884
vn 0.1262 0.0000 0.9920
vn 0.2679 0.0790 0.9602
vn 0.6718 0.6759 0.3031
vn 0.5893 0.7728 0.2356
vn 0.7520 0.5652 0.3392
vn 0.5677 0.5777 0.5864
vn 0.4223 0.7709 0.4769
vn 0.4478 0.6435 0.6208
vn 0.5869 0.6931 0.4185
vn 0.4512 0.7618 0.4650
vn 0.5757 0.5962 0.5595
vn 0.3460 0.6088 0.7139
vn 0.2581 0.7720 0.5809
vn 0.2012 0.6821 0.7031
vn 0.4355 0.6539 0.6187
vn 0.2910 0.7613 0.5794
vn 0.3832 0.5696 0.7271
vn 0.0835 0.5693 0.8179
vn 0.0386 0.7607 0.6479
vn 0.0703 0.7347 0.6747
vn 0.2366 0.5176 0.8223
vn 0.1015 0.5945 0.7977
vn 0.1131 0.5943 0.7962
vn 0.8972 -0.1828 0.4020
vn 0.6849 -0.1678 0.7090
vn 0.6629 0.1738 0.7282
vn 0.5767 -0.0255 0.8165
vn 0.8089 0.0291 0.5872
vn 0.7048 -0.1525 0.6928
vn 0.4197 0.1535 0.8946
vn 0.2890 -0.0200 0.9571
vn 0.5742 0.0188 0.8185
vn 0.4537 -0.1636 0.8760
vn 0.1023 0.1633 0.9813
vn 0.2865 0.0223 0.9578
vn 0.9209 0.0000 0.3899
vn 0.9035 0.1932 0.3825
vn 0.9309 -0.2039 0.3030
vn 0.6946 -0.1657 0.7001
vn 0.6346 0.1761 0.7525
vn 0.7043 0.0000 0.7099
vn 0.8161 0.0795 0.5725
vn 0.7059 0.0533 0.7063
vn 0.4491 0.0000 0.8935
vn 0.2754 -0.0425 0.9604
vn 0.6585 0.0467 0.7511
vn 0.4464 0.1775 0.8771
vn 0.5034 -0.2047 0.8395
vn 0.0767 -0.2186 0.9728
vn 0.0097 0.1594 0.9872
vn 0.0781 -0.0420 0.9961
vn 0.2496 0.0914 0.9640
vn 0.0693 0.0000 0.9976
vn 0.0635 0.0000 0.9980
vn 0.0604 -0.6347 0.7704
vn -0.0267 -0.7451 0.6664
vn 0.0669 -0.5170 0.8534
vn 0.4136 -0.5070 0.7563
vn 0.3541 -0.7345 0.5789
vn -0.2045 -0.9159 -0.3453
vn -0.1393 0.9353 -0.3252
vn 0.3808 0.4905 0.7838
vn 0.2934 0.6834 0.6685
vn 0.5374 0.6844 0.4927
vn 0.6183 0.4988 0.6074
vn 0.6369 0.6309 0.4431
vn 0.5355 0.4842 0.6919
vn 0.6442 0.4000 0.6520
vn 0.5011 0.6709 0.5467
vn 0.6809 0.6866 0.2549
vn 0.8334 0.4271 0.3507
vn 0.7731 0.5413 0.3307
vn 0.6704 0.6025 0.4331
vn 0.7559 0.5712 0.3200
vn 0.7532 0.5736 0.3220
vn 0.7559 0.5712 -0.3200
vn 0.6704 0.6025 -0.4331
vn 0.7532 0.5736 -0.3220
vn 0.7731 0.5413 -0.3307
vn 0.8334 0.4271 -0.3508
vn 0.6809 0.6866 -0.2548
vn 0.6442 0.4000 -0.6520
vn 0.5356 0.4842 -0.6919
vn 0.5011 0.6709 -0.5466
vn 0.6369 0.6309 -0.4431
vn 0.6183 0.4988 -0.6074
vn 0.5374 0.6844 -0.4928
vn 0.3808 0.4905 -0.7838
vn -0.1393 0.9353 0.3253
vn 0.2934 0.6834 -0.6684
vn -0.2045 -0.9159 0.3453
vn 0.3541 -0.7345 -0.5789
vn 0.4137 -0.5070 -0.7562
vn -0.0267 -0.7451 -0.6664
vn 0.0604 -0.6347 -0.7704
vn 0.0669 -0.5169 -0.8534
vn 0.0360 0.5298 -0.8474
vn 0.2097 0.6869 -0.6958
vn 0.0223 0.5166 -0.8559
vn 0.0982 0.1845 -0.9779
vn 0.0574 0.5175 -0.8537
vn 0.0879 0.1797 -0.9798
vn 0.3905 0.5283 -0.7540
vn 0.5804 0.2107 -0.7866
vn 0.5052 0.1836 -0.8433
vn 0.1894 0.6007 -0.7767
vn 0.3198 0.6208 -0.7158
vn 0.4151 0.3885 -0.8226
vn 0.5549 0.6272 -0.5465
vn 0.6658 0.5682 -0.4837
vn 0.6655 0.3991 -0.6307
vn 0.5599 0.3930 -0.7294
vn 0.5596 0.5848 -0.5872
vn 0.6707 0.3420 -0.6582
vn 0.7397 0.5995 -0.3057
vn 0.7978 0.4695 -0.3783
vn 0.8518 0.3337 -0.4039
vn 0.1015 0.5945 -0.7977
vn 0.2366 0.5176 -0.8223
vn 0.1131 0.5943 -0.7962
vn 0.0703 0.7348 -0.6747
vn 0.0385 0.7607 -0.6479
vn 0.0835 0.5693 -0.8179
vn 0.2910 0.7613 -0.5794
vn 0.4355 0.6539 -0.6187
vn 0.3833 0.5696 -0.7271
vn 0.2013 0.6820 -0.7031
vn 0.2581 0.7720 -0.5809
vn 0.3459 0.6088 -0.7139
vn 0.4512 0.7618 -0.4650
vn 0.5869 0.6931 -0.4185
vn 0.5757 0.5962 -0.5595
vn 0.4478 0.6434 -0.6208
vn 0.4222 0.7709 -0.4768
vn 0.5677 0.5777 -0.5865
vn 0.5893 0.7728 -0.2356
vn 0.6718 0.6759 -0.3031
vn 0.7520 0.5652 -0.3392
vn -0.1285 -0.7842 0.6070
vn -0.0141 -0.6429 0.7658
vn -0.0988 -0.8718 0.4799
vn -0.1702 -0.6732 0.7196
vn -0.1383 -0.7291 0.6703
vn -0.7516 -0.5122 0.4156
vn 0.6031 0.7763 -0.1834
vn -0.1757 0.6178 0.7665
vn -0.0909 0.9812 0.1700
vn -0.7620 0.4192 0.4936
vn -0.1759 0.5916 0.7868
vn -0.1550 0.6044 0.7815
vn -0.2017 0.5011 0.8415
vn -0.1806 0.5596 0.8088
vn -0.1781 0.5306 0.8287
vn -0.1518 0.5360 0.8304
vn -0.1807 0.5531 0.8133
vn -0.1802 0.5565 0.8111
vn 0.4815 0.8765 -0.0000
vn 0.5169 0.6980 0.4956
vn -0.0200 0.9929 0.1171
vn 0.4462 0.7438 -0.4976
vn 0.8606 -0.0001 0.5092
vn 0.9981 -0.0071 0.0610
vn 0.8544 -0.5162 -0.0597
vn 0.8544 0.0597 -0.5162
vn 0.9981 0.0610 0.0071
vn 0.8807 0.0266 -0.4729
vn 0.1597 -0.9825 0.0960
vn 0.7676 -0.6409 -0.0066
vn 0.7075 -0.6632 -0.2441
vn 0.6692 -0.6671 0.3274
vn 0.7593 -0.6453 0.0841
vn 0.7343 -0.6740 0.0813
vn 0.7395 -0.6731 -0.0000
vn 0.7453 -0.5667 -0.3513
vn 0.4533 -0.8875 -0.0827
vn 0.6897 -0.6278 0.3609
vn 0.9326 -0.0000 -0.3609
vn 0.8606 0.0873 -0.5017
vn 0.9326 0.3555 0.0619
vn 0.9326 -0.0619 0.3555
vn 0.8607 -0.5016 -0.0873
vn 0.8607 -0.0000 0.5092
vn 0.4144 0.7543 -0.5092
vn -0.0053 0.9849 0.1730
vn 0.5661 0.6710 0.4789
vn 0.6574 0.4056 0.6350
vn 0.6890 0.4038 0.6019
vn 0.6601 0.3971 0.6376
vn 0.6490 0.4145 0.6379
vn 0.6707 0.3873 0.6326
vn 0.6270 0.4021 0.6673
vn 0.6504 0.4581 0.6059
vn 0.1880 0.4727 0.8610
vn 0.6219 0.4826 0.6167
vn 0.6186 0.4612 0.6361
vn 0.2821 0.8314 0.4788
vn 0.7892 0.5972 0.1430
vn 0.1014 -0.6704 0.7350
vn 0.6003 -0.5383 0.5914
vn 0.4169 -0.8812 0.2227
vn 0.8199 -0.5658 0.0877
vn 0.5961 -0.5525 0.5825
vn 0.5994 -0.5456 0.5857
vn 0.4446 0.7833 0.4345
vn -0.0940 0.7762 0.6235
vn 0.4510 0.7761 0.4408
vn 0.4342 0.7905 0.4319
vn -0.0568 0.9818 0.1812
vn 0.4766 0.8676 -0.1420
vn 0.4523 -0.0011 0.8919
vn 0.5360 -0.0347 0.8435
vn 0.7081 -0.3158 0.6316
vn 0.8956 0.0494 0.4422
vn 0.6680 0.2222 0.7102
vn 0.8532 -0.0010 0.5216
vn 0.3066 -0.6339 0.7100
vn 0.6006 -0.5325 0.5965
vn 0.4962 -0.7714 0.3984
vn 0.7514 -0.5947 0.2858
vn 0.5928 -0.5559 0.5827
vn 0.5982 -0.5445 0.5880
vn 0.6955 -0.6330 0.3399
vn 1.0000 -0.0000 -0.0000
vn 0.8606 0.0871 -0.5017
vn 0.9243 -0.0652 0.3761
vn 0.8607 -0.5017 -0.0871
vn -0.0054 0.9850 0.1727
vn 0.5658 0.6712 0.4790
vn 0.6890 0.4039 0.6019
vn 0.6491 0.4145 0.6379
vn 0.6270 0.4020 0.6673
vn 0.6504 0.4580 0.6059
vn 0.6220 0.4826 0.6167
vn 0.7892 0.5972 0.1431
vn 0.6003 -0.5383 0.5915
vn 0.4169 -0.8813 0.2227
vn 0.8199 -0.5658 0.0878
vn 0.5961 -0.5524 0.5826
vn 0.4510 0.7761 0.4407
vn 0.4343 0.7905 0.4319
vn 0.4765 0.8676 -0.1420
vn 0.4522 -0.0011 0.8919
vn 0.5361 -0.0347 0.8435
vn 0.7081 -0.3159 0.6315
vn 0.6680 0.2223 0.7102
vn 0.3067 -0.6339 0.7100
vn 0.6005 -0.5325 0.5965
vn 0.7514 -0.5947 0.2859
vn -0.1259 0.5755 -0.8081
vn -0.1443 0.5622 -0.8143
vn -0.1261 0.5730 -0.8098
vn -0.1254 0.5780 -0.8063
vn -0.1283 0.5612 -0.8177
vn -0.1121 0.5656 -0.8171
vn -0.1342 0.6042 -0.7854
vn 0.5320 0.4268 -0.7313
vn -0.1210 0.6128 -0.7809
vn -0.1120 0.6036 -0.7894
vn -0.0085 0.9735 -0.2286
vn -0.7278 0.4471 -0.5200
vn 0.5405 -0.5013 -0.6756
vn -0.1137 -0.6728 -0.7310
vn -0.0453 -0.9898 -0.1350
vn -0.7212 -0.4826 -0.4970
vn -0.1138 -0.6726 -0.7312
vn 0.6344 -0.4460 -0.6313
vn 0.7396 -0.6731 0.0000
vn 0.1441 -0.9848 -0.0972
vn 0.5911 -0.4942 0.6375
vn 0.6112 0.4658 -0.6399
vn 0.7990 0.6009 0.0231
vn 0.2307 0.9669 0.1091
vn 0.6952 0.3544 0.6253
vn 0.7826 0.6225 0.0040
vn 0.7950 0.6052 -0.0416
vn 0.8658 0.4992 0.0344
vn 0.8428 0.5383 -0.0000
vn 0.8623 0.5063 -0.0097
vn 0.8356 0.5481 -0.0368
vn 0.8427 0.5383 -0.0000
vn -0.1254 0.5780 0.8063
vn -0.1120 0.5655 0.8171
vn -0.1297 0.5523 0.8235
vn -0.1235 0.6040 0.7873
vn -0.1210 0.6127 0.7810
vn 0.5319 0.4268 0.7314
vn -0.1120 0.6036 0.7894
vn -0.7278 0.4471 0.5200
vn -0.0085 0.9735 0.2286
vn 0.5405 -0.5013 0.6756
vn -0.0453 -0.9898 0.1350
vn -0.1137 -0.6728 0.7310
vn -0.7212 -0.4826 0.4969
vn -0.1138 -0.6726 0.7312
vn -0.0000 1.0000 0.0000
vn -0.0520 0.5648 0.8236
vn -0.0539 0.5635 0.8244
vn -0.0752 0.5453 0.8349
vn -0.0662 0.6043 0.7940
vn -0.0483 0.6408 0.7662
vn 0.5975 0.4325 0.6752
vn -0.0552 0.5649 0.8233
vn -0.6440 0.4378 0.6273
vn 0.0049 0.9476 0.3196
vn 0.5987 -0.5064 0.6205
vn -0.0322 -0.9900 0.1376
vn -0.0496 -0.6730 0.7380
vn -0.6375 -0.4761 0.6058
vn -0.0487 -0.6349 0.7710
vn -0.0506 -0.5963 0.8012
vn -0.0341 0.8405 0.5407
vn -0.4947 0.7092 0.5024
vn -0.0327 0.8547 0.5182
vn -0.0332 0.8253 0.5638
vn -0.0314 0.9895 0.1409
vn 0.4259 0.7198 0.5482
vn -0.5426 0.0008 0.8400
vn -0.0765 -0.0005 0.9971
vn -0.0398 -0.4739 0.8797
vn 0.4198 0.0134 0.9075
vn -0.0609 0.0161 0.9980
vn 0.3067 0.0000 0.9518
vn -0.0319 -0.9935 0.1092
vn -0.0447 -0.6729 0.7384
vn 0.3147 -0.6214 0.7175
vn 0.5911 -0.4942 -0.6375
vn -0.4373 -0.8873 0.1463
vn 0.7931 0.6019 0.0936
vn 0.2307 0.9669 -0.1091
vn 0.7990 0.6009 -0.0231
vn 0.6952 0.3544 -0.6253
vn 0.7949 0.6053 0.0416
vn 0.7826 0.6225 -0.0040
vn 0.8658 0.4991 -0.0344
vn 0.8624 0.5062 0.0097
vn 0.8356 0.5481 0.0368
vn 0.8367 0.5410 0.0847
vn 0.8454 0.5332 0.0307
vn 0.8951 0.4366 0.0906
vn 0.7599 0.6377 0.1260
vn 0.6993 0.7059 0.1125
vn 0.7191 0.6949 -0.0030
vn 0.8008 0.5918 0.0922
vn 0.7794 0.5865 0.2203
vn 0.7393 0.6649 0.1068
vn 0.8932 0.4496 0.0007
vn 0.9128 0.3919 0.1149
vn 0.8465 0.3504 -0.4008
vn -0.0911 -0.9842 0.1518
vn 0.8455 -0.5258 0.0936
vn 0.8223 -0.4067 -0.3980
vn 0.4761 0.8765 0.0712
vn 0.4457 0.6879 0.5729
vn 0.3681 0.9281 0.0551
vn 0.6089 0.7929 0.0224
vn 0.2489 0.9613 0.1182
vn 0.6591 0.6667 -0.3480
vn 0.8201 0.0158 0.5720
vn 0.9906 -0.0075 0.1369
vn 0.8814 -0.4722 0.0081
vn 0.9152 0.0651 -0.3977
vn 0.9944 0.0543 0.0902
vn 0.9705 0.0000 -0.2412
vn 0.3794 -0.9177 0.1176
vn 0.8135 -0.5777 0.0677
vn 0.8348 -0.5083 -0.2113
vn 0.6897 -0.6278 -0.3609
vn 0.1927 -0.9715 0.1382
vn 0.9961 -0.0000 0.0888
vn 0.9326 0.3555 -0.0617
vn 0.8606 0.0871 0.5017
vn 0.9326 -0.0617 -0.3556
vn 0.8607 -0.0000 -0.5092
vn 0.8607 -0.5017 0.0871
vn 0.4144 0.7543 0.5092
vn -0.0054 0.9850 -0.1727
vn 0.5658 0.6712 -0.4790
vn 0.6505 0.4155 -0.6357
vn 0.6270 0.4020 -0.6673
vn 0.6774 0.3757 -0.6324
vn 0.6403 0.4642 -0.6120
vn 0.6219 0.4827 -0.6167
vn 0.1879 0.4727 -0.8610
vn 0.6186 0.4612 -0.6361
vn 0.7892 0.5972 -0.1430
vn 0.2821 0.8314 -0.4788
vn 0.1014 -0.6704 -0.7350
vn 0.4169 -0.8812 -0.2227
vn 0.6003 -0.5383 -0.5915
vn 0.8199 -0.5658 -0.0877
vn 0.5994 -0.5456 -0.5857
vn 0.5961 -0.5525 -0.5825
vn 0.4346 0.7912 -0.4303
vn 0.4766 0.8676 0.1420
vn -0.2137 0.9729 -0.0881
vn 0.6070 -0.0000 -0.7947
vn 0.7081 -0.3158 -0.6316
vn 0.5360 -0.0347 -0.8435
vn 0.8956 0.0494 -0.4422
vn 0.8532 -0.0010 -0.5216
vn 0.6680 0.2222 -0.7102
vn 0.3066 -0.6339 -0.7100
vn 0.4962 -0.7714 -0.3984
vn 0.6005 -0.5325 -0.5965
vn 0.7514 -0.5947 -0.2858
vn 0.5982 -0.5445 -0.5880
vn 0.5928 -0.5559 -0.5827
vn 0.8826 0.4701 -0.0032
vn 0.8586 0.5106 0.0456
vn 0.8048 0.5932 0.0207
vn 0.7959 0.6055 -0.0001
vn 0.2620 0.7064 -0.6575
vn 0.7973 0.6036 -0.0012
vn 0.2439 0.7270 0.6418
vn 0.0402 0.9988 -0.0265
vn 0.6470 -0.5891 -0.4841
vn 0.3238 -0.9460 0.0145
vn 0.6578 -0.5791 0.4816
vn 0.6897 -0.6278 -0.3608
vn 0.1067 -0.9941 0.0199
vn 0.9999 0.0000 0.0127
vn 0.9326 0.3608 -0.0080
vn 0.8607 0.0113 0.5090
vn 0.9326 -0.0081 -0.3608
vn 0.8606 -0.0001 -0.5092
vn 0.8606 -0.5091 0.0113
vn 0.4144 0.7544 0.5092
vn -0.0315 0.9992 -0.0234
vn 0.4350 0.7430 -0.5086
vn 0.8048 0.5932 0.0206
vn 0.6471 -0.5890 -0.4841
vn 0.9326 0.3607 -0.0080
vn 0.8606 0.0113 0.5091
vn 0.9326 -0.0080 -0.3608
vn 0.8607 -0.5090 0.0113
vn -0.0314 0.9992 -0.0234
vn 0.1929 -0.9714 0.1385
vn 0.9960 -0.0000 0.0890
vn 0.9326 0.3555 -0.0619
vn 0.8606 0.0873 0.5017
vn 0.9326 -0.0619 -0.3555
vn 0.8607 -0.5016 0.0873
vn -0.0053 0.9849 -0.1730
vn 0.5661 0.6710 -0.4789
vn 0.6270 0.4021 -0.6673
vn 0.6403 0.4641 -0.6120
vn 0.6220 0.4826 -0.6167
vn 0.1880 0.4726 -0.8610
vn 0.6004 -0.5383 -0.5915
vn 0.5961 -0.5525 -0.5826
vn 0.6006 -0.5325 -0.5964
vn 0.7514 -0.5947 -0.2859
vn -0.1646 -0.6733 -0.7208
vn -0.7516 -0.5122 -0.4156
vn 0.1584 -0.8887 0.4303
vn -0.1036 0.6855 -0.7207
vn -0.0909 0.9812 -0.1701
vn -0.1757 0.6178 -0.7664
vn -0.7620 0.4192 -0.4936
vn -0.1551 0.6044 -0.7815
vn -0.1759 0.5916 -0.7868
vn -0.2017 0.5012 -0.8415
vn -0.1781 0.5306 -0.8287
vn -0.1805 0.5601 -0.8086
vn -0.1518 0.5361 -0.8304
vn -0.1802 0.5565 -0.8111
vn -0.1807 0.5531 -0.8133
vn -0.0447 -0.6729 -0.7384
vn -0.0319 -0.9935 -0.1090
vn 0.3149 -0.6214 -0.7174
vn 0.3067 0.0000 -0.9518
vn -0.0609 0.0161 -0.9980
vn 0.4198 0.0134 -0.9075
vn -0.0765 -0.0005 -0.9971
vn -0.5426 0.0008 -0.8400
vn -0.0398 -0.4739 -0.8797
vn 0.4260 0.7198 -0.5481
vn -0.0314 0.9895 -0.1408
vn -0.0332 0.8253 -0.5638
vn -0.4946 0.7092 -0.5024
vn -0.0341 0.8405 -0.5407
vn -0.0327 0.8547 -0.5182
vn -0.0487 -0.6350 -0.7710
vn -0.6375 -0.4761 -0.6058
vn -0.0506 -0.5964 -0.8011
vn -0.0496 -0.6729 -0.7380
vn -0.0322 -0.9899 -0.1377
vn 0.5987 -0.5065 -0.6206
vn -0.6439 0.4379 -0.6274
vn -0.0553 0.5649 -0.8233
vn 0.0049 0.9475 -0.3196
vn 0.5975 0.4325 -0.6752
vn -0.0483 0.6408 -0.7662
vn -0.0662 0.6043 -0.7940
vn -0.0539 0.5635 -0.8243
vn -0.0520 0.5648 -0.8236
vn -0.0752 0.5453 -0.8348
vn 0.3142 -0.6931 -0.6488
vn 0.2713 -0.6844 -0.6768
vn 0.3059 -0.7123 -0.6317
vn 0.3308 -0.6707 -0.6638
vn 0.3146 -0.6863 -0.6558
vn 0.6880 -0.6330 -0.3549
vn 0.2590 0.6494 -0.7150
vn 0.5116 -0.1684 -0.8425
vn 0.6576 0.1070 -0.7457
vn -0.1654 0.1736 -0.9708
vn 0.0594 -0.1513 -0.9867
vn 0.1830 -0.7958 -0.5772
vn -0.0893 0.9319 0.3515
vn 0.0683 0.8409 -0.5368
vn 0.1343 0.8365 -0.5313
vn 0.7435 -0.6671 -0.0462
vn 0.7395 -0.6732 -0.0000
vn 0.7076 -0.7066 -0.0072
vn 0.6518 -0.5983 0.4661
vn 0.7702 0.6336 -0.0733
vn 0.9976 -0.0382 0.0585
vn 0.9675 0.0274 0.2515
vn 0.9418 0.0181 -0.3356
vn 0.9899 -0.0382 -0.1363
vn 0.6547 -0.7543 0.0498
vn -0.2217 0.9694 -0.1059
vn 0.6013 0.7974 -0.0500
vn 0.6159 0.7878 0.0048
vn 0.8455 -0.5258 -0.0936
vn -0.0911 -0.9842 -0.1518
vn 0.8223 -0.4067 0.3980
vn 0.8465 0.3505 0.4009
vn 0.9128 0.3919 -0.1149
vn 0.8932 0.4496 -0.0007
vn 0.7794 0.5865 -0.2203
vn 0.8008 0.5918 -0.0922
vn 0.7393 0.6649 -0.1068
vn 0.7191 0.6949 0.0031
vn 0.6993 0.7059 -0.1125
vn 0.7599 0.6377 -0.1260
vn 0.8454 0.5332 -0.0307
vn 0.8367 0.5410 -0.0847
vn 0.8951 0.4366 -0.0906
vn -0.0019 -0.7660 0.6428
vn 0.0482 -0.7228 0.6894
vn 0.0734 -0.7826 0.6182
vn -0.0027 -0.8848 0.4659
vn -0.1962 -0.4413 0.8757
vn -0.1846 -0.5356 0.8241
vn -0.1713 -0.6503 0.7401
vn -0.1321 -0.7043 0.6975
vn -0.1777 -0.6730 0.7180
vn -0.1715 -0.6731 0.7194
vn 0.4646 0.8634 0.1967
vn 0.3924 0.9095 0.1370
vn 0.5412 0.8091 0.2291
vn 0.4079 0.8152 0.4112
vn 0.2799 0.9060 0.3175
vn 0.3387 0.8376 0.4286
vn 0.3760 0.8890 0.2614
vn 0.2896 0.9090 0.2998
vn 0.3877 0.8427 0.3736
vn 0.2243 0.8398 0.4943
vn 0.1801 0.9131 0.3657
vn 0.2102 0.8795 0.4268
vn 0.7395 0.6731 -0.0000
vn 0.7371 0.6751 0.0301
vn 0.7395 0.6732 -0.0000
vn 0.7191 0.6949 -0.0047
vn 0.7608 0.6490 0.0065
vn 0.7148 0.6968 0.0595
vn 0.6586 0.7505 0.0548
vn 0.7558 0.6518 0.0618
vn 0.8755 0.4787 0.0669
vn 0.8061 0.5829 0.1018
vn 0.8089 0.5811 0.0896
vn 0.8729 0.4873 -0.0248
vn 0.8555 0.5157 0.0462
vn 0.8040 0.5941 0.0245
vn 0.7872 0.6167 -0.0041
vn 0.7564 0.6257 -0.1906
vn 0.7991 0.6009 -0.0157
vn 0.6126 0.4647 0.6394
vn 0.6675 0.7430 -0.0494
vn -0.3343 -0.9181 -0.2128
vn 0.5686 -0.5176 0.6394
vn 0.8556 0.5156 0.0463
vn 0.8041 0.5940 0.0244
vn 0.7871 0.6168 -0.0041
vn 0.7554 0.6269 -0.1910
vn 0.6670 0.7435 -0.0495
vn -0.3338 -0.9184 -0.2122
vn 0.5686 -0.5176 0.6393
vn -0.0432 0.9588 -0.2808
vn 0.4235 0.7351 -0.5294
vn -0.0123 0.9892 -0.1458
vn -0.0979 0.9056 -0.4126
vn 0.0528 0.9984 -0.0206
vn -0.5973 0.7650 -0.2406
vn 0.4630 -0.0064 -0.8863
vn -0.2187 -0.0009 -0.9758
vn -0.2104 -0.5407 -0.8145
vn -0.7102 0.0250 -0.7035
vn -0.2186 0.0007 -0.9758
vn -0.2186 0.0000 -0.9758
vn -0.1209 -0.6729 -0.7298
vn -0.0426 -0.9936 -0.1049
vn 0.2385 -0.6209 -0.7467
vn 0.2068 0.0000 -0.9784
vn -0.1639 0.0158 -0.9863
vn -0.1383 0.0007 -0.9904
vn -0.1791 -0.0004 -0.9838
vn -0.6095 -0.0000 -0.7928
vn -0.1628 -0.0254 -0.9863
vn 0.0948 0.9401 0.3274
vn -0.5392 0.7235 -0.4310
vn -0.0923 0.8256 -0.5567
vn 0.7192 -0.6245 -0.3045
vn 0.6292 -0.7396 -0.2390
vn 0.7978 -0.4994 -0.3378
vn 0.6100 -0.4999 -0.6148
vn 0.4654 -0.7277 -0.5039
vn 0.5029 -0.5561 -0.6617
vn 0.5929 -0.6940 -0.4085
vn 0.4703 -0.7368 -0.4858
vn 0.5847 -0.5720 -0.5753
vn 0.3700 -0.5755 -0.7293
vn 0.2817 -0.7477 -0.6013
vn 0.3359 -0.6638 -0.6682
vn 0.5084 -0.6825 -0.5251
vn 0.4739 -0.6669 -0.5751
vn 0.5098 -0.6802 -0.5266
vn 0.5057 -0.6852 -0.5242
vn 0.4642 -0.7309 -0.5003
vn 0.7714 -0.6245 -0.1220
vn 0.4614 0.6267 -0.6279
vn 0.7048 -0.1610 -0.6909
vn 0.8591 0.1007 -0.5018
vn 0.1554 0.1625 -0.9744
vn 0.4371 -0.1460 -0.8875
vn 0.4419 0.0000 -0.8971
vn 0.9991 -0.0174 -0.0377
vn 0.9991 -0.0377 0.0174
vn 0.9991 0.0415 -0.0000
vn 0.9957 -0.0415 -0.0828
vn 0.9966 0.0000 -0.0829
vn 0.9940 0.0363 -0.1028
vn 0.9987 0.0200 -0.0466
vn -0.0890 0.9057 0.4145
vn -0.5973 0.7651 0.2407
vn 0.2192 0.8004 -0.5579
vn -0.1626 -0.0023 0.9867
vn -0.2104 -0.5407 0.8145
vn -0.2187 -0.0010 0.9758
vn -0.7102 0.0249 0.7035
vn -0.2186 0.0000 0.9758
vn -0.2186 0.0010 0.9758
vn -0.2316 0.0000 0.9728
vn -0.2402 0.0005 0.9707
vn -0.2316 0.0098 0.9728
vn -0.2195 -0.0030 0.9756
vn -0.2182 -0.0132 0.9758
vn -0.2197 -0.0147 0.9755
vn -0.2246 0.0036 0.9744
vn -0.2207 -0.0000 0.9753
vn -0.2214 -0.0000 0.9752
vn -0.1483 0.0000 0.9889
vn -0.1501 0.0612 0.9868
vn -0.1385 -0.0000 0.9904
vn -0.1621 -0.1292 0.9783
vn -0.1632 -0.0592 0.9848
vn -0.1621 -0.1293 0.9783
vn -0.1762 0.0612 0.9824
vn -0.1786 0.0000 0.9839
vn -0.1883 0.0000 0.9821
vn -0.1635 0.0000 0.9865
vn -0.1791 -0.0004 0.9838
vn -0.1639 0.0158 0.9863
vn 0.2068 0.0000 0.9784
vn -0.0426 -0.9936 0.1048
vn -0.1209 -0.6729 0.7298
vn 0.2385 -0.6209 0.7467
vn 0.7192 -0.6245 0.3045
vn 0.7717 -0.5989 0.2139
vn 0.6591 -0.6984 0.2790
vn 0.7651 -0.5345 0.3591
vn 0.7785 -0.5310 0.3347
vn 0.4717 -0.4450 0.7612
vn 0.1107 0.9833 -0.1446
vn 0.8062 0.4667 0.3637
vn 0.4989 0.3870 0.7755
vn -0.0373 0.0000 0.9993
vn -0.0403 0.0905 0.9951
vn -0.0224 -0.0000 0.9997
vn -0.0593 -0.1907 0.9798
vn -0.0602 -0.0876 0.9943
vn -0.0594 -0.1908 0.9798
vn -0.0800 0.0905 0.9927
vn -0.0835 0.0000 0.9965
vn -0.0983 -0.0000 0.9952
vn 0.3523 0.6743 0.6490
vn 0.3281 0.7897 0.5185
vn 0.4008 0.5423 0.7384
vn 0.0357 0.5402 0.8408
vn -0.0148 0.7778 0.6283
vn 0.0276 0.7587 0.6508
vn 0.2260 0.4504 0.8637
vn 0.0648 0.5638 0.8233
vn 0.0843 0.5629 0.8222
vn 0.2057 0.8922 0.4020
vn 0.1969 0.9288 0.3139
vn 0.2416 0.8477 0.4723
vn 0.0367 0.8480 0.5287
vn -0.0062 0.9250 0.3799
vn 0.0258 0.9283 0.3710
vn 0.1607 0.7864 0.5965
vn 0.0683 0.8409 0.5368
vn 0.0885 0.8400 0.5353
vn 0.5500 -0.6248 0.5543
vn 0.5029 -0.5561 0.6617
vn 0.5537 -0.6253 0.5500
vn 0.5024 -0.6916 0.5190
vn 0.5847 -0.5720 0.5753
vn 0.4703 -0.7368 0.4858
vn 0.3700 -0.5754 0.7294
vn 0.3359 -0.6638 0.6682
vn 0.2817 -0.7477 0.6013
vn 0.9988 -0.0437 -0.0202
vn 0.9960 -0.0348 0.0828
vn 0.9940 0.0363 0.1028
vn 0.9966 0.0000 0.0829
vn 0.9987 0.0200 0.0466
vn 0.9890 0.0000 0.1480
vn 0.9810 -0.0784 0.1777
vn 0.9863 0.0742 0.1476
vn 0.9972 0.0742 0.0000
vn 0.9979 -0.0608 -0.0208
vn 0.9979 -0.0207 0.0608
vn 0.8571 0.5125 -0.0525
vn 0.8580 0.5135 0.0122
vn 0.7672 0.6413 0.0124
vn 0.8022 0.5968 -0.0180
vn 0.7967 0.6043 0.0000
vn 0.7910 0.6116 0.0180
vn 0.7968 0.6043 -0.0000
vn -0.2876 0.9276 0.2386
vn 0.6126 0.4647 -0.6394
vn 0.5689 -0.5173 -0.6394
vn 0.6301 -0.7758 0.0351
vn 0.7544 -0.6392 0.1496
vn 0.8580 0.5134 0.0122
vn 0.8021 0.5969 -0.0181
vn 0.7910 0.6115 0.0181
vn -0.2872 0.9275 0.2391
vn 0.5686 -0.5176 -0.6393
vn 0.6298 -0.7759 0.0352
vn 0.7545 -0.6390 0.1498
vn -0.0020 -0.7660 -0.6429
vn -0.0028 -0.8847 -0.4661
vn 0.1291 -0.7915 -0.5973
vn -0.1900 -0.4947 -0.8480
vn -0.1712 -0.6504 -0.7401
vn -0.1846 -0.5356 -0.8240
vn -0.1322 -0.7043 -0.6975
vn -0.1715 -0.6731 -0.7194
vn -0.1778 -0.6730 -0.7180
vn -0.2207 -0.0000 -0.9753
vn -0.2246 0.0036 -0.9744
vn -0.2214 -0.0000 -0.9752
vn -0.2197 -0.0147 -0.9755
vn -0.2182 -0.0132 -0.9758
vn -0.2195 -0.0030 -0.9756
vn -0.2402 0.0005 -0.9707
vn -0.2316 0.0000 -0.9728
vn -0.2316 0.0098 -0.9728
vn -0.1786 0.0000 -0.9839
vn -0.1762 0.0612 -0.9824
vn -0.1883 0.0000 -0.9821
vn -0.1621 -0.1293 -0.9783
vn -0.1632 -0.0593 -0.9848
vn -0.1621 -0.1292 -0.9783
vn -0.1501 0.0612 -0.9868
vn -0.1483 0.0000 -0.9889
vn -0.1384 -0.0000 -0.9904
vn 0.4646 0.8634 -0.1967
vn 0.5174 0.8448 -0.1364
vn 0.3967 0.9024 -0.1680
vn 0.5216 0.8090 -0.2711
vn 0.5506 0.7972 -0.2478
vn 0.2974 0.7102 -0.6381
vn 0.5762 -0.8078 -0.1245
vn 0.5988 -0.0000 -0.8009
vn -0.0835 0.0000 -0.9965
vn -0.0800 0.0905 -0.9927
vn -0.0983 -0.0000 -0.9952
vn -0.0594 -0.1908 -0.9798
vn -0.0602 -0.0876 -0.9943
vn -0.0593 -0.1908 -0.9798
vn -0.0403 0.0905 -0.9951
vn -0.0373 0.0000 -0.9993
vn -0.0224 -0.0000 -0.9997
vn 0.0648 0.5639 -0.8233
vn 0.2260 0.4505 -0.8637
vn 0.0843 0.5629 -0.8222
vn 0.0277 0.7587 -0.6508
vn -0.0148 0.7778 -0.6283
vn 0.0357 0.5402 -0.8408
vn 0.3280 0.7897 -0.5185
vn 0.3523 0.6743 -0.6490
vn 0.4008 0.5423 -0.7384
vn 0.0768 -0.6714 -0.7371
vn 0.0191 -0.6593 -0.7516
vn 0.0703 -0.7348 -0.6747
vn 0.1131 -0.5943 -0.7962
vn 0.0969 -0.5613 -0.8219
vn 0.4058 -0.5613 -0.7213
vn 0.0005 0.6175 -0.7866
vn 0.4317 0.0000 -0.9020
vn 0.7608 0.6490 -0.0065
vn 0.7180 0.6960 0.0049
vn 0.7158 0.6957 -0.0597
vn 0.7558 0.6518 -0.0618
vn 0.6586 0.7505 -0.0548
vn 0.8754 0.4787 -0.0669
vn 0.8089 0.5811 -0.0896
vn 0.8062 0.5828 -0.1019
vn 0.5327 -0.8407 0.0973
vn 0.4841 0.8730 0.0594
vn -0.0200 0.9929 -0.1171
vn 0.5171 0.6979 -0.4955
vn 0.9979 -0.0207 -0.0608
vn 0.9979 -0.0608 0.0208
vn 0.9810 -0.0784 -0.1777
vn 0.9890 0.0000 -0.1480
vn 0.9863 0.0742 -0.1476
vn 0.7343 -0.6740 -0.0813
vn 0.7314 -0.6657 -0.1477
vn 0.6567 -0.7506 -0.0727
vn 0.8165 -0.5750 -0.0521
vn 0.8453 -0.5285 -0.0779
vn 0.8348 -0.5083 0.2113
vn 0.7708 0.6150 -0.1664
vn 0.9705 0.0000 0.2412
vn 0.4909 0.8679 -0.0761
vn 0.4845 0.8727 -0.0600
vn 0.5202 0.8277 -0.2105
vn 0.4661 0.8767 0.1188
vn 0.3766 0.8995 0.2213
vn 0.4587 0.8838 0.0921
vn 0.0018 1.0000 0.0002
vn 0.0017 1.0000 0.0004
vn -0.2156 0.0000 0.9765
vn -0.2156 -0.0013 0.9765
vn -0.2159 -0.0000 0.9764
vn -0.2153 0.0027 0.9766
vn -0.2149 0.0014 0.9766
vn -0.2153 0.0014 0.9766
vn -0.0609 0.9045 0.4220
vn 0.0162 0.9975 0.0682
vn -0.0444 0.9025 0.4284
vn -0.2013 0.3546 0.9131
vn -0.1766 0.6730 0.7182
vn -0.1592 0.6732 0.7221
vn -0.1210 0.6723 0.7303
vn -0.1211 0.6717 0.7308
vn -0.1209 0.6729 0.7298
vn -0.1209 0.6734 0.7293
vn -0.0616 0.9054 0.4201
vn -0.0390 0.9602 0.2765
vn -0.0568 0.9053 0.4210
vn -0.1121 0.7276 0.6767
vn -0.0980 0.8255 0.5559
vn -0.0923 0.8256 0.5567
vn -0.1537 0.0000 0.9881
vn 0.7800 -0.5569 0.2852
vn 0.5988 -0.0000 0.8009
vn 0.2974 0.7102 0.6381
vn 0.2923 0.9550 0.0512
vn 0.5289 0.8097 0.2544
vn -0.0447 0.5898 0.8063
vn -0.0424 0.5900 0.8063
vn -0.0479 0.5021 0.8635
vn -0.0471 0.6729 0.7382
vn -0.0402 0.7465 0.6642
vn -0.0447 0.6729 0.7384
vn -0.0630 0.0000 0.9980
vn 0.5329 0.8358 0.1322
vn 0.5530 0.8291 0.0823
vn 0.5328 0.8264 0.1823
vn 0.4335 0.8799 0.1944
vn 0.4207 0.9022 0.0948
vn 0.4404 0.8868 0.1402
vn 0.7152 0.0000 -0.6989
vn 0.5967 0.5431 -0.5908
vn 0.5919 0.5534 -0.5860
vn 0.5960 0.5425 -0.5920
vn 0.6096 0.5189 -0.5992
vn 0.6068 0.5294 -0.5930
vn 0.6045 0.5305 -0.5942
vn 0.7106 0.0000 -0.7036
vn 0.7152 0.0000 0.6989
vn 0.5967 0.5431 0.5908
vn 0.5960 0.5425 0.5920
vn 0.5919 0.5534 0.5860
vn 0.6068 0.5294 0.5929
vn 0.6097 0.5188 0.5993
vn 0.6045 0.5305 0.5942
vn 0.7106 0.0000 0.7036
vn 0.6097 0.5189 0.5993
vn 0.6097 0.5189 -0.5992
vn 0.6068 0.5294 -0.5929
vn 0.4909 0.8679 0.0761
vn 0.5202 0.8277 0.2105
vn 0.4845 0.8727 0.0601
vn 0.3766 0.8995 -0.2214
vn 0.4662 0.8767 -0.1188
vn 0.4587 0.8838 -0.0921
vn 0.0018 1.0000 -0.0002
vn 0.0017 1.0000 -0.0004
vn -0.2156 0.0000 -0.9765
vn -0.2156 -0.0012 -0.9765
vn -0.2153 0.0014 -0.9766
vn -0.2153 0.0026 -0.9766
vn -0.0609 0.9046 -0.4219
vn -0.1592 0.6732 -0.7221
vn -0.1210 0.6724 -0.7303
vn -0.1211 0.6719 -0.7307
vn -0.1209 0.6734 -0.7293
vn -0.1209 0.6729 -0.7298
vn -0.1537 0.0000 -0.9881
vn 0.8062 0.4667 -0.3637
vn 0.5532 0.8187 -0.1539
vn 0.4989 0.3870 -0.7755
vn 0.4717 -0.4450 -0.7612
vn 0.4298 -0.8976 -0.0982
vn 0.7701 -0.5350 -0.3474
vn -0.0447 0.5898 -0.8063
vn -0.0479 0.5020 -0.8635
vn -0.0423 0.5900 -0.8063
vn -0.0402 0.7466 -0.6640
vn -0.0472 0.6729 -0.7382
vn -0.0447 0.6729 -0.7384
vn -0.0630 0.0000 -0.9980
vn 0.5329 0.8358 -0.1322
vn 0.5322 0.8267 -0.1823
vn 0.5530 0.8291 -0.0823
vn 0.4207 0.9022 -0.0948
vn 0.4335 0.8800 -0.1944
vn 0.4404 0.8868 -0.1402
vn -0.0432 0.9588 0.2808
vn -0.1259 0.5754 0.8081
vn -0.1210 -0.6723 0.7303
vn 0.7217 0.5989 0.3471
vn -0.0521 0.5702 0.8199
vn -0.0447 -0.5898 0.8063
vn 0.2296 0.5838 0.7788
vn 0.1898 0.5909 0.7841
vn 0.1742 0.6392 0.7490
vn 0.1963 0.6342 0.7478
vn 0.0607 -0.6337 0.7712
vn -0.1956 0.5154 0.8343
vn 0.7314 -0.6731 0.1094
vn 0.6574 0.4056 -0.6351
vn 0.4446 0.7833 -0.4345
vn 0.6574 0.4056 -0.6350
vn -0.0020 -0.7660 -0.6428
vn -0.1285 -0.7842 -0.6071
vn -0.1210 -0.6724 -0.7303
vn -0.0616 0.9054 -0.4201
vn 0.7217 0.5989 -0.3471
vn -0.0521 0.5702 -0.8199
vn -0.0447 -0.5898 -0.8063
vn 0.2296 0.5838 -0.7788
vn 0.1898 0.5909 -0.7841
vn 0.1743 0.6392 -0.7490
vn 0.1963 0.6343 -0.7478
vn 0.3516 0.8665 -0.3544
vn 0.0607 -0.6338 -0.7711
vn -0.1956 0.5154 -0.8343
vn 0.7314 -0.6731 -0.1094
vn 0.4761 0.8765 -0.0712
usemtl Tex_0032_0.dds.001
s off
f 1/1/1 3/2/2 2/3/1
f 2/3/3 3/2/3 4/4/4
f 3/2/5 5/5/6 4/4/7
f 4/4/8 5/5/8 6/6/9
f 5/5/10 7/7/11 6/6/12
f 6/6/13 7/7/14 8/8/15
f 7/7/16 9/9/17 8/8/18
f 8/8/19 9/9/19 10/10/19
f 11/11/20 13/12/21 12/13/20
f 12/13/20 13/12/22 14/14/23
f 13/12/24 15/15/25 14/14/26
f 14/14/27 15/15/28 16/16/29
f 15/15/30 17/17/31 16/16/32
f 16/16/33 17/17/34 18/18/35
f 17/17/36 19/19/37 18/18/38
f 18/18/37 19/19/37 20/20/37
f 21/21/39 23/22/40 22/23/41
f 22/23/42 23/22/43 24/24/44
f 23/22/45 25/25/46 24/24/47
f 24/24/48 25/25/49 26/26/50
f 25/25/51 27/27/52 26/26/53
f 26/26/54 27/27/55 28/28/56
f 27/27/57 29/29/58 28/28/59
f 28/28/60 29/29/61 30/30/62
f 31/31/63 33/32/64 32/33/63
f 32/33/63 33/32/65 34/34/66
f 33/32/67 35/35/68 34/34/69
f 34/34/70 35/35/71 36/36/72
f 35/35/73 37/37/74 36/36/75
f 36/36/76 37/37/77 38/38/78
f 37/37/79 39/39/80 38/38/81
f 38/38/82 39/39/82 40/40/82
f 41/41/83 43/42/84 42/43/85
f 42/43/86 43/42/87 44/44/88
f 43/42/89 45/45/90 44/44/91
f 44/44/92 45/45/93 46/46/94
f 45/45/95 47/47/96 46/46/97
f 46/46/98 47/47/99 48/48/100
f 47/47/101 49/49/102 48/48/103
f 50/50/104 52/51/105 51/52/106
f 51/52/107 52/51/108 53/53/109
f 52/51/110 54/54/111 53/53/112
f 53/53/113 54/54/114 55/55/115
f 54/54/116 56/56/117 55/55/118
f 55/55/119 56/56/120 57/57/121
f 56/56/122 58/58/121 57/57/121
f 59/59/123 61/60/124 60/61/125
f 60/61/126 61/60/127 62/62/128
f 61/60/129 63/63/130 62/62/131
f 62/62/132 63/63/133 64/64/134
f 63/63/135 65/65/136 64/64/137
f 64/64/138 65/65/139 66/66/140
f 65/65/141 67/67/142 66/66/143
f 68/68/104 70/69/105 69/70/144
f 69/70/145 70/69/146 71/71/147
f 70/69/148 72/72/111 71/71/149
f 71/71/113 72/72/150 73/73/151
f 72/72/152 74/74/117 73/73/153
f 73/73/119 74/74/154 75/75/121
f 74/74/155 76/76/121 75/75/121
f 77/77/156 79/78/157 78/79/158
f 78/79/159 79/78/160 80/80/161
f 79/78/162 81/81/163 80/80/161
f 80/80/164 81/81/164 82/82/165
f 81/81/166 83/83/167 82/82/168
f 82/82/169 83/83/170 84/84/171
f 83/83/172 85/85/173 84/84/174
f 86/86/175 88/87/176 87/88/177
f 87/88/178 88/87/179 89/89/180
f 88/87/181 90/90/182 89/89/183
f 89/89/184 90/90/185 91/91/186
f 90/90/187 92/92/188 91/91/189
f 91/91/190 92/92/191 93/93/192
f 92/92/193 94/94/194 93/93/195
f 95/95/196 97/96/197 96/97/198
f 96/97/199 97/96/200 98/98/201
f 97/96/202 99/99/203 98/98/204
f 98/98/205 99/99/206 100/100/207
f 99/99/208 101/101/209 100/100/210
f 100/100/211 101/101/212 102/102/213
f 101/101/214 103/103/215 102/102/216
f 104/104/217 106/105/218 105/106/219
f 105/106/220 106/105/221 107/107/222
f 106/105/223 108/108/224 107/107/225
f 107/107/226 108/108/227 109/109/228
f 108/108/229 110/110/230 109/109/231
f 109/109/232 110/110/233 111/111/234
f 110/110/235 112/112/236 111/111/237
f 113/113/238 115/114/239 114/115/240
f 114/115/241 115/114/242 116/116/243
f 115/114/244 117/117/245 116/116/246
f 116/116/247 117/117/248 118/118/249
f 117/117/250 119/119/251 118/118/252
f 118/118/253 119/119/254 120/120/255
f 119/119/256 121/121/257 120/120/258
f 122/122/259 124/123/260 123/124/261
f 123/124/262 124/123/263 125/125/264
f 124/123/265 126/126/266 125/125/267
f 125/125/268 126/126/269 127/127/270
f 126/126/271 128/128/272 127/127/273
f 127/127/274 128/128/275 129/129/276
f 130/130/277 132/131/278 131/132/277
f 131/132/277 132/131/279 133/133/280
f 132/131/281 134/134/282 133/133/283
f 133/133/284 134/134/285 135/135/286
f 134/134/287 136/136/288 135/135/289
f 135/135/290 136/136/291 137/137/292
f 138/138/293 140/139/294 139/140/293
f 139/140/293 140/139/295 141/141/296
f 140/139/297 142/142/298 141/141/299
f 141/141/300 142/142/301 143/143/302
f 142/142/303 144/144/277 143/143/304
f 143/143/305 144/144/277 145/145/277
f 146/146/306 148/147/307 147/148/308
f 147/148/309 148/147/310 149/149/311
f 148/147/312 150/150/313 149/149/314
f 149/149/315 150/150/316 151/151/317
f 150/150/318 152/152/319 151/151/320
f 151/151/321 152/152/322 153/153/323
f 154/154/324 156/155/325 155/156/326
f 155/156/327 156/155/328 157/157/329
f 156/155/330 158/158/331 157/157/332
f 157/157/333 158/158/334 159/159/335
f 158/158/336 160/160/337 159/159/338
f 159/159/339 160/160/340 161/161/341
f 162/162/293 164/163/293 163/164/293
f 163/164/293 164/163/293 165/165/342
f 164/163/343 166/166/344 165/165/343
f 165/165/345 166/166/346 167/167/302
f 166/166/303 168/168/277 167/167/347
f 167/167/348 168/168/277 169/169/277
f 170/170/306 172/171/349 171/172/308
f 171/172/350 172/171/310 173/173/351
f 172/171/352 174/174/313 173/173/353
f 173/173/315 174/174/316 175/175/354
f 174/174/318 176/176/355 175/175/356
f 175/175/357 176/176/358 177/177/323
f 178/178/324 180/179/325 179/180/359
f 179/180/360 180/179/328 181/181/361
f 180/179/362 182/182/363 181/181/364
f 181/181/333 182/182/365 183/183/335
f 182/182/366 184/184/367 183/183/338
f 183/183/368 184/184/340 185/185/341
f 186/186/369 188/187/370 187/188/371
f 187/188/372 188/187/373 189/189/374
f 188/187/375 190/190/376 189/189/377
f 189/189/378 190/190/379 191/191/380
f 190/190/381 192/192/382 191/191/383
f 191/191/384 192/192/385 193/193/385
f 194/194/293 196/195/386 195/196/293
f 195/196/387 196/195/388 197/197/389
f 196/195/390 198/198/391 197/197/392
f 197/197/393 198/198/394 199/199/395
f 198/198/396 200/200/397 199/199/398
f 199/199/399 200/200/400 201/201/400
f 202/202/401 204/203/402 203/204/403
f 203/204/404 204/203/405 205/205/406
f 204/203/407 206/206/408 205/205/409
f 205/205/410 206/206/411 207/207/412
f 206/206/413 208/208/414 207/207/414
f 209/209/415 211/210/415 210/211/415
f 210/211/415 211/210/415 212/212/415
f 211/210/415 213/213/415 212/212/415
f 212/212/415 213/213/415 214/214/415
f 213/213/415 215/215/415 214/214/415
f 216/216/416 218/217/417 217/218/418
f 217/218/419 218/217/420 219/219/421
f 218/217/422 220/220/423 219/219/424
f 219/219/425 220/220/426 221/221/427
f 220/220/428 222/222/429 221/221/430
f 223/223/431 225/224/432 224/225/433
f 224/225/434 225/224/435 226/226/436
f 225/224/437 227/227/438 226/226/439
f 226/226/440 227/227/441 228/228/442
f 227/227/443 229/229/444 228/228/445
f 230/230/387 232/231/446 231/232/447
f 231/232/448 232/231/449 233/233/450
f 232/231/451 234/234/452 233/233/453
f 233/233/454 234/234/455 235/235/397
f 234/234/456 236/236/400 235/235/400
f 237/237/457 239/238/458 238/239/459
f 238/239/460 239/238/461 240/240/462
f 239/238/463 241/241/464 240/240/465
f 240/240/466 241/241/467 242/242/468
f 241/241/469 243/243/470 242/242/471
f 244/244/472 246/245/473 245/246/474
f 245/246/475 246/245/476 247/247/477
f 246/245/478 248/248/479 247/247/480
f 247/247/481 248/248/482 249/249/483
f 248/248/484 250/250/485 249/249/486
f 251/251/293 253/252/487 252/253/488
f 252/253/489 253/252/490 254/254/491
f 253/252/492 255/255/493 254/254/494
f 254/254/495 255/255/496 256/256/277
f 255/255/497 257/257/277 256/256/277
f 258/258/498 260/259/499 259/260/500
f 259/260/501 260/259/502 261/261/503
f 260/259/504 262/262/505 261/261/506
f 261/261/507 262/262/508 263/263/509
f 262/262/510 264/264/511 263/263/512
f 265/265/513 267/266/514 266/267/515
f 266/267/516 267/266/517 268/268/518
f 267/266/519 269/269/520 268/268/521
f 268/268/522 269/269/523 270/270/524
f 269/269/525 271/271/526 270/270/527
f 272/272/397 274/273/528 273/274/529
f 273/274/530 274/273/531 275/275/532
f 274/273/533 276/276/534 275/275/535
f 275/275/536 276/276/537 277/277/293
f 276/276/538 278/278/293 277/277/293
f 279/279/387 281/280/539 280/281/540
f 280/281/541 281/280/542 282/282/543
f 281/280/544 283/283/545 282/282/546
f 282/282/547 283/283/548 284/284/277
f 283/283/549 285/285/277 284/284/277
f 286/286/397 288/287/528 287/288/529
f 287/288/550 288/287/531 289/289/532
f 288/287/533 290/290/534 289/289/535
f 289/289/551 290/290/537 291/291/293
f 290/290/538 292/292/293 291/291/293
f 293/293/293 295/294/487 294/295/540
f 294/295/541 295/294/552 296/296/553
f 295/294/554 297/297/493 296/296/555
f 296/296/495 297/297/556 298/298/277
f 297/297/549 299/299/277 298/298/277
f 300/300/293 302/301/487 301/302/557
f 301/302/558 302/301/559 303/303/560
f 302/301/561 304/304/493 303/303/562
f 303/303/495 304/304/563 305/305/277
f 304/304/564 306/306/277 305/305/277
f 307/307/498 309/308/565 308/309/500
f 308/309/566 309/308/567 310/310/568
f 309/308/504 311/311/505 310/310/506
f 310/310/507 311/311/508 312/312/569
f 311/311/510 313/313/511 312/312/570
f 314/314/513 316/315/514 315/316/515
f 315/316/516 316/315/517 317/317/518
f 316/315/519 318/318/520 317/317/521
f 317/317/522 318/318/523 319/319/571
f 318/318/572 320/320/526 319/319/527
f 321/321/573 323/322/574 322/323/575
f 322/323/576 323/322/577 324/324/578
f 323/322/579 325/325/580 324/324/581
f 324/324/582 325/325/583 326/326/584
f 325/325/585 327/327/586 326/326/587
f 328/328/588 330/329/589 329/330/590
f 329/330/591 330/329/592 331/331/593
f 330/329/594 332/332/595 331/331/596
f 331/331/597 332/332/598 333/333/599
f 332/332/600 334/334/601 333/333/602
f 335/335/603 337/336/604 336/337/605
f 336/337/606 337/336/607 338/338/608
f 337/336/609 339/339/610 338/338/611
f 338/338/612 339/339/613 340/340/614
f 339/339/615 341/341/616 340/340/617
f 342/342/415 344/343/415 343/344/415
f 343/344/415 344/343/415 345/345/415
f 344/343/415 346/346/415 345/345/415
f 345/345/415 346/346/415 347/347/415
f 346/346/415 348/348/415 347/347/415
f 349/349/618 351/350/619 350/351/620
f 350/351/621 351/350/622 352/352/623
f 351/350/624 353/353/625 352/352/626
f 352/352/627 353/353/628 354/354/629
f 353/353/630 355/355/631 354/354/632
f 356/356/293 358/357/633 357/358/293
f 357/358/634 358/357/635 359/359/636
f 358/357/637 360/360/638 359/359/639
f 359/359/640 360/360/641 361/361/642
f 360/360/643 362/362/644 361/361/645
f 363/363/646 365/364/647 364/365/648
f 364/365/649 365/364/650 366/366/651
f 365/364/652 367/367/653 366/366/654
f 366/366/655 367/367/656 368/368/657
f 367/367/658 369/369/659 368/368/660
f 370/370/661 372/371/662 371/372/661
f 371/372/661 372/371/663 373/373/664
f 372/371/665 374/374/666 373/373/667
f 373/373/668 374/374/669 375/375/670
f 376/376/671 378/377/672 377/378/673
f 377/378/674 378/377/675 379/379/676
f 378/377/677 380/380/678 379/379/679
f 379/379/680 380/380/681 381/381/682
f 382/382/683 384/383/684 383/384/683
f 383/384/685 384/383/686 385/385/687
f 384/383/688 386/386/689 385/385/690
f 385/385/691 386/386/692 387/387/693
f 388/388/415 390/389/415 389/390/415
f 389/390/415 390/389/415 391/391/415
f 390/389/415 392/392/415 391/391/415
f 391/391/415 392/392/415 393/393/415
f 394/394/397 396/395/694 395/396/695
f 395/396/696 396/395/697 397/397/698
f 396/395/699 398/398/700 397/397/701
f 397/397/702 398/398/703 399/399/293
f 400/400/397 402/401/694 401/402/704
f 401/402/705 402/401/706 403/403/707
f 402/401/699 404/404/700 403/403/708
f 403/403/709 404/404/710 405/405/293
f 406/406/711 408/407/712 407/408/713
f 407/408/714 408/407/715 409/409/716
f 408/407/717 410/410/718 409/409/719
f 409/409/720 410/410/721 411/411/722
f 412/412/723 414/413/724 413/414/725
f 413/414/726 414/413/727 415/415/728
f 414/413/729 416/416/730 415/415/731
f 415/415/732 416/416/733 417/417/734
f 418/418/735 420/419/736 419/420/737
f 419/420/738 420/419/739 421/421/740
f 420/419/741 422/422/742 421/421/743
f 421/421/744 422/422/745 423/423/746
f 424/424/747 426/425/748 425/426/749
f 425/426/750 426/425/751 427/427/752
f 426/425/753 428/428/754 427/427/755
f 427/427/756 428/428/757 429/429/758
f 430/430/343 432/431/759 431/432/343
f 431/432/343 432/431/760 433/433/761
f 432/431/762 434/434/763 433/433/764
f 433/433/765 434/434/763 435/435/763
f 436/436/766 438/437/767 437/438/768
f 437/438/769 438/437/770 439/439/771
f 438/437/772 440/440/773 439/439/774
f 441/441/775 443/442/776 442/443/777
f 442/443/778 443/442/779 444/444/780
f 443/442/781 445/445/782 444/444/783
f 446/446/784 448/447/785 447/448/786
f 447/448/787 448/447/788 449/449/789
f 448/447/790 450/450/791 449/449/792
f 451/451/793 453/452/794 452/453/793
f 452/453/793 453/452/795 454/454/796
f 453/452/797 455/455/798 454/454/799
f 456/456/800 458/457/801 457/458/802
f 457/458/803 458/457/804 459/459/805
f 458/457/806 460/460/807 459/459/808
f 461/461/809 463/462/810 462/463/811
f 462/463/812 463/462/813 464/464/814
f 463/462/815 465/465/816 464/464/817
f 466/466/415 468/467/415 467/468/415
f 467/468/415 468/467/415 469/469/415
f 468/467/415 470/470/415 469/469/415
f 471/471/818 473/472/819 472/473/820
f 472/473/821 473/472/822 474/474/823
f 473/472/824 475/475/825 474/474/826
f 476/476/827 478/477/828 477/478/829
f 477/478/830 478/477/831 479/479/832
f 478/477/833 480/480/834 479/479/835
f 481/481/836 483/482/837 482/483/838
f 482/483/839 483/482/840 484/484/841
f 483/482/842 485/485/843 484/484/844
f 486/486/343 488/487/761 487/488/845
f 487/488/846 488/487/847 489/489/848
f 488/487/849 490/490/848 489/489/848
f 491/491/850 493/492/851 492/493/852
f 492/493/853 493/492/854 494/494/343
f 493/492/855 495/495/343 494/494/343
f 496/496/397 498/497/856 497/498/857
f 497/498/858 498/497/859 499/499/860
f 498/497/861 500/500/860 499/499/860
f 501/501/862 503/502/863 502/503/864
f 502/503/865 503/502/866 504/504/293
f 503/502/867 505/505/293 504/504/293
f 506/506/397 508/507/856 507/508/868
f 507/508/858 508/507/869 509/509/862
f 508/507/870 510/510/862 509/509/862
f 511/511/862 513/512/871 512/513/864
f 512/513/872 513/512/873 514/514/293
f 513/512/874 515/515/293 514/514/293
f 516/516/875 518/517/876 517/518/877
f 517/518/878 518/517/879 519/519/880
f 518/517/881 520/520/882 519/519/883
f 521/521/884 523/522/885 522/523/886
f 522/523/887 523/522/888 524/524/889
f 523/522/890 525/525/891 524/524/892
f 526/526/893 528/527/894 527/528/895
f 527/528/896 528/527/897 529/529/898
f 528/527/899 530/530/900 529/529/901
f 531/531/902 533/532/903 532/533/904
f 532/533/905 533/532/906 534/534/907
f 533/532/908 535/535/20 534/534/909
f 536/536/910 538/537/911 537/538/912
f 537/538/913 538/537/914 539/539/915
f 538/537/916 540/540/917 539/539/918
f 541/541/415 543/542/415 542/543/415
f 542/543/415 543/542/415 544/544/415
f 543/542/415 545/545/415 544/544/415
f 546/546/919 548/547/920 547/548/921
f 547/548/922 548/547/923 549/549/924
f 548/547/925 550/550/926 549/549/927
f 551/551/928 553/552/929 552/553/930
f 552/553/931 553/552/932 554/554/933
f 553/552/934 555/555/37 554/554/935
f 556/556/685 558/557/936 557/558/937
f 557/558/938 558/557/939 559/559/940
f 558/557/941 560/560/942 559/559/943
f 561/561/343 563/562/545 562/563/944
f 562/563/945 563/562/946 564/564/277
f 563/562/947 565/565/277 564/564/277
f 566/566/343 568/567/948 567/568/343
f 567/568/343 568/567/949 569/569/853
f 568/567/950 570/570/951 569/569/952
f 571/571/415 573/572/415 572/573/415
f 572/573/415 573/572/415 574/574/415
f 573/572/415 575/575/415 574/574/415
f 576/576/953 578/577/954 577/578/955
f 577/578/956 578/577/957 579/579/958
f 578/577/959 580/580/763 579/579/960
f 581/581/961 583/582/962 582/583/963
f 582/583/964 583/582/965 584/584/966
f 585/585/967 587/586/967 586/587/967
f 586/587/968 587/586/968 588/588/968
f 589/589/969 591/590/970 590/591/971
f 590/591/972 591/590/973 592/592/974
f 593/593/975 595/594/976 594/595/977
f 594/595/978 595/594/979 596/596/980
f 597/597/415 599/598/415 598/599/415
f 598/599/415 599/598/415 600/600/415
f 601/601/981 603/602/981 602/603/982
f 602/603/983 603/602/984 604/604/983
f 605/605/985 607/606/986 606/607/987
f 606/607/988 607/606/989 608/608/990
f 609/609/991 611/610/991 610/611/991
f 610/611/991 611/610/991 612/612/991
f 613/613/104 615/614/992 614/615/993
f 614/615/994 615/614/995 616/616/996
f 617/617/415 619/618/415 618/619/415
f 618/619/415 619/618/415 620/620/415
f 621/621/997 623/622/998 622/623/999
f 622/623/1000 623/622/1001 624/624/1002
f 625/625/1003 627/626/1003 626/627/1003
f 626/627/1003 627/626/1003 628/628/1003
f 629/629/1004 631/630/1005 630/631/1006
f 630/631/1007 631/630/1008 632/632/1009
f 633/633/343 635/634/343 634/635/343
f 634/635/343 635/634/343 636/636/343
f 637/637/683 639/638/683 638/639/683
f 638/639/683 639/638/683 640/640/683
f 641/641/343 643/642/343 642/643/343
f 642/643/343 643/642/343 644/644/343
f 645/645/1010 647/646/1010 646/647/1010
f 646/647/1010 647/646/1010 648/648/1010
f 649/649/1011 651/650/1012 650/651/1013
f 650/651/1014 651/650/1015 652/652/1016
f 653/653/1017 655/654/1017 654/655/1017
f 654/655/1017 655/654/1017 656/656/1017
f 657/657/415 659/658/415 658/659/415
f 658/659/415 659/658/415 660/660/415
f 661/661/343 663/662/343 662/663/343
f 662/663/343 663/662/343 664/664/343
f 665/665/683 667/666/683 666/667/683
f 666/667/683 667/666/683 668/668/683
f 669/669/343 671/670/343 670/671/343
f 670/671/343 671/670/343 672/672/343
f 673/673/1018 675/674/1018 674/675/1018
f 674/675/1018 675/674/1018 676/676/1018
f 677/677/1019 679/678/1020 678/679/1021
f 678/679/1022 679/678/1023 680/680/1024
f 681/681/1025 683/682/1025 682/683/1025
f 682/683/1025 683/682/1025 684/684/1025
f 685/685/415 687/686/415 686/687/415
f 686/687/415 687/686/415 688/688/415
f 689/689/415 691/690/415 690/691/415
f 690/691/415 691/690/415 692/692/415
f 693/693/343 695/694/343 694/695/343
f 694/695/343 695/694/343 696/696/343
f 697/697/683 699/698/683 698/699/683
f 698/699/683 699/698/683 700/700/683
f 701/701/343 703/702/343 702/703/343
f 702/703/343 703/702/343 704/704/343
f 705/705/415 707/706/415 706/707/415
f 706/707/415 707/706/415 708/708/415
f 709/709/343 711/710/343 710/711/343
f 710/711/343 711/710/343 712/712/343
f 713/713/683 715/714/683 714/715/683
f 714/715/683 715/714/683 716/716/683
f 717/717/343 719/718/343 718/719/343
f 718/719/343 719/718/343 720/720/343
f 721/721/343 723/722/343 722/723/343
f 722/723/343 723/722/343 724/724/343
f 725/725/683 727/726/683 726/727/683
f 726/727/683 727/726/683 728/728/683
f 729/729/343 731/730/343 730/731/343
f 730/731/343 731/730/343 732/732/343
f 733/733/1018 735/734/1018 734/735/1018
f 734/735/1018 735/734/1018 736/736/1018
f 737/737/1019 739/738/1020 738/739/1021
f 738/739/1022 739/738/1026 740/740/1024
f 741/741/1025 743/742/1025 742/743/1025
f 742/743/1025 743/742/1025 744/744/1025
f 745/745/415 747/746/415 746/747/415
f 746/747/415 747/746/415 748/748/415
f 749/749/343 751/750/343 750/751/343
f 750/751/343 751/750/343 752/752/343
f 753/753/683 755/754/683 754/755/683
f 754/755/683 755/754/683 756/756/683
f 757/757/343 759/758/343 758/759/343
f 758/759/343 759/758/343 760/760/343
f 761/761/1010 763/762/1010 762/763/1010
f 762/763/1010 763/762/1010 764/764/1010
f 765/765/1011 767/766/1012 766/767/1013
f 766/767/1027 767/766/1028 768/768/1016
f 769/769/1017 771/770/1017 770/771/1017
f 770/771/1017 771/770/1017 772/772/1017
f 773/773/415 775/774/415 774/775/415
f 774/775/415 775/774/415 776/776/415
f 777/777/1029 779/778/1030 778/779/1031
f 778/779/1032 779/778/1033 780/780/1034
f 781/781/1035 783/782/1035 782/783/1035
f 782/783/1036 783/782/1036 784/784/1036
f 785/785/1037 787/786/1037 786/787/1038
f 786/787/1039 787/786/1040 788/788/1039
f 789/789/1041 791/790/1041 790/791/1041
f 790/791/1042 791/790/1042 792/792/1042
f 793/793/415 795/794/415 794/795/415
f 794/795/415 795/794/415 796/796/415
f 797/797/1043 799/798/1044 798/799/1043
f 798/799/1045 799/798/1046 800/800/1046
f 801/801/1047 803/802/1047 802/803/1047
f 802/803/1047 803/802/1047 804/804/1047
f 805/805/1048 807/806/1049 806/807/1050
f 806/807/1051 807/806/1052 808/808/1053
f 809/809/415 811/810/415 810/811/415
f 810/811/415 811/810/415 812/812/415
f 813/813/1054 815/814/1055 814/815/1056
f 814/815/1057 815/814/1058 816/816/1059
f 817/817/1060 819/818/1060 818/819/1060
f 818/819/1060 819/818/1060 820/820/1060
f 821/821/1061 823/822/1062 822/823/1063
f 822/823/1064 823/822/1065 824/824/1066
f 825/825/1067 827/826/1067 826/827/1067
f 828/828/1068 830/829/1068 829/830/1068
f 831/831/1069 833/832/1069 832/833/1069
f 834/834/104 836/835/104 835/836/104
f 837/837/1070 839/838/1070 838/839/1070
f 840/840/156 842/841/156 841/842/156
f 843/843/1071 845/844/1071 844/845/1071
f 846/846/1072 848/847/1072 847/848/1072
f 849/849/1073 851/850/1073 850/851/1073
f 852/852/1074 854/853/1074 853/854/1074
f 855/855/1075 857/856/1075 856/857/1075
f 858/858/1076 860/859/1076 859/860/1076
f 861/861/1077 863/862/1077 862/863/1077
f 864/864/1078 866/865/1078 865/866/1078
f 867/867/343 869/868/343 868/869/343
f 870/870/293 872/871/293 871/872/293
f 873/873/293 875/874/293 874/875/293
f 876/876/1079 878/877/1079 877/878/1079
f 879/879/850 881/880/850 880/881/850
f 882/882/397 884/883/397 883/884/397
f 885/885/387 887/886/387 886/887/387
f 888/888/1080 890/889/1080 889/890/1080
f 891/891/1081 893/892/1081 892/893/1081
f 894/894/397 896/895/397 895/896/397
f 897/897/862 899/898/862 898/899/862
f 900/900/293 902/901/293 901/902/293
f 903/903/397 905/904/397 904/905/397
f 906/906/862 908/907/862 907/908/862
f 909/909/860 911/910/860 910/911/860
f 912/912/293 914/913/293 913/914/293
f 915/915/397 917/916/397 916/917/397
f 918/918/860 920/919/860 919/920/860
f 921/921/862 923/922/862 922/923/862
f 924/924/387 926/925/387 925/926/387
f 927/927/397 929/928/397 928/929/397
f 930/930/860 932/931/860 931/932/860
f 933/933/293 935/934/293 934/935/293
f 936/936/397 938/937/397 937/938/397
f 939/939/293 941/940/293 940/941/293
f 942/942/1082 944/943/1082 943/944/1082
f 945/945/1081 947/946/1081 946/947/1081
f 948/948/1083 950/949/1083 949/950/1083
f 951/951/1084 953/952/1084 952/953/1084
f 954/954/1085 956/955/1085 955/956/1085
f 957/957/1086 959/958/1086 958/959/1086
f 960/960/1087 962/961/1087 961/962/1087
f 963/963/1088 965/964/1088 964/965/1088
f 966/966/1089 968/967/1089 967/968/1089
f 969/969/1090 971/970/1090 970/971/1090
f 972/972/1091 974/973/1091 973/974/1091
f 975/975/1092 977/976/1092 976/977/1092
f 978/978/1093 980/979/1093 979/980/1093
f 981/981/1094 983/982/1094 982/983/1094
f 984/984/1095 986/985/1095 985/986/1095
f 987/987/1096 989/988/1096 988/989/1096
f 990/990/683 992/991/683 991/992/683
f 993/993/415 995/994/415 994/995/415
f 996/996/1097 998/997/1097 997/998/1097
f 999/999/951 1001/1000/951 1000/1001/951
f 1002/1002/1098 1004/1003/1098 1003/1004/1098
