# Blender v3.6.3 OBJ File: 'untitled.blend'
# www.blender.org
mtllib Mesh_0240.mtl
o Mesh_0240_Mesh.058
v 38.584633 21.628904 -27.971806
v 37.385445 22.232965 -27.971806
v 37.385445 22.548483 -27.726688
v 36.185066 21.629665 -27.971806
v 36.115990 21.920647 -27.726692
v 34.631615 20.374855 -27.971806
v 34.197517 20.477751 -27.726692
v 36.265846 17.530260 -27.726696
v 36.025558 17.397797 -27.971806
v 37.385445 14.915356 -27.726688
v 36.997375 14.920005 -27.971806
v 37.385475 12.578514 -27.717800
v 37.068481 12.699992 -27.971806
v 25.002470 12.699992 -27.971806
v 24.685446 12.574008 -27.717800
v 25.073591 14.920005 -27.971806
v 24.685446 14.915356 -27.726688
v 26.045397 17.397797 -27.971806
v 25.805113 17.530260 -27.726696
v 27.873434 20.477751 -27.726692
v 27.439344 20.374855 -27.971806
v 25.954962 21.920647 -27.726692
v 25.885881 21.629665 -27.971806
v 24.685446 22.548483 -27.726688
v 24.685446 22.232965 -27.971806
v 23.484602 21.629665 -27.971806
v 37.385445 22.859991 -27.971806
v 38.738007 22.190983 -27.971806
v 38.655411 21.920647 -27.726685
v 40.547058 20.477751 -27.726685
v 40.150406 20.375414 -27.971806
v 38.505463 17.530258 -27.726685
v 38.298660 17.661678 -27.971806
v 37.385445 14.915356 -27.726688
v 37.385445 15.518302 -27.971806
v 36.265846 17.530260 -27.726696
v 36.472855 17.661678 -27.971806
v 34.631615 20.374855 -27.971806
v 25.598097 17.661678 -27.971806
v 25.805113 17.530260 -27.726696
v 24.685446 15.518302 -27.971806
v 24.685446 14.915356 -27.726688
v 23.772150 17.661678 -27.971806
v 23.565374 17.530258 -27.726685
v 21.930937 20.374855 -27.971806
v 21.497057 20.477751 -27.726685
v 23.415411 21.920647 -27.726685
v 23.337767 22.194332 -27.971806
v 24.685446 22.859991 -27.971806
v 67.775063 17.397799 -27.971806
v 65.960419 20.002491 -27.971806
v 65.947075 20.477751 -27.726685
v 64.145782 17.397797 -27.971806
v 63.905464 17.530258 -27.726685
v 63.102913 14.920002 -27.971806
v 62.785408 14.915356 -27.726685
v 62.785416 12.574005 -27.717800
v 62.396820 14.920002 -27.971806
v 62.470634 12.699993 -27.971806
v 65.550415 20.375414 -27.971806
v 63.984634 21.628904 -27.971806
v 64.055412 21.920647 -27.726685
v 62.785408 22.548483 -27.726685
v 62.785408 22.859991 -27.971806
v 61.515411 21.920647 -27.726685
v 61.437767 22.194332 -27.971806
v 59.597061 20.477751 -27.726685
v 59.610420 20.807365 -27.971806
v 57.788010 22.190983 -27.971806
v 63.984634 21.628904 -27.971806
v 62.785408 22.232965 -27.971806
v 62.785408 22.548483 -27.726685
v 61.584610 21.629665 -27.971806
v 61.515411 21.920647 -27.726685
v 60.030930 20.374855 -27.971806
v 59.597061 20.477751 -27.726685
v 61.665382 17.530258 -27.726685
v 61.425064 17.397799 -27.971806
v 62.396820 14.920002 -27.971806
v 62.785408 22.859991 -27.971806
v 64.138008 22.190983 -27.971806
v 64.055412 21.920647 -27.726685
v 65.947075 20.477751 -27.726685
v 65.550415 20.375414 -27.971806
v 63.905464 17.530258 -27.726685
v 63.698662 17.661678 -27.971806
v 62.785408 14.915356 -27.726685
v 62.785416 15.518302 -27.971806
v 61.872154 17.661678 -27.971806
v 61.425064 17.397799 -27.971806
v 59.610420 20.002491 -27.971806
v 59.597061 20.477751 -27.726685
v 57.795776 17.397797 -27.971806
v 57.555466 17.530258 -27.726685
v 56.752914 14.920002 -27.971806
v 56.435410 14.915356 -27.726685
v 56.435417 12.574005 -27.717800
v 56.046822 14.920002 -27.971806
v 56.120636 12.699993 -27.971806
v 57.634636 21.628904 -27.971806
v 56.435410 22.232965 -27.971806
v 56.435410 22.548483 -27.726685
v 55.234612 21.629665 -27.971806
v 55.165413 21.920647 -27.726685
v 53.680931 20.374855 -27.971806
v 53.247063 20.477751 -27.726685
v 55.315384 17.530258 -27.726685
v 55.075066 17.397799 -27.971806
v 56.046822 14.920002 -27.971806
v 56.435410 22.859991 -27.971806
v 57.788010 22.190983 -27.971806
v 57.705414 21.920647 -27.726685
v 59.597061 20.477751 -27.726685
v 59.200417 20.375414 -27.971806
v 57.555466 17.530258 -27.726685
v 57.348663 17.661678 -27.971806
v 56.435410 14.915356 -27.726685
v 56.435417 15.518302 -27.971806
v 55.522156 17.661678 -27.971806
v 55.075066 17.397799 -27.971806
v 53.260422 20.002491 -27.971806
v 53.247063 20.477751 -27.726685
v 51.445778 17.397797 -27.971806
v 51.205467 17.530258 -27.726685
v 50.402908 14.920002 -27.971806
v 50.085411 14.915356 -27.726685
v 50.085411 12.574005 -27.717800
v 49.696823 14.920002 -27.971806
v 49.770638 12.699993 -27.971806
v 52.850410 20.375414 -27.971806
v 51.284630 21.628904 -27.971806
v 51.355415 21.920647 -27.726685
v 50.085411 22.548483 -27.726685
v 50.085411 22.859991 -27.971806
v 48.815414 21.920647 -27.726685
v 48.737770 22.194332 -27.971806
v 46.897064 20.477751 -27.726685
v 46.910423 20.807365 -27.971806
v 45.088013 22.190983 -27.971806
v 51.284630 21.628904 -27.971806
v 50.085411 22.232965 -27.971806
v 50.085411 22.548483 -27.726685
v 48.884613 21.629665 -27.971806
v 48.815414 21.920647 -27.726685
v 47.330933 20.374855 -27.971806
v 46.897064 20.477751 -27.726685
v 48.965385 17.530258 -27.726685
v 48.725067 17.397799 -27.971806
v 49.696823 14.920002 -27.971806
v 50.085411 22.859991 -27.971806
v 51.438011 22.190983 -27.971806
v 51.355415 21.920647 -27.726685
v 53.247063 20.477751 -27.726685
v 52.850410 20.375414 -27.971806
v 51.205467 17.530258 -27.726685
v 50.998657 17.661678 -27.971806
v 50.085411 14.915356 -27.726685
v 50.085419 15.518302 -27.971806
v 49.172157 17.661678 -27.971806
v 11.072161 17.661678 -27.971806
v 11.985411 15.518302 -27.971806
v 11.985411 14.915356 -27.726685
v 12.898661 17.661678 -27.971806
v 13.105467 17.530258 -27.726685
v 14.750410 20.375414 -27.971806
v 15.147058 20.477751 -27.726685
v 13.255407 21.920647 -27.726685
v 13.338015 22.190983 -27.971806
v 11.985411 22.859991 -27.971806
v 11.670633 12.699993 -27.971806
v 11.596815 14.920002 -27.971806
v 11.985411 12.574005 -27.717800
v 11.985411 14.915356 -27.726685
v 12.302912 14.920002 -27.971806
v 13.105467 17.530258 -27.726685
v 13.345774 17.397797 -27.971806
v 15.147058 20.477751 -27.726685
v 15.160414 20.002491 -27.971806
v 16.975069 17.397799 -27.971806
v 11.596815 14.920002 -27.971806
v 10.625067 17.397799 -27.971806
v 10.865377 17.530258 -27.726685
v 8.797056 20.477751 -27.726685
v 9.230936 20.374855 -27.971806
v 10.715414 21.920647 -27.726685
v 10.784605 21.629665 -27.971806
v 11.985411 22.548483 -27.726685
v 11.985411 22.232965 -27.971806
v 13.184629 21.628904 -27.971806
v 10.625067 17.397799 -27.971806
v 8.810411 20.002491 -27.971806
v 8.797056 20.477751 -27.726685
v 6.995771 17.397797 -27.971806
v 6.755465 17.530258 -27.726685
v 5.952913 14.920002 -27.971806
v 5.635412 14.915356 -27.726685
v 5.635412 12.574005 -27.717800
v 5.246817 14.920002 -27.971806
v 5.320635 12.699993 -27.971806
v 6.834631 21.628904 -27.971806
v 5.635412 22.232965 -27.971806
v 5.635412 22.548483 -27.726685
v 4.434603 21.629665 -27.971806
v 4.365412 21.920647 -27.726685
v 2.880938 20.374855 -27.971806
v 2.447058 20.477751 -27.726685
v 4.515375 17.530258 -27.726685
v 4.275068 17.397799 -27.971806
v 5.246817 14.920002 -27.971806
v 5.635412 22.859991 -27.971806
v 6.988016 22.190983 -27.971806
v 6.905409 21.920647 -27.726685
v 8.797056 20.477751 -27.726685
v 8.400408 20.375414 -27.971806
v 6.755465 17.530258 -27.726685
v 6.548662 17.661678 -27.971806
v 5.635412 14.915356 -27.726685
v 5.635412 15.518302 -27.971806
v 4.722158 17.661678 -27.971806
v 6.988016 22.190983 -27.971806
v 8.810411 20.807365 -27.971806
v 8.797056 20.477751 -27.726685
v 10.637770 22.194332 -27.971806
v 10.715414 21.920647 -27.726685
v 11.985411 22.859991 -27.971806
v 11.985411 22.548483 -27.726685
v 13.255407 21.920647 -27.726685
v 13.184629 21.628904 -27.971806
v 14.750410 20.375414 -27.971806
v 4.275068 17.397799 -27.971806
v 2.460417 20.002491 -27.971806
v 2.447058 20.477751 -27.726685
v 0.645775 17.397797 -27.971806
v 0.405464 17.530258 -27.726685
v -0.397085 14.920002 -27.971806
v -0.714584 14.915356 -27.726685
v -0.714588 12.574005 -27.717800
v -1.103182 14.920002 -27.971806
v -1.029366 12.699993 -27.971806
v 2.050409 20.375414 -27.971806
v 0.484631 21.628904 -27.971806
v 0.555408 21.920647 -27.726685
v -0.714584 22.548483 -27.726685
v -0.714584 22.859991 -27.971806
v -1.984585 21.920647 -27.726685
v -2.062233 22.194332 -27.971806
v -3.902943 20.477751 -27.726685
v -3.889585 20.807365 -27.971806
v -5.711987 22.190983 -27.971806
v 0.484631 21.628904 -27.971806
v -0.714584 22.232965 -27.971806
v -0.714584 22.548483 -27.726685
v -1.915396 21.629665 -27.971806
v -1.984585 21.920647 -27.726685
v -3.469063 20.374855 -27.971806
v -3.902943 20.477751 -27.726685
v -1.834621 17.530258 -27.726685
v -2.074934 17.397799 -27.971806
v -1.103182 14.920002 -27.971806
v -0.714584 22.859991 -27.971806
v 0.638014 22.190983 -27.971806
v 0.555408 21.920647 -27.726685
v 2.447058 20.477751 -27.726685
v 2.050409 20.375414 -27.971806
v 0.405464 17.530258 -27.726685
v 0.198664 17.661678 -27.971806
v -0.714584 14.915356 -27.726685
v -0.714584 15.518302 -27.971806
v -1.627842 17.661678 -27.971806
v 69.135422 15.518302 -27.971806
v 69.135422 14.915356 -27.726677
v 68.222153 17.661678 -27.971806
v 68.015381 17.530258 -27.726685
v 66.380928 20.374855 -27.971806
v 65.947075 20.477751 -27.726685
v 67.865410 21.920647 -27.726685
v 67.787766 22.194332 -27.971806
v 69.135422 22.859991 -27.971806
v 43.735413 22.232965 -27.971806
v 43.735413 22.548483 -27.726685
v 44.934631 21.628904 -27.971806
v 45.005409 21.920647 -27.726685
v 46.500412 20.375414 -27.971806
v 46.897064 20.477751 -27.726685
v 44.855461 17.530258 -27.726685
v 45.095779 17.397797 -27.971806
v 44.052910 14.920002 -27.971806
v 43.735420 15.518302 -27.971806
v 43.735413 14.915356 -27.726685
v 42.822159 17.661678 -27.971806
v 42.615387 17.530258 -27.726685
v 40.980934 20.374855 -27.971806
v 40.547058 20.477751 -27.726685
v 42.465416 21.920647 -27.726685
v 42.387764 22.194332 -27.971806
v 43.735413 22.859991 -27.971806
v 28.269930 20.375414 -27.971806
v 27.873434 20.477751 -27.726692
v 29.834311 21.629284 -27.971806
v 29.764963 21.920647 -27.726692
v 31.035479 22.232965 -27.971806
v 31.035479 22.548485 -27.726696
v 32.305992 21.920647 -27.726692
v 31.035471 22.859991 -27.971806
v 32.388535 22.190981 -27.971806
v 18.335413 22.232965 -27.971806
v 18.335413 22.548483 -27.726685
v 19.534628 21.628904 -27.971806
v 19.605410 21.920647 -27.726685
v 21.100409 20.375414 -27.971806
v 21.497057 20.477751 -27.726685
v 19.455465 17.530258 -27.726685
v 19.695772 17.397797 -27.971806
v 18.652910 14.920002 -27.971806
v 18.335413 15.518302 -27.971806
v 18.335413 14.915356 -27.726685
v 17.422155 17.661678 -27.971806
v 17.215376 17.530258 -27.726685
v 15.580938 20.374855 -27.971806
v 15.147058 20.477751 -27.726685
v 17.065413 21.920647 -27.726685
v 16.987768 22.194332 -27.971806
v 18.335413 22.859991 -27.971806
v -7.064587 22.232965 -27.971806
v -7.064587 22.548485 -27.726673
v -5.865370 21.628904 -27.971806
v -5.794592 21.920647 -27.726685
v -4.299591 20.375414 -27.971806
v -3.902943 20.477751 -27.726685
v -5.944538 17.530258 -27.726685
v -5.704226 17.397797 -27.971806
v -6.747084 14.920002 -27.971806
v 37.385475 12.578514 -27.717800
v 37.385445 14.915356 -27.726688
v 37.702911 14.920002 -27.971806
v 38.505463 17.530258 -27.726685
v 38.745781 17.397797 -27.971806
v 40.547058 20.477751 -27.726685
v 40.560417 20.002491 -27.971806
v 42.375069 17.397799 -27.971806
v 40.150406 20.375414 -27.971806
v 38.584633 21.628904 -27.971806
v 38.655411 21.920647 -27.726685
v 37.385445 22.548483 -27.726688
v 37.385445 22.859991 -27.971806
v 36.115990 21.920647 -27.726692
v 36.038261 22.194336 -27.971806
v 34.210991 20.807365 -27.971806
v 51.438011 22.190983 -27.971806
v 53.260422 20.807365 -27.971806
v 53.247063 20.477751 -27.726685
v 55.087769 22.194332 -27.971806
v 55.165413 21.920647 -27.726685
v 56.435410 22.859991 -27.971806
v 56.435410 22.548483 -27.726685
v 44.052917 12.699993 -27.971806
v 43.735413 12.574005 -27.717800
v 44.052910 14.920002 -27.971806
v 43.735413 14.915356 -27.726685
v 44.855461 17.530258 -27.726685
v 44.648659 17.661678 -27.971806
v 46.500412 20.375414 -27.971806
v 48.226288 9.129846 -27.971806
v 47.584282 8.355145 -27.971806
v 47.584290 8.355145 -27.722118
v 47.220459 7.369422 -27.971806
v 47.220459 7.369422 -27.722118
v 47.220459 4.603744 -27.971806
v 47.220459 4.603744 -27.722115
v 53.119652 10.159993 -27.593678
v 53.260422 10.159993 -27.593678
v 53.260414 4.402655 -27.593678
v 53.403435 10.159993 -27.593678
v 53.403435 4.402655 -27.593678
v 53.570457 7.369422 -27.722118
v 53.570457 4.603744 -27.722115
v 54.576294 9.129846 -27.971806
v 53.934280 8.355145 -27.971806
v 53.934288 8.355145 -27.722118
v 53.570457 7.369422 -27.971806
v 53.570457 7.369422 -27.722118
v 53.570457 4.603744 -27.971806
v 53.570457 4.603744 -27.722115
v 59.469650 10.159993 -27.593678
v 59.610420 10.159993 -27.593678
v 59.610413 4.402655 -27.593678
v 59.753441 10.159993 -27.593678
v 59.753441 4.402655 -27.593678
v 59.920456 7.369422 -27.722118
v 59.920456 4.603744 -27.722115
v 46.767418 10.159993 -27.593674
v 46.910423 10.159993 -27.593674
v 46.910416 4.402653 -27.593678
v 47.053436 10.159993 -27.593678
v 47.053436 4.402655 -27.593678
v 47.220459 7.369422 -27.722118
v 47.220459 4.603744 -27.722115
v 46.600288 4.603744 -27.722122
v 46.600288 4.603744 -27.971806
v 46.600288 7.369422 -27.722122
v 46.600288 7.369422 -27.971806
v 46.236557 8.355145 -27.722122
v 46.236557 8.355145 -27.971806
v 45.594437 9.129846 -27.971806
v 60.926292 9.129846 -27.971806
v 60.284279 8.355145 -27.971806
v 60.284286 8.355145 -27.722118
v 59.920456 7.369422 -27.971806
v 59.920456 7.369422 -27.722118
v 59.920456 4.603744 -27.971806
v 59.920456 4.603744 -27.722115
v 65.819649 10.159993 -27.593678
v 65.960419 10.159993 -27.593674
v 65.960411 4.402653 -27.593678
v 66.103432 10.159993 -27.593674
v 66.103432 4.402652 -27.593678
v 66.270554 7.369422 -27.722122
v 66.270554 4.603744 -27.722122
v 67.276390 9.129846 -27.971806
v 66.634277 8.355145 -27.971806
v 66.634285 8.355145 -27.722122
v 66.270546 7.369422 -27.971806
v 66.270554 7.369422 -27.722122
v 66.270546 4.603744 -27.971806
v 66.270554 4.603744 -27.722122
v 26.032694 22.194334 -27.971806
v 25.954962 21.920647 -27.726692
v 24.685446 22.859991 -27.971806
v 24.685446 22.548483 -27.726688
v 23.415411 21.920647 -27.726685
v 23.484602 21.629665 -27.971806
v 21.930937 20.374855 -27.971806
v 18.652910 12.699993 -27.971806
v 18.335413 12.574005 -27.717800
v 18.652910 14.920002 -27.971806
v 18.335413 14.915356 -27.726685
v 19.455465 17.530258 -27.726685
v 19.248659 17.661678 -27.971806
v 21.100409 20.375414 -27.971806
v 24.685446 14.915356 -27.726688
v 24.296820 14.920002 -27.971806
v 23.565374 17.530258 -27.726685
v 23.325068 17.397799 -27.971806
v 21.497057 20.477751 -27.726685
v 21.510412 20.002491 -27.971806
v 19.695772 17.397797 -27.971806
v 18.335413 22.548483 -27.726685
v 18.335413 22.859991 -27.971806
v 19.605410 21.920647 -27.726685
v 19.688013 22.190983 -27.971806
v 21.497057 20.477751 -27.726685
v 21.510412 20.807365 -27.971806
v 23.337767 22.194332 -27.971806
v 19.651289 9.114784 -27.971806
v 19.009283 8.340083 -27.971806
v 19.009283 8.340083 -27.722118
v 18.645460 7.354360 -27.971806
v 18.645460 7.354360 -27.722118
v 18.645456 2.063744 -27.971806
v 18.645456 2.063744 -27.722115
v 38.701294 9.114784 -27.971806
v 38.059280 8.340083 -27.971806
v 38.059288 8.340083 -27.722118
v 37.695457 7.354360 -27.971806
v 37.695457 7.354360 -27.722118
v 37.695457 2.063744 -27.971806
v 37.695457 2.063744 -27.722115
v 9.663088 9.114783 -27.722115
v 10.176512 8.340083 -27.722115
v 10.176512 8.340083 -27.971806
v 10.471735 7.354360 -27.722115
v 10.471735 7.354360 -27.971806
v 10.471731 2.063745 -27.722115
v 10.471735 2.063745 -27.971806
v 12.031290 9.114783 -27.971806
v 11.389284 8.340083 -27.971806
v 11.389284 8.340083 -27.722115
v 11.025454 7.354360 -27.971806
v 11.025454 7.354360 -27.722115
v 11.025454 2.063744 -27.971806
v 11.025457 2.063744 -27.722115
v 0.799093 2.063745 -27.971806
v 0.799097 2.063745 -27.722115
v 0.799093 7.354360 -27.971806
v 0.799093 7.354360 -27.722115
v 1.094316 8.340083 -27.971806
v 1.094316 8.340083 -27.722115
v 1.607740 9.114783 -27.722115
v -4.478710 9.114783 -27.971806
v -5.120716 8.340083 -27.971806
v -5.120716 8.340083 -27.722115
v -5.484541 7.354360 -27.971806
v -5.484541 7.354360 -27.722115
v -5.484541 2.063744 -27.971806
v -5.484539 2.063744 -27.722115
v 0.638014 22.190983 -27.971806
v 2.460417 20.807365 -27.971806
v 2.447058 20.477751 -27.726685
v 4.287767 22.194332 -27.971806
v 4.365412 21.920647 -27.726685
v 5.635412 22.859991 -27.971806
v 5.635412 22.548483 -27.726685
v -6.747084 12.699993 -27.971806
v -7.064585 12.574004 -27.717800
v -6.747084 14.920002 -27.971806
v -7.064585 14.915356 -27.726677
v -5.944538 17.530258 -27.726685
v -6.151335 17.661678 -27.971806
v -4.299591 20.375414 -27.971806
v 50.086555 10.082371 -27.971806
v 49.075256 9.692557 -27.971806
v 49.075256 9.692556 -27.722118
v 48.226288 9.129846 -27.971806
v 48.226288 9.129846 -27.722115
v 47.584290 8.355145 -27.722118
v 51.097862 9.692556 -27.722118
v 51.946800 9.129846 -27.722115
v 51.946800 9.129846 -27.971806
v 52.588821 8.355145 -27.722118
v 52.588821 8.355145 -27.971806
v 52.952644 7.369422 -27.971806
v 56.436554 10.082371 -27.971806
v 55.425255 9.692557 -27.971806
v 55.425255 9.692556 -27.722118
v 54.576294 9.129846 -27.971806
v 54.576294 9.129846 -27.722115
v 53.934288 8.355145 -27.722118
v 57.447861 9.692556 -27.722118
v 58.296806 9.129846 -27.722115
v 58.296806 9.129846 -27.971806
v 58.938812 8.355145 -27.722118
v 58.938812 8.355145 -27.971806
v 59.302643 7.369422 -27.971806
v 62.786552 10.082371 -27.971806
v 61.775253 9.692557 -27.971806
v 61.775253 9.692556 -27.722118
v 60.926292 9.129846 -27.971806
v 60.926292 9.129846 -27.722115
v 60.284286 8.355145 -27.722118
v 63.797859 9.692556 -27.722118
v 64.646805 9.129846 -27.722115
v 64.646805 9.129846 -27.971806
v 65.288811 8.355145 -27.722118
v 65.288811 8.355145 -27.971806
v 65.652641 7.369422 -27.971806
v 69.136566 10.082371 -27.971806
v 68.125267 9.692557 -27.971806
v 68.125259 9.692556 -27.722122
v 67.276390 9.129846 -27.971806
v 67.276390 9.129846 -27.722122
v 66.634285 8.355145 -27.722122
v 33.801025 20.375414 -27.971806
v 32.236641 21.629284 -27.971806
v 34.197517 20.477751 -27.726692
v 32.305992 21.920647 -27.726692
v 34.210991 20.807365 -27.971806
v 32.388535 22.190981 -27.971806
v 21.511557 10.067334 -27.971806
v 20.500250 9.677495 -27.971806
v 20.500254 9.677495 -27.722118
v 19.651289 9.114784 -27.971806
v 19.651289 9.114783 -27.722115
v 19.009283 8.340083 -27.722118
v 24.685461 10.159993 -27.593624
v 24.685461 1.862653 -27.593632
v 24.544645 10.159993 -27.593678
v 24.544390 1.862654 -27.593678
v 24.377634 7.354360 -27.722118
v 24.377634 2.063744 -27.722118
v 22.522856 9.677495 -27.722118
v 23.371801 9.114783 -27.722115
v 23.371801 9.114783 -27.971806
v 24.013811 8.340083 -27.722118
v 24.013811 8.340083 -27.971806
v 24.377634 7.354360 -27.971806
v 40.561554 10.067334 -27.971806
v 39.550255 9.677495 -27.971806
v 39.550255 9.677495 -27.722118
v 38.701294 9.114784 -27.971806
v 38.701294 9.114783 -27.722115
v 38.059288 8.340083 -27.722118
v 41.572861 9.677495 -27.722118
v 42.421806 9.114783 -27.722115
v 42.421806 9.114783 -27.971806
v 43.063820 8.340083 -27.722118
v 43.063820 8.340083 -27.971806
v 43.427643 7.354360 -27.971806
v 7.377523 9.677495 -27.971806
v 6.687738 9.114783 -27.971806
v 6.687738 9.114783 -27.722115
v 6.174326 8.340083 -27.971806
v 6.174326 8.340083 -27.722111
v 6.137064 8.188903 -27.722122
v 8.175413 10.067334 -27.722115
v 8.984163 9.677495 -27.722115
v 8.984163 9.677495 -27.971806
v 9.663088 9.114783 -27.722115
v 9.663088 9.114783 -27.971806
v 10.176512 8.340083 -27.971806
v 13.891558 10.067334 -27.971806
v 12.880251 9.677495 -27.971806
v 12.880251 9.677495 -27.722115
v 12.031290 9.114783 -27.971806
v 12.031290 9.114783 -27.722115
v 11.389284 8.340083 -27.722115
v 14.902857 9.677495 -27.722115
v 15.751799 9.114783 -27.722115
v 15.751799 9.114783 -27.971806
v 16.393812 8.340083 -27.722115
v 16.393812 8.340083 -27.971806
v 16.757639 7.354360 -27.971806
v 0.555414 1.862654 -27.593681
v 0.555414 10.159993 -27.593681
v 0.665277 1.862654 -27.593681
v 0.665277 10.159993 -27.593681
v 0.799093 7.354360 -27.722115
v 0.799093 10.159993 -27.722115
v 3.095415 10.067334 -27.722115
v 3.893301 9.677495 -27.722115
v 3.893301 9.677495 -27.971806
v 4.583090 9.114783 -27.722115
v 4.583090 9.114783 -27.971806
v 5.096498 8.340083 -27.971806
v -2.618443 10.067334 -27.971806
v -3.629747 9.677495 -27.971806
v -3.629747 9.677495 -27.722115
v -4.478710 9.114783 -27.971806
v -4.478710 9.114783 -27.722115
v -5.120716 8.340083 -27.722115
v 0.555414 10.159993 -27.593681
v 0.555414 1.862654 -27.593681
v 0.414648 10.159993 -27.593678
v 0.414394 1.862654 -27.593678
v 0.247641 7.354360 -27.722115
v 0.247641 2.063744 -27.722115
v -1.607143 9.677495 -27.722115
v -0.758198 9.114783 -27.722115
v -0.758198 9.114783 -27.971806
v -0.116188 8.340083 -27.722115
v -0.116188 8.340083 -27.971806
v 0.247641 7.354360 -27.971806
v 69.135422 14.915356 -27.726677
v 68.746826 14.920002 -27.971806
v 68.015381 17.530258 -27.726685
v 67.775063 17.397799 -27.971806
v 65.947075 20.477751 -27.726685
v 66.380928 20.374855 -27.971806
v 67.865410 21.920647 -27.726685
v 67.934608 21.629665 -27.971806
v 69.135422 22.548485 -27.726673
v 69.135422 22.232965 -27.971806
v 60.030930 20.374855 -27.971806
v 61.872154 17.661678 -27.971806
v 61.665382 17.530258 -27.726685
v 62.785408 14.915356 -27.726685
v 62.396820 14.920002 -27.971806
v 59.200417 20.375414 -27.971806
v 57.634636 21.628904 -27.971806
v 57.705414 21.920647 -27.726685
v 56.435410 22.548483 -27.726685
v 56.435410 22.859991 -27.971806
v 53.680931 20.374855 -27.971806
v 55.522156 17.661678 -27.971806
v 55.315384 17.530258 -27.726685
v 56.435410 14.915356 -27.726685
v 56.046822 14.920002 -27.971806
v 47.330933 20.374855 -27.971806
v 49.172157 17.661678 -27.971806
v 48.965385 17.530258 -27.726685
v 50.085411 14.915356 -27.726685
v 49.696823 14.920002 -27.971806
v 43.735413 22.548483 -27.726685
v 43.735413 22.859991 -27.971806
v 45.005409 21.920647 -27.726685
v 45.088013 22.190983 -27.971806
v 46.897064 20.477751 -27.726685
v 53.260414 4.402655 -27.593678
v 53.119392 4.402655 -27.593678
v 53.119652 10.159993 -27.593678
v 52.952644 7.369422 -27.722118
v 52.952644 10.159993 -27.722118
v 51.946800 9.129846 -27.971806
v 51.097862 9.692557 -27.971806
v 51.097862 9.692556 -27.722118
v 50.086555 10.082371 -27.971806
v 50.086555 10.082397 -27.722118
v 52.588821 8.355145 -27.722118
v 52.952644 7.369422 -27.722118
v 52.952644 7.369422 -27.971806
v 52.952644 4.603744 -27.722118
v 52.952644 4.603744 -27.971806
v 59.610413 4.402655 -27.593678
v 59.469391 4.402655 -27.593678
v 59.469650 10.159993 -27.593678
v 59.302643 7.369422 -27.722118
v 59.302643 10.159993 -27.722118
v 58.296806 9.129846 -27.971806
v 57.447861 9.692557 -27.971806
v 57.447861 9.692556 -27.722118
v 56.436554 10.082371 -27.971806
v 56.436554 10.082397 -27.722118
v 58.938812 8.355145 -27.722118
v 59.302643 7.369422 -27.722118
v 59.302643 7.369422 -27.971806
v 59.302643 4.603744 -27.722118
v 59.302643 4.603744 -27.971806
v 46.910416 4.402653 -27.593678
v 46.767426 4.402652 -27.593678
v 46.767418 10.159993 -27.593674
v 46.600288 7.369422 -27.722122
v 46.600288 10.159993 -27.722122
v 45.594437 9.129846 -27.722122
v 45.594437 9.129846 -27.971806
v 44.745575 9.692556 -27.722122
v 44.745575 9.692557 -27.971806
v 43.734283 10.082371 -27.971806
v 65.960411 4.402653 -27.593678
v 65.819397 4.402655 -27.593678
v 65.819649 10.159993 -27.593678
v 65.652641 7.369422 -27.722118
v 65.652641 10.159993 -27.722118
v 64.646805 9.129846 -27.971806
v 63.797859 9.692557 -27.971806
v 63.797859 9.692556 -27.722118
v 62.786552 10.082371 -27.971806
v 62.786552 10.082397 -27.722118
v 65.288811 8.355145 -27.722118
v 65.652641 7.369422 -27.722118
v 65.652641 7.369422 -27.971806
v 65.652641 4.603744 -27.722118
v 65.652641 4.603744 -27.971806
v 43.735413 14.915356 -27.726685
v 43.346825 14.920002 -27.971806
v 42.615387 17.530258 -27.726685
v 42.375069 17.397799 -27.971806
v 40.547058 20.477751 -27.726685
v 40.980934 20.374855 -27.971806
v 42.465416 21.920647 -27.726685
v 42.534615 21.629665 -27.971806
v 43.735413 22.548483 -27.726685
v 43.735413 22.232965 -27.971806
v 27.873434 20.477751 -27.726692
v 27.859972 20.807365 -27.971806
v 29.764963 21.920647 -27.726692
v 29.682421 22.190981 -27.971806
v 31.035471 22.859991 -27.971806
v 18.645456 2.063744 -27.722115
v 18.478434 1.862654 -27.593678
v 18.645460 7.354360 -27.722118
v 18.478437 10.159993 -27.593678
v 18.645460 10.159993 -27.722118
v 23.371801 9.114783 -27.971806
v 22.522856 9.677495 -27.971806
v 22.522856 9.677495 -27.722118
v 21.511557 10.067334 -27.971806
v 21.511557 10.067335 -27.722118
v 24.013811 8.340083 -27.722118
v 24.377634 7.354360 -27.722118
v 24.377634 7.354360 -27.971806
v 24.377634 2.063744 -27.722118
v 24.377638 2.063744 -27.971806
v 37.385460 1.862653 -27.593624
v 37.528435 10.159993 -27.593678
v 37.528435 1.862654 -27.593678
v 37.695457 7.354360 -27.722118
v 37.695457 2.063744 -27.722115
v 42.421806 9.114783 -27.971806
v 41.572861 9.677495 -27.971806
v 41.572861 9.677495 -27.722118
v 40.561554 10.067334 -27.971806
v 40.561554 10.067335 -27.722118
v 43.063820 8.340083 -27.722118
v 43.427643 7.354360 -27.722118
v 43.427643 7.354360 -27.971806
v 43.427643 2.063744 -27.722118
v 43.427643 2.063744 -27.971806
v 43.427643 10.159993 -27.722118
v 43.594650 10.159993 -27.593678
v 43.427643 7.354360 -27.722118
v 43.594391 1.862654 -27.593678
v 43.427643 2.063744 -27.722118
v 9.230936 20.374855 -27.971806
v 11.072161 17.661678 -27.971806
v 10.865377 17.530258 -27.726685
v 11.985411 14.915356 -27.726685
v 11.596815 14.920002 -27.971806
v 8.400408 20.375414 -27.971806
v 6.834631 21.628904 -27.971806
v 6.905409 21.920647 -27.726685
v 5.635412 22.548483 -27.726685
v 5.635412 22.859991 -27.971806
v 18.335413 14.915356 -27.726685
v 17.946817 14.920002 -27.971806
v 17.215376 17.530258 -27.726685
v 16.975069 17.397799 -27.971806
v 15.147058 20.477751 -27.726685
v 15.580938 20.374855 -27.971806
v 17.065413 21.920647 -27.726685
v 17.134604 21.629665 -27.971806
v 18.335413 22.548483 -27.726685
v 18.335413 22.232965 -27.971806
v 10.715414 10.159993 -27.593681
v 10.605551 1.862654 -27.593681
v 10.605551 10.159993 -27.593681
v 10.471735 7.354360 -27.722115
v 10.471735 10.159993 -27.722115
v 6.687738 9.114783 -27.722115
v 7.377523 9.677495 -27.722115
v 7.377523 9.677495 -27.971806
v 8.175413 10.067334 -27.722115
v 8.175413 10.067334 -27.971806
v 10.715414 1.862654 -27.593681
v 10.858438 10.159993 -27.593678
v 10.858438 1.862654 -27.593678
v 11.025454 7.354360 -27.722115
v 11.025457 2.063744 -27.722115
v 15.751799 9.114783 -27.971806
v 14.902857 9.677495 -27.971806
v 14.902857 9.677495 -27.722115
v 13.891558 10.067334 -27.971806
v 13.891558 10.067334 -27.722115
v 16.393812 8.340083 -27.722115
v 16.757639 7.354360 -27.722115
v 16.757639 7.354360 -27.971806
v 16.757639 2.063744 -27.722115
v 16.757639 2.063744 -27.971806
v 16.757639 10.159993 -27.722115
v 16.924650 10.159993 -27.593678
v 16.757639 7.354360 -27.722115
v 16.924395 1.862654 -27.593678
v 16.757639 2.063744 -27.722115
v 4.583090 9.114783 -27.722115
v 5.096498 8.340083 -27.722111
v 5.096498 8.340083 -27.971806
v 5.133764 8.188903 -27.722122
v 5.134195 8.188903 -27.971813
v 1.607740 9.114783 -27.971806
v 1.607740 9.114783 -27.722115
v 2.286665 9.677495 -27.971806
v 2.286665 9.677495 -27.722115
v 3.095415 10.067334 -27.722115
v 5.508135 8.411534 -27.593685
v 5.508135 10.159993 -27.593681
v 5.635412 8.484329 -27.593689
v 5.635412 10.159993 -27.593681
v 5.762693 10.159993 -27.593681
v -5.484539 2.063744 -27.722115
v -5.651560 1.862654 -27.593678
v -5.484541 7.354360 -27.722115
v -5.651560 10.159993 -27.593678
v -5.484541 10.159993 -27.722115
v -0.758198 9.114783 -27.971806
v -1.607143 9.677495 -27.971806
v -1.607143 9.677495 -27.722115
v -2.618443 10.067334 -27.971806
v -2.618443 10.067334 -27.722115
v -0.116188 8.340083 -27.722115
v 0.247641 7.354360 -27.722115
v 0.247641 7.354360 -27.971806
v 0.247641 2.063744 -27.722115
v 0.247641 2.063744 -27.971806
v 2.880938 20.374855 -27.971806
v 4.722158 17.661678 -27.971806
v 4.515375 17.530258 -27.726685
v 5.635412 14.915356 -27.726685
v 5.246817 14.920002 -27.971806
v -3.469063 20.374855 -27.971806
v -1.627842 17.661678 -27.971806
v -1.834621 17.530258 -27.726685
v -0.714584 14.915356 -27.726685
v -1.103182 14.920002 -27.971806
v -7.064587 22.548485 -27.726673
v -7.064587 22.859991 -27.971806
v -5.794592 21.920647 -27.726685
v -5.711987 22.190983 -27.971806
v -3.902943 20.477751 -27.726685
v 69.135422 14.915356 -27.726677
v 69.135422 12.574004 -27.717800
v 68.746826 14.920002 -27.971806
v 68.820633 12.699993 -27.971806
v 64.138008 22.190983 -27.971806
v 65.960419 20.807365 -27.971806
v 65.947075 20.477751 -27.726685
v 67.787766 22.194332 -27.971806
v 45.095779 17.397797 -27.971806
v 46.897064 20.477751 -27.726685
v 46.910423 20.002491 -27.971806
v 48.725067 17.397799 -27.971806
v 43.735413 14.915356 -27.726685
v 43.735413 12.574005 -27.717800
v 43.346825 14.920002 -27.971806
v 43.420631 12.699993 -27.971806
v 38.738007 22.190983 -27.971806
v 40.560417 20.807365 -27.971806
v 40.547058 20.477751 -27.726685
v 42.387764 22.194332 -27.971806
v 24.980879 2.063744 -27.722126
v 24.980879 10.159992 -27.723396
v 24.980879 2.063743 -27.971806
v 24.980879 10.159992 -27.971806
v 27.873434 20.477751 -27.726692
v 25.954962 21.920647 -27.726692
v 27.859972 20.807365 -27.971806
v 26.032694 22.194334 -27.971806
v 24.685461 1.862653 -27.593632
v 24.685461 10.159993 -27.593624
v 24.980879 2.063744 -27.722126
v 24.980879 10.159992 -27.723396
v 37.090080 10.159993 -27.971806
v 37.090080 10.159992 -27.723396
v 37.090080 2.063744 -27.971806
v 37.090080 2.063744 -27.722126
v 37.385460 1.862653 -27.593624
v 37.090080 2.063744 -27.722126
v 37.385460 10.159992 -27.593632
v 37.090080 10.159992 -27.723396
v 24.685446 14.915356 -27.726688
v 24.685446 12.574008 -27.717800
v 24.296820 14.920002 -27.971806
v 24.370634 12.699993 -27.971806
v 18.335413 10.159993 -27.593678
v 18.478437 10.159993 -27.593678
v 18.335413 1.862654 -27.593678
v 18.478434 1.862654 -27.593678
v 43.594391 1.862654 -27.593678
v 43.594650 10.159993 -27.593678
v 43.735420 1.862654 -27.593678
v 43.735420 10.159993 -27.593678
v 18.335413 14.915356 -27.726685
v 18.335413 12.574005 -27.717800
v 17.946817 14.920002 -27.971806
v 18.020636 12.699993 -27.971806
v 13.338015 22.190983 -27.971806
v 15.160414 20.807365 -27.971806
v 15.147058 20.477751 -27.726685
v 16.987768 22.194332 -27.971806
v 5.889948 8.338737 -27.722115
v 5.762693 8.411534 -27.593685
v 5.889948 10.159993 -27.722115
v 5.762693 10.159993 -27.593681
v 16.924395 1.862654 -27.593678
v 16.924650 10.159993 -27.593678
v 17.065413 1.862654 -27.593678
v 17.065413 10.159993 -27.593678
v 5.380880 8.338737 -27.722115
v 5.380880 10.159993 -27.722115
v 5.508135 8.411534 -27.593685
v 5.508135 10.159993 -27.593681
v -5.794584 10.159993 -27.593678
v -5.651560 10.159993 -27.593678
v -5.794584 1.862654 -27.593678
v -5.651560 1.862654 -27.593678
v -5.704226 17.397797 -27.971806
v -3.902943 20.477751 -27.726685
v -3.889585 20.002491 -27.971806
v -2.074934 17.397799 -27.971806
v 63.102921 12.699993 -27.971806
v 62.785416 12.574005 -27.717800
v 63.102913 14.920002 -27.971806
v 67.865410 21.920647 -27.726685
v 69.135422 22.859991 -27.971806
v 69.135422 22.548485 -27.726673
v 56.752922 12.699993 -27.971806
v 56.435417 12.574005 -27.717800
v 56.752914 14.920002 -27.971806
v 50.402924 12.699993 -27.971806
v 50.085411 12.574005 -27.717800
v 50.402908 14.920002 -27.971806
v 44.648659 17.661678 -27.971806
v 43.735413 14.915356 -27.726685
v 43.735420 15.518302 -27.971806
v 50.086555 10.082371 -27.971806
v 49.075256 9.692556 -27.722118
v 50.086555 10.082397 -27.722118
v 47.053436 10.159993 -27.593678
v 47.220459 10.159993 -27.722118
v 47.220459 7.369422 -27.722118
v 52.952644 4.603744 -27.722118
v 52.952644 7.369422 -27.722118
v 53.119392 4.402655 -27.593678
v 56.436554 10.082371 -27.971806
v 55.425255 9.692556 -27.722118
v 56.436554 10.082397 -27.722118
v 53.403435 10.159993 -27.593678
v 53.570457 10.159993 -27.722118
v 53.570457 7.369422 -27.722118
v 59.302643 4.603744 -27.722118
v 59.302643 7.369422 -27.722118
v 59.469391 4.402655 -27.593678
v 44.745575 9.692556 -27.722122
v 43.734283 10.082371 -27.971806
v 43.734283 10.082396 -27.722122
v 46.236557 8.355145 -27.722122
v 45.594437 9.129846 -27.971806
v 45.594437 9.129846 -27.722122
v 46.600288 7.369422 -27.722122
v 46.767426 4.402652 -27.593678
v 46.600288 4.603744 -27.722122
v 62.786552 10.082371 -27.971806
v 61.775253 9.692556 -27.722118
v 62.786552 10.082397 -27.722118
v 59.753441 10.159993 -27.593678
v 59.920456 10.159993 -27.722118
v 59.920456 7.369422 -27.722118
v 65.652641 4.603744 -27.722118
v 65.652641 7.369422 -27.722118
v 65.819397 4.402655 -27.593678
v 69.136566 10.082371 -27.971806
v 68.125259 9.692556 -27.722122
v 69.136566 10.082396 -27.722122
v 66.103432 10.159993 -27.593674
v 66.270554 10.159993 -27.722122
v 66.270554 7.369422 -27.722122
v 37.702919 12.699993 -27.971806
v 37.385475 12.578514 -27.717800
v 37.702911 14.920002 -27.971806
v 42.465416 21.920647 -27.726685
v 43.735413 22.859991 -27.971806
v 43.735413 22.548483 -27.726685
v 25.805113 17.530260 -27.726696
v 25.598097 17.661678 -27.971806
v 27.439344 20.374855 -27.971806
v 27.873434 20.477751 -27.726692
v 27.859972 20.002491 -27.971806
v 26.045397 17.397797 -27.971806
v 28.269930 20.375414 -27.971806
v 27.859972 20.002491 -27.971806
v 27.873434 20.477751 -27.726692
v 31.035471 22.859991 -27.971806
v 31.035479 22.548485 -27.726696
v 29.764963 21.920647 -27.726692
v 36.025558 17.397797 -27.971806
v 34.210991 20.002491 -27.971806
v 34.197517 20.477751 -27.726692
v 34.210991 20.002491 -27.971806
v 33.801025 20.375414 -27.971806
v 34.197517 20.477751 -27.726692
v 31.035479 22.232965 -27.971806
v 32.305992 21.920647 -27.726692
v 32.236641 21.629284 -27.971806
v 34.210991 20.807365 -27.971806
v 36.115990 21.920647 -27.726692
v 34.197517 20.477751 -27.726692
v 19.248659 17.661678 -27.971806
v 18.335413 14.915356 -27.726685
v 18.335413 15.518302 -27.971806
v 21.511557 10.067334 -27.971806
v 20.500254 9.677495 -27.722118
v 21.511557 10.067335 -27.722118
v 24.377634 7.354360 -27.722118
v 24.377634 10.159993 -27.722118
v 24.544645 10.159993 -27.593678
v 37.528435 10.159993 -27.593678
v 37.385460 1.862653 -27.593624
v 37.385460 10.159992 -27.593632
v 40.561554 10.067334 -27.971806
v 39.550255 9.677495 -27.722118
v 40.561554 10.067335 -27.722118
v 37.528435 10.159993 -27.593678
v 37.695457 10.159993 -27.722118
v 37.695457 7.354360 -27.722118
v 5.952913 12.699993 -27.971806
v 5.635412 12.574005 -27.717800
v 5.952913 14.920002 -27.971806
v 12.302912 12.699993 -27.971806
v 11.985411 12.574005 -27.717800
v 12.302912 14.920002 -27.971806
v 17.065413 21.920647 -27.726685
v 18.335413 22.859991 -27.971806
v 18.335413 22.548483 -27.726685
v 10.605551 1.862654 -27.593681
v 10.715414 10.159993 -27.593681
v 10.715414 1.862654 -27.593681
v 8.175413 10.067334 -27.971806
v 8.175413 10.067334 -27.722115
v 8.984163 9.677495 -27.971806
v 10.471735 7.354360 -27.722115
v 10.605551 1.862654 -27.593681
v 10.471731 2.063745 -27.722115
v 5.635412 8.484329 -27.593689
v 5.762693 10.159993 -27.593681
v 5.762693 8.411534 -27.593685
v 6.137064 8.188903 -27.722122
v 6.174326 8.340083 -27.971806
v 6.136633 8.188903 -27.971813
v 10.858438 10.159993 -27.593678
v 10.715414 1.862654 -27.593681
v 10.715414 10.159993 -27.593681
v 13.891558 10.067334 -27.971806
v 12.880251 9.677495 -27.722115
v 13.891558 10.067334 -27.722115
v 10.858438 10.159993 -27.593678
v 11.025454 10.159993 -27.722115
v 11.025454 7.354360 -27.722115
v 3.893301 9.677495 -27.971806
v 3.095415 10.067334 -27.971806
v 3.095415 10.067334 -27.722115
v 3.095415 10.067334 -27.722115
v 3.095415 10.067334 -27.971806
v 2.286665 9.677495 -27.971806
v 1.607740 9.114783 -27.722115
v 1.607740 9.114783 -27.971806
v 1.094316 8.340083 -27.971806
v 0.665277 1.862654 -27.593681
v 0.799093 7.354360 -27.722115
v 0.799097 2.063745 -27.722115
v -2.618443 10.067334 -27.971806
v -3.629747 9.677495 -27.722115
v -2.618443 10.067334 -27.722115
v 0.247641 7.354360 -27.722115
v 0.247641 10.159993 -27.722115
v 0.414648 10.159993 -27.593678
v -0.397085 12.699993 -27.971806
v -0.714588 12.574005 -27.717800
v -0.397085 14.920002 -27.971806
v -6.151335 17.661678 -27.971806
v -7.064585 14.915356 -27.726677
v -7.064585 15.518302 -27.971806
vt 3.997070 0.533203
vt 4.960938 1.276367
vt 3.997070 1.226562
vt 3.997070 0.533203
vt 4.960938 0.533203
vt 3.997070 -0.516602
vt 4.960938 -0.358398
vt 4.960938 -2.110352
vt 3.997070 -2.110352
vt 4.960938 -3.296875
vt 3.997070 -3.296875
vt 4.996094 -4.484375
vt 3.997070 -4.484375
vt 3.997070 -4.484375
vt 3.997070 -3.296875
vt 4.996094 -4.484375
vt 4.960938 -3.296875
vt 3.997070 -2.110352
vt 4.960938 -2.110352
vt 4.960938 -0.358398
vt 3.997070 -0.516602
vt 4.960938 0.533203
vt 3.997070 0.533203
vt 4.960938 1.276367
vt 3.997070 1.226562
vt 3.997070 0.533203
vt 3.997070 1.226562
vt 4.960938 0.533203
vt 3.997070 0.533203
vt 4.960938 -0.358398
vt 3.997070 -0.516602
vt 4.960938 -2.110352
vt 3.997070 -2.110352
vt 4.960938 -3.296875
vt 3.997070 -3.026367
vt 4.960938 -2.110352
vt 3.997070 -2.110352
vt 3.997070 -0.516602
vt 3.997070 -2.110352
vt 3.997070 -3.026367
vt 4.960938 -2.110352
vt 4.960938 -3.296875
vt 3.997070 -2.110352
vt 4.960938 -2.110352
vt 3.997070 -0.516602
vt 4.960938 -0.358398
vt 4.960938 0.533203
vt 3.997070 0.533203
vt 3.997070 1.226562
vt 3.997070 -2.110352
vt 4.960938 -0.358398
vt 3.997070 -0.516602
vt 3.997070 -2.110352
vt 4.960938 -2.110352
vt 3.997070 -3.296875
vt 4.960938 -3.296875
vt 4.996094 -4.484375
vt 3.997070 -3.296875
vt 3.997070 -4.484375
vt 3.997070 -0.516602
vt 4.960938 0.533203
vt 3.997070 0.533203
vt 4.960938 1.276367
vt 3.997070 1.226562
vt 4.960938 0.533203
vt 3.997070 0.533203
vt 4.960938 -0.358398
vt 3.997070 -0.396484
vt 3.997070 0.533203
vt 3.997070 0.533203
vt 4.960938 1.276367
vt 3.997070 1.226562
vt 3.997070 0.533203
vt 4.960938 0.533203
vt 3.997070 -0.516602
vt 4.960938 -0.358398
vt 4.960938 -2.110352
vt 3.997070 -2.110352
vt 3.997070 -3.296875
vt 3.997070 1.226562
vt 4.960938 0.533203
vt 3.997070 0.533203
vt 4.960938 -0.358398
vt 3.997070 -0.516602
vt 4.960938 -2.110352
vt 3.997070 -2.110352
vt 4.960938 -3.296875
vt 3.997070 -3.026367
vt 3.997070 -2.110352
vt 3.997070 -2.110352
vt 4.960938 -0.358398
vt 3.997070 -0.516602
vt 3.997070 -2.110352
vt 4.960938 -2.110352
vt 3.997070 -3.296875
vt 4.960938 -3.296875
vt 4.996094 -4.484375
vt 3.997070 -3.296875
vt 3.997070 -4.484375
vt 3.997070 0.533203
vt 4.960938 1.276367
vt 3.997070 1.226562
vt 3.997070 0.533203
vt 4.960938 0.533203
vt 3.997070 -0.516602
vt 4.960938 -0.358398
vt 4.960938 -2.110352
vt 3.997070 -2.110352
vt 3.997070 -3.296875
vt 3.997070 1.226562
vt 4.960938 0.533203
vt 3.997070 0.533203
vt 4.960938 -0.358398
vt 3.997070 -0.516602
vt 4.960938 -2.110352
vt 3.997070 -2.110352
vt 4.960938 -3.296875
vt 3.997070 -3.026367
vt 3.997070 -2.110352
vt 3.997070 -2.110352
vt 4.960938 -0.358398
vt 3.997070 -0.516602
vt 3.997070 -2.110352
vt 4.960938 -2.110352
vt 3.997070 -3.296875
vt 4.960938 -3.296875
vt 4.996094 -4.484375
vt 3.997070 -3.296875
vt 3.997070 -4.484375
vt 3.997070 -0.516602
vt 4.960938 0.533203
vt 3.997070 0.533203
vt 4.960938 1.276367
vt 3.997070 1.226562
vt 4.960938 0.533203
vt 3.997070 0.533203
vt 4.960938 -0.358398
vt 3.997070 -0.396484
vt 3.997070 0.533203
vt 3.997070 0.533203
vt 4.960938 1.276367
vt 3.997070 1.226562
vt 3.997070 0.533203
vt 4.960938 0.533203
vt 3.997070 -0.516602
vt 4.960938 -0.358398
vt 4.960938 -2.110352
vt 3.997070 -2.110352
vt 3.997070 -3.296875
vt 3.997070 1.226562
vt 4.960938 0.533203
vt 3.997070 0.533203
vt 4.960938 -0.358398
vt 3.997070 -0.516602
vt 4.960938 -2.110352
vt 3.997070 -2.110352
vt 4.960938 -3.296875
vt 3.997070 -3.026367
vt 3.997070 -2.110352
vt 3.997070 -2.110352
vt 4.960938 -3.296875
vt 3.997070 -3.026367
vt 3.997070 -2.110352
vt 4.960938 -2.110352
vt 3.997070 -0.516602
vt 4.960938 -0.358398
vt 4.960938 0.533203
vt 3.997070 0.533203
vt 3.997070 1.226562
vt 3.997070 -4.484375
vt 4.996094 -4.484375
vt 3.997070 -3.296875
vt 4.960938 -3.296875
vt 3.997070 -3.296875
vt 4.960938 -2.110352
vt 3.997070 -2.110352
vt 4.960938 -0.358398
vt 3.997070 -0.516602
vt 3.997070 -2.110352
vt 3.997070 -3.296875
vt 4.960938 -2.110352
vt 3.997070 -2.110352
vt 4.960938 -0.358398
vt 3.997070 -0.516602
vt 4.960938 0.533203
vt 3.997070 0.533203
vt 4.960938 1.276367
vt 3.997070 1.226562
vt 3.997070 0.533203
vt 3.997070 -2.110352
vt 4.960938 -0.358398
vt 3.997070 -0.516602
vt 3.997070 -2.110352
vt 4.960938 -2.110352
vt 3.997070 -3.296875
vt 4.960938 -3.296875
vt 4.996094 -4.484375
vt 3.997070 -3.296875
vt 3.997070 -4.484375
vt 3.997070 0.533203
vt 4.960938 1.276367
vt 3.997070 1.226562
vt 3.997070 0.533203
vt 4.960938 0.533203
vt 3.997070 -0.516602
vt 4.960938 -0.358398
vt 4.960938 -2.110352
vt 3.997070 -2.110352
vt 3.997070 -3.296875
vt 3.997070 1.226562
vt 4.960938 0.533203
vt 3.997070 0.533203
vt 4.960938 -0.358398
vt 3.997070 -0.516602
vt 4.960938 -2.110352
vt 3.997070 -2.110352
vt 4.960938 -3.296875
vt 3.997070 -3.026367
vt 3.997070 -2.110352
vt 3.997070 0.533203
vt 4.960938 -0.358398
vt 3.997070 -0.396484
vt 3.997070 0.533203
vt 4.960938 0.533203
vt 3.997070 1.226562
vt 4.960938 1.276367
vt 4.960938 0.533203
vt 3.997070 0.533203
vt 3.997070 -0.516602
vt 3.997070 -2.110352
vt 4.960938 -0.358398
vt 3.997070 -0.516602
vt 3.997070 -2.110352
vt 4.960938 -2.110352
vt 3.997070 -3.296875
vt 4.960938 -3.296875
vt 4.996094 -4.484375
vt 3.997070 -3.296875
vt 3.997070 -4.484375
vt 3.997070 -0.516602
vt 4.960938 0.533203
vt 3.997070 0.533203
vt 4.960938 1.276367
vt 3.997070 1.226562
vt 4.960938 0.533203
vt 3.997070 0.533203
vt 4.960938 -0.358398
vt 3.997070 -0.396484
vt 3.997070 0.533203
vt 3.997070 0.533203
vt 4.960938 1.276367
vt 3.997070 1.226562
vt 3.997070 0.533203
vt 4.960938 0.533203
vt 3.997070 -0.516602
vt 4.960938 -0.358398
vt 4.960938 -2.110352
vt 3.997070 -2.110352
vt 3.997070 -3.296875
vt 3.997070 1.226562
vt 4.960938 0.533203
vt 3.997070 0.533203
vt 4.960938 -0.358398
vt 3.997070 -0.516602
vt 4.960938 -2.110352
vt 3.997070 -2.110352
vt 4.960938 -3.296875
vt 3.997070 -3.026367
vt 3.997070 -2.110352
vt 3.997070 -3.026367
vt 3.997070 -2.110352
vt 4.960938 -3.296875
vt 4.960938 -2.110352
vt 3.997070 -0.516602
vt 4.960938 -0.358398
vt 4.960938 0.533203
vt 3.997070 0.533203
vt 3.997070 1.226562
vt 3.997070 1.226562
vt 3.997070 0.533203
vt 4.960938 1.276367
vt 4.960938 0.533203
vt 3.997070 -0.516602
vt 4.960938 -0.358398
vt 4.960938 -2.110352
vt 3.997070 -2.110352
vt 3.997070 -3.296875
vt 3.997070 -3.026367
vt 3.997070 -2.110352
vt 4.960938 -3.296875
vt 4.960938 -2.110352
vt 3.997070 -0.516602
vt 4.960938 -0.358398
vt 4.960938 0.533203
vt 3.997070 0.533203
vt 3.997070 1.226562
vt 3.997070 -0.516602
vt 3.981445 0.531250
vt 4.960938 -0.358398
vt 4.960938 0.533203
vt 3.989258 1.242188
vt 4.960938 1.276367
vt 4.960938 0.533203
vt 3.997070 1.226562
vt 3.997070 0.533203
vt 3.997070 1.226562
vt 3.997070 0.533203
vt 4.960938 1.276367
vt 4.960938 0.533203
vt 3.997070 -0.516602
vt 4.960938 -0.358398
vt 4.960938 -2.110352
vt 3.997070 -2.110352
vt 3.997070 -3.296875
vt 3.997070 -3.026367
vt 3.997070 -2.110352
vt 4.960938 -3.296875
vt 4.960938 -2.110352
vt 3.997070 -0.516602
vt 4.960938 -0.358398
vt 4.960938 0.533203
vt 3.997070 0.533203
vt 3.997070 1.226562
vt 3.997070 1.226562
vt 3.997070 0.533203
vt 4.960938 1.276367
vt 4.960938 0.533203
vt 3.997070 -0.516602
vt 4.960938 -0.358398
vt 4.960938 -2.110352
vt 3.997070 -2.110352
vt 3.997070 -3.296875
vt 4.996094 -4.484375
vt 3.997070 -3.296875
vt 4.960938 -3.296875
vt 4.960938 -2.110352
vt 3.997070 -2.110352
vt 4.960938 -0.358398
vt 3.997070 -0.516602
vt 3.997070 -2.110352
vt 3.997070 -0.516602
vt 4.960938 0.533203
vt 3.997070 0.533203
vt 4.960938 1.276367
vt 3.997070 1.226562
vt 4.960938 0.533203
vt 3.997070 0.533203
vt 3.997070 -0.396484
vt 3.997070 0.533203
vt 4.960938 -0.358398
vt 3.997070 -0.396484
vt 3.997070 0.533203
vt 4.960938 0.533203
vt 3.997070 1.226562
vt 4.960938 1.276367
vt 3.997070 -4.484375
vt 3.997070 -3.296875
vt 4.996094 -4.484375
vt 4.960938 -3.296875
vt 4.960938 -2.110352
vt 3.997070 -2.110352
vt 3.997070 -0.516602
vt -3.995117 1.492188
vt -3.807617 0.958008
vt -3.995117 0.958008
vt -3.995117 0.155273
vt -3.807617 0.155273
vt -3.995117 -1.048828
vt -3.807617 -1.048828
vt -3.357422 1.423828
vt -2.995117 -1.133789
vt -2.995117 1.423828
vt -3.357422 1.423828
vt -3.361328 -1.135742
vt -3.807617 0.164062
vt -3.807617 -1.048828
vt -3.995117 1.492188
vt -3.807617 0.958008
vt -3.995117 0.958008
vt -3.995117 0.155273
vt -3.807617 0.155273
vt -3.995117 -1.048828
vt -3.807617 -1.048828
vt -3.357422 1.423828
vt -2.995117 -1.133789
vt -2.995117 1.423828
vt -3.357422 1.423828
vt -3.361328 -1.135742
vt -3.807617 0.164062
vt -3.807617 -1.048828
vt -3.357422 1.423828
vt -2.995117 -1.133789
vt -2.995117 1.423828
vt -3.357422 1.423828
vt -3.361328 -1.135742
vt -3.807617 0.164062
vt -3.807617 -1.048828
vt -3.807617 -1.048828
vt -3.807617 0.155273
vt -3.995117 -1.048828
vt -3.995117 0.155273
vt -3.807617 0.958008
vt -3.995117 0.958008
vt -3.995117 1.492188
vt -3.995117 1.492188
vt -3.807617 0.958008
vt -3.995117 0.958008
vt -3.995117 0.155273
vt -3.807617 0.155273
vt -3.995117 -1.048828
vt -3.807617 -1.048828
vt -3.357422 1.423828
vt -2.995117 -1.133789
vt -2.995117 1.423828
vt -3.357422 1.423828
vt -3.361328 -1.135742
vt -3.807617 0.164062
vt -3.807617 -1.048828
vt -3.995117 1.492188
vt -3.807617 0.958008
vt -3.995117 0.958008
vt -3.995117 0.155273
vt -3.807617 0.155273
vt -3.995117 -1.048828
vt -3.807617 -1.048828
vt 3.997070 0.533203
vt 3.997070 1.226562
vt 4.960938 0.533203
vt 4.960938 1.276367
vt 4.960938 0.533203
vt 3.997070 0.533203
vt 3.997070 -0.516602
vt 3.997070 -4.484375
vt 3.997070 -3.296875
vt 4.996094 -4.484375
vt 4.960938 -3.296875
vt 4.960938 -2.110352
vt 3.997070 -2.110352
vt 3.997070 -0.516602
vt 4.960938 -3.296875
vt 4.960938 -2.110352
vt 3.997070 -3.296875
vt 3.997070 -2.110352
vt 4.960938 -0.358398
vt 3.997070 -0.516602
vt 3.997070 -2.110352
vt 4.960938 1.276367
vt 4.960938 0.533203
vt 3.997070 1.226562
vt 3.997070 0.533203
vt 4.960938 -0.358398
vt 3.997070 -0.396484
vt 3.997070 0.533203
vt -3.995117 1.964844
vt -3.807617 1.643555
vt -3.995117 1.643555
vt -3.995117 1.160156
vt -3.807617 1.160156
vt -3.995117 -1.178711
vt -3.807617 -1.178711
vt -3.995117 1.964844
vt -3.807617 1.643555
vt -3.995117 1.643555
vt -3.995117 1.160156
vt -3.807617 1.160156
vt -3.995117 -1.178711
vt -3.807617 -1.178711
vt -3.807617 1.964844
vt -3.995117 1.643555
vt -3.807617 1.643555
vt -3.807617 1.160156
vt -3.995117 1.160156
vt -3.807617 -1.178711
vt -3.995117 -1.178711
vt -3.995117 1.964844
vt -3.807617 1.643555
vt -3.995117 1.643555
vt -3.995117 1.160156
vt -3.807617 1.160156
vt -3.995117 -1.178711
vt -3.807617 -1.178711
vt -3.995117 -1.178711
vt -3.995117 1.160156
vt -3.807617 -1.178711
vt -3.807617 1.160156
vt -3.995117 1.643555
vt -3.807617 1.643555
vt -3.807617 1.964844
vt -3.995117 1.964844
vt -3.807617 1.643555
vt -3.995117 1.643555
vt -3.995117 1.160156
vt -3.807617 1.160156
vt -3.995117 -1.178711
vt -3.807617 -1.178711
vt 3.997070 0.533203
vt 4.960938 -0.358398
vt 3.997070 -0.396484
vt 3.997070 0.533203
vt 4.960938 0.533203
vt 3.997070 1.226562
vt 4.960938 1.276367
vt 3.997070 -4.484375
vt 3.997070 -3.296875
vt 4.996094 -4.484375
vt 4.960938 -3.296875
vt 4.960938 -2.110352
vt 3.997070 -2.110352
vt 3.997070 -0.516602
vt -3.995117 2.139648
vt -3.807617 1.911133
vt -3.995117 1.911133
vt -3.995117 1.492188
vt -3.807617 1.492188
vt -3.807617 0.958008
vt -3.807617 1.911133
vt -3.995117 1.492188
vt -3.807617 1.492188
vt -3.807617 0.958008
vt -3.995117 0.958008
vt -3.995117 0.155273
vt -3.995117 2.139648
vt -3.807617 1.911133
vt -3.995117 1.911133
vt -3.995117 1.492188
vt -3.807617 1.492188
vt -3.807617 0.958008
vt -3.807617 1.911133
vt -3.995117 1.492188
vt -3.807617 1.492188
vt -3.807617 0.958008
vt -3.995117 0.958008
vt -3.995117 0.155273
vt -3.995117 2.139648
vt -3.807617 1.911133
vt -3.995117 1.911133
vt -3.995117 1.492188
vt -3.807617 1.492188
vt -3.807617 0.958008
vt -3.807617 1.911133
vt -3.995117 1.492188
vt -3.807617 1.492188
vt -3.807617 0.958008
vt -3.995117 0.958008
vt -3.995117 0.155273
vt -3.995117 2.139648
vt -3.807617 1.911133
vt -3.995117 1.911133
vt -3.995117 1.492188
vt -3.807617 1.492188
vt -3.807617 0.958008
vt 3.997070 -0.516602
vt 4.960938 -0.358398
vt 3.981445 0.531250
vt 4.960938 0.533203
vt 3.997070 -0.396484
vt 3.997070 0.533203
vt -3.995117 2.801758
vt -3.807617 2.360352
vt -3.995117 2.360352
vt -3.995117 1.964844
vt -3.807617 1.964844
vt -3.807617 1.643555
vt -2.995117 2.427734
vt -3.357422 2.427734
vt -2.995117 -1.263672
vt -3.361328 -1.266602
vt -3.807617 1.167969
vt -3.807617 -1.178711
vt -3.807617 2.360352
vt -3.995117 1.964844
vt -3.807617 1.964844
vt -3.807617 1.643555
vt -3.995117 1.643555
vt -3.995117 1.160156
vt -3.995117 2.801758
vt -3.807617 2.360352
vt -3.995117 2.360352
vt -3.995117 1.964844
vt -3.807617 1.964844
vt -3.807617 1.643555
vt -3.807617 2.360352
vt -3.995117 1.964844
vt -3.807617 1.964844
vt -3.807617 1.643555
vt -3.995117 1.643555
vt -3.995117 1.160156
vt -0.998047 1.450195
vt -0.807617 1.054688
vt -0.998047 1.054688
vt -0.998047 0.511719
vt -0.807617 0.511719
vt -0.807617 0.405273
vt -3.807617 2.801758
vt -3.995117 2.360352
vt -3.807617 2.360352
vt -3.807617 1.964844
vt -3.995117 1.964844
vt -3.995117 1.643555
vt -3.995117 2.801758
vt -3.807617 2.360352
vt -3.995117 2.360352
vt -3.995117 1.964844
vt -3.807617 1.964844
vt -3.807617 1.643555
vt -3.807617 2.360352
vt -3.995117 1.964844
vt -3.807617 1.964844
vt -3.807617 1.643555
vt -3.995117 1.643555
vt -3.995117 1.160156
vt -2.995117 -1.275391
vt -3.361328 -1.274414
vt -2.995117 2.439453
vt -3.357422 2.439453
vt -3.807617 1.167969
vt -3.807617 2.436523
vt -0.807617 1.723633
vt -0.998047 1.450195
vt -0.807617 1.450195
vt -0.807617 1.054688
vt -0.998047 1.054688
vt -0.998047 0.511719
vt -3.995117 2.801758
vt -3.807617 2.360352
vt -3.995117 2.360352
vt -3.995117 1.964844
vt -3.807617 1.964844
vt -3.807617 1.643555
vt -2.995117 2.427734
vt -3.357422 2.427734
vt -2.995117 -1.263672
vt -3.361328 -1.266602
vt -3.807617 1.167969
vt -3.807617 -1.178711
vt -3.807617 2.360352
vt -3.995117 1.964844
vt -3.807617 1.964844
vt -3.807617 1.643555
vt -3.995117 1.643555
vt -3.995117 1.160156
vt 4.960938 -3.296875
vt 4.960938 -2.110352
vt 3.997070 -3.296875
vt 3.997070 -2.110352
vt 4.960938 -0.358398
vt 3.997070 -0.516602
vt 3.997070 0.533203
vt 4.960938 0.533203
vt 4.960938 1.276367
vt 3.997070 1.226562
vt 3.997070 -0.516602
vt 4.960938 -2.110352
vt 3.997070 -2.110352
vt 4.960938 -3.296875
vt 3.997070 -3.296875
vt 3.997070 -0.516602
vt 4.960938 0.533203
vt 3.997070 0.533203
vt 4.960938 1.276367
vt 3.997070 1.226562
vt 3.997070 -0.516602
vt 4.960938 -2.110352
vt 3.997070 -2.110352
vt 4.960938 -3.296875
vt 3.997070 -3.296875
vt 3.997070 -0.516602
vt 4.960938 -2.110352
vt 3.997070 -2.110352
vt 4.960938 -3.296875
vt 3.997070 -3.296875
vt 4.960938 1.276367
vt 4.960938 0.533203
vt 3.997070 1.226562
vt 3.997070 0.533203
vt 4.960938 -0.358398
vt -2.995117 -1.133789
vt -3.357422 1.423828
vt -3.361328 -1.135742
vt -3.807617 0.164062
vt -3.807617 1.426758
vt -3.995117 1.492188
vt -3.807617 1.911133
vt -3.995117 1.911133
vt -3.995117 2.139648
vt -3.807617 2.139648
vt -3.807617 0.958008
vt -3.995117 0.155273
vt -3.807617 0.155273
vt -3.807617 -1.048828
vt -3.995117 -1.048828
vt -2.995117 -1.133789
vt -3.357422 1.423828
vt -3.361328 -1.135742
vt -3.807617 0.164062
vt -3.807617 1.426758
vt -3.995117 1.492188
vt -3.807617 1.911133
vt -3.995117 1.911133
vt -3.995117 2.139648
vt -3.807617 2.139648
vt -3.807617 0.958008
vt -3.995117 0.155273
vt -3.807617 0.155273
vt -3.807617 -1.048828
vt -3.995117 -1.048828
vt -2.995117 -1.133789
vt -3.357422 1.423828
vt -3.361328 -1.135742
vt -3.807617 0.164062
vt -3.807617 1.426758
vt -3.807617 1.492188
vt -3.807617 1.911133
vt -3.995117 1.492188
vt -3.995117 1.911133
vt -3.995117 2.139648
vt -2.995117 -1.133789
vt -3.357422 1.423828
vt -3.361328 -1.135742
vt -3.807617 0.164062
vt -3.807617 1.426758
vt -3.995117 1.492188
vt -3.807617 1.911133
vt -3.995117 1.911133
vt -3.995117 2.139648
vt -3.807617 2.139648
vt -3.807617 0.958008
vt -3.995117 0.155273
vt -3.807617 0.155273
vt -3.807617 -1.048828
vt -3.995117 -1.048828
vt 4.960938 -3.296875
vt 4.960938 -2.110352
vt 3.997070 -3.296875
vt 3.997070 -2.110352
vt 4.960938 -0.358398
vt 3.997070 -0.516602
vt 3.997070 0.533203
vt 4.960938 0.533203
vt 4.960938 1.276367
vt 3.997070 1.226562
vt 4.960938 -0.358398
vt 4.960938 0.533203
vt 3.997070 -0.396484
vt 3.997070 0.533203
vt 3.997070 1.226562
vt -3.807617 -1.178711
vt -3.807617 1.167969
vt -3.361328 -1.266602
vt -3.357422 2.427734
vt -3.807617 2.430664
vt -3.995117 1.964844
vt -3.807617 2.360352
vt -3.995117 2.360352
vt -3.995117 2.801758
vt -3.807617 2.801758
vt -3.807617 1.643555
vt -3.995117 1.160156
vt -3.807617 1.160156
vt -3.807617 -1.178711
vt -3.995117 -1.178711
vt -2.995117 -1.263672
vt -3.361328 -1.266602
vt -3.357422 2.427734
vt -3.807617 1.167969
vt -3.807617 -1.178711
vt -3.995117 1.964844
vt -3.807617 2.360352
vt -3.995117 2.360352
vt -3.995117 2.801758
vt -3.807617 2.801758
vt -3.807617 1.643555
vt -3.995117 1.160156
vt -3.807617 1.160156
vt -3.807617 -1.178711
vt -3.995117 -1.178711
vt -3.807617 2.430664
vt -3.807617 1.167969
vt -3.357422 2.427734
vt -3.361328 -1.266602
vt -3.807617 -1.178711
vt 3.997070 -0.516602
vt 4.960938 -2.110352
vt 3.997070 -2.110352
vt 4.960938 -3.296875
vt 3.997070 -3.296875
vt 3.997070 -0.516602
vt 4.960938 0.533203
vt 3.997070 0.533203
vt 4.960938 1.276367
vt 3.997070 1.226562
vt 4.960938 -3.296875
vt 4.960938 -2.110352
vt 3.997070 -3.296875
vt 3.997070 -2.110352
vt 4.960938 -0.358398
vt 3.997070 -0.516602
vt 3.997070 0.533203
vt 4.960938 0.533203
vt 4.960938 1.276367
vt 3.997070 1.226562
vt -2.995117 2.439453
vt -3.357422 2.439453
vt -3.361328 -1.274414
vt -3.807617 1.167969
vt -3.807617 2.436523
vt -0.807617 1.054688
vt -0.998047 1.450195
vt -0.807617 1.450195
vt -0.807617 1.723633
vt -0.998047 1.723633
vt -2.995117 -1.263672
vt -3.361328 -1.266602
vt -3.357422 2.427734
vt -3.807617 1.167969
vt -3.807617 -1.178711
vt -3.995117 1.964844
vt -3.807617 2.360352
vt -3.995117 2.360352
vt -3.995117 2.801758
vt -3.807617 2.801758
vt -3.807617 1.643555
vt -3.995117 1.160156
vt -3.807617 1.160156
vt -3.807617 -1.178711
vt -3.995117 -1.178711
vt -3.807617 2.430664
vt -3.807617 1.167969
vt -3.357422 2.427734
vt -3.361328 -1.266602
vt -3.807617 -1.178711
vt -0.807617 1.054688
vt -0.998047 0.511719
vt -0.807617 0.511719
vt -0.807617 0.405273
vt -0.998047 0.405273
vt -3.995117 1.964844
vt -3.995117 2.360352
vt -3.807617 1.964844
vt -3.807617 2.360352
vt -3.807617 2.801758
vt 4.613281 -0.342773
vt 4.992188 -0.310547
vt 4.613281 0.434570
vt 4.992188 0.434570
vt 4.613281 0.434570
vt -3.807617 -1.178711
vt -3.807617 1.167969
vt -3.361328 -1.266602
vt -3.357422 2.427734
vt -3.807617 2.430664
vt -3.995117 1.964844
vt -3.807617 2.360352
vt -3.995117 2.360352
vt -3.995117 2.801758
vt -3.807617 2.801758
vt -3.807617 1.643555
vt -3.995117 1.160156
vt -3.807617 1.160156
vt -3.807617 -1.178711
vt -3.995117 -1.178711
vt 3.997070 -0.516602
vt 4.960938 -2.110352
vt 3.997070 -2.110352
vt 4.960938 -3.296875
vt 3.997070 -3.296875
vt 3.997070 -0.516602
vt 4.960938 -2.110352
vt 3.997070 -2.110352
vt 4.960938 -3.296875
vt 3.997070 -3.296875
vt 4.960938 1.276367
vt 4.960938 0.533203
vt 3.997070 1.226562
vt 3.997070 0.533203
vt 4.960938 -0.358398
vt 4.960938 -3.296875
vt 3.997070 -3.296875
vt 4.996094 -4.484375
vt 3.997070 -4.484375
vt 3.997070 0.533203
vt 4.960938 -0.358398
vt 3.997070 -0.396484
vt 3.997070 0.533203
vt 3.997070 -2.110352
vt 3.997070 -0.516602
vt 4.960938 -0.358398
vt 3.997070 -2.110352
vt 4.960938 -3.296875
vt 3.997070 -3.296875
vt 4.996094 -4.484375
vt 3.997070 -4.484375
vt 3.997070 0.533203
vt 4.960938 -0.358398
vt 3.997070 -0.396484
vt 3.997070 0.533203
vt 5.216797 -3.185547
vt 4.917969 -3.175781
vt 5.226562 0.451172
vt 4.915039 0.455078
vt 4.960938 -0.358398
vt 3.997070 -0.396484
vt 4.960938 0.533203
vt 3.997070 0.533203
vt 4.903320 -3.258789
vt 4.235352 -3.171875
vt 4.903320 0.434570
vt 4.235352 0.434570
vt 4.915039 0.455078
vt 4.917969 -3.175781
vt 5.226562 0.451172
vt 5.216797 -3.185547
vt 4.903320 -3.258789
vt 4.903320 0.434570
vt 4.235352 -3.171875
vt 4.235352 0.434570
vt 4.960938 -3.296875
vt 3.997070 -3.296875
vt 4.996094 -4.484375
vt 3.997070 -4.484375
vt -2.995117 2.427734
vt -2.995117 -1.263672
vt -3.357422 2.427734
vt -3.361328 -1.266602
vt -3.361328 -1.266602
vt -2.995117 -1.263672
vt -3.357422 2.427734
vt -2.995117 2.427734
vt 4.960938 -3.296875
vt 3.997070 -3.296875
vt 4.996094 -4.484375
vt 3.997070 -4.484375
vt 3.997070 0.533203
vt 4.960938 -0.358398
vt 3.997070 -0.396484
vt 3.997070 0.533203
vt 4.235352 -0.375000
vt 4.235352 0.434570
vt 4.613281 -0.342773
vt 4.613281 0.434570
vt -3.361328 -1.266602
vt -2.995117 -1.263672
vt -3.357422 2.427734
vt -2.995117 2.427734
vt 4.235352 -0.375000
vt 4.613281 -0.342773
vt 4.235352 0.434570
vt 4.613281 0.434570
vt -2.995117 2.427734
vt -2.995117 -1.263672
vt -3.357422 2.427734
vt -3.361328 -1.266602
vt 3.997070 -2.110352
vt 3.997070 -0.516602
vt 4.960938 -0.358398
vt 3.997070 -2.110352
vt 3.997070 -4.484375
vt 3.997070 -3.296875
vt 4.996094 -4.484375
vt 4.960938 0.533203
vt 4.960938 1.276367
vt 3.997070 1.226562
vt 3.997070 -4.484375
vt 3.997070 -3.296875
vt 4.996094 -4.484375
vt 3.997070 -4.484375
vt 3.997070 -3.296875
vt 4.996094 -4.484375
vt 3.997070 -2.110352
vt 3.997070 -3.026367
vt 4.960938 -3.296875
vt -3.995117 2.139648
vt -3.807617 2.139648
vt -3.807617 1.911133
vt -3.357422 1.423828
vt -3.807617 0.164062
vt -3.807617 1.426758
vt -3.807617 -1.048828
vt -3.361328 -1.135742
vt -3.807617 0.164062
vt -3.995117 2.139648
vt -3.807617 2.139648
vt -3.807617 1.911133
vt -3.357422 1.423828
vt -3.807617 0.164062
vt -3.807617 1.426758
vt -3.807617 -1.048828
vt -3.361328 -1.135742
vt -3.807617 0.164062
vt -3.807617 1.911133
vt -3.807617 2.139648
vt -3.995117 2.139648
vt -3.807617 0.958008
vt -3.807617 1.492188
vt -3.995117 1.492188
vt -3.807617 0.164062
vt -3.807617 -1.048828
vt -3.361328 -1.135742
vt -3.995117 2.139648
vt -3.807617 2.139648
vt -3.807617 1.911133
vt -3.357422 1.423828
vt -3.807617 0.164062
vt -3.807617 1.426758
vt -3.807617 -1.048828
vt -3.361328 -1.135742
vt -3.807617 0.164062
vt -3.995117 2.139648
vt -3.807617 2.139648
vt -3.807617 1.911133
vt -3.357422 1.423828
vt -3.807617 0.164062
vt -3.807617 1.426758
vt 3.997070 -4.484375
vt 3.997070 -3.296875
vt 4.996094 -4.484375
vt 4.960938 0.533203
vt 4.960938 1.276367
vt 3.997070 1.226562
vt 4.960938 -2.110352
vt 3.997070 -0.516602
vt 3.997070 -2.110352
vt 4.960938 -0.358398
vt 3.997070 -2.110352
vt 3.997070 -0.516602
vt 3.998047 -0.844727
vt 4.959961 -0.835938
vt 3.995117 -0.559570
vt 3.997070 1.226562
vt 4.960938 0.533203
vt 4.960938 1.276367
vt 3.997070 -2.110352
vt 4.960938 -0.358398
vt 3.997070 -0.516602
vt 3.995117 -0.559570
vt 4.959961 -0.835938
vt 3.998047 -0.844727
vt 3.989258 1.242188
vt 3.981445 0.531250
vt 4.960938 0.533203
vt 3.997070 -0.396484
vt 4.960938 -0.358398
vt 4.960938 0.533203
vt 3.997070 -2.110352
vt 3.997070 -3.026367
vt 4.960938 -3.296875
vt -3.995117 2.801758
vt -3.807617 2.801758
vt -3.807617 2.360352
vt -3.807617 1.167969
vt -3.357422 2.427734
vt -3.807617 2.430664
vt -3.357422 2.427734
vt -2.995117 2.427734
vt -2.995117 -1.263672
vt -3.995117 2.801758
vt -3.807617 2.801758
vt -3.807617 2.360352
vt -3.357422 2.427734
vt -3.807617 1.167969
vt -3.807617 2.430664
vt 3.997070 -4.484375
vt 3.997070 -3.296875
vt 4.996094 -4.484375
vt 3.997070 -4.484375
vt 3.997070 -3.296875
vt 4.996094 -4.484375
vt 4.960938 0.533203
vt 4.960938 1.276367
vt 3.997070 1.226562
vt -3.361328 -1.274414
vt -2.995117 -1.275391
vt -2.995117 2.439453
vt -3.995117 2.801758
vt -3.995117 2.360352
vt -3.807617 2.801758
vt -3.807617 1.167969
vt -3.807617 -1.178711
vt -3.361328 -1.274414
vt 4.992188 -0.310547
vt 4.613281 -0.342773
vt 4.613281 0.434570
vt -0.807617 0.405273
vt -0.998047 0.405273
vt -0.998047 0.511719
vt -3.357422 2.427734
vt -2.995117 2.427734
vt -2.995117 -1.263672
vt -3.995117 2.801758
vt -3.807617 2.801758
vt -3.807617 2.360352
vt -3.357422 2.427734
vt -3.807617 1.167969
vt -3.807617 2.430664
vt -0.998047 1.450195
vt -0.807617 1.723633
vt -0.998047 1.723633
vt -3.807617 2.801758
vt -3.995117 2.360352
vt -3.995117 2.801758
vt -3.807617 1.964844
vt -3.995117 1.643555
vt -3.995117 1.964844
vt -3.361328 -1.274414
vt -3.807617 -1.178711
vt -3.807617 1.167969
vt -3.995117 2.801758
vt -3.807617 2.801758
vt -3.807617 2.360352
vt -3.807617 1.167969
vt -3.357422 2.427734
vt -3.807617 2.430664
vt 3.997070 -4.484375
vt 3.997070 -3.296875
vt 4.996094 -4.484375
vt 3.997070 -2.110352
vt 3.997070 -3.026367
vt 4.960938 -3.296875
vn -0.2953 -0.5861 0.7545
vn -0.3603 -0.6446 0.6742
vn 0.2946 -0.5863 0.7546
vn 0.2993 -0.5956 0.7454
vn 0.0016 -0.8540 0.5203
vn 0.2790 -0.5878 0.7593
vn 0.2825 -0.5779 0.7657
vn 0.4226 -0.5231 0.7401
vn 0.8028 -0.3656 0.4709
vn 0.2331 -0.5048 0.8312
vn 0.4686 -0.6977 0.5419
vn 0.0417 -0.2019 0.9785
vn 0.1768 0.1903 0.9657
vn 0.7338 0.5697 0.3700
vn 0.7921 0.4167 -0.4459
vn -0.6315 -0.7454 -0.2135
vn -0.5445 -0.3690 0.7532
vn -0.5054 -0.4479 0.7375
vn -0.6141 -0.2629 0.7441
vn -0.7658 -0.2133 0.6067
vn -0.3716 -0.2806 0.8850
vn -0.4486 -0.1823 0.8749
vn -0.6050 -0.2504 0.7559
vn -0.6113 -0.0025 0.7914
vn -0.4340 0.0317 0.9004
vn -0.4449 0.0034 0.8956
vn -0.6894 -0.1357 0.7116
vn -0.6299 -0.0202 0.7764
vn -0.6336 -0.0376 0.7727
vn 0.6300 -0.0202 0.7763
vn 0.6897 -0.1357 0.7112
vn 0.6339 -0.0377 0.7725
vn 0.4447 0.0034 0.8957
vn 0.4339 0.0317 0.9004
vn 0.6113 -0.0025 0.7914
vn 0.4486 -0.1822 0.8750
vn 0.4265 -0.1673 0.8889
vn 0.6049 -0.2504 0.7559
vn 0.7658 -0.2134 0.6066
vn 0.6086 -0.2740 0.7447
vn 0.6392 -0.1910 0.7450
vn 0.5471 -0.3839 0.7438
vn 0.6315 -0.7454 -0.2135
vn -0.7215 0.5331 -0.4419
vn -0.7339 0.5697 0.3700
vn -0.1768 0.1903 0.9657
vn -0.4686 -0.6977 0.5419
vn -0.2534 -0.4631 0.8493
vn -0.0417 -0.2019 0.9785
vn -0.8028 -0.3656 0.4710
vn -0.4790 -0.5579 0.6777
vn -0.3936 -0.4854 0.7807
vn -0.2986 -0.6193 0.7262
vn -0.1303 -0.7453 0.6539
vn -0.2354 -0.5272 0.8165
vn -0.3574 -0.5355 0.7652
vn -0.4286 -0.7072 0.5623
vn -0.1817 -0.3616 0.9144
vn 0.4585 -0.7312 0.5051
vn 0.2945 -0.5863 0.7547
vn 0.1817 -0.3616 0.9145
vn 0.2927 0.5917 0.7512
vn 0.3038 0.5203 0.7981
vn 0.3100 0.6267 0.7149
vn 0.4537 0.5763 0.6797
vn 0.3342 0.5336 0.7769
vn 0.4021 0.8756 -0.2675
vn -0.7271 -0.5743 -0.3761
vn -0.0235 -0.1802 0.9834
vn -0.4856 -0.7510 0.4473
vn -0.7267 0.5878 0.3556
vn -0.2344 0.2183 0.9473
vn -0.5633 0.3046 0.7680
vn -0.8748 0.1872 0.4468
vn -0.6223 0.4241 0.6579
vn -0.5386 0.3746 0.7547
vn -0.6090 0.2624 0.7485
vn -0.7013 0.2918 0.6504
vn -0.7683 0.6307 0.1094
vn -0.6509 0.3524 0.6724
vn -0.0745 0.0320 0.9967
vn -0.9469 0.3182 0.0468
vn 0.9185 0.3925 0.0477
vn 0.1152 -0.0565 0.9917
vn 0.6661 0.2852 0.6892
vn 0.6499 0.7395 0.1752
vn 0.6548 0.2788 0.7025
vn 0.6551 0.2782 0.7024
vn 0.5851 0.3971 0.7071
vn -0.6548 0.2788 0.7025
vn -0.6499 0.7395 0.1753
vn -0.6552 0.2780 0.7024
vn -0.6661 0.2852 0.6892
vn -0.1152 -0.0565 0.9917
vn -0.9185 0.3925 0.0477
vn 0.0745 0.0320 0.9967
vn 0.6511 0.3515 0.6727
vn 0.9468 0.3184 0.0469
vn 0.7683 0.6307 0.1092
vn 0.7007 0.2916 0.6511
vn 0.6086 0.2644 0.7481
vn 0.6229 0.4222 0.6586
vn 0.8854 0.2069 0.4163
vn 0.5412 0.3721 0.7541
vn 0.4970 0.2640 0.8266
vn 0.2066 0.2037 0.9570
vn 0.6984 0.5726 0.4293
vn 0.0193 -0.1776 0.9839
vn 0.7396 -0.5939 -0.3168
vn 0.4703 -0.7376 0.4845
vn -0.4155 0.8785 -0.2359
vn -0.3290 0.5373 0.7766
vn -0.4485 0.5782 0.6815
vn -0.3062 0.5199 0.7974
vn -0.2918 0.5909 0.7521
vn -0.3085 0.6246 0.7175
vn -0.5620 -0.3916 0.7286
vn -0.8411 -0.5138 0.1687
vn -0.1452 -0.1012 0.9842
vn 0.1033 -0.0720 0.9920
vn 0.8009 -0.4961 0.3354
vn 0.5642 -0.3088 0.7657
vn 0.5445 -0.7508 0.3739
vn 0.5893 -0.4099 0.6962
vn 0.5021 -0.3557 0.7883
vn 0.5668 -0.2391 0.7884
vn 0.6656 -0.2686 0.6963
vn 0.6873 -0.1725 0.7056
vn 0.5552 -0.3113 0.7712
vn 0.4832 -0.6490 0.5877
vn 0.5074 -0.2352 0.8290
vn 0.4874 0.0298 0.8727
vn 0.6208 0.4088 0.6689
vn 0.9460 -0.1772 -0.2713
vn -0.4363 0.7186 0.5416
vn -0.5333 0.0169 0.8458
vn -0.5473 -0.0200 0.8367
vn -0.6399 -0.1625 0.7511
vn -0.7150 -0.0238 0.6988
vn -0.6329 -0.0210 0.7739
vn -0.4184 -0.5226 0.7428
vn -0.5319 -0.5095 0.6764
vn -0.3923 -0.4900 0.7784
vn -0.2329 -0.5224 0.8203
vn -0.2251 -0.6366 0.7376
vn -0.8028 -0.5229 -0.2865
vn 0.5406 0.7014 -0.4645
vn 0.4488 0.7381 0.5037
vn 0.1183 0.3798 0.9175
vn -0.1338 0.4110 0.9018
vn -0.4212 0.7149 0.5581
vn -0.3430 0.5434 0.7662
vn -0.1355 0.7638 0.6310
vn -0.3106 0.6267 0.7147
vn -0.2529 0.5498 0.7961
vn -0.3828 0.5088 0.7711
vn -0.4458 0.5771 0.6843
vn -0.2322 0.8198 0.5234
vn -0.3870 0.6191 0.6834
vn -0.2059 0.2712 0.9402
vn -0.6005 0.6978 0.3905
vn 0.6084 0.6952 0.3829
vn 0.1810 0.2383 0.9542
vn 0.4060 0.5347 0.7411
vn -0.2953 -0.5862 0.7545
vn -0.4596 -0.7310 0.5044
vn -0.1821 -0.3614 0.9145
vn 0.1815 -0.3613 0.9146
vn 0.4286 -0.7073 0.5622
vn 0.3572 -0.5355 0.7653
vn 0.1301 -0.7452 0.6540
vn 0.2986 -0.6193 0.7262
vn 0.2352 -0.5272 0.8165
vn 0.3935 -0.4853 0.7808
vn 0.4789 -0.5579 0.6778
vn 0.8027 -0.3654 0.4713
vn 0.2536 -0.4634 0.8491
vn 0.5149 -0.6845 0.5161
vn 0.1770 0.1904 0.9656
vn 0.7508 0.5269 0.3982
vn 0.7128 0.5517 -0.4330
vn -0.5471 -0.3839 0.7438
vn -0.4905 -0.3545 0.7961
vn -0.6402 -0.1615 0.7511
vn -0.5684 -0.2229 0.7920
vn -0.6231 -0.2444 0.7430
vn -0.7267 0.5877 0.3556
vn -0.2344 0.2184 0.9473
vn -0.5633 0.3045 0.7681
vn -0.5385 0.3746 0.7547
vn -0.6089 0.2625 0.7485
vn -0.7013 0.2917 0.6505
vn -0.7754 0.5963 0.2079
vn -0.0733 0.0312 0.9968
vn -0.9342 0.3233 0.1505
vn 0.9491 0.3097 -0.0577
vn 0.0733 0.0312 0.9968
vn 0.6623 0.2822 0.6941
vn 0.8008 -0.4962 0.3354
vn 0.5668 -0.2392 0.7884
vn 0.6874 -0.1725 0.7055
vn 0.2985 -0.6193 0.7262
vn 0.2352 -0.5272 0.8166
vn 0.4687 -0.6978 0.5416
vn 0.7340 0.5699 0.3695
vn 0.7419 0.4712 -0.4771
vn -0.6314 -0.7455 -0.2136
vn -0.5691 -0.4490 0.6889
vn -0.6909 -0.2160 0.6900
vn -0.5683 -0.2229 0.7920
vn 0.3038 0.5204 0.7981
vn -0.4856 -0.7511 0.4473
vn -0.7267 0.5878 0.3555
vn -0.5634 0.3046 0.7680
vn -0.6089 0.2624 0.7485
vn -0.7013 0.2918 0.6505
vn -0.0733 0.0313 0.9968
vn 0.5553 -0.3113 0.7712
vn -0.7150 -0.0238 0.6987
vn -0.3923 -0.4900 0.7785
vn 0.4489 0.7381 0.5037
vn 0.1183 0.3797 0.9175
vn -0.5633 0.3046 0.7681
vn -0.6204 0.4234 0.6602
vn -0.6089 0.2624 0.7486
vn -0.7033 0.2918 0.6483
vn -0.6377 0.6959 -0.3302
vn -0.6623 0.2822 0.6941
vn 0.8136 0.3130 0.4901
vn 0.9491 0.3097 -0.0578
vn -0.9342 0.3233 0.1506
vn -0.1452 -0.1011 0.9842
vn -0.5691 -0.4490 0.6888
vn -0.6313 -0.7455 -0.2136
vn 0.7418 0.4712 -0.4771
vn 0.1769 0.1904 0.9656
vn 0.4687 -0.6978 0.5417
vn 0.8028 -0.3653 0.4712
vn 0.8008 -0.4961 0.3354
vn 0.0418 -0.2019 0.9785
vn 0.9491 0.3096 -0.0578
vn 0.6083 0.6953 0.3829
vn -0.1337 0.4110 0.9018
vn 0.5406 0.7014 -0.4646
vn -0.3105 0.6267 0.7147
vn 0.6083 0.6952 0.3829
vn -0.0234 -0.1801 0.9834
vn -0.5385 0.3747 0.7547
vn 0.6511 0.3516 0.6726
vn 0.6641 0.2816 0.6926
vn 0.6485 0.2778 0.7087
vn 0.7008 0.2916 0.6511
vn 0.6087 0.2643 0.7481
vn 0.8854 0.2068 0.4163
vn 0.5412 0.3720 0.7541
vn 0.4971 0.2640 0.8266
vn 0.6985 0.5726 0.4293
vn 0.0193 -0.1775 0.9839
vn 0.7395 -0.5939 -0.3169
vn -0.3062 0.5200 0.7974
vn -0.2918 0.5908 0.7521
vn -0.3085 0.6245 0.7175
vn -0.3574 -0.5387 0.7629
vn -0.2992 -0.5854 0.7535
vn -0.2791 -0.5645 0.7768
vn -0.2354 -0.5269 0.8167
vn -0.2997 -0.6166 0.7280
vn -0.3903 -0.4854 0.7823
vn -0.8031 -0.3320 0.4949
vn -0.4715 -0.5580 0.6828
vn -0.2890 -0.5013 0.8156
vn -0.0465 -0.2049 0.9777
vn -0.4869 -0.7127 0.5049
vn -0.2045 0.2047 0.9572
vn -0.7028 0.4334 -0.5641
vn -0.7590 0.5806 0.2947
vn 0.6139 -0.7520 -0.2399
vn 0.5676 -0.4397 0.6960
vn 0.5002 -0.3554 0.7896
vn 0.6762 -0.2333 0.6988
vn 0.6159 -0.2592 0.7439
vn 0.5687 -0.2394 0.7870
vn 0.8854 0.2069 0.4162
vn 0.7395 -0.5939 -0.3168
vn -0.2918 0.5908 0.7522
vn 0.3745 -0.4673 0.8009
vn 0.2940 -0.4504 0.8431
vn 0.3804 -0.4550 0.8052
vn 0.4374 -0.5735 0.6927
vn 0.3828 -0.4954 0.7798
vn 0.4355 -0.5733 0.6941
vn 0.2679 -0.5223 0.8096
vn 0.0431 -0.6777 0.7341
vn 0.2939 -0.6149 0.7318
vn 0.3430 -0.5765 0.7416
vn 0.2599 -0.3596 0.8962
vn 0.7501 -0.3103 0.5840
vn -0.2526 -0.3149 0.9149
vn -0.1577 -0.9213 -0.3554
vn -0.8297 -0.4714 0.2990
vn -0.4056 0.7014 0.5861
vn 0.3863 0.6838 0.6191
vn 0.2922 0.5914 0.7516
vn 0.4468 0.4851 0.7517
vn 0.2926 0.5917 0.7512
vn 0.2927 0.5921 0.7508
vn -0.2991 -0.5854 0.7535
vn -0.4715 -0.5580 0.6829
vn -0.7590 0.5805 0.2947
vn 0.5687 -0.2394 0.7869
vn 0.6119 0.2621 0.7462
vn 0.9917 -0.0712 0.1074
vn 0.5376 0.3740 0.7557
vn 0.5220 0.3663 0.7703
vn 0.3200 -0.4456 0.8361
vn -0.2354 -0.5269 0.8166
vn 0.6139 -0.7520 -0.2400
vn 0.5676 -0.4398 0.6960
vn 0.6111 0.0030 0.7915
vn 0.4874 0.0298 0.8726
vn 0.6973 0.0027 0.7168
vn 0.6891 -0.2952 0.6618
vn 0.5075 -0.2352 0.8290
vn 0.5553 -0.3114 0.7712
vn -0.1339 0.4109 0.9018
vn -0.4214 0.7149 0.5579
vn -0.3422 0.5443 0.7659
vn -0.1356 0.7638 0.6311
vn -0.3101 0.6276 0.7141
vn -0.2537 0.5505 0.7954
vn -0.3915 0.4996 0.7728
vn -0.4423 0.5827 0.6818
vn -0.4105 0.5409 0.7341
vn 0.1809 0.2384 0.9542
vn -0.2058 0.2712 0.9402
vn -0.2530 0.5498 0.7960
vn -0.2916 0.5903 0.7526
vn -0.2923 0.5914 0.7515
vn -0.2928 0.5913 0.7514
vn 0.6247 0.0000 0.7809
vn 0.6122 -0.1352 0.7790
vn 0.6252 -0.0022 0.7804
vn 0.5989 0.0030 0.8008
vn 0.4980 0.0274 0.8667
vn 0.6874 0.0425 0.7250
vn 0.4975 -0.2324 0.8358
vn 0.8365 -0.1403 -0.5298
vn 0.6807 -0.3348 0.6516
vn -0.7363 0.3370 -0.5867
vn -0.5905 0.2999 0.7493
vn -0.7033 0.2918 0.6482
vn -0.5603 0.3389 0.7557
vn -0.5843 0.3987 0.7068
vn 0.7700 -0.6381 -0.0000
vn 0.7290 -0.6612 -0.1772
vn 0.7590 -0.6290 0.1684
vn 0.9247 -0.3413 0.1684
vn 0.9392 -0.3087 -0.1501
vn 0.9828 -0.1803 0.0406
vn 0.8749 -0.4829 -0.0356
vn 0.9235 -0.3409 -0.1759
vn 0.9094 -0.3790 0.1711
vn 0.9844 0.0000 0.1759
vn 0.9844 0.0158 -0.1752
vn 1.0000 0.0000 0.0000
vn 0.9844 -0.1752 -0.0158
vn 0.0000 0.0000 1.0000
vn 0.0007 0.0282 0.9996
vn -0.0001 -0.2176 0.9760
vn -0.0282 0.0007 0.9996
vn 0.9575 0.0442 0.2849
vn 0.8866 -0.0299 0.4615
vn 0.6096 0.0000 0.7927
vn 0.7660 -0.3256 0.5543
vn 0.0000 -0.2176 0.9760
vn -0.0281 0.0007 0.9996
vn 0.7660 -0.3255 0.5543
vn -1.0000 0.0000 0.0000
vn -0.9844 -0.1751 -0.0158
vn -0.9844 0.0158 -0.1751
vn -0.9844 0.0000 0.1758
vn -0.9236 -0.3408 -0.1758
vn -0.8750 -0.4829 -0.0357
vn -0.9095 -0.3789 0.1711
vn -0.9828 -0.1803 0.0407
vn -0.9393 -0.3086 -0.1501
vn -0.9247 -0.3412 0.1685
vn -0.7289 -0.6613 -0.1772
vn -0.7699 -0.6382 0.0000
vn -0.7589 -0.6290 0.1685
vn -0.0000 -0.2175 0.9761
vn 0.9574 0.0442 0.2854
vn 0.8864 -0.0299 0.4619
vn 0.6094 -0.0000 0.7929
vn 0.7658 -0.3255 0.5547
vn 0.7699 -0.6381 -0.0000
vn 0.7289 -0.6613 -0.1773
vn 0.7589 -0.6290 0.1685
vn 0.9248 -0.3412 0.1684
vn 0.9393 -0.3086 -0.1502
vn 0.9828 -0.1803 0.0407
vn 0.8750 -0.4829 -0.0357
vn 0.9235 -0.3408 -0.1759
vn 0.9095 -0.3790 0.1710
vn 0.9844 0.0000 0.1758
vn 0.9844 0.0158 -0.1751
vn 0.9844 -0.1751 -0.0158
vn 0.2919 0.5908 0.7522
vn 0.1356 0.7638 0.6311
vn 0.2927 0.5919 0.7510
vn 0.4214 0.7149 0.5579
vn 0.1340 0.4108 0.9018
vn -0.4489 0.7381 0.5037
vn -0.5394 0.7007 -0.4669
vn -0.1185 0.3796 0.9175
vn 0.8019 -0.5219 -0.2909
vn 0.2261 -0.6387 0.7355
vn 0.2324 -0.5226 0.8203
vn 0.5374 -0.5103 0.6714
vn 0.4225 -0.5231 0.7402
vn 0.3957 -0.4900 0.7767
vn 0.6123 -0.1352 0.7790
vn -0.5904 0.3000 0.7493
vn -0.7033 0.2917 0.6483
vn -0.5603 0.3389 0.7558
vn -0.6204 0.4233 0.6602
vn -0.5219 -0.2235 0.8232
vn -0.4075 -0.2585 0.8759
vn -0.5208 -0.2326 0.8214
vn -0.7025 -0.2755 0.6562
vn -0.6823 -0.2487 0.6875
vn -0.5668 -0.2216 0.7935
vn -0.5890 -0.4217 0.6894
vn -0.5392 -0.7568 0.3694
vn -0.4919 -0.3560 0.7945
vn -0.6178 -0.3331 0.7123
vn -0.8212 -0.5069 0.2620
vn 0.8291 -0.5029 0.2443
vn 0.5376 -0.3745 0.7555
vn 0.2924 0.5914 0.7515
vn 0.3444 0.5417 0.7667
vn 0.2928 0.5920 0.7509
vn 0.2529 0.5497 0.7962
vn 0.3107 0.6292 0.7124
vn 0.3853 0.5053 0.7722
vn 0.2421 0.8148 0.5268
vn 0.4522 0.5744 0.6824
vn 0.3597 0.5860 0.7261
vn 0.5841 0.6809 0.4417
vn -0.6195 0.7124 0.3299
vn -0.4194 0.5526 0.7202
vn 0.9393 -0.3087 -0.1501
vn 0.8749 -0.4829 -0.0357
vn 0.9844 0.0083 -0.1757
vn 0.9844 -0.1757 -0.0083
vn -0.8336 -0.5524 0.0000
vn -0.7999 -0.5799 0.1545
vn -0.8246 -0.5465 -0.1466
vn -0.9476 -0.2838 -0.1466
vn -0.9584 -0.2542 0.1295
vn -0.9883 -0.1489 -0.0342
vn -0.9123 -0.4084 0.0314
vn -0.9478 -0.2839 0.1450
vn -0.9380 -0.3166 -0.1409
vn -0.9894 0.0000 -0.1450
vn -0.9894 0.0068 0.1448
vn -0.9894 -0.1448 0.0068
vn 0.9894 -0.1448 0.0068
vn 0.9894 0.0068 0.1448
vn 0.9894 0.0000 -0.1450
vn 0.9478 -0.2839 0.1450
vn 0.9123 -0.4084 0.0314
vn 0.9380 -0.3166 -0.1409
vn 0.9883 -0.1489 -0.0342
vn 0.9584 -0.2542 0.1295
vn 0.9476 -0.2838 -0.1466
vn 0.7999 -0.5799 0.1545
vn 0.8336 -0.5524 0.0000
vn 0.8246 -0.5465 -0.1466
vn -0.2927 0.5913 0.7515
vn 0.4975 -0.2324 0.8357
vn -0.7363 0.3370 -0.5868
vn -0.7034 0.2918 0.6482
vn -0.5603 0.3390 0.7557
vn -0.5844 0.3987 0.7068
vn 0.3597 -0.9331 -0.0000
vn 0.3327 -0.9361 -0.1140
vn 0.3575 -0.9276 0.1085
vn 0.5492 -0.8286 0.1085
vn 0.5696 -0.8162 -0.0972
vn 0.6559 -0.7542 0.0319
vn 0.4687 -0.8830 -0.0238
vn 0.5465 -0.8246 -0.1462
vn 0.5209 -0.8436 0.1301
vn 0.7846 -0.6006 0.1538
vn 0.7617 -0.6312 -0.1462
vn -0.5525 -0.8335 0.0000
vn -0.5141 -0.8438 0.1538
vn -0.5466 -0.8246 -0.1462
vn -0.7617 -0.6312 -0.1462
vn -0.7836 -0.6075 0.1301
vn -0.8566 -0.5146 -0.0373
vn -0.6800 -0.7325 0.0323
vn -0.7590 -0.6290 0.1684
vn -0.7369 -0.6591 -0.1503
vn -0.9371 -0.3010 -0.1770
vn -0.9247 -0.3413 0.1684
vn -0.9381 -0.3463 0.0000
vn 0.3576 -0.9276 0.1085
vn -0.9370 -0.3010 -0.1770
vn 0.7846 -0.6007 0.1538
vn 0.5493 -0.8286 0.1086
vn 0.5696 -0.8161 -0.0972
vn 0.5466 -0.8245 -0.1462
vn 0.5210 -0.8436 0.1300
vn 0.7845 -0.6007 0.1537
vn 0.7617 -0.6313 -0.1461
vn -0.3745 -0.4673 0.8009
vn 0.0728 -0.8841 0.4616
vn -0.3327 -0.4151 0.8468
vn -0.3970 -0.5337 0.7467
vn -0.5165 -0.8552 0.0431
vn -0.9557 -0.0180 0.2936
vn 0.8837 0.2619 0.3880
vn 0.4082 0.5340 0.7405
vn 0.5102 0.8142 0.2770
vn -0.1430 0.6206 0.7710
vn 0.4143 0.5457 0.7285
vn 0.4104 0.5406 0.7344
vn 0.3327 -0.9361 -0.1139
vn -0.0004 -0.0000 1.0000
vn -0.0009 0.0280 0.9996
vn -0.0003 0.0000 1.0000
vn 0.0277 0.0005 0.9996
vn -0.0003 -0.2176 0.9760
vn -0.9576 0.0440 0.2846
vn -0.6098 0.0000 0.7925
vn -0.8873 -0.0162 0.4609
vn -0.7750 -0.3167 0.5469
vn -0.6106 0.0000 0.7920
vn -0.6102 0.0000 0.7923
vn -0.5141 -0.8438 0.1537
vn 0.6321 -0.7749 0.0000
vn 0.5891 -0.7924 -0.1582
vn 0.6250 -0.7661 0.1501
vn 0.8241 -0.5462 0.1501
vn 0.8453 -0.5180 -0.1311
vn 0.8779 -0.4783 0.0232
vn 0.7534 -0.6566 -0.0352
vn 0.8213 -0.5443 -0.1710
vn 0.8174 -0.5695 0.0862
vn 0.9908 -0.0244 0.1331
vn 0.9567 -0.2358 -0.1710
vn 0.9709 -0.2393 0.0000
vn -0.4342 -0.9008 0.0000
vn -0.3984 -0.9083 0.1277
vn -0.4310 -0.8942 -0.1212
vn -0.6334 -0.7643 -0.1211
vn -0.6573 -0.7462 0.1055
vn -0.7309 -0.6815 -0.0362
vn -0.5530 -0.8326 0.0299
vn -0.6313 -0.7616 0.1462
vn -0.6046 -0.7862 -0.1278
vn -0.8458 -0.5108 -0.1541
vn -0.8246 -0.5465 0.1462
vn 0.0002 -0.0147 0.9999
vn -0.0147 -0.0002 0.9999
vn -0.0000 0.3732 0.9278
vn 0.9982 -0.0230 0.0559
vn 0.6925 0.0000 0.7215
vn 0.9111 0.0246 0.4115
vn 0.6247 0.3723 0.6864
vn 0.6924 0.0000 0.7215
vn -0.4390 -0.8985 0.0000
vn -0.4050 -0.9063 0.1209
vn -0.4361 -0.8926 -0.1147
vn -0.6279 -0.7698 -0.1147
vn -0.6504 -0.7530 0.0998
vn -0.7279 -0.6847 -0.0368
vn -0.5513 -0.8338 0.0280
vn -0.6250 -0.7661 0.1501
vn -0.5977 -0.7909 -0.1313
vn -0.8458 -0.5095 -0.1581
vn -0.8241 -0.5462 0.1501
vn -0.0005 0.0280 0.9996
vn 0.0281 0.0005 0.9996
vn 0.0000 -0.2177 0.9760
vn -0.9578 0.0440 0.2842
vn -0.8874 -0.0162 0.4607
vn -0.7750 -0.3169 0.5468
vn -0.5465 -0.8246 -0.1462
vn -0.5219 -0.2236 0.8232
vn -0.4076 -0.2585 0.8758
vn -0.5209 -0.2326 0.8213
vn -0.7024 -0.2755 0.6563
vn -0.5890 -0.4216 0.6894
vn 0.4755 -0.5638 0.6754
vn 0.3039 -0.6148 0.7278
vn 0.2806 -0.5676 0.7740
vn 0.2979 -0.5857 0.7538
vn 0.5854 0.3972 0.7068
vn 0.5646 0.3330 0.7552
vn 0.6210 0.4215 0.6608
vn 0.7028 0.2916 0.6489
vn 0.5886 0.3052 0.7486
vn 0.8368 0.2340 -0.4951
vn -0.9226 -0.1603 -0.3508
vn -0.5092 -0.3140 0.8013
vn -0.6097 -0.6924 -0.3857
vn 0.2923 0.5914 0.7515
vn 0.1697 0.6094 0.7745
vn 0.5886 0.3051 0.7486
vn 0.3444 0.5417 0.7668
vn 0.3854 0.5052 0.7722
vn 0.4118 0.5399 0.7342
vn 0.4537 0.5764 0.6797
vn 0.6020 0.0147 0.7984
vn 0.0000 -0.0266 0.9996
vn -0.9584 -0.0416 0.2825
vn -0.6176 0.0007 0.7865
vn -0.6099 0.0000 0.7925
vn -0.6090 0.0094 0.7931
vn -0.6096 0.0000 0.7927
vn -0.6093 0.0000 0.7930
vn -0.5720 -0.8123 -0.1141
vn -0.5492 -0.8286 0.1085
vn -0.3575 -0.9276 0.1085
vn -0.3370 -0.9365 -0.0970
vn -0.3597 -0.9331 -0.0000
vn -0.4484 -0.8936 -0.0221
vn -0.3597 -0.9331 0.0001
vn -0.9058 -0.3812 0.1848
vn -0.9235 -0.3409 -0.1759
vn -0.9844 0.0000 -0.1759
vn -0.9868 0.0145 0.1611
vn -0.9868 -0.1611 0.0145
vn -0.6091 0.0093 0.7931
vn 0.6016 0.0149 0.7987
vn -0.9580 -0.0416 0.2839
vn -0.6168 0.0007 0.7871
vn -0.6094 -0.0000 0.7929
vn -0.6088 0.0095 0.7933
vn -0.4687 -0.8830 -0.0238
vn -0.5696 -0.8162 -0.0972
vn -0.5493 -0.8286 0.1085
vn -0.3327 -0.9361 -0.1140
vn 0.2946 -0.5863 0.7547
vn 0.2979 -0.5856 0.7538
vn -0.4075 0.5342 0.7407
vn -0.3645 0.5624 0.7422
vn -0.4081 0.5340 0.7405
vn -0.4142 0.5456 0.7285
vn -0.3935 0.5053 0.7680
vn -0.4418 0.5819 0.6828
vn -0.2506 0.5466 0.7990
vn -0.2926 0.5917 0.7512
vn -0.3109 0.6288 0.7127
vn -0.3576 -0.9276 0.1085
vn -0.3371 -0.9365 -0.0970
vn -0.4484 -0.8936 -0.0223
vn -0.9868 0.0076 0.1616
vn -0.9868 -0.1616 0.0076
vn 0.0004 0.0000 1.0000
vn 0.0003 -0.2174 0.9761
vn -0.5114 0.0088 0.8593
vn 0.6984 0.0088 0.7157
vn 0.8871 -0.0162 0.4613
vn 0.7742 -0.3164 0.5481
vn -0.6106 0.0000 0.7919
vn -0.6102 0.0000 0.7922
vn 0.5646 0.3331 0.7552
vn 0.6210 0.4214 0.6609
vn 0.5886 0.3052 0.7487
vn 0.8368 0.2340 -0.4950
vn -0.9226 -0.1604 -0.3507
vn -0.6098 -0.6924 -0.3857
vn -0.4075 -0.2585 0.8758
vn 0.3935 -0.4854 0.7808
vn 0.4755 -0.5637 0.6754
vn 0.5280 -0.0070 0.8492
vn -0.8268 -0.0070 0.5625
vn -0.9111 0.0246 0.4115
vn -0.6925 0.0000 0.7215
vn -0.6247 0.3723 0.6864
vn -0.6924 0.0000 0.7215
vn 0.6534 -0.7473 0.1209
vn 0.6279 -0.7698 -0.1147
vn 0.4361 -0.8926 -0.1147
vn 0.4114 -0.9060 0.0998
vn 0.4390 -0.8985 0.0000
vn 0.5263 -0.8498 0.0281
vn -0.5120 0.0088 0.8589
vn 0.6985 0.0088 0.7156
vn 0.8872 -0.0162 0.4610
vn 0.7743 -0.3166 0.5479
vn -0.7922 -0.5835 0.1791
vn -0.8213 -0.5443 -0.1710
vn -0.9566 -0.2358 -0.1710
vn -0.9908 -0.1073 0.0822
vn -0.9709 -0.2393 0.0011
vn -0.9391 -0.3189 0.1282
vn -0.9703 -0.2419 -0.0017
vn -0.9698 -0.2439 -0.0017
vn 0.6381 -0.7699 0.0000
vn 0.5530 -0.8326 0.0299
vn 0.6573 -0.7462 0.1055
vn 0.6334 -0.7643 -0.1211
vn 0.3984 -0.9083 0.1277
vn 0.4342 -0.9008 0.0000
vn 0.4310 -0.8942 -0.1212
vn 0.5886 0.3051 0.7487
vn 0.3444 0.5418 0.7667
vn -0.5335 0.0032 0.8458
vn -0.4409 0.0034 0.8975
vn -0.6369 -0.0392 0.7699
vn 0.5963 0.6887 0.4126
vn 0.1810 0.2384 0.9542
vn -0.2058 0.2712 0.9403
vn -0.6101 0.7057 0.3603
vn 0.8158 -0.5003 0.2903
vn -0.8321 -0.5110 0.2155
vn -0.6370 -0.0392 0.7699
vn 0.5963 0.6886 0.4126
vn -0.6101 0.7057 0.3602
vn 0.4163 0.5535 0.7214
vn 0.4149 0.5538 0.7219
vn 0.4236 0.5633 0.7094
vn 0.4120 0.5402 0.7338
vn 0.4028 0.5307 0.7457
vn 0.4105 0.5409 0.7341
vn 0.3989 -0.0000 0.9170
vn 0.3957 -0.0000 0.9184
vn 0.4022 0.0001 0.9156
vn 0.4054 0.0001 0.9141
vn -0.3989 0.0000 0.9170
vn -0.3958 0.0000 0.9184
vn -0.4055 0.0001 0.9141
vn -0.4022 0.0001 0.9155
vn -0.4409 0.0034 0.8976
vn -0.6369 -0.0393 0.7699
vn -0.6329 -0.0210 0.7740
vn 0.7103 0.0000 0.7039
vn 0.7104 -0.0000 0.7038
vn -0.7103 0.0000 0.7039
vn -0.7104 -0.0000 0.7038
vn 0.8158 -0.5002 0.2903
vn -0.2924 0.5914 0.7515
vn 0.3597 -0.9331 0.0001
vn -0.7699 -0.6381 0.0000
vn -0.6093 0.0000 0.7929
vn 0.6248 0.0000 0.7808
vn -0.5851 0.3971 0.7071
vn 0.5621 -0.3916 0.7285
vn 0.3916 -0.4305 0.8132
vn -0.2922 0.5914 0.7516
vn -0.5622 -0.3916 0.7284
vn -0.3916 -0.4305 0.8132
vn -0.2890 -0.5751 0.7653
vn -0.4163 0.5535 0.7214
vn 0.0003 0.0000 1.0000
vn 0.9703 -0.2419 -0.0017
usemtl Tex_0030_0.dds.004
s off
f 1/1/1 3/2/2 2/3/1
f 2/3/3 3/2/3 4/4/4
f 3/2/5 5/5/6 4/4/7
f 4/4/8 5/5/8 6/6/9
f 5/5/10 7/7/11 6/6/12
f 6/6/13 7/7/14 8/8/15
f 7/7/16 9/9/17 8/8/18
f 8/8/19 9/9/19 10/10/20
f 9/9/21 11/11/22 10/10/23
f 10/10/24 11/11/25 12/12/26
f 11/11/27 13/13/28 12/12/29
f 14/14/30 16/15/31 15/16/32
f 15/16/33 16/15/34 17/17/35
f 16/15/36 18/18/37 17/17/38
f 17/17/39 18/18/40 19/19/41
f 18/18/42 20/20/43 19/19/42
f 19/19/44 20/20/45 21/21/46
f 20/20/47 22/22/48 21/21/49
f 21/21/50 22/22/51 23/23/52
f 22/22/53 24/24/54 23/23/55
f 23/23/56 24/24/57 25/25/58
f 24/24/59 26/26/60 25/25/61
f 27/27/62 29/28/63 28/29/64
f 28/29/65 29/28/66 30/30/67
f 29/28/68 31/31/69 30/30/70
f 30/30/71 31/31/72 32/32/73
f 31/31/74 33/33/75 32/32/76
f 32/32/77 33/33/78 34/34/79
f 33/33/80 35/35/81 34/34/82
f 34/34/83 35/35/84 36/36/85
f 35/35/86 37/37/87 36/36/88
f 36/36/89 37/37/89 38/38/89
f 39/39/90 41/40/91 40/41/92
f 40/41/93 41/40/94 42/42/95
f 41/40/96 43/43/97 42/42/98
f 42/42/99 43/43/100 44/44/101
f 43/43/102 45/45/103 44/44/104
f 44/44/105 45/45/106 46/46/107
f 45/45/108 47/47/109 46/46/110
f 46/46/111 47/47/112 48/48/113
f 47/47/114 49/49/115 48/48/116
f 50/50/117 52/51/118 51/52/119
f 51/52/120 52/51/121 53/53/122
f 52/51/123 54/54/124 53/53/125
f 53/53/126 54/54/127 55/55/128
f 54/54/129 56/56/130 55/55/131
f 55/55/132 56/56/133 57/57/134
f 56/56/135 58/58/136 57/57/137
f 57/57/138 58/58/139 59/59/140
f 60/60/141 62/61/142 61/62/143
f 61/62/144 62/61/145 63/63/146
f 62/61/147 64/64/148 63/63/149
f 63/63/150 64/64/151 65/65/152
f 64/64/153 66/66/154 65/65/155
f 65/65/156 66/66/157 67/67/158
f 66/66/159 68/68/160 67/67/161
f 67/67/162 68/68/163 69/69/164
f 70/70/165 72/71/166 71/72/167
f 71/72/168 72/71/169 73/73/170
f 72/71/171 74/74/172 73/73/173
f 73/73/174 74/74/175 75/75/176
f 74/74/177 76/76/178 75/75/12
f 75/75/179 76/76/180 77/77/181
f 76/76/182 78/78/183 77/77/182
f 77/77/184 78/78/185 79/79/186
f 80/80/62 82/81/63 81/82/64
f 81/82/65 82/81/66 83/83/67
f 82/81/68 84/84/69 83/83/70
f 83/83/187 84/84/188 85/85/189
f 84/84/74 86/86/75 85/85/190
f 85/85/191 86/86/192 87/87/193
f 86/86/80 88/88/194 87/87/195
f 87/87/196 88/88/197 89/89/198
f 90/90/117 92/91/118 91/92/119
f 91/92/120 92/91/199 93/93/122
f 92/91/123 94/94/124 93/93/125
f 93/93/200 94/94/127 95/95/201
f 94/94/129 96/96/130 95/95/131
f 95/95/132 96/96/133 97/97/134
f 96/96/135 98/98/136 97/97/137
f 97/97/138 98/98/139 99/99/140
f 100/100/165 102/101/166 101/102/167
f 101/102/168 102/101/169 103/103/170
f 102/101/171 104/104/202 103/103/203
f 103/103/174 104/104/175 105/105/176
f 104/104/177 106/106/204 105/105/12
f 105/105/179 106/106/205 107/107/206
f 106/106/207 108/108/183 107/107/208
f 107/107/209 108/108/210 109/109/186
f 110/110/62 112/111/211 111/112/64
f 111/112/65 112/111/66 113/113/67
f 112/111/68 114/114/69 113/113/212
f 113/113/213 114/114/72 115/115/214
f 114/114/74 116/116/75 115/115/190
f 115/115/215 116/116/216 117/117/193
f 116/116/80 118/118/217 117/117/195
f 117/117/196 118/118/197 119/119/198
f 120/120/117 122/121/118 121/122/119
f 121/122/120 122/121/199 123/123/122
f 122/121/123 124/124/124 123/123/125
f 123/123/200 124/124/127 125/125/201
f 124/124/218 126/126/130 125/125/131
f 125/125/132 126/126/133 127/127/134
f 126/126/135 128/128/136 127/127/137
f 127/127/138 128/128/219 129/129/140
f 130/130/141 132/131/142 131/132/220
f 131/132/144 132/131/145 133/133/146
f 132/131/147 134/134/221 133/133/222
f 133/133/150 134/134/151 135/135/152
f 134/134/153 136/136/154 135/135/155
f 135/135/156 136/136/157 137/137/158
f 136/136/159 138/138/160 137/137/161
f 137/137/162 138/138/163 139/139/164
f 140/140/1 142/141/166 141/142/167
f 141/142/168 142/141/169 143/143/170
f 142/141/171 144/144/172 143/143/173
f 143/143/174 144/144/175 145/145/176
f 144/144/177 146/146/204 145/145/12
f 145/145/179 146/146/205 147/147/206
f 146/146/207 148/148/183 147/147/208
f 147/147/209 148/148/185 149/149/186
f 150/150/62 152/151/211 151/152/64
f 151/152/65 152/151/66 153/153/67
f 152/151/68 154/154/69 153/153/212
f 153/153/71 154/154/72 155/155/223
f 154/154/74 156/156/224 155/155/76
f 155/155/225 156/156/226 157/157/227
f 156/156/228 158/158/217 157/157/228
f 157/157/229 158/158/197 159/159/198
f 160/160/198 162/161/230 161/162/197
f 161/162/194 162/161/231 163/163/80
f 162/161/193 164/164/191 163/163/192
f 163/163/75 164/164/190 165/165/74
f 164/164/73 166/166/213 165/165/72
f 165/165/69 166/166/212 167/167/68
f 166/166/67 168/168/65 167/167/66
f 167/167/63 168/168/64 169/169/62
f 170/170/140 172/171/138 171/172/219
f 171/172/136 172/171/137 173/173/135
f 172/171/134 174/174/132 173/173/133
f 173/173/130 174/174/131 175/175/129
f 174/174/201 176/176/200 175/175/127
f 175/175/124 176/176/125 177/177/123
f 176/176/122 178/178/120 177/177/199
f 177/177/118 178/178/232 179/179/117
f 180/180/186 182/181/209 181/182/185
f 181/182/183 182/181/233 183/183/234
f 182/181/235 184/184/236 183/183/205
f 183/183/237 184/184/12 185/185/177
f 184/184/238 186/186/174 185/185/175
f 185/185/172 186/186/173 187/187/171
f 186/186/170 188/188/168 187/187/169
f 187/187/166 188/188/167 189/189/1
f 190/190/117 192/191/118 191/192/119
f 191/192/120 192/191/239 193/193/122
f 192/191/123 194/194/124 193/193/125
f 193/193/200 194/194/127 195/195/201
f 194/194/129 196/196/130 195/195/131
f 195/195/132 196/196/133 197/197/134
f 196/196/135 198/198/136 197/197/137
f 197/197/138 198/198/219 199/199/140
f 200/200/1 202/201/166 201/202/167
f 201/202/168 202/201/169 203/203/170
f 202/201/171 204/204/202 203/203/173
f 203/203/174 204/204/175 205/205/176
f 204/204/177 206/206/237 205/205/240
f 205/205/179 206/206/205 207/207/235
f 206/206/207 208/208/183 207/207/208
f 207/207/209 208/208/185 209/209/186
f 210/210/62 212/211/63 211/212/64
f 211/212/65 212/211/66 213/213/67
f 212/211/68 214/214/69 213/213/212
f 213/213/213 214/214/72 215/215/73
f 214/214/74 216/216/75 215/215/190
f 215/215/191 216/216/192 217/217/193
f 216/216/80 218/218/194 217/217/231
f 217/217/241 218/218/197 219/219/198
f 220/220/164 222/221/242 221/222/163
f 221/222/160 222/221/161 223/223/159
f 222/221/158 224/224/156 223/223/157
f 223/223/154 224/224/155 225/225/153
f 224/224/152 226/226/243 225/225/151
f 225/225/148 226/226/149 227/227/147
f 226/226/146 228/228/144 227/227/145
f 227/227/142 228/228/143 229/229/141
f 230/230/117 232/231/118 231/232/119
f 231/232/120 232/231/199 233/233/122
f 232/231/123 234/234/124 233/233/125
f 233/233/200 234/234/127 235/235/201
f 234/234/218 236/236/130 235/235/131
f 235/235/132 236/236/133 237/237/134
f 236/236/135 238/238/136 237/237/137
f 237/237/138 238/238/219 239/239/140
f 240/240/141 242/241/142 241/242/143
f 241/242/144 242/241/145 243/243/146
f 242/241/244 244/244/221 243/243/149
f 243/243/150 244/244/151 245/245/152
f 244/244/153 246/246/245 245/245/155
f 245/245/156 246/246/157 247/247/158
f 246/246/159 248/248/160 247/247/161
f 247/247/246 248/248/163 249/249/164
f 250/250/1 252/251/166 251/252/167
f 251/252/168 252/251/169 253/253/170
f 252/251/171 254/254/202 253/253/173
f 253/253/174 254/254/175 255/255/176
f 254/254/177 256/256/204 255/255/12
f 255/255/179 256/256/205 257/257/206
f 256/256/207 258/258/183 257/257/208
f 257/257/209 258/258/185 259/259/186
f 260/260/62 262/261/63 261/262/64
f 261/262/65 262/261/66 263/263/67
f 262/261/68 264/264/247 263/263/212
f 263/263/213 264/264/72 265/265/73
f 264/264/74 266/266/75 265/265/248
f 265/265/191 266/266/192 267/267/193
f 266/266/80 268/268/194 267/267/231
f 267/267/230 268/268/197 269/269/198
f 270/270/198 272/271/249 271/272/250
f 271/272/251 272/271/252 273/273/253
f 272/271/102 274/274/254 273/273/255
f 273/273/256 274/274/106 275/275/257
f 274/274/258 276/276/259 275/275/110
f 275/275/111 276/276/112 277/277/113
f 276/276/260 278/278/261 277/277/262
f 279/279/1 281/280/263 280/281/264
f 280/281/265 281/280/266 282/282/267
f 281/280/268 283/283/269 282/282/270
f 282/282/271 283/283/272 284/284/273
f 283/283/274 285/285/275 284/284/276
f 284/284/277 285/285/278 286/286/279
f 285/285/280 287/287/281 286/286/282
f 288/288/198 290/289/97 289/290/250
f 289/290/251 290/289/100 291/291/101
f 290/289/102 292/292/283 291/291/255
f 291/291/105 292/292/106 293/293/107
f 292/292/258 294/294/284 293/293/110
f 293/293/111 294/294/112 295/295/113
f 294/294/260 296/296/285 295/295/262
f 297/297/286 299/298/287 298/299/288
f 298/299/289 299/298/290 300/300/291
f 299/298/292 301/301/293 300/300/294
f 300/300/295 301/301/296 302/302/297
f 301/301/298 303/303/299 302/302/300
f 302/302/301 303/303/302 304/304/303
f 303/303/304 305/305/305 304/304/306
f 306/306/1 308/307/263 307/308/307
f 307/308/265 308/307/266 309/309/267
f 308/307/268 310/310/269 309/309/308
f 309/309/271 310/310/272 311/311/273
f 310/310/274 312/312/275 311/311/309
f 311/311/277 312/312/278 313/313/279
f 312/312/280 314/314/281 313/313/310
f 315/315/198 317/316/249 316/317/250
f 316/317/251 317/316/100 318/318/311
f 317/316/102 319/319/312 318/318/313
f 318/318/314 319/319/314 320/320/107
f 319/319/315 321/321/109 320/320/110
f 320/320/111 321/321/112 322/322/113
f 321/321/114 323/323/115 322/322/116
f 324/324/165 326/325/263 325/326/307
f 325/326/265 326/325/316 327/327/267
f 326/325/268 328/328/269 327/327/270
f 327/327/271 328/328/272 329/329/273
f 328/328/274 330/330/275 329/329/309
f 329/329/317 330/330/318 331/331/279
f 330/330/280 332/332/281 331/331/282
f 333/333/319 335/334/320 334/335/321
f 334/335/322 335/334/323 336/336/324
f 335/334/128 337/337/200 336/336/127
f 336/336/124 337/337/125 338/338/123
f 337/337/122 339/339/120 338/338/199
f 338/338/118 339/339/119 340/340/117
f 341/341/141 343/342/142 342/343/143
f 342/343/144 343/342/145 344/344/146
f 343/342/147 345/345/221 344/344/222
f 344/344/325 345/345/326 346/346/327
f 345/345/328 347/347/329 346/346/330
f 346/346/331 347/347/332 348/348/333
f 349/349/164 351/350/162 350/351/334
f 350/351/335 351/350/161 352/352/159
f 351/350/158 353/353/156 352/352/157
f 352/352/245 353/353/336 354/354/337
f 353/353/152 355/355/338 354/354/339
f 356/356/340 358/357/341 357/358/342
f 357/358/343 358/357/344 359/359/345
f 358/357/346 360/360/347 359/359/348
f 359/359/349 360/360/350 361/361/351
f 360/360/352 362/362/353 361/361/224
f 363/363/354 365/364/355 364/365/356
f 364/365/357 365/364/358 366/366/359
f 365/364/360 367/367/361 366/366/362
f 366/366/363 367/367/364 368/368/365
f 367/367/366 369/369/365 368/368/365
f 370/370/367 372/371/367 371/372/367
f 371/372/367 372/371/367 373/373/368
f 372/371/367 374/374/369 373/373/370
f 373/373/371 374/374/372 375/375/373
f 374/374/374 376/376/373 375/375/373
f 377/377/354 379/378/355 378/379/356
f 378/379/357 379/378/358 380/380/359
f 379/378/360 381/381/361 380/380/362
f 380/380/363 381/381/364 382/382/365
f 381/381/366 383/383/365 382/382/365
f 384/384/367 386/385/367 385/386/367
f 385/386/367 386/385/367 387/387/368
f 386/385/367 388/388/369 387/387/370
f 387/387/371 388/388/372 389/389/373
f 388/388/374 390/390/373 389/389/373
f 391/391/367 393/392/367 392/393/367
f 392/393/367 393/392/367 394/394/368
f 393/392/367 395/395/375 394/394/376
f 394/394/371 395/395/372 396/396/373
f 395/395/377 397/397/373 396/396/373
f 398/398/378 400/399/379 399/400/378
f 399/400/378 400/399/380 401/401/381
f 400/399/382 402/402/383 401/401/384
f 401/401/385 402/402/386 403/403/387
f 402/402/388 404/404/389 403/403/390
f 405/405/354 407/406/355 406/407/356
f 406/407/357 407/406/358 408/408/359
f 407/406/360 409/409/361 408/408/362
f 408/408/363 409/409/364 410/410/365
f 409/409/366 411/411/365 410/410/365
f 412/412/367 414/413/367 413/414/367
f 413/414/367 414/413/367 415/415/368
f 414/413/367 416/416/391 415/415/370
f 415/415/392 416/416/393 417/417/394
f 416/416/395 418/418/394 417/417/394
f 419/419/396 421/420/397 420/421/398
f 420/421/399 421/420/400 422/422/401
f 421/420/402 423/423/403 422/422/404
f 422/422/405 423/423/406 424/424/365
f 423/423/407 425/425/365 424/424/365
f 426/426/408 428/427/409 427/428/408
f 427/428/410 428/427/411 429/429/412
f 428/427/413 430/430/414 429/429/415
f 429/429/416 430/430/417 431/431/418
f 430/430/419 432/432/420 431/431/421
f 433/433/340 435/434/422 434/435/342
f 434/435/343 435/434/344 436/436/345
f 435/434/346 437/437/347 436/436/348
f 436/436/349 437/437/423 438/438/424
f 437/437/425 439/439/353 438/438/426
f 440/440/427 442/441/428 441/442/429
f 441/442/430 442/441/431 443/443/432
f 442/441/433 444/444/434 443/443/435
f 443/443/436 444/444/437 445/445/119
f 444/444/438 446/446/439 445/445/120
f 447/447/440 449/448/441 448/449/440
f 448/449/442 449/448/443 450/450/444
f 449/448/445 451/451/446 450/450/447
f 450/450/448 451/451/449 452/452/163
f 451/451/450 453/453/451 452/452/160
f 454/454/354 456/455/355 455/456/356
f 455/456/357 456/455/452 457/457/401
f 456/455/453 458/458/361 457/457/362
f 457/457/363 458/458/454 459/459/365
f 458/458/455 460/460/365 459/459/365
f 461/461/354 463/462/355 462/463/356
f 462/463/357 463/462/358 464/464/359
f 463/462/360 465/465/361 464/464/362
f 464/464/363 465/465/454 466/466/365
f 465/465/455 467/467/365 466/466/365
f 468/468/456 470/469/457 469/470/458
f 469/470/459 470/469/460 471/471/461
f 470/469/462 472/472/463 471/471/464
f 471/471/465 472/472/466 473/473/378
f 472/472/467 474/474/378 473/473/378
f 475/475/354 477/476/355 476/477/356
f 476/477/357 477/476/452 478/478/401
f 477/476/453 479/479/361 478/478/362
f 478/478/363 479/479/454 480/480/365
f 479/479/455 481/481/365 480/480/365
f 482/482/365 484/483/468 483/484/365
f 483/484/365 484/483/469 485/485/470
f 484/483/471 486/486/472 485/485/473
f 485/485/474 486/486/475 487/487/476
f 486/486/477 488/488/478 487/487/479
f 489/489/354 491/490/355 490/491/356
f 490/491/357 491/490/452 492/492/401
f 491/490/453 493/493/361 492/492/362
f 492/492/363 493/493/454 494/494/365
f 493/493/455 495/495/365 494/494/365
f 496/496/164 498/497/162 497/498/163
f 497/498/160 498/497/161 499/499/159
f 498/497/158 500/500/156 499/499/157
f 499/499/154 500/500/155 501/501/337
f 500/500/152 502/502/338 501/501/480
f 503/503/340 505/504/422 504/505/342
f 504/505/343 505/504/344 506/506/345
f 505/504/481 507/507/347 506/506/348
f 506/506/482 507/507/423 508/508/483
f 507/507/484 509/509/485 508/508/426
f 510/510/486 512/511/487 511/512/488
f 511/512/489 512/511/490 513/513/491
f 512/511/492 514/514/493 513/513/494
f 513/513/495 514/514/496 515/515/354
f 516/516/497 518/517/498 517/518/499
f 517/518/500 518/517/501 519/519/502
f 518/517/503 520/520/504 519/519/505
f 519/519/506 520/520/507 521/521/508
f 522/522/486 524/523/487 523/524/509
f 523/524/489 524/523/490 525/525/491
f 524/523/492 526/526/493 525/525/494
f 525/525/495 526/526/496 527/527/354
f 528/528/497 530/529/498 529/530/499
f 529/530/500 530/529/501 531/531/502
f 530/529/503 532/532/504 531/531/505
f 531/531/510 532/532/507 533/533/508
f 534/534/486 536/535/487 535/536/488
f 535/536/489 536/535/490 537/537/491
f 536/535/492 538/538/493 537/537/494
f 537/537/511 538/538/496 539/539/354
f 540/540/497 542/541/498 541/542/499
f 541/542/500 542/541/501 543/543/502
f 542/541/503 544/544/504 543/543/505
f 543/543/510 544/544/507 545/545/508
f 546/546/486 548/547/487 547/548/488
f 547/548/512 548/547/513 549/549/491
f 548/547/492 550/550/514 549/549/515
f 549/549/516 550/550/517 551/551/396
f 552/552/518 554/553/519 553/554/520
f 553/554/521 554/553/522 555/555/523
f 554/553/524 556/556/525 555/555/526
f 555/555/527 556/556/528 557/557/529
f 558/558/486 560/559/530 559/560/509
f 559/560/489 560/559/490 561/561/491
f 560/559/492 562/562/493 561/561/494
f 561/561/495 562/562/496 563/563/354
f 564/564/531 566/565/532 565/566/531
f 565/566/533 566/565/534 567/567/535
f 566/565/536 568/568/537 567/567/538
f 567/567/539 568/568/540 569/569/541
f 570/570/497 572/571/542 571/572/499
f 571/572/500 572/571/501 573/573/502
f 572/571/503 574/574/504 573/573/505
f 573/573/510 574/574/507 575/575/508
f 576/576/486 578/577/530 577/578/509
f 577/578/489 578/577/490 579/579/491
f 578/577/492 580/580/493 579/579/494
f 579/579/511 580/580/496 581/581/354
f 582/582/497 584/583/542 583/584/499
f 583/584/500 584/583/501 585/585/502
f 584/583/503 586/586/504 585/585/505
f 585/585/506 586/586/507 587/587/508
f 588/588/543 590/589/544 589/590/545
f 589/590/546 590/589/547 591/591/548
f 590/589/549 592/592/550 591/591/551
f 591/591/552 592/592/553 593/593/554
f 594/594/555 596/595/556 595/596/557
f 595/596/558 596/595/559 597/597/560
f 596/595/561 598/598/562 597/597/563
f 597/597/564 598/598/565 599/599/456
f 600/600/486 602/601/530 601/602/509
f 601/602/489 602/601/490 603/603/491
f 602/601/492 604/604/493 603/603/494
f 603/603/495 604/604/496 605/605/354
f 606/606/497 608/607/542 607/608/499
f 607/608/500 608/607/501 609/609/502
f 608/607/503 610/610/504 609/609/505
f 609/609/510 610/610/507 611/611/508
f 612/612/367 614/613/566 613/614/367
f 613/614/367 614/613/567 615/615/568
f 614/613/569 616/616/570 615/615/571
f 615/615/572 616/616/573 617/617/573
f 618/618/574 620/619/575 619/620/576
f 619/620/577 620/619/578 621/621/579
f 620/619/580 622/622/581 621/621/582
f 621/621/583 622/622/584 623/623/456
f 624/624/486 626/625/530 625/626/509
f 625/626/489 626/625/490 627/627/491
f 626/625/492 628/628/493 627/627/494
f 627/627/495 628/628/496 629/629/354
f 630/630/367 632/631/585 631/632/367
f 631/632/367 632/631/586 633/633/587
f 632/631/588 634/634/537 633/633/589
f 633/633/590 634/634/540 635/635/541
f 636/636/497 638/637/542 637/638/591
f 637/638/500 638/637/501 639/639/502
f 638/637/503 640/640/504 639/639/505
f 639/639/510 640/640/507 641/641/508
f 642/642/592 644/643/593 643/644/594
f 643/644/595 644/643/431 645/645/185
f 644/643/596 646/646/182 645/645/183
f 647/647/420 649/648/174 648/649/597
f 648/649/598 649/648/173 650/650/599
f 649/648/170 651/651/3 650/650/600
f 652/652/601 654/653/602 653/654/603
f 653/654/604 654/653/605 655/655/606
f 654/653/607 656/656/592 655/655/608
f 657/657/141 659/658/142 658/659/143
f 658/659/144 659/658/145 660/660/609
f 659/658/244 661/661/610 660/660/611
f 662/662/601 664/663/602 663/664/603
f 663/664/604 664/663/605 665/665/606
f 664/663/607 666/666/592 665/665/608
f 667/667/601 669/668/602 668/669/603
f 668/669/604 669/668/612 670/670/606
f 669/668/607 671/671/592 670/670/608
f 672/672/440 674/673/613 673/674/440
f 673/674/62 674/673/443 675/675/64
f 674/673/614 676/676/615 675/675/616
f 677/677/367 679/678/617 678/679/618
f 678/679/619 679/678/620 680/680/621
f 679/678/622 681/681/623 680/680/624
f 682/682/497 684/683/625 683/684/626
f 683/684/627 684/683/628 685/685/629
f 684/683/630 686/686/631 685/685/631
f 687/687/508 689/688/632 688/689/633
f 688/689/634 689/688/635 690/690/378
f 689/688/636 691/691/378 690/690/378
f 692/692/367 694/693/617 693/694/618
f 693/694/619 694/693/620 695/695/621
f 694/693/637 696/696/623 695/695/624
f 697/697/497 699/698/625 698/699/626
f 698/699/627 699/698/628 700/700/629
f 699/698/630 701/701/631 700/700/631
f 702/702/508 704/703/632 703/704/633
f 703/704/634 704/703/635 705/705/378
f 704/703/636 706/706/378 705/705/378
f 707/707/367 709/708/638 708/709/618
f 708/709/639 709/708/640 710/710/641
f 709/708/642 711/711/641 710/710/641
f 712/712/497 714/713/643 713/714/497
f 713/714/497 714/713/644 715/715/645
f 714/713/646 716/716/629 715/715/627
f 717/717/367 719/718/617 718/719/618
f 718/719/619 719/718/620 720/720/621
f 719/718/637 721/721/623 720/720/624
f 722/722/497 724/723/625 723/724/626
f 723/724/627 724/723/628 725/725/629
f 724/723/630 726/726/631 725/725/631
f 727/727/508 729/728/632 728/729/633
f 728/729/634 729/728/635 730/730/378
f 729/728/636 731/731/378 730/730/378
f 732/732/592 734/733/593 733/734/594
f 733/734/595 734/733/431 735/735/185
f 734/733/596 736/736/182 735/735/183
f 737/737/420 739/738/174 738/739/597
f 738/739/598 739/738/203 740/740/599
f 739/738/170 741/741/647 740/740/648
f 742/742/649 744/743/650 743/744/651
f 743/744/652 744/743/653 745/745/654
f 744/743/655 746/746/656 745/745/657
f 747/747/373 749/748/373 748/749/373
f 748/749/373 749/748/373 750/750/373
f 749/748/373 751/751/373 750/750/373
f 752/752/497 754/753/625 753/754/626
f 753/754/658 754/753/659 755/755/629
f 754/753/660 756/756/629 755/755/629
f 757/757/508 759/758/632 758/759/633
f 758/759/634 759/758/661 760/760/378
f 759/758/662 761/761/378 760/760/378
f 762/762/663 764/763/664 763/764/665
f 763/764/666 764/763/667 765/765/373
f 764/763/668 766/766/373 765/765/373
f 767/767/497 769/768/625 768/769/626
f 768/769/658 769/768/659 770/770/629
f 769/768/660 771/771/629 770/770/629
f 772/772/508 774/773/632 773/774/633
f 773/774/634 774/773/661 775/775/378
f 774/773/662 776/776/378 775/775/378
f 777/777/623 779/778/623 778/779/623
f 778/779/537 779/778/537 780/780/537
f 779/778/669 781/781/670 780/780/670
f 782/782/601 784/783/671 783/784/672
f 783/784/604 784/783/673 785/785/674
f 784/783/675 786/786/592 785/785/608
f 787/787/141 789/788/142 788/789/143
f 788/789/144 789/788/145 790/790/676
f 789/788/244 791/791/610 790/790/611
f 792/792/592 794/793/677 793/794/594
f 793/794/595 794/793/431 795/795/185
f 794/793/433 796/796/182 795/795/183
f 797/797/420 799/798/678 798/799/679
f 798/799/598 799/798/173 800/800/599
f 799/798/170 801/801/647 800/800/600
f 802/802/367 804/803/568 803/804/680
f 803/804/681 804/803/682 805/805/683
f 804/803/684 806/806/685 805/805/685
f 807/807/543 809/808/686 808/809/687
f 808/809/688 809/808/689 810/810/690
f 809/808/691 811/811/690 810/810/690
f 812/812/367 814/813/369 813/814/692
f 813/814/693 814/813/694 815/815/373
f 814/813/695 816/816/373 815/815/373
f 817/817/497 819/818/625 818/819/626
f 818/819/658 819/818/659 820/820/629
f 819/818/660 821/821/629 820/820/629
f 822/822/508 824/823/632 823/824/633
f 823/824/634 824/823/661 825/825/378
f 824/823/662 826/826/378 825/825/378
f 827/827/623 829/828/623 828/829/623
f 828/829/537 829/828/537 830/830/537
f 829/828/540 831/831/541 830/830/541
f 832/832/456 834/833/696 833/834/697
f 833/834/698 834/833/699 835/835/700
f 834/833/701 836/836/702 835/835/703
f 837/837/704 839/838/705 838/839/704
f 838/839/704 839/838/706 840/840/707
f 839/838/708 841/841/709 840/840/710
f 842/842/367 844/843/367 843/844/367
f 843/844/367 844/843/367 845/845/367
f 844/843/367 846/846/367 845/845/367
f 847/847/373 849/848/373 848/849/373
f 848/849/373 849/848/373 850/850/373
f 849/848/373 851/851/373 850/850/373
f 852/852/497 854/853/625 853/854/626
f 853/854/658 854/853/659 855/855/629
f 854/853/660 856/856/629 855/855/629
f 857/857/508 859/858/632 858/859/633
f 858/859/634 859/858/661 860/860/378
f 859/858/662 861/861/378 860/860/378
f 862/862/601 864/863/671 863/864/672
f 863/864/604 864/863/711 865/865/674
f 864/863/675 866/866/592 865/865/608
f 867/867/601 869/868/671 868/869/672
f 868/869/604 869/868/711 870/870/674
f 869/868/675 871/871/592 870/870/608
f 872/872/440 874/873/712 873/874/440
f 873/874/62 874/873/443 875/875/64
f 874/873/445 876/876/615 875/875/65
f 877/877/713 879/878/136 878/879/714
f 878/879/715 879/878/139 880/880/140
f 881/881/164 883/882/716 882/883/717
f 882/883/718 883/882/719 884/884/451
f 885/885/439 887/886/120 886/887/720
f 886/887/721 887/886/119 888/888/117
f 889/889/713 891/890/136 890/891/714
f 890/891/722 891/890/219 892/892/140
f 893/893/164 895/894/723 894/895/163
f 894/895/160 895/894/724 896/896/451
f 897/897/365 899/898/365 898/899/365
f 898/899/365 899/898/365 900/900/365
f 901/901/725 903/902/726 902/903/727
f 902/903/728 903/902/729 904/904/730
f 905/905/731 907/906/731 906/907/732
f 906/907/733 907/906/734 908/908/733
f 909/909/378 911/910/378 910/911/378
f 910/911/378 911/910/378 912/912/378
f 913/913/735 915/914/736 914/915/735
f 914/915/737 915/914/738 916/916/738
f 917/917/713 919/918/136 918/919/739
f 918/919/740 919/918/139 920/920/741
f 921/921/367 923/922/367 922/923/367
f 922/923/367 923/922/367 924/924/367
f 925/925/367 927/926/367 926/927/367
f 926/927/367 927/926/367 928/928/367
f 929/929/713 931/930/136 930/931/714
f 930/931/722 931/930/219 932/932/140
f 933/933/164 935/934/723 934/935/163
f 934/935/160 935/934/719 936/936/451
f 937/937/742 939/938/742 938/939/742
f 938/939/743 939/938/743 940/940/743
f 941/941/367 943/942/367 942/943/367
f 942/943/367 943/942/367 944/944/367
f 945/945/744 947/946/744 946/947/744
f 946/947/745 947/946/745 948/948/745
f 949/949/367 951/950/367 950/951/367
f 950/951/367 951/950/367 952/952/367
f 953/953/439 955/954/120 954/955/746
f 954/955/721 955/954/119 956/956/117
f 957/957/340 959/958/340 958/959/340
f 960/960/747 962/961/747 961/962/747
f 963/963/340 965/964/340 964/965/340
f 966/966/340 968/967/340 967/968/340
f 969/969/228 971/970/228 970/971/228
f 972/972/748 974/973/748 973/974/748
f 975/975/373 977/976/373 976/977/373
f 978/978/670 980/979/670 979/980/670
f 981/981/748 983/982/748 982/983/748
f 984/984/373 986/985/373 985/986/373
f 987/987/670 989/988/670 988/989/670
f 990/990/631 992/991/631 991/992/631
f 993/993/749 995/994/749 994/995/749
f 996/996/750 998/997/750 997/998/750
f 999/999/748 1001/1000/748 1000/1001/748
f 1002/1002/373 1004/1003/373 1003/1004/373
f 1005/1005/670 1007/1006/670 1006/1007/670
f 1008/1008/748 1010/1009/748 1009/1010/748
f 1011/1011/394 1013/1012/394 1012/1013/394
f 1014/1014/751 1016/1015/751 1015/1016/751
f 1017/1017/338 1019/1018/338 1018/1019/338
f 1020/1020/752 1022/1021/752 1021/1022/752
f 1023/1023/753 1025/1024/753 1024/1025/753
f 1026/1026/754 1028/1027/754 1027/1028/754
f 1029/1029/755 1031/1030/755 1030/1031/755
f 1032/1032/756 1034/1033/756 1033/1034/756
f 1035/1035/757 1037/1036/757 1036/1037/757
f 1038/1038/758 1040/1039/758 1039/1040/758
f 1041/1041/759 1043/1042/759 1042/1043/759
f 1044/1044/228 1046/1045/228 1045/1046/228
f 1047/1047/486 1049/1048/486 1048/1049/486
f 1050/1050/623 1052/1051/623 1051/1052/623
f 1053/1053/760 1055/1054/760 1054/1055/760
f 1056/1056/486 1058/1057/486 1057/1058/486
f 1059/1059/373 1061/1060/373 1060/1061/373
f 1062/1062/340 1064/1063/340 1063/1064/340
f 1065/1065/340 1067/1066/340 1066/1067/340
f 1068/1068/338 1070/1069/338 1069/1070/338
f 1071/1071/367 1073/1072/367 1072/1073/367
f 1074/1074/555 1076/1075/555 1075/1076/555
f 1077/1077/685 1079/1078/685 1078/1079/685
f 1080/1080/367 1082/1081/367 1081/1082/367
f 1083/1083/761 1085/1084/761 1084/1085/761
f 1086/1086/367 1088/1087/367 1087/1088/367
f 1089/1089/486 1091/1090/486 1090/1091/486
f 1092/1092/373 1094/1093/373 1093/1094/373
f 1095/1095/574 1097/1096/574 1096/1097/574
f 1098/1098/709 1100/1099/709 1099/1100/709
f 1101/1101/478 1103/1102/478 1102/1103/478
f 1104/1104/573 1106/1105/573 1105/1106/573
f 1107/1107/486 1109/1108/486 1108/1109/486
f 1110/1110/623 1112/1111/623 1111/1112/623
f 1113/1113/340 1115/1114/340 1114/1115/340
f 1116/1116/228 1118/1117/228 1117/1118/228
