# Blender v3.6.3 OBJ File: 'untitled.blend'
# www.blender.org
mtllib Mesh_0154.mtl
o Mesh_0154_Mesh.022
v 10.183386 4.564497 5.822479
v 9.934309 4.676130 5.827293
v 10.233446 4.676130 6.040245
v 9.821081 4.821570 5.892670
v 10.108252 4.821570 6.153473
v 9.479471 5.047097 5.999550
v 10.040792 4.990963 6.319649
v 9.630781 5.252760 5.980453
v 10.026796 5.172725 6.210754
v 9.955191 5.422559 6.608772
v 10.446657 5.247605 6.406715
v 10.474951 5.360431 6.527901
v 10.890875 5.521899 6.028381
v 10.491106 5.459441 6.444916
v 10.526438 5.565562 6.453499
v 10.004393 5.599471 6.450905
v 9.997919 5.776103 6.602371
v 9.479830 5.919739 6.205902
v 9.208357 6.439727 6.802696
v 11.061361 5.392588 5.072899
v 11.109217 5.652963 5.326302
v 11.381376 5.300588 5.280243
v 11.162912 5.541457 5.442352
v 10.923719 5.411587 6.010445
v 11.079901 5.500360 5.880478
v 10.915693 5.323398 6.168434
v 11.142385 5.297464 6.059113
v 11.203016 5.129138 6.036736
v 11.423079 5.349179 5.373741
v 11.427046 5.140746 5.499702
v 11.364260 5.126116 5.235748
v 11.348204 4.947300 5.504608
v 11.278505 4.947300 5.243523
v 11.255217 4.809353 5.536385
v 11.133245 4.821570 5.180092
v 11.020014 4.676130 5.536385
v 10.942057 4.676130 5.245483
v 10.809370 4.564497 5.536385
v 9.208357 6.439728 4.270065
v 9.479830 5.919739 4.866859
v 9.997919 5.776103 4.470390
v 10.004393 5.599470 4.621857
v 10.526438 5.565562 4.619270
v 10.491106 5.459440 4.627846
v 10.890875 5.521874 5.044380
v 10.474951 5.360431 4.544868
v 10.446657 5.247604 4.666054
v 9.955191 5.422559 4.463997
v 10.026796 5.172725 4.862015
v 9.630480 5.252760 5.053070
v 10.040792 4.990963 4.753128
v 9.479471 5.047097 5.073212
v 10.108252 4.821570 4.919289
v 9.821081 4.821570 5.180092
v 10.233446 4.676130 5.032524
v 9.934309 4.676130 5.245483
v 10.183386 4.564497 5.250275
v 9.208357 6.439727 6.802696
v 9.479830 5.919739 6.205902
v 9.997919 5.776103 6.602371
v 10.004393 5.599471 6.450905
v 10.526438 5.565562 6.453499
v 10.491106 5.459441 6.444916
v 10.890875 5.521899 6.028381
v 10.474951 5.360431 6.527901
v 10.446657 5.247605 6.406715
v 9.955191 5.422560 6.608772
v 10.026796 5.172724 6.210754
v 9.630781 5.252760 5.980453
v 10.040792 4.990963 6.319649
v 9.479471 5.047097 5.999550
v 10.108252 4.821570 6.153473
v 9.821081 4.821570 5.892670
v 10.233446 4.676130 6.040245
v 9.934309 4.676130 5.827293
v 10.183386 4.564497 5.822479
v 10.183386 4.564497 5.250275
v 9.934309 4.676130 5.245483
v 10.233446 4.676130 5.032524
v 9.821081 4.821570 5.180092
v 10.108252 4.821570 4.919289
v 9.479471 5.047097 5.073212
v 10.040792 4.990963 4.753128
v 9.630480 5.252760 5.053070
v 10.026796 5.172725 4.862015
v 9.955191 5.422559 4.463997
v 10.446657 5.247603 4.666039
v 10.474955 5.360428 4.544861
v 10.890879 5.521871 5.044380
v 10.491106 5.459440 4.627846
v 10.526442 5.565561 4.619270
v 10.004393 5.599470 4.621857
v 9.997919 5.776103 4.470390
v 9.479830 5.919739 4.866859
v 9.208357 6.439728 4.270065
v 9.208357 6.439729 -11.946312
v 9.479830 5.919739 -11.349514
v 9.997919 5.776103 -11.745979
v 10.004393 5.599470 -11.594524
v 10.526438 5.565562 -11.597107
v 10.491106 5.459440 -11.588528
v 10.890875 5.521899 -11.171997
v 10.474951 5.360431 -11.671509
v 10.446657 5.247604 -11.550320
v 9.955191 5.422559 -11.752380
v 10.026796 5.172725 -11.354362
v 9.630781 5.252760 -11.124065
v 10.040792 4.990963 -11.463257
v 9.479471 5.047097 -11.143162
v 10.108252 4.821570 -11.297092
v 9.821081 4.821570 -11.036282
v 10.233446 4.676130 -11.183857
v 9.934309 4.676130 -10.970901
v 10.183386 4.564497 -10.966099
v 11.109217 5.652963 -10.469910
v 11.381376 5.300589 -10.423859
v 11.162912 5.541457 -10.585968
v 10.923719 5.411587 -11.154060
v 11.079901 5.500360 -11.024090
v 10.915693 5.323398 -11.312050
v 11.142385 5.297464 -11.202724
v 11.203016 5.129139 -11.180347
v 11.423079 5.349179 -10.517353
v 11.427046 5.140747 -10.643314
v 11.364260 5.126116 -10.379360
v 11.348204 4.947300 -10.648220
v 11.278505 4.947300 -10.387131
v 11.255217 4.809353 -10.679993
v 11.133245 4.821570 -10.323704
v 11.020014 4.676130 -10.679993
v 10.942057 4.676130 -10.389088
v 10.809370 4.564497 -10.679993
v 10.692987 4.564497 -10.393890
v 10.183386 4.564497 -10.393890
v 9.934309 4.676130 -10.389088
v 10.233446 4.676130 -10.176136
v 9.821081 4.821570 -10.323704
v 10.108252 4.821570 -10.062901
v 9.479471 5.047097 -10.216820
v 10.040792 4.990963 -9.896736
v 9.630480 5.252760 -10.196678
v 10.026796 5.172725 -10.005623
v 9.955191 5.422559 -9.607605
v 10.446657 5.247604 -9.809662
v 10.474951 5.360431 -9.688480
v 10.890875 5.521874 -10.188000
v 10.491106 5.459440 -9.771461
v 10.526438 5.565562 -9.762875
v 10.004393 5.599470 -9.765472
v 9.997919 5.776103 -9.614002
v 9.479830 5.919739 -10.010479
v 9.208357 6.439729 -9.413677
v 10.183386 4.564497 -10.966099
v 9.934309 4.676130 -10.970901
v 10.233446 4.676130 -11.183857
v 9.821081 4.821570 -11.036282
v 10.108252 4.821570 -11.297081
v 9.479471 5.047097 -11.143162
v 10.040792 4.990963 -11.463257
v 9.630781 5.252760 -11.124065
v 10.026796 5.172725 -11.354362
v 9.955191 5.422559 -11.752380
v 10.446657 5.247604 -11.550320
v 10.474951 5.360431 -11.671509
v 10.890875 5.521899 -11.171997
v 10.491106 5.459440 -11.588528
v 10.526438 5.565562 -11.597107
v 10.004393 5.599470 -11.594524
v 9.997919 5.776103 -11.745979
v 9.479830 5.919739 -11.349514
v 9.208357 6.439729 -11.946312
v 9.208357 6.439729 -9.413677
v 9.479830 5.919739 -10.010479
v 9.997919 5.776102 -9.614002
v 10.004393 5.599470 -9.765472
v 10.526438 5.565562 -9.762875
v 10.491106 5.459440 -9.771461
v 10.890875 5.521875 -10.188000
v 10.474951 5.360432 -9.688480
v 10.446657 5.247605 -9.809662
v 9.955191 5.422559 -9.607605
v 10.026796 5.172725 -10.005623
v 9.630480 5.252760 -10.196678
v 10.040792 4.990963 -9.896736
v 9.479471 5.047096 -10.216820
v 10.108252 4.821570 -10.062901
v 9.821081 4.821570 -10.323704
v 10.233446 4.676130 -10.176136
v 9.934317 4.676130 -10.389088
v 10.183386 4.564497 -10.393890
v 10.536093 4.490329 5.438004
v 10.692987 4.564497 5.250275
v 10.809374 4.564497 5.536385
v 10.942057 4.676130 5.245483
v 11.020014 4.676130 5.536385
v 11.133242 4.821571 5.180099
v 11.255213 4.809353 5.536385
v 11.278505 4.947301 5.243523
v 11.348204 4.947300 5.504608
v 11.364260 5.126116 5.235748
v 11.427046 5.140747 5.499702
v 11.423079 5.349179 5.373741
v 11.203016 5.129138 6.036736
v 11.142385 5.297464 6.059113
v 10.915693 5.323398 6.168434
v 11.079901 5.500360 5.880478
v 10.923719 5.411587 6.010445
v 10.923719 5.411587 -11.154060
v 11.079901 5.500360 -11.024090
v 10.915693 5.323398 -11.312050
v 11.142389 5.297465 -11.202724
v 11.203016 5.129139 -11.180347
v 11.423079 5.349179 -10.517353
v 11.427046 5.140747 -10.643314
v 11.364260 5.126116 -10.379360
v 11.348204 4.947299 -10.648220
v 11.278505 4.947301 -10.387131
v 11.255217 4.809353 -10.679993
v 11.133242 4.821571 -10.323704
v 11.020014 4.676130 -10.679993
v 10.942057 4.676130 -10.389088
v 10.809370 4.564497 -10.679993
v 10.692987 4.564497 -10.393890
v 10.536093 4.490329 -10.581615
v 10.533754 5.594696 6.408951
v 10.790876 5.562691 6.030945
v 10.890875 5.521899 6.028381
v 10.923719 5.411587 6.010445
v 10.759203 5.338689 6.188271
v 10.915693 5.323398 6.168434
v 10.438200 5.072904 6.440826
v 10.835577 5.095840 6.265915
v 10.438200 4.926447 6.248955
v 10.768122 4.821570 6.153473
v 10.438200 4.676130 6.118195
v 10.642923 4.676130 6.040245
v 10.438200 4.564497 5.947784
v 10.692987 4.564497 5.822479
v 10.536093 4.490329 5.634758
v 10.536093 4.490329 5.634758
v 10.692987 4.564497 5.822479
v 10.438200 4.564497 5.947784
v 10.642923 4.676130 6.040245
v 10.438200 4.676130 6.118195
v 10.768122 4.821570 6.153473
v 10.438200 4.926448 6.248955
v 10.835577 5.095840 6.265915
v 10.438200 5.072904 6.440826
v 10.915693 5.323398 6.168434
v 10.759203 5.338689 6.188271
v 10.923719 5.411587 6.010445
v 10.890875 5.521899 6.028381
v 10.790876 5.562691 6.030945
v 10.533754 5.594696 6.408951
v 10.536093 4.490329 -10.778366
v 10.692987 4.564497 -10.966099
v 10.438200 4.564497 -11.091400
v 10.642923 4.676130 -11.183857
v 10.438200 4.676130 -11.261806
v 10.768122 4.821570 -11.297092
v 10.438200 4.926447 -11.392563
v 10.835577 5.095839 -11.409531
v 10.438200 5.072903 -11.584438
v 10.915693 5.323398 -11.312050
v 10.759203 5.338689 -11.331886
v 10.923719 5.411587 -11.154060
v 10.890875 5.521899 -11.171997
v 10.790876 5.562691 -11.174557
v 10.533754 5.594696 -11.552559
v 11.381376 5.300589 -10.423859
v 11.065859 5.275443 -10.075699
v 11.375917 5.336123 -10.018528
v 11.084932 5.222814 -9.912052
v 11.251432 5.246512 -9.880047
v 11.214575 5.375671 -9.771591
v 11.375917 5.336123 -10.018528
v 11.396311 5.447375 -10.141083
v 11.423079 5.349179 -10.517353
v 11.356230 5.700410 -10.425812
v 11.359533 5.571251 -10.543190
v 11.440149 5.763275 -10.793808
v 11.291685 5.688015 -10.437347
v 11.356230 5.700410 -10.425812
v 11.065859 5.275443 4.932091
v 11.375917 5.336123 4.874916
v 11.084932 5.222814 4.768433
v 11.251432 5.246512 4.736435
v 11.214575 5.375671 4.627975
v 11.375917 5.336123 4.874916
v 11.396311 5.447375 4.997467
v 11.423079 5.349179 5.373741
v 11.356230 5.700410 5.282196
v 11.359533 5.571251 5.399582
v 11.440149 5.763275 5.650200
v 11.291685 5.688015 5.293732
v 11.356230 5.700410 5.282196
v 10.923719 5.411585 5.062317
v 10.890875 5.521874 5.044380
v 10.759203 5.338689 4.884491
v 10.446657 5.247604 4.666054
v 10.438200 5.072903 4.631943
v 10.040792 4.990963 4.753128
v 10.438200 4.926446 4.823807
v 10.108252 4.821570 4.919289
v 10.438200 4.676130 4.954567
v 10.233446 4.676130 5.032524
v 10.438200 4.564497 5.124969
v 10.183386 4.564497 5.250275
v 10.340277 4.490329 5.437798
v 10.890879 5.521871 5.044380
v 10.923719 5.411585 5.062317
v 10.759203 5.338686 4.884491
v 10.849600 5.271429 4.812073
v 10.438200 5.072903 4.631943
v 10.835581 5.095839 4.794952
v 10.438200 4.926446 4.823807
v 10.768122 4.821570 4.919289
v 10.438200 4.676130 4.954567
v 10.642923 4.676130 5.032524
v 10.438200 4.564497 5.124969
v 10.692987 4.564497 5.250275
v 10.536093 4.490329 5.438004
v 10.890875 5.521874 -10.188000
v 10.923719 5.411587 -10.205925
v 10.759203 5.338689 -10.028103
v 10.849600 5.271430 -9.955688
v 10.438200 5.072903 -9.775551
v 10.835577 5.095839 -9.938568
v 10.438200 4.926447 -9.967422
v 10.768122 4.821570 -10.062901
v 10.438200 4.676130 -10.098179
v 10.642923 4.676130 -10.176136
v 10.438200 4.564497 -10.268589
v 10.692987 4.564497 -10.393890
v 10.536093 4.490329 -10.581615
v 10.890875 5.521899 -11.171997
v 10.923719 5.411587 -11.154060
v 10.759203 5.338688 -11.331886
v 10.915693 5.323398 -11.312050
v 10.438200 5.072903 -11.584438
v 10.835577 5.095839 -11.409531
v 10.438200 4.926447 -11.392563
v 10.768122 4.821570 -11.297092
v 10.438200 4.676130 -11.261806
v 10.642923 4.676130 -11.183857
v 10.438200 4.564497 -11.091400
v 10.692987 4.564497 -10.966099
v 10.536093 4.490329 -10.778366
v 10.923719 5.411587 -10.205925
v 10.890875 5.521875 -10.188000
v 10.759203 5.338689 -10.028103
v 10.446657 5.247605 -9.809662
v 10.438200 5.072903 -9.775551
v 10.040792 4.990963 -9.896736
v 10.438200 4.926447 -9.967422
v 10.108252 4.821570 -10.062901
v 10.438200 4.676130 -10.098179
v 10.233446 4.676130 -10.176136
v 10.438200 4.564497 -10.268589
v 10.183386 4.564497 -10.393890
v 10.340277 4.490329 -10.581413
v 10.890875 5.521899 6.028381
v 10.759203 5.338689 6.188271
v 10.446657 5.247605 6.406715
v 10.438200 5.072904 6.440826
v 10.040792 4.990963 6.319649
v 10.438200 4.926447 6.248955
v 10.108252 4.821570 6.153473
v 10.438200 4.676130 6.118195
v 10.233446 4.676130 6.040245
v 10.438200 4.564497 5.947784
v 10.183386 4.564497 5.822479
v 10.340277 4.490329 5.634956
v 10.923719 5.411585 5.062317
v 10.759203 5.338689 4.884491
v 10.849600 5.271430 4.812073
v 10.438200 5.072903 4.631943
v 10.835577 5.095839 4.794952
v 10.438200 4.926446 4.823807
v 10.768122 4.821570 4.919289
v 10.438200 4.676130 4.954567
v 10.642923 4.676130 5.032524
v 10.438200 4.564497 5.124969
v 10.692987 4.564497 5.250275
v 10.536093 4.490329 5.438004
v 10.340277 4.490329 5.634956
v 10.340277 4.490329 5.437798
v 10.067003 4.564497 5.536385
v 10.183386 4.564497 5.250275
v 9.801371 4.676130 5.536385
v 9.934309 4.676130 5.245483
v 9.663523 4.821570 5.536385
v 9.821081 4.821570 5.180092
v 9.581327 4.990963 5.536385
v 9.662813 5.020528 5.104424
v 9.521563 5.189692 5.536385
v 9.630480 5.252760 5.053070
v 10.890879 5.521871 5.044380
v 10.759203 5.338686 4.884491
v 10.446657 5.247603 4.666039
v 10.438200 5.072903 4.631943
v 10.040792 4.990963 4.753128
v 10.438200 4.926446 4.823807
v 10.108252 4.821570 4.919289
v 10.438200 4.676130 4.954567
v 10.233446 4.676130 5.032524
v 10.438200 4.564497 5.124969
v 10.183386 4.564497 5.250275
v 10.340281 4.490329 5.437798
v 10.340281 4.490329 5.437798
v 10.340277 4.490329 5.634956
v 10.067003 4.564497 5.536385
v 10.183386 4.564497 5.822479
v 9.801371 4.676130 5.536385
v 9.934309 4.676130 5.827293
v 9.663523 4.821570 5.536385
v 9.821081 4.821570 5.892670
v 9.581327 4.990963 5.536385
v 9.662813 5.020528 5.968330
v 9.521563 5.189692 5.536385
v 9.630781 5.252760 5.980453
v 10.890875 5.521874 -10.188000
v 10.759203 5.338689 -10.028103
v 10.446657 5.247604 -9.809662
v 10.438200 5.072903 -9.775551
v 10.040792 4.990963 -9.896736
v 10.438200 4.926447 -9.967422
v 10.108252 4.821570 -10.062901
v 10.438200 4.676130 -10.098179
v 10.233446 4.676130 -10.176136
v 10.438200 4.564497 -10.268589
v 10.183386 4.564497 -10.393890
v 10.340277 4.490329 -10.581413
v 10.340277 4.490329 -10.581413
v 10.340277 4.490329 -10.778572
v 10.067003 4.564497 -10.679993
v 10.183386 4.564497 -10.966099
v 9.801371 4.676130 -10.679993
v 9.934309 4.676130 -10.970901
v 9.663523 4.821570 -10.679993
v 9.821081 4.821570 -11.036282
v 9.581327 4.990963 -10.679993
v 9.662813 5.020528 -11.111950
v 9.521563 5.189692 -10.679993
v 9.630781 5.252760 -11.124065
v 10.890875 5.521899 -11.171997
v 10.759203 5.338688 -11.331886
v 10.446657 5.247604 -11.550320
v 10.438200 5.072903 -11.584438
v 10.040792 4.990963 -11.463257
v 10.438200 4.926447 -11.392563
v 10.108252 4.821570 -11.297081
v 10.438200 4.676130 -11.261806
v 10.233446 4.676130 -11.183857
v 10.438200 4.564497 -11.091400
v 10.183386 4.564497 -10.966099
v 10.340277 4.490329 -10.778572
v 10.923719 5.411587 -10.205925
v 10.759203 5.338689 -10.028103
v 10.849600 5.271430 -9.955688
v 10.438200 5.072903 -9.775551
v 10.835577 5.095839 -9.938568
v 10.438200 4.926447 -9.967422
v 10.768122 4.821570 -10.062901
v 10.438200 4.676130 -10.098179
v 10.642923 4.676130 -10.176136
v 10.438200 4.564497 -10.268589
v 10.692987 4.564497 -10.393890
v 10.536093 4.490329 -10.581615
v 10.340277 4.490329 -10.778572
v 10.340277 4.490329 -10.581413
v 10.067003 4.564497 -10.679993
v 10.183386 4.564497 -10.393890
v 9.801371 4.676130 -10.679993
v 9.934317 4.676130 -10.389088
v 9.663523 4.821570 -10.679993
v 9.821081 4.821570 -10.323704
v 9.581327 4.990963 -10.679993
v 9.662813 5.020528 -10.248039
v 9.521563 5.189692 -10.679993
v 9.630480 5.252760 -10.196678
v 10.340277 4.490329 5.634956
v 10.067003 4.564497 5.536385
v 10.183386 4.564497 5.822479
v 9.801371 4.676130 5.536385
v 9.934309 4.676130 5.827293
v 9.663523 4.821570 5.536385
v 9.821081 4.821570 5.892670
v 9.581327 4.990963 5.536385
v 9.662813 5.020528 5.968330
v 9.521563 5.189692 5.536385
v 9.630781 5.252760 5.980453
v 10.183386 4.564497 5.822479
v 10.438200 4.564497 5.947784
v 10.233446 4.676130 6.040245
v 10.438200 4.676130 6.118195
v 10.108252 4.821570 6.153473
v 10.438200 4.926448 6.248955
v 10.040792 4.990963 6.319649
v 10.438200 5.072904 6.440826
v 10.446657 5.247605 6.406715
v 10.759203 5.338689 6.188271
v 10.890875 5.521899 6.028381
v 10.340281 4.490329 5.437798
v 10.067003 4.564497 5.536385
v 10.183386 4.564497 5.250275
v 9.801371 4.676130 5.536385
v 9.934309 4.676130 5.245483
v 9.663523 4.821570 5.536385
v 9.821081 4.821570 5.180092
v 9.581327 4.990963 5.536385
v 9.662813 5.020528 5.104424
v 9.521563 5.189692 5.536385
v 9.630480 5.252760 5.053070
v 10.183386 4.564497 -10.966099
v 10.438200 4.564497 -11.091400
v 10.233446 4.676130 -11.183857
v 10.438200 4.676130 -11.261806
v 10.108252 4.821570 -11.297092
v 10.438200 4.926447 -11.392563
v 10.040792 4.990963 -11.463257
v 10.438200 5.072903 -11.584438
v 10.446657 5.247604 -11.550320
v 10.759203 5.338689 -11.331886
v 10.890875 5.521899 -11.171997
v 10.340277 4.490329 -10.581413
v 10.067003 4.564497 -10.679993
v 10.183386 4.564497 -10.393890
v 9.801371 4.676130 -10.679993
v 9.934309 4.676130 -10.389088
v 9.663523 4.821570 -10.679993
v 9.821081 4.821570 -10.323704
v 9.581327 4.990963 -10.679993
v 9.662813 5.020528 -10.248039
v 9.521563 5.189692 -10.679993
v 9.630480 5.252760 -10.196678
v 10.340277 4.490329 -10.778572
v 10.067003 4.564497 -10.679993
v 10.183386 4.564497 -10.966099
v 9.801371 4.676130 -10.679993
v 9.934309 4.676130 -10.970901
v 9.663523 4.821570 -10.679993
v 9.821081 4.821570 -11.036282
v 9.581327 4.990963 -10.679993
v 9.662813 5.020528 -11.111950
v 9.521563 5.189692 -10.679993
v 9.630781 5.252760 -11.124065
v 10.536093 4.490329 5.634758
v 10.692987 4.564497 5.822479
v 10.809370 4.564497 5.536385
v 10.942057 4.676130 5.827293
v 11.020014 4.676130 5.536385
v 11.133245 4.821570 5.892670
v 11.255217 4.809353 5.536385
v 11.348204 4.947300 5.504608
v 11.065859 5.275443 -10.075699
v 11.381376 5.300589 -10.423859
v 11.061361 5.392588 -10.216518
v 11.109217 5.652963 -10.469910
v 11.027861 5.533101 -9.997215
v 11.053717 5.650601 -10.081142
v 10.987780 5.587811 -9.786350
v 10.986586 5.695609 -9.954239
v 10.536093 4.490329 -10.778366
v 10.692987 4.564497 -10.966099
v 10.809370 4.564497 -10.679993
v 10.942057 4.676130 -10.970901
v 11.020014 4.676130 -10.679993
v 11.133245 4.821570 -11.036282
v 11.255217 4.809353 -10.679993
v 11.348204 4.947299 -10.648220
v 11.356230 5.700410 5.282196
v 11.291685 5.688015 5.293732
v 11.230753 5.678744 4.900917
v 11.053717 5.650600 4.937531
v 11.210306 5.735741 4.757973
v 10.986586 5.695609 4.810623
v 10.987780 5.587811 4.642738
v 11.133245 4.821570 5.180092
v 11.278505 4.947300 5.243523
v 11.206877 4.947300 5.087837
v 11.364260 5.126116 5.235748
v 11.203016 5.129138 5.036026
v 11.381376 5.300588 5.280243
v 11.065859 5.275443 4.932091
v 10.536093 4.490329 5.634758
v 10.482904 4.202268 5.581108
v 10.393473 4.202268 5.581108
v 10.543432 4.057665 5.641617
v 10.332941 4.057665 5.641617
v 10.399717 3.909507 6.157898
v 10.285391 3.909507 5.689186
v 10.536093 4.490329 5.438004
v 10.482904 4.202268 5.491653
v 10.482904 4.202268 5.581108
v 10.543432 4.057665 5.431145
v 10.543432 4.057665 5.641617
v 11.059687 3.909507 5.574860
v 10.590975 3.909507 5.689186
v 10.340277 4.490329 5.437798
v 10.393473 4.202268 5.491653
v 10.482904 4.202268 5.491653
v 10.332941 4.057665 5.431145
v 10.543432 4.057665 5.431145
v 10.476652 3.909507 4.914864
v 10.590975 3.909507 5.383575
v 10.340277 4.490329 5.634956
v 10.393473 4.202268 5.581108
v 10.393473 4.202268 5.491653
v 10.332941 4.057665 5.641617
v 10.332941 4.057665 5.431145
v 9.816690 3.909507 5.497902
v 10.285391 3.909507 5.383575
v 10.333269 3.909507 6.277145
v 10.438200 3.909507 6.078033
v 10.438200 4.038285 6.301048
v 10.543097 3.909507 6.277145
v 10.438200 3.921775 6.448982
v 10.438200 3.813292 6.384453
v 10.333269 3.909507 6.277145
v 11.178961 3.909507 5.641304
v 10.979853 3.909507 5.536385
v 11.202868 4.038285 5.536385
v 11.178961 3.909507 5.431480
v 11.350771 3.921775 5.536385
v 11.286276 3.813292 5.536385
v 11.178961 3.909507 5.641304
v 10.543097 3.909507 4.795616
v 10.438200 3.909507 4.994728
v 10.438200 4.038285 4.771713
v 10.333269 3.909507 4.795616
v 10.438200 3.921775 4.623779
v 10.438200 3.813292 4.688301
v 10.543097 3.909507 4.795616
v 9.697409 3.909507 5.431450
v 9.896517 3.909507 5.536385
v 9.673506 4.038285 5.536385
v 9.697409 3.909507 5.641304
v 9.525602 3.921775 5.536385
v 9.590094 3.813292 5.536385
v 9.697409 3.909507 5.431450
v 10.692987 4.564497 5.822479
v 10.809374 4.564497 5.536385
v 10.942057 4.676130 5.827293
v 11.020014 4.676130 5.536385
v 11.133245 4.821570 5.892670
v 11.255213 4.809353 5.536385
v 11.348204 4.947300 5.504608
v 10.790876 5.562716 5.041817
v 10.890879 5.521871 5.044380
v 10.533754 5.594696 4.663811
v 10.526442 5.565561 4.619270
v 10.069490 5.796193 4.524086
v 9.997919 5.776103 4.470390
v 9.208357 6.439728 4.270065
v 11.065859 5.275442 4.932091
v 11.381376 5.300588 5.280243
v 11.203016 5.129138 5.036026
v 11.364260 5.126116 5.235748
v 11.206877 4.947300 5.087837
v 11.278505 4.947301 5.243523
v 11.133242 4.821571 5.180099
v 10.692987 4.564497 -10.966099
v 10.809370 4.564497 -10.679993
v 10.942057 4.676130 -10.970901
v 11.020014 4.676130 -10.679993
v 11.133245 4.821570 -11.036282
v 11.255217 4.809353 -10.679993
v 11.348204 4.947300 -10.648220
v 10.987780 5.587811 -9.786350
v 10.986586 5.695609 -9.954239
v 11.210306 5.735741 -9.901585
v 11.053717 5.650601 -10.081142
v 11.230753 5.678744 -10.044533
v 11.291685 5.688015 -10.437347
v 11.356230 5.700410 -10.425812
v 10.790876 5.562717 -10.185432
v 10.890875 5.521874 -10.188000
v 10.533754 5.594696 -9.807423
v 10.526438 5.565562 -9.762875
v 10.069490 5.796194 -9.667702
v 9.997919 5.776103 -9.614002
v 9.208357 6.439729 -9.413677
v 11.065859 5.275443 -10.075699
v 11.381376 5.300589 -10.423859
v 11.203016 5.129139 -10.179638
v 11.364260 5.126116 -10.379360
v 11.206877 4.947300 -10.231457
v 11.278505 4.947300 -10.387131
v 11.133245 4.821570 -10.323704
v 10.285391 3.909507 -10.832802
v 10.399717 3.909507 -11.301502
v 10.332941 4.057665 -10.785225
v 10.543432 4.057665 -10.785225
v 10.393473 4.202268 -10.724720
v 10.482904 4.202268 -10.724720
v 10.536093 4.490329 -10.778366
v 10.590975 3.909507 -10.832802
v 11.059687 3.909507 -10.718472
v 10.543432 4.057665 -10.785225
v 10.543432 4.057665 -10.574757
v 10.482904 4.202268 -10.724720
v 10.482904 4.202268 -10.635265
v 10.536093 4.490329 -10.581615
v 10.590975 3.909507 -10.527187
v 10.476652 3.909507 -10.058479
v 10.543432 4.057665 -10.574757
v 10.332941 4.057665 -10.574757
v 10.482904 4.202268 -10.635265
v 10.393473 4.202268 -10.635265
v 10.340277 4.490329 -10.581413
v 10.285391 3.909507 -10.527187
v 9.816690 3.909507 -10.641514
v 10.332941 4.057665 -10.574757
v 10.332941 4.057665 -10.785225
v 10.393473 4.202268 -10.635265
v 10.393473 4.202268 -10.724720
v 10.340277 4.490329 -10.778572
v 10.543097 3.909507 -11.420761
v 10.438200 3.909507 -11.221649
v 10.438200 4.038285 -11.444660
v 10.333269 3.909507 -11.420761
v 10.438200 3.921775 -11.592587
v 10.438200 3.813292 -11.528072
v 10.543097 3.909507 -11.420761
v 11.178961 3.909507 -10.575096
v 10.979853 3.909507 -10.679993
v 11.202868 4.038285 -10.679993
v 11.178961 3.909507 -10.784924
v 11.350771 3.921775 -10.679993
v 11.286276 3.813292 -10.679993
v 11.178961 3.909507 -10.575096
v 10.333269 3.909507 -9.939228
v 10.438200 3.909507 -10.138340
v 10.438200 4.038285 -9.915325
v 10.543097 3.909507 -9.939228
v 10.438200 3.921775 -9.767395
v 10.438200 3.813292 -9.831917
v 10.333269 3.909507 -9.939228
v 9.697409 3.909507 -10.784924
v 9.896517 3.909507 -10.679993
v 9.673506 4.038285 -10.679993
v 9.697409 3.909507 -10.575066
v 9.525602 3.921775 -10.679993
v 9.590094 3.813292 -10.679993
v 9.697409 3.909507 -10.784924
v 10.790876 5.562691 -11.174557
v 10.890875 5.521899 -11.171997
v 10.533754 5.594696 -11.552559
v 10.526438 5.565562 -11.597107
v 10.069490 5.796194 -11.692284
v 9.997919 5.776103 -11.745979
v 9.208357 6.439729 -11.946312
v 11.133242 4.821571 -10.323704
v 11.278505 4.947301 -10.387131
v 11.206877 4.947301 -10.231457
v 11.364260 5.126116 -10.379360
v 11.203016 5.129139 -10.179638
v 11.381376 5.300589 -10.423859
v 11.065859 5.275443 -10.075699
v 9.208357 6.439729 -9.413677
v 9.997919 5.776102 -9.614002
v 10.069490 5.796194 -9.667702
v 10.526438 5.565562 -9.762875
v 10.533754 5.594696 -9.807423
v 10.890875 5.521875 -10.188000
v 10.790876 5.562717 -10.185432
v 10.692987 4.564497 5.822479
v 10.642923 4.676130 6.040245
v 10.942057 4.676130 5.827293
v 10.768122 4.821570 6.153473
v 11.133245 4.821570 5.892670
v 11.206877 4.947300 5.984917
v 11.396311 5.447375 4.997467
v 11.356230 5.700410 5.282196
v 11.281248 5.571226 4.823830
v 11.230753 5.678744 4.900917
v 11.192453 5.627360 4.597702
v 11.210306 5.735741 4.757973
v 10.942057 4.676130 5.245483
v 11.133245 4.821570 5.180092
v 10.768122 4.821570 4.919289
v 11.206877 4.947300 5.087837
v 10.835577 5.095839 4.794952
v 10.849600 5.271430 4.812073
v 11.206877 4.947300 5.087837
v 11.203016 5.129138 5.036026
v 10.849600 5.271430 4.812073
v 11.065859 5.275443 4.932091
v 10.923719 5.411585 5.062317
v 11.061361 5.392588 5.072899
v 9.479830 5.919739 4.866859
v 9.390196 5.604753 4.688103
v 10.004393 5.599470 4.621857
v 9.955191 5.422559 4.463997
v 10.491106 5.459440 4.627846
v 10.474951 5.360431 4.544868
v 10.890875 5.521874 5.044380
v 10.533754 5.594696 4.663811
v 10.526438 5.565562 4.619270
v 10.069490 5.796193 4.524086
v 9.997919 5.776103 4.470390
v 9.208357 6.439728 4.270065
v 10.942057 4.676130 5.827293
v 11.133245 4.821570 5.892670
v 10.768122 4.821570 6.153473
v 11.206877 4.947300 5.984917
v 10.835577 5.095840 6.265915
v 10.915693 5.323398 6.168434
v 9.479830 5.919739 6.205902
v 9.390196 5.604754 6.384659
v 10.004393 5.599471 6.450905
v 9.955191 5.422560 6.608772
v 10.491106 5.459441 6.444916
v 10.474951 5.360431 6.527901
v 10.890875 5.521899 6.028381
v 10.533754 5.594696 6.408951
v 10.526438 5.565562 6.453499
v 10.069490 5.796194 6.548676
v 9.997919 5.776103 6.602371
v 9.208357 6.439727 6.802696
v 10.692987 4.564497 5.250275
v 10.642923 4.676130 5.032524
v 10.942057 4.676130 5.245483
v 10.768122 4.821570 4.919289
v 11.133242 4.821571 5.180099
v 11.206877 4.947300 5.087837
v 10.768122 4.821570 4.919289
v 10.835581 5.095839 4.794952
v 11.206877 4.947300 5.087837
v 10.849600 5.271429 4.812073
v 11.203016 5.129138 5.036026
v 11.065859 5.275442 4.932091
v 10.942057 4.676130 -10.970901
v 11.133245 4.821570 -11.036282
v 10.768122 4.821570 -11.297092
v 11.206877 4.947300 -11.128529
v 10.835577 5.095839 -11.409531
v 10.915693 5.323398 -11.312050
v 9.479830 5.919739 -11.349514
v 9.390196 5.604753 -11.528275
v 10.004393 5.599470 -11.594524
v 9.955191 5.422559 -11.752380
v 10.491106 5.459440 -11.588528
v 10.474951 5.360431 -11.671509
v 10.890875 5.521899 -11.171997
v 10.533754 5.594696 -11.552559
v 10.526438 5.565562 -11.597107
v 10.069490 5.796194 -11.692284
v 9.997919 5.776103 -11.745979
v 9.208357 6.439729 -11.946312
v 11.396311 5.447375 -10.141083
v 11.061361 5.392588 -10.216518
v 11.281248 5.571226 -9.967449
v 11.027861 5.533101 -9.997215
v 11.192453 5.627360 -9.741310
v 10.987780 5.587811 -9.786350
v 10.692987 4.564497 -10.393890
v 10.642923 4.676130 -10.176136
v 10.942057 4.676130 -10.389088
v 10.768122 4.821570 -10.062901
v 11.133245 4.821570 -10.323704
v 11.206877 4.947300 -10.231457
v 10.768122 4.821570 -10.062901
v 10.835577 5.095839 -9.938568
v 11.206877 4.947300 -10.231457
v 10.849600 5.271430 -9.955688
v 11.203016 5.129139 -10.179638
v 11.065859 5.275443 -10.075699
v 10.692987 4.564497 -10.966099
v 10.642923 4.676130 -11.183857
v 10.942057 4.676130 -10.970901
v 10.768122 4.821570 -11.297092
v 11.133245 4.821570 -11.036282
v 11.206877 4.947299 -11.128529
v 10.942057 4.676130 -10.389088
v 11.133242 4.821571 -10.323704
v 10.768122 4.821570 -10.062901
v 11.206877 4.947301 -10.231457
v 10.835577 5.095839 -9.938568
v 10.849600 5.271430 -9.955688
v 9.479830 5.919739 -10.010479
v 9.390196 5.604753 -9.831711
v 10.004393 5.599470 -9.765472
v 9.955191 5.422559 -9.607605
v 10.491106 5.459440 -9.771461
v 10.474951 5.360432 -9.688480
v 10.915693 5.323398 6.168434
v 11.203016 5.129138 6.036736
v 11.206877 4.947300 5.984917
v 11.427046 5.140746 5.499702
v 11.348204 4.947300 5.504608
v 9.630781 5.252760 5.980453
v 9.390196 5.604754 6.384659
v 9.955191 5.422559 6.608772
v 10.004393 5.599471 6.450905
v 10.491106 5.459441 6.444916
v 11.423079 5.349179 5.373741
v 11.142385 5.297464 6.059113
v 11.359533 5.571251 5.399582
v 11.079901 5.500360 5.880478
v 11.162912 5.541457 5.442352
v 11.061361 5.392588 5.072899
v 11.281248 5.571226 4.823830
v 11.027861 5.533100 4.853600
v 11.192453 5.627360 4.597702
v 10.987780 5.587811 4.642738
v 11.109217 5.652963 5.326302
v 11.027861 5.533100 4.853600
v 11.053717 5.650600 4.937531
v 10.987780 5.587811 4.642738
v 10.986586 5.695609 4.810623
v 11.053717 5.650600 4.937531
v 11.291685 5.688015 5.293732
v 11.186430 5.667796 5.312508
v 11.359533 5.571251 5.399582
v 11.162912 5.541457 5.442352
v 11.061361 5.392588 5.072899
v 11.065859 5.275443 4.932091
v 11.045462 5.341712 4.665031
v 11.084932 5.222814 4.768433
v 11.214575 5.375671 4.627975
v 9.997919 5.776103 6.602371
v 10.069490 5.796194 6.548676
v 10.526438 5.565562 6.453499
v 10.533754 5.594696 6.408951
v 10.890875 5.521899 6.028381
v 10.942057 4.676130 5.245483
v 10.692987 4.564497 5.250275
v 10.809370 4.564497 5.536385
v 10.536093 4.490329 5.438004
v 10.536093 4.490329 5.634758
v 11.364260 5.126116 5.235748
v 11.423079 5.349179 5.373741
v 11.381376 5.300588 5.280243
v 11.375917 5.336123 4.874916
v 11.065859 5.275443 4.932091
v 11.186430 5.667796 5.312508
v 11.162912 5.541457 5.442352
v 11.135122 5.738891 5.715683
v 11.109217 5.652963 5.326302
v 11.186430 5.667796 5.312508
v 11.133245 4.821570 5.892670
v 11.348204 4.947300 5.504608
v 11.206877 4.947300 5.984917
v 11.427046 5.140747 5.499702
v 11.203016 5.129138 6.036736
v 9.630480 5.252760 5.053070
v 9.390196 5.604753 4.688103
v 9.955191 5.422559 4.463997
v 10.004393 5.599470 4.621857
v 10.491106 5.459440 4.627846
v 10.692987 4.564497 -10.966099
v 10.536093 4.490329 -10.778366
v 10.809370 4.564497 -10.679993
v 10.536093 4.490329 -10.581615
v 10.692987 4.564497 -10.393890
v 11.192453 5.627360 -9.741310
v 11.230753 5.678744 -10.044533
v 11.281248 5.571226 -9.967449
v 11.356230 5.700410 -10.425812
v 11.396311 5.447375 -10.141083
v 11.133245 4.821570 -11.036282
v 11.348204 4.947300 -10.648220
v 11.206877 4.947300 -11.128529
v 11.427046 5.140747 -10.643314
v 11.203016 5.129139 -11.180347
v 11.162912 5.541457 -10.585968
v 11.079901 5.500360 -11.024090
v 11.359533 5.571251 -10.543190
v 11.142385 5.297464 -11.202724
v 11.423079 5.349179 -10.517353
v 11.214575 5.375671 -9.771591
v 11.084932 5.222814 -9.912052
v 11.045462 5.341712 -9.808647
v 11.065859 5.275443 -10.075699
v 11.061361 5.392588 -10.216518
v 9.630480 5.252760 -10.196678
v 9.390196 5.604753 -9.831711
v 9.955191 5.422559 -9.607605
v 10.004393 5.599470 -9.765472
v 10.491106 5.459440 -9.771461
v 11.162912 5.541457 -10.585968
v 11.359533 5.571251 -10.543190
v 11.186430 5.667796 -10.456116
v 11.291685 5.688015 -10.437347
v 11.053717 5.650601 -10.081142
v 11.162912 5.541457 -10.585968
v 11.186430 5.667796 -10.456116
v 11.135122 5.738891 -10.859295
v 11.109217 5.652963 -10.469910
v 11.162912 5.541457 -10.585968
v 10.915693 5.323398 -11.312050
v 11.203016 5.129139 -11.180347
v 11.206877 4.947299 -11.128529
v 11.427046 5.140747 -10.643314
v 11.348204 4.947299 -10.648220
v 9.630781 5.252760 -11.124065
v 9.390196 5.604753 -11.528275
v 9.955191 5.422559 -11.752380
v 10.004393 5.599470 -11.594524
v 10.491106 5.459440 -11.588528
v 11.206877 4.947301 -10.231457
v 11.203016 5.129139 -10.179638
v 10.849600 5.271430 -9.955688
v 11.065859 5.275443 -10.075699
v 10.923719 5.411587 -10.205925
v 9.821081 4.821570 5.892670
v 9.662813 5.020528 5.968330
v 9.479471 5.047097 5.999550
v 9.630781 5.252760 5.980453
v 10.768122 4.821570 6.153473
v 10.835577 5.095840 6.265915
v 11.206877 4.947300 5.984917
v 10.915693 5.323398 6.168434
v 11.396311 5.447375 4.997467
v 11.061361 5.392588 5.072899
v 11.214575 5.375671 4.627975
v 11.045462 5.341712 4.665031
v 10.692987 4.564497 5.250275
v 10.942057 4.676130 5.245483
v 10.642923 4.676130 5.032524
v 10.768122 4.821570 4.919289
v 9.821081 4.821570 5.180092
v 9.479471 5.047097 5.073212
v 9.662813 5.020528 5.104424
v 9.630480 5.252760 5.053070
v 10.890875 5.521874 5.044380
v 10.923719 5.411585 5.062317
v 10.790876 5.562716 5.041817
v 10.890879 5.521871 5.044380
v 10.399717 3.909507 6.157898
v 10.543432 4.057665 5.641617
v 10.476652 3.909507 6.157898
v 10.590975 3.909507 5.689186
v 11.059687 3.909507 5.574860
v 10.543432 4.057665 5.431145
v 11.059687 3.909507 5.497925
v 10.590975 3.909507 5.383575
v 10.476652 3.909507 4.914864
v 10.332941 4.057665 5.431145
v 10.399717 3.909507 4.914864
v 10.285391 3.909507 5.383575
v 9.816690 3.909507 5.497902
v 10.332941 4.057665 5.641617
v 9.816690 3.909507 5.574860
v 10.285391 3.909507 5.689186
v 10.692987 4.564497 5.822479
v 10.536093 4.490329 5.634758
v 10.809374 4.564497 5.536385
v 10.536093 4.490329 5.438004
v 10.692987 4.564497 5.822479
v 10.942057 4.676130 5.827293
v 10.642923 4.676130 6.040245
v 10.768122 4.821570 6.153473
v 9.821081 4.821570 5.892670
v 9.479471 5.047097 5.999550
v 9.662813 5.020528 5.968330
v 9.630781 5.252760 5.980453
v 11.079901 5.500360 5.880478
v 11.142385 5.297464 6.059113
v 11.359533 5.571251 5.399582
v 11.423079 5.349179 5.373741
v 10.183386 4.564497 5.822479
v 10.340277 4.490329 5.634956
v 10.438200 4.564497 5.947784
v 10.536093 4.490329 5.634758
v 9.821081 4.821570 5.180092
v 9.662813 5.020528 5.104424
v 9.479471 5.047097 5.073212
v 9.630480 5.252760 5.053070
v 10.692987 4.564497 -10.966099
v 10.942057 4.676130 -10.970901
v 10.642923 4.676130 -11.183857
v 10.768122 4.821570 -11.297092
v 9.821081 4.821570 -11.036282
v 9.479471 5.047097 -11.143162
v 9.662813 5.020528 -11.111950
v 9.630781 5.252760 -11.124065
v 10.183386 4.564497 -10.966099
v 10.340277 4.490329 -10.778572
v 10.438200 4.564497 -11.091400
v 10.536093 4.490329 -10.778366
v 11.375917 5.336123 -10.018528
v 11.423079 5.349179 -10.517353
v 11.381376 5.300589 -10.423859
v 11.364260 5.126116 -10.379360
v 11.396311 5.447375 -10.141083
v 11.214575 5.375671 -9.771591
v 11.061361 5.392588 -10.216518
v 11.045462 5.341712 -9.808647
v 9.821081 4.821570 -10.323704
v 9.662813 5.020528 -10.248039
v 9.479471 5.047097 -10.216820
v 9.630480 5.252760 -10.196678
v 10.849600 5.271430 -9.955688
v 10.923719 5.411587 -10.205925
v 11.065859 5.275443 -10.075699
v 11.061361 5.392588 -10.216518
v 10.399717 3.909507 -11.301502
v 10.476652 3.909507 -11.301502
v 10.543432 4.057665 -10.785225
v 10.590975 3.909507 -10.832802
v 11.059687 3.909507 -10.718472
v 11.059687 3.909507 -10.641541
v 10.543432 4.057665 -10.574757
v 10.590975 3.909507 -10.527187
v 10.476652 3.909507 -10.058479
v 10.399717 3.909507 -10.058479
v 10.332941 4.057665 -10.574757
v 10.285391 3.909507 -10.527187
v 9.816690 3.909507 -10.641514
v 9.816690 3.909507 -10.718472
v 10.332941 4.057665 -10.785225
v 10.285391 3.909507 -10.832802
v 9.821081 4.821570 -11.036282
v 9.662813 5.020528 -11.111950
v 9.479471 5.047097 -11.143162
v 9.630781 5.252760 -11.124065
v 10.768122 4.821570 -11.297092
v 10.835577 5.095839 -11.409531
v 11.206877 4.947299 -11.128529
v 10.915693 5.323398 -11.312050
v 11.079901 5.500360 -11.024090
v 11.359533 5.571251 -10.543190
v 11.142389 5.297465 -11.202724
v 11.423079 5.349179 -10.517353
v 10.692987 4.564497 -10.393890
v 10.942057 4.676130 -10.389088
v 10.642923 4.676130 -10.176136
v 10.768122 4.821570 -10.062901
v 9.821081 4.821570 -10.323704
v 9.479471 5.047096 -10.216820
v 9.662813 5.020528 -10.248039
v 9.630480 5.252760 -10.196678
v 11.348204 4.947300 5.504608
v 11.133245 4.821570 5.892670
v 11.206877 4.947300 5.984917
v 10.446657 5.247605 6.406715
v 10.040792 4.990963 6.319649
v 10.026796 5.172725 6.210754
v 11.210306 5.735741 4.757973
v 10.987780 5.587811 4.642738
v 11.192453 5.627360 4.597702
v 10.004393 5.599471 6.450905
v 9.390196 5.604754 6.384659
v 9.479830 5.919739 6.205902
v 10.491106 5.459441 6.444916
v 10.474951 5.360431 6.527901
v 9.955191 5.422559 6.608772
v 10.536093 4.490329 5.634758
v 10.340277 4.490329 5.634956
v 10.438200 4.564497 5.947784
v 11.381376 5.300588 5.280243
v 11.065859 5.275443 4.932091
v 11.061361 5.392588 5.072899
v 11.281248 5.571226 4.823830
v 11.061361 5.392588 5.072899
v 11.396311 5.447375 4.997467
v 11.109217 5.652963 5.326302
v 11.061361 5.392588 5.072899
v 11.027861 5.533100 4.853600
v 11.053717 5.650600 4.937531
v 11.186430 5.667796 5.312508
v 11.109217 5.652963 5.326302
v 9.208357 6.439727 6.802696
v 10.069490 5.796194 6.548676
v 9.997919 5.776103 6.602371
v 10.790876 5.562716 5.041817
v 10.533754 5.594696 4.663811
v 10.890875 5.521874 5.044380
v 10.040792 4.990963 4.753128
v 10.446657 5.247604 4.666054
v 10.026796 5.172725 4.862015
v 9.630480 5.252760 5.053070
v 9.955191 5.422559 4.463997
v 9.390196 5.604753 4.688103
v 10.438200 4.564497 5.124969
v 10.340277 4.490329 5.437798
v 10.536093 4.490329 5.438004
v 10.536093 4.490329 5.634758
v 10.393473 4.202268 5.581108
v 10.340277 4.490329 5.634956
v 10.536093 4.490329 5.438004
v 10.482904 4.202268 5.581108
v 10.536093 4.490329 5.634758
v 10.340277 4.490329 5.437798
v 10.482904 4.202268 5.491653
v 10.536093 4.490329 5.438004
v 10.340277 4.490329 5.634956
v 10.393473 4.202268 5.491653
v 10.340277 4.490329 5.437798
v 10.333269 3.909507 6.277145
v 10.438200 4.038285 6.301048
v 10.438200 3.921775 6.448982
v 11.178961 3.909507 5.641304
v 11.202868 4.038285 5.536385
v 11.350771 3.921775 5.536385
v 10.543097 3.909507 4.795616
v 10.438200 4.038285 4.771713
v 10.438200 3.921775 4.623779
v 9.697409 3.909507 5.431450
v 9.673506 4.038285 5.536385
v 9.525602 3.921775 5.536385
v 10.040792 4.990963 6.319649
v 10.446657 5.247605 6.406715
v 10.026796 5.172724 6.210754
v 10.915693 5.323398 6.168434
v 11.206877 4.947300 5.984917
v 11.203016 5.129138 6.036736
v 9.630781 5.252760 5.980453
v 9.955191 5.422560 6.608772
v 9.390196 5.604754 6.384659
v 10.446657 5.247603 4.666039
v 10.040792 4.990963 4.753128
v 10.026796 5.172725 4.862015
v 10.004393 5.599470 4.621857
v 9.390196 5.604753 4.688103
v 9.479830 5.919739 4.866859
v 10.491106 5.459440 4.627846
v 10.474955 5.360428 4.544861
v 9.955191 5.422559 4.463997
v 10.923719 5.411585 5.062317
v 11.065859 5.275442 4.932091
v 10.849600 5.271429 4.812073
v 10.340281 4.490329 5.437798
v 10.438200 4.564497 5.124969
v 10.536093 4.490329 5.438004
v 11.423079 5.349179 5.373741
v 11.364260 5.126116 5.235748
v 11.381376 5.300588 5.280243
v 10.040792 4.990963 -11.463257
v 10.446657 5.247604 -11.550320
v 10.026796 5.172725 -11.354362
v 10.915693 5.323398 -11.312050
v 11.206877 4.947300 -11.128529
v 11.203016 5.129139 -11.180347
v 9.630781 5.252760 -11.124065
v 9.955191 5.422559 -11.752380
v 9.390196 5.604753 -11.528275
v 10.987780 5.587811 -9.786350
v 11.210306 5.735741 -9.901585
v 11.192453 5.627360 -9.741310
v 11.186430 5.667796 -10.456116
v 11.053717 5.650601 -10.081142
v 11.109217 5.652963 -10.469910
v 11.192453 5.627360 -9.741310
v 11.210306 5.735741 -9.901585
v 11.230753 5.678744 -10.044533
v 10.446657 5.247604 -9.809662
v 10.040792 4.990963 -9.896736
v 10.026796 5.172725 -10.005623
v 10.004393 5.599470 -9.765472
v 9.390196 5.604753 -9.831711
v 9.479830 5.919739 -10.010479
v 10.491106 5.459440 -9.771461
v 10.474951 5.360431 -9.688480
v 9.955191 5.422559 -9.607605
v 10.340277 4.490329 -10.581413
v 10.438200 4.564497 -10.268589
v 10.536093 4.490329 -10.581615
v 10.790876 5.562717 -10.185432
v 10.923719 5.411587 -10.205925
v 10.890875 5.521874 -10.188000
v 10.393473 4.202268 -10.724720
v 10.536093 4.490329 -10.778366
v 10.340277 4.490329 -10.778572
v 10.482904 4.202268 -10.724720
v 10.536093 4.490329 -10.581615
v 10.536093 4.490329 -10.778366
v 10.482904 4.202268 -10.635265
v 10.340277 4.490329 -10.581413
v 10.536093 4.490329 -10.581615
v 10.393473 4.202268 -10.635265
v 10.340277 4.490329 -10.778572
v 10.340277 4.490329 -10.581413
v 10.438200 4.038285 -11.444660
v 10.438200 3.921775 -11.592587
v 10.543097 3.909507 -11.420761
v 11.202868 4.038285 -10.679993
v 11.350771 3.921775 -10.679993
v 11.178961 3.909507 -10.575096
v 10.438200 4.038285 -9.915325
v 10.438200 3.921775 -9.767395
v 10.333269 3.909507 -9.939228
v 9.673506 4.038285 -10.679993
v 9.525602 3.921775 -10.679993
v 9.697409 3.909507 -10.784924
v 11.348204 4.947299 -10.648220
v 11.133245 4.821570 -11.036282
v 11.206877 4.947299 -11.128529
v 10.446657 5.247604 -11.550320
v 10.040792 4.990963 -11.463257
v 10.026796 5.172725 -11.354362
v 10.004393 5.599470 -11.594524
v 9.390196 5.604753 -11.528275
v 9.479830 5.919739 -11.349514
v 10.491106 5.459440 -11.588528
v 10.474951 5.360431 -11.671509
v 9.955191 5.422559 -11.752380
v 10.536093 4.490329 -10.778366
v 10.340277 4.490329 -10.778572
v 10.438200 4.564497 -11.091400
v 10.536093 4.490329 -10.581615
v 10.536093 4.490329 -10.778366
v 10.809370 4.564497 -10.679993
v 10.040792 4.990963 -9.896736
v 10.446657 5.247605 -9.809662
v 10.026796 5.172725 -10.005623
v 9.630480 5.252760 -10.196678
v 9.955191 5.422559 -9.607605
v 9.390196 5.604753 -9.831711
v 10.438200 4.564497 -10.268589
v 10.340277 4.490329 -10.581413
v 10.536093 4.490329 -10.581615
v 11.364260 5.126116 -10.379360
v 11.423079 5.349179 -10.517353
v 11.381376 5.300589 -10.423859
v 10.923719 5.411587 -10.205925
v 10.790876 5.562717 -10.185432
v 10.890875 5.521875 -10.188000
vt 0.329041 -0.640259
vt 0.383850 -0.622681
vt 0.382812 -0.730774
vt 0.437866 -0.772217
vt 0.438843 -0.668457
vt 0.525574 -0.896484
vt 0.508545 -0.693481
vt 0.595581 -0.842468
vt 0.569885 -0.699158
vt 0.660400 -0.725891
vt 0.596619 -0.547668
vt 0.634827 -0.537842
vt 0.685242 -0.363892
vt 0.661926 -0.532227
vt 0.704285 -0.519897
vt 0.713928 -0.708618
vt 0.773560 -0.711487
vt 0.820312 -0.899170
vt 0.999939 -0.999939
vt 0.330017 -0.193420
vt 0.252991 -0.249756
vt 0.251282 -0.129211
vt 0.218994 -0.157837
vt 0.043030 -0.187744
vt 0.072083 -0.196350
vt 0.000000 -0.216797
vt 0.029053 -0.237244
vt 0.036987 -0.298340
vt 0.226135 -0.233215
vt 0.189880 -0.304260
vt 0.265808 -0.309204
vt 0.188477 -0.370117
vt 0.263550 -0.370117
vt 0.179321 -0.439941
vt 0.281799 -0.435791
vt 0.179321 -0.503601
vt 0.263000 -0.503601
vt 0.179321 -0.566711
vt 0.999939 -0.999939
vt 0.773560 -0.711487
vt 0.820312 -0.899170
vt 0.713928 -0.708618
vt 0.704285 -0.519897
vt 0.661926 -0.532227
vt 0.685242 -0.363892
vt 0.634827 -0.537842
vt 0.596619 -0.547668
vt 0.660400 -0.725891
vt 0.569885 -0.699158
vt 0.595581 -0.842590
vt 0.508545 -0.693481
vt 0.525574 -0.896484
vt 0.438843 -0.668457
vt 0.437866 -0.772217
vt 0.383850 -0.622681
vt 0.382812 -0.730774
vt 0.329041 -0.640259
vt 0.999939 -0.999939
vt 0.773560 -0.711487
vt 0.820312 -0.899170
vt 0.713928 -0.708618
vt 0.704285 -0.519897
vt 0.661926 -0.532227
vt 0.685242 -0.363892
vt 0.634827 -0.537842
vt 0.596619 -0.547668
vt 0.660400 -0.725891
vt 0.569885 -0.699158
vt 0.595581 -0.842468
vt 0.508545 -0.693481
vt 0.525574 -0.896484
vt 0.438843 -0.668457
vt 0.437866 -0.772217
vt 0.383850 -0.622681
vt 0.382812 -0.730774
vt 0.329041 -0.640259
vt 0.329041 -0.640259
vt 0.383850 -0.622681
vt 0.382812 -0.730774
vt 0.437866 -0.772217
vt 0.438843 -0.668457
vt 0.525574 -0.896484
vt 0.508545 -0.693481
vt 0.595581 -0.842590
vt 0.569885 -0.699158
vt 0.660400 -0.725891
vt 0.596619 -0.547668
vt 0.634827 -0.537842
vt 0.685242 -0.363892
vt 0.661926 -0.532227
vt 0.704285 -0.519897
vt 0.713928 -0.708618
vt 0.773560 -0.711487
vt 0.820312 -0.899170
vt 0.999939 -0.999939
vt 0.999939 -0.999939
vt 0.773560 -0.711487
vt 0.820312 -0.899170
vt 0.713928 -0.708618
vt 0.704285 -0.519897
vt 0.661926 -0.532227
vt 0.685242 -0.363892
vt 0.634827 -0.537842
vt 0.596619 -0.547668
vt 0.660400 -0.725891
vt 0.569885 -0.699158
vt 0.595581 -0.842468
vt 0.508545 -0.693481
vt 0.525574 -0.896484
vt 0.438843 -0.668457
vt 0.437866 -0.772217
vt 0.383850 -0.622681
vt 0.382812 -0.730774
vt 0.329041 -0.640259
vt 0.251282 -0.129211
vt 0.218994 -0.157837
vt 0.252991 -0.249756
vt 0.043030 -0.187744
vt 0.072083 -0.196350
vt 0.000000 -0.216797
vt 0.029053 -0.237244
vt 0.036987 -0.298340
vt 0.226135 -0.233215
vt 0.189880 -0.304260
vt 0.265808 -0.309204
vt 0.188477 -0.370117
vt 0.263550 -0.370117
vt 0.179321 -0.439941
vt 0.281799 -0.435791
vt 0.179321 -0.503601
vt 0.263000 -0.503601
vt 0.179321 -0.566711
vt 0.261597 -0.566711
vt 0.329041 -0.640259
vt 0.383850 -0.622681
vt 0.382812 -0.730774
vt 0.437866 -0.772217
vt 0.438843 -0.668457
vt 0.525574 -0.896484
vt 0.508545 -0.693481
vt 0.595581 -0.842590
vt 0.569885 -0.699158
vt 0.660400 -0.725891
vt 0.596619 -0.547668
vt 0.634827 -0.537842
vt 0.685242 -0.363892
vt 0.661926 -0.532227
vt 0.704285 -0.519897
vt 0.713928 -0.708618
vt 0.773560 -0.711487
vt 0.820312 -0.899170
vt 0.999939 -0.999939
vt 0.329041 -0.640259
vt 0.383850 -0.622681
vt 0.382812 -0.730774
vt 0.437866 -0.772217
vt 0.438843 -0.668457
vt 0.525574 -0.896484
vt 0.508545 -0.693481
vt 0.595581 -0.842468
vt 0.569885 -0.699158
vt 0.660400 -0.725891
vt 0.596619 -0.547668
vt 0.634827 -0.537842
vt 0.685242 -0.363892
vt 0.661926 -0.532227
vt 0.704285 -0.519897
vt 0.713928 -0.708618
vt 0.773560 -0.711487
vt 0.820312 -0.899170
vt 0.999939 -0.999939
vt 0.999939 -0.999939
vt 0.773560 -0.711487
vt 0.820312 -0.899170
vt 0.713928 -0.708618
vt 0.704285 -0.519897
vt 0.661926 -0.532227
vt 0.685242 -0.363892
vt 0.634827 -0.537842
vt 0.596619 -0.547668
vt 0.660400 -0.725891
vt 0.569885 -0.699158
vt 0.595581 -0.842590
vt 0.508545 -0.693481
vt 0.525574 -0.896484
vt 0.438843 -0.668457
vt 0.437866 -0.772217
vt 0.383850 -0.622681
vt 0.382812 -0.730774
vt 0.329041 -0.640259
vt 0.193665 -0.621582
vt 0.179321 -0.566711
vt 0.261597 -0.566711
vt 0.263000 -0.503601
vt 0.179321 -0.503601
vt 0.281799 -0.435791
vt 0.179321 -0.439941
vt 0.263550 -0.370117
vt 0.188477 -0.370117
vt 0.265808 -0.309204
vt 0.189880 -0.304260
vt 0.226135 -0.233215
vt 0.036987 -0.298340
vt 0.029053 -0.237244
vt 0.000000 -0.216797
vt 0.072083 -0.196350
vt 0.043030 -0.187744
vt 0.043030 -0.187744
vt 0.000000 -0.216797
vt 0.072083 -0.196350
vt 0.029053 -0.237244
vt 0.036987 -0.298340
vt 0.226135 -0.233215
vt 0.189880 -0.304260
vt 0.265808 -0.309204
vt 0.188477 -0.370117
vt 0.263550 -0.370117
vt 0.179321 -0.439941
vt 0.281799 -0.435791
vt 0.179321 -0.503601
vt 0.263000 -0.503601
vt 0.179321 -0.566711
vt 0.261597 -0.566711
vt 0.193665 -0.621582
vt 0.714111 -0.517334
vt 0.685242 -0.363892
vt 0.698730 -0.400146
vt 0.648132 -0.351685
vt 0.628418 -0.435059
vt 0.623840 -0.378479
vt 0.537598 -0.550171
vt 0.546692 -0.406677
vt 0.488098 -0.549744
vt 0.441101 -0.430054
vt 0.384521 -0.548706
vt 0.385254 -0.474792
vt 0.329895 -0.548218
vt 0.330933 -0.437561
vt 0.281738 -0.530273
vt 0.281738 -0.530273
vt 0.329895 -0.548218
vt 0.330933 -0.437561
vt 0.385254 -0.474792
vt 0.384521 -0.548706
vt 0.441101 -0.430054
vt 0.488098 -0.549744
vt 0.546692 -0.406677
vt 0.537598 -0.550171
vt 0.623840 -0.378479
vt 0.628418 -0.435059
vt 0.648132 -0.351685
vt 0.685242 -0.363892
vt 0.698730 -0.400146
vt 0.714111 -0.517334
vt 0.281738 -0.530273
vt 0.329895 -0.548218
vt 0.330933 -0.437561
vt 0.385254 -0.474792
vt 0.384521 -0.548706
vt 0.441101 -0.430054
vt 0.488098 -0.549744
vt 0.546692 -0.406677
vt 0.537598 -0.550171
vt 0.623840 -0.378479
vt 0.628418 -0.435059
vt 0.648132 -0.351685
vt 0.685242 -0.363892
vt 0.698730 -0.400146
vt 0.714111 -0.517334
vt 0.252991 -0.249756
vt 0.358582 -0.248047
vt 0.358643 -0.248108
vt 0.399475 -0.264160
vt 0.399231 -0.263855
vt 0.428833 -0.217773
vt 0.358582 -0.248047
vt 0.330200 -0.193420
vt 0.226135 -0.233215
vt 0.250854 -0.129150
vt 0.218689 -0.157532
vt 0.147095 -0.099976
vt 0.257019 -0.124512
vt 0.250854 -0.129150
vt 0.358643 -0.248108
vt 0.399475 -0.264160
vt 0.358582 -0.248047
vt 0.399231 -0.263855
vt 0.428833 -0.217773
vt 0.358582 -0.248047
vt 0.330200 -0.193420
vt 0.226135 -0.233215
vt 0.250854 -0.129150
vt 0.218689 -0.157532
vt 0.147095 -0.099976
vt 0.257019 -0.124512
vt 0.250854 -0.129150
vt 0.648132 -0.351685
vt 0.628418 -0.435059
vt 0.685242 -0.363892
vt 0.596619 -0.547668
vt 0.537598 -0.550171
vt 0.508545 -0.693481
vt 0.488098 -0.549744
vt 0.438843 -0.668457
vt 0.384521 -0.548706
vt 0.383850 -0.622681
vt 0.329895 -0.548218
vt 0.329041 -0.640259
vt 0.281372 -0.565247
vt 0.685242 -0.363892
vt 0.628418 -0.435059
vt 0.648132 -0.351685
vt 0.606018 -0.402161
vt 0.537598 -0.550171
vt 0.546692 -0.406677
vt 0.488098 -0.549744
vt 0.441101 -0.430054
vt 0.384521 -0.548706
vt 0.385254 -0.474792
vt 0.329895 -0.548218
vt 0.330933 -0.437561
vt 0.281921 -0.512817
vt 0.685242 -0.363892
vt 0.628418 -0.435059
vt 0.648132 -0.351685
vt 0.606018 -0.402161
vt 0.537598 -0.550171
vt 0.546692 -0.406677
vt 0.488098 -0.549744
vt 0.441101 -0.430054
vt 0.384521 -0.548706
vt 0.385254 -0.474792
vt 0.329895 -0.548218
vt 0.330933 -0.437561
vt 0.281921 -0.512817
vt 0.685242 -0.363892
vt 0.628418 -0.435059
vt 0.648132 -0.351685
vt 0.623840 -0.378479
vt 0.537598 -0.550171
vt 0.546692 -0.406677
vt 0.488098 -0.549744
vt 0.441101 -0.430054
vt 0.384521 -0.548706
vt 0.385254 -0.474792
vt 0.329895 -0.548218
vt 0.330933 -0.437561
vt 0.281738 -0.530273
vt 0.648132 -0.351685
vt 0.628418 -0.435059
vt 0.685242 -0.363892
vt 0.596619 -0.547668
vt 0.537598 -0.550171
vt 0.508545 -0.693481
vt 0.488098 -0.549744
vt 0.438843 -0.668457
vt 0.384521 -0.548706
vt 0.383850 -0.622681
vt 0.329895 -0.548218
vt 0.329041 -0.640259
vt 0.281372 -0.565247
vt 0.685242 -0.363892
vt 0.596619 -0.547668
vt 0.628418 -0.435059
vt 0.537598 -0.550171
vt 0.508545 -0.693481
vt 0.488098 -0.549744
vt 0.438843 -0.668457
vt 0.384521 -0.548706
vt 0.383850 -0.622681
vt 0.329895 -0.548218
vt 0.329041 -0.640259
vt 0.281250 -0.582703
vt 0.648132 -0.351685
vt 0.606018 -0.402161
vt 0.628418 -0.435059
vt 0.537598 -0.550171
vt 0.546692 -0.406677
vt 0.488098 -0.549744
vt 0.441101 -0.430054
vt 0.384521 -0.548706
vt 0.385254 -0.474792
vt 0.329895 -0.548218
vt 0.330933 -0.437561
vt 0.281921 -0.512817
vt 0.154907 -0.919678
vt 0.140808 -0.891479
vt 0.112732 -0.919678
vt 0.059937 -0.891479
vt 0.140808 -0.849121
vt 0.058594 -0.849121
vt 0.140808 -0.793945
vt 0.040100 -0.793945
vt 0.140808 -0.729675
vt 0.018677 -0.718445
vt 0.140808 -0.654236
vt 0.004150 -0.630310
vt 0.685242 -0.363892
vt 0.596619 -0.547668
vt 0.628418 -0.435059
vt 0.537598 -0.550171
vt 0.508545 -0.693481
vt 0.488098 -0.549744
vt 0.438843 -0.668457
vt 0.384521 -0.548706
vt 0.383850 -0.622681
vt 0.329895 -0.548218
vt 0.329041 -0.640259
vt 0.281372 -0.565247
vt 0.112732 -0.919678
vt 0.140808 -0.891479
vt 0.154907 -0.919678
vt 0.221741 -0.891479
vt 0.140808 -0.849121
vt 0.223083 -0.849121
vt 0.140808 -0.793945
vt 0.241577 -0.793945
vt 0.140808 -0.729675
vt 0.263000 -0.718445
vt 0.140808 -0.654236
vt 0.266418 -0.630310
vt 0.685242 -0.363892
vt 0.596619 -0.547668
vt 0.628418 -0.435059
vt 0.537598 -0.550171
vt 0.508545 -0.693481
vt 0.488098 -0.549744
vt 0.438843 -0.668457
vt 0.384521 -0.548706
vt 0.383850 -0.622681
vt 0.329895 -0.548218
vt 0.329041 -0.640259
vt 0.281372 -0.565247
vt 0.112732 -0.919678
vt 0.140808 -0.891479
vt 0.154907 -0.919678
vt 0.221741 -0.891479
vt 0.140808 -0.849121
vt 0.223083 -0.849121
vt 0.140808 -0.793945
vt 0.241577 -0.793945
vt 0.140808 -0.729675
vt 0.263000 -0.718445
vt 0.140808 -0.654236
vt 0.266418 -0.630310
vt 0.685242 -0.363892
vt 0.596619 -0.547668
vt 0.628418 -0.435059
vt 0.537598 -0.550171
vt 0.508545 -0.693481
vt 0.488098 -0.549744
vt 0.438843 -0.668457
vt 0.384521 -0.548706
vt 0.383850 -0.622681
vt 0.329895 -0.548218
vt 0.329041 -0.640259
vt 0.281250 -0.582703
vt 0.648132 -0.351685
vt 0.606018 -0.402161
vt 0.628418 -0.435059
vt 0.537598 -0.550171
vt 0.546692 -0.406677
vt 0.488098 -0.549744
vt 0.441101 -0.430054
vt 0.384521 -0.548706
vt 0.385254 -0.474792
vt 0.329895 -0.548218
vt 0.330933 -0.437561
vt 0.281921 -0.512817
vt 0.154907 -0.919678
vt 0.140808 -0.891479
vt 0.112732 -0.919678
vt 0.059937 -0.891479
vt 0.140808 -0.849121
vt 0.058594 -0.849121
vt 0.140808 -0.793945
vt 0.040100 -0.793945
vt 0.140808 -0.729675
vt 0.018677 -0.718445
vt 0.140808 -0.654236
vt 0.004150 -0.630310
vt 0.154907 -0.919678
vt 0.221741 -0.891479
vt 0.140808 -0.891479
vt 0.140808 -0.849121
vt 0.223083 -0.849121
vt 0.140808 -0.793945
vt 0.241577 -0.793945
vt 0.140808 -0.729675
vt 0.263000 -0.718445
vt 0.140808 -0.654236
vt 0.266418 -0.630310
vt 0.329041 -0.640259
vt 0.383850 -0.622681
vt 0.329895 -0.548218
vt 0.384521 -0.548706
vt 0.438843 -0.668457
vt 0.488098 -0.549744
vt 0.508545 -0.693481
vt 0.537598 -0.550171
vt 0.596619 -0.547668
vt 0.628418 -0.435059
vt 0.685242 -0.363892
vt 0.112732 -0.919678
vt 0.059937 -0.891479
vt 0.140808 -0.891479
vt 0.140808 -0.849121
vt 0.058594 -0.849121
vt 0.140808 -0.793945
vt 0.040100 -0.793945
vt 0.140808 -0.729675
vt 0.018677 -0.718445
vt 0.140808 -0.654236
vt 0.004150 -0.630310
vt 0.329041 -0.640259
vt 0.383850 -0.622681
vt 0.329895 -0.548218
vt 0.384521 -0.548706
vt 0.438843 -0.668457
vt 0.488098 -0.549744
vt 0.508545 -0.693481
vt 0.537598 -0.550171
vt 0.596619 -0.547668
vt 0.628418 -0.435059
vt 0.685242 -0.363892
vt 0.112732 -0.919678
vt 0.059937 -0.891479
vt 0.140808 -0.891479
vt 0.140808 -0.849121
vt 0.058594 -0.849121
vt 0.140808 -0.793945
vt 0.040100 -0.793945
vt 0.140808 -0.729675
vt 0.018677 -0.718445
vt 0.140808 -0.654236
vt 0.004150 -0.630310
vt 0.154907 -0.919678
vt 0.221741 -0.891479
vt 0.140808 -0.891479
vt 0.140808 -0.849121
vt 0.223083 -0.849121
vt 0.140808 -0.793945
vt 0.241577 -0.793945
vt 0.140808 -0.729675
vt 0.263000 -0.718445
vt 0.140808 -0.654236
vt 0.266418 -0.630310
vt 0.150696 -0.621582
vt 0.179321 -0.566711
vt 0.097107 -0.566711
vt 0.095703 -0.503601
vt 0.179321 -0.503601
vt 0.076904 -0.435791
vt 0.179321 -0.439941
vt 0.188477 -0.370117
vt 0.358643 -0.248108
vt 0.330017 -0.193420
vt 0.252991 -0.249756
vt 0.251282 -0.129211
vt 0.372986 -0.168030
vt 0.350464 -0.123779
vt 0.448059 -0.138977
vt 0.401978 -0.103455
vt 0.150696 -0.621582
vt 0.179321 -0.566711
vt 0.097107 -0.566711
vt 0.095703 -0.503601
vt 0.179321 -0.503601
vt 0.076904 -0.435791
vt 0.179321 -0.439941
vt 0.188477 -0.370117
vt 0.251526 -0.100830
vt 0.350525 -0.092041
vt 0.258118 -0.080078
vt 0.350464 -0.028687
vt 0.401489 -0.092346
vt 0.402161 -0.028442
vt 0.444153 -0.028809
vt 0.281799 -0.435791
vt 0.308289 -0.370117
vt 0.263550 -0.370117
vt 0.265808 -0.309204
vt 0.323181 -0.308167
vt 0.252991 -0.249756
vt 0.358643 -0.248108
vt 0.914734 0.000000
vt 0.857239 -0.280762
vt 0.893066 -0.280762
vt 0.901978 -0.339417
vt 0.848267 -0.339417
vt 0.867554 -0.609741
vt 0.823486 -0.448669
vt 0.914734 0.000000
vt 0.857239 -0.280762
vt 0.893066 -0.280762
vt 0.901978 -0.339417
vt 0.848267 -0.339417
vt 0.867554 -0.609741
vt 0.823486 -0.448669
vt 0.914734 0.000000
vt 0.857239 -0.280762
vt 0.893066 -0.280762
vt 0.901978 -0.339417
vt 0.848267 -0.339417
vt 0.867554 -0.609741
vt 0.823486 -0.448669
vt 0.914734 0.000000
vt 0.857239 -0.280762
vt 0.893066 -0.280762
vt 0.901978 -0.339417
vt 0.848267 -0.339417
vt 0.867554 -0.609741
vt 0.823486 -0.448669
vt 0.895142 -0.663025
vt 0.885254 -0.626648
vt 0.957764 -0.663025
vt 0.895142 -0.663025
vt 0.837219 -0.659546
vt 0.857971 -0.690186
vt 0.895142 -0.663025
vt 0.895142 -0.663025
vt 0.885254 -0.626648
vt 0.957764 -0.663025
vt 0.895142 -0.663025
vt 0.837219 -0.659546
vt 0.857971 -0.690186
vt 0.895142 -0.663025
vt 0.895142 -0.663025
vt 0.885254 -0.626648
vt 0.957764 -0.663025
vt 0.895142 -0.663025
vt 0.837219 -0.659546
vt 0.857971 -0.690186
vt 0.895142 -0.663025
vt 0.895142 -0.663025
vt 0.885254 -0.626648
vt 0.957764 -0.663025
vt 0.895142 -0.663025
vt 0.837219 -0.659546
vt 0.857971 -0.690186
vt 0.895142 -0.663025
vt 0.097107 -0.566711
vt 0.095703 -0.503601
vt 0.179321 -0.566711
vt 0.179321 -0.503601
vt 0.076904 -0.435791
vt 0.179321 -0.439941
vt 0.188477 -0.370117
vt 0.698730 -0.400146
vt 0.714111 -0.517334
vt 0.685242 -0.363892
vt 0.704285 -0.519897
vt 0.780579 -0.685730
vt 0.773560 -0.711487
vt 0.999939 -0.999939
vt 0.358643 -0.248108
vt 0.323181 -0.308167
vt 0.252991 -0.249756
vt 0.265808 -0.309204
vt 0.308289 -0.370117
vt 0.263550 -0.370117
vt 0.281799 -0.435791
vt 0.097107 -0.566711
vt 0.095703 -0.503601
vt 0.179321 -0.566711
vt 0.179321 -0.503601
vt 0.076904 -0.435791
vt 0.179321 -0.439941
vt 0.188477 -0.370117
vt 0.444153 -0.028809
vt 0.401489 -0.092346
vt 0.402161 -0.028442
vt 0.350464 -0.028687
vt 0.350525 -0.092041
vt 0.258118 -0.080078
vt 0.251526 -0.100830
vt 0.698730 -0.400146
vt 0.714111 -0.517334
vt 0.685242 -0.363892
vt 0.704285 -0.519897
vt 0.780579 -0.685730
vt 0.773560 -0.711487
vt 0.999939 -0.999939
vt 0.358643 -0.248108
vt 0.323181 -0.308167
vt 0.252991 -0.249756
vt 0.265808 -0.309204
vt 0.308289 -0.370117
vt 0.263550 -0.370117
vt 0.281799 -0.435791
vt 0.823486 -0.448669
vt 0.848267 -0.339417
vt 0.867554 -0.609741
vt 0.901978 -0.339417
vt 0.857239 -0.280762
vt 0.893066 -0.280762
vt 0.914734 0.000000
vt 0.823486 -0.448669
vt 0.848267 -0.339417
vt 0.867554 -0.609741
vt 0.901978 -0.339417
vt 0.857239 -0.280762
vt 0.893066 -0.280762
vt 0.914734 0.000000
vt 0.823486 -0.448669
vt 0.848267 -0.339417
vt 0.867554 -0.609741
vt 0.901978 -0.339417
vt 0.857239 -0.280762
vt 0.893066 -0.280762
vt 0.914734 0.000000
vt 0.823486 -0.448669
vt 0.848267 -0.339417
vt 0.867554 -0.609741
vt 0.901978 -0.339417
vt 0.857239 -0.280762
vt 0.893066 -0.280762
vt 0.914734 0.000000
vt 0.895142 -0.663025
vt 0.885254 -0.626648
vt 0.957764 -0.663025
vt 0.895142 -0.663025
vt 0.837219 -0.659546
vt 0.857971 -0.690186
vt 0.895142 -0.663025
vt 0.895142 -0.663025
vt 0.885254 -0.626648
vt 0.957764 -0.663025
vt 0.895142 -0.663025
vt 0.837219 -0.659546
vt 0.857971 -0.690186
vt 0.895142 -0.663025
vt 0.895142 -0.663025
vt 0.885254 -0.626648
vt 0.957764 -0.663025
vt 0.895142 -0.663025
vt 0.837219 -0.659546
vt 0.857971 -0.690186
vt 0.895142 -0.663025
vt 0.895142 -0.663025
vt 0.885254 -0.626648
vt 0.957764 -0.663025
vt 0.895142 -0.663025
vt 0.837219 -0.659546
vt 0.857971 -0.690186
vt 0.895142 -0.663025
vt 0.698730 -0.400146
vt 0.714111 -0.517334
vt 0.685242 -0.363892
vt 0.704285 -0.519897
vt 0.780579 -0.685730
vt 0.773560 -0.711487
vt 0.999939 -0.999939
vt 0.281799 -0.435791
vt 0.308289 -0.370117
vt 0.263550 -0.370117
vt 0.265808 -0.309204
vt 0.323181 -0.308167
vt 0.252991 -0.249756
vt 0.358643 -0.248108
vt 0.999939 -0.999939
vt 0.780579 -0.685730
vt 0.773560 -0.711487
vt 0.704285 -0.519897
vt 0.714111 -0.517334
vt 0.685242 -0.363892
vt 0.698730 -0.400146
vt 0.330933 -0.437561
vt 0.386414 -0.348083
vt 0.385254 -0.474792
vt 0.441101 -0.430054
vt 0.442688 -0.265076
vt 0.498108 -0.238953
vt 0.330200 -0.193420
vt 0.372986 -0.167786
vt 0.250854 -0.129150
vt 0.350464 -0.124023
vt 0.447876 -0.138977
vt 0.402954 -0.103821
vt 0.386414 -0.348083
vt 0.441101 -0.430054
vt 0.442688 -0.265076
vt 0.498108 -0.238953
vt 0.546692 -0.406677
vt 0.606018 -0.402161
vt 0.498108 -0.238953
vt 0.606018 -0.402161
vt 0.559509 -0.240967
vt 0.608276 -0.306152
vt 0.648132 -0.351685
vt 0.647827 -0.310913
vt 0.820312 -0.899170
vt 0.713928 -0.708618
vt 0.720032 -0.930603
vt 0.660400 -0.725891
vt 0.661926 -0.532227
vt 0.634827 -0.537842
vt 0.685242 -0.363892
vt 0.704285 -0.519897
vt 0.714111 -0.517334
vt 0.780579 -0.685730
vt 0.773560 -0.711487
vt 0.999939 -0.999939
vt 0.386414 -0.348083
vt 0.441101 -0.430054
vt 0.442688 -0.265076
vt 0.498108 -0.238953
vt 0.546692 -0.406677
vt 0.623840 -0.378479
vt 0.820312 -0.899170
vt 0.713928 -0.708618
vt 0.720032 -0.930603
vt 0.660400 -0.725891
vt 0.661926 -0.532227
vt 0.634827 -0.537842
vt 0.685242 -0.363892
vt 0.704285 -0.519897
vt 0.714111 -0.517334
vt 0.780579 -0.685730
vt 0.773560 -0.711487
vt 0.999939 -0.999939
vt 0.330933 -0.437561
vt 0.386414 -0.348083
vt 0.385254 -0.474792
vt 0.441101 -0.430054
vt 0.442688 -0.265076
vt 0.498108 -0.238953
vt 0.441101 -0.430054
vt 0.498108 -0.238953
vt 0.546692 -0.406677
vt 0.606018 -0.402161
vt 0.559509 -0.240967
vt 0.608276 -0.306152
vt 0.386414 -0.348083
vt 0.441101 -0.430054
vt 0.442688 -0.265076
vt 0.498108 -0.238953
vt 0.546692 -0.406677
vt 0.623840 -0.378479
vt 0.820312 -0.899170
vt 0.713928 -0.708618
vt 0.720032 -0.930603
vt 0.660400 -0.725891
vt 0.661926 -0.532227
vt 0.634827 -0.537842
vt 0.685242 -0.363892
vt 0.704285 -0.519897
vt 0.714111 -0.517334
vt 0.780579 -0.685730
vt 0.773560 -0.711487
vt 0.999939 -0.999939
vt 0.481628 -0.034851
vt 0.484436 -0.036133
vt 0.484985 -0.033081
vt 0.485168 -0.034546
vt 0.483643 -0.033447
vt 0.482849 -0.035095
vt 0.330933 -0.437561
vt 0.386414 -0.348083
vt 0.385254 -0.474792
vt 0.441101 -0.430054
vt 0.442688 -0.265076
vt 0.498108 -0.238953
vt 0.441101 -0.430054
vt 0.498108 -0.238953
vt 0.546692 -0.406677
vt 0.606018 -0.402161
vt 0.559509 -0.240967
vt 0.608276 -0.306152
vt 0.330933 -0.437561
vt 0.386414 -0.348083
vt 0.385254 -0.474792
vt 0.441101 -0.430054
vt 0.442688 -0.265076
vt 0.498108 -0.238953
vt 0.386414 -0.348083
vt 0.441101 -0.430054
vt 0.442688 -0.265076
vt 0.498108 -0.238953
vt 0.546692 -0.406677
vt 0.606018 -0.402161
vt 0.820312 -0.899170
vt 0.713928 -0.708618
vt 0.720032 -0.930603
vt 0.660400 -0.725891
vt 0.661926 -0.532227
vt 0.634827 -0.537842
vt 0.000000 -0.216797
vt 0.050354 -0.370117
vt 0.036987 -0.298340
vt 0.189880 -0.304260
vt 0.188477 -0.370117
vt 0.595581 -0.842468
vt 0.660400 -0.725891
vt 0.720032 -0.930603
vt 0.713928 -0.708618
vt 0.661926 -0.532227
vt 0.226135 -0.233215
vt 0.218689 -0.157532
vt 0.029053 -0.237244
vt 0.072083 -0.196350
vt 0.218994 -0.157837
vt 0.484985 -0.033081
vt 0.485168 -0.034546
vt 0.484436 -0.036133
vt 0.483643 -0.033447
vt 0.482849 -0.035095
vt 0.251282 -0.129211
vt 0.350464 -0.123779
vt 0.372986 -0.168030
vt 0.448059 -0.138977
vt 0.401978 -0.103455
vt 0.350464 -0.028687
vt 0.257935 -0.035034
vt 0.258118 -0.080078
vt 0.216797 -0.091736
vt 0.216919 -0.026672
vt 0.330017 -0.193420
vt 0.429199 -0.217957
vt 0.358643 -0.248108
vt 0.399475 -0.264160
vt 0.428833 -0.217773
vt 0.773560 -0.711487
vt 0.704285 -0.519897
vt 0.780579 -0.685730
vt 0.714111 -0.517334
vt 0.685242 -0.363892
vt 0.263000 -0.503601
vt 0.179321 -0.566711
vt 0.261597 -0.566711
vt 0.193665 -0.621582
vt 0.150696 -0.621582
vt 0.265808 -0.309204
vt 0.252991 -0.249756
vt 0.226135 -0.233215
vt 0.358582 -0.248047
vt 0.358643 -0.248108
vt 0.256348 -0.124695
vt 0.147217 -0.099976
vt 0.218994 -0.157837
vt 0.251282 -0.129211
vt 0.256348 -0.124695
vt 0.076904 -0.435791
vt 0.050354 -0.370117
vt 0.188477 -0.370117
vt 0.189880 -0.304260
vt 0.036987 -0.298340
vt 0.595581 -0.842590
vt 0.660400 -0.725891
vt 0.720032 -0.930603
vt 0.713928 -0.708618
vt 0.661926 -0.532227
vt 0.097107 -0.566711
vt 0.179321 -0.566711
vt 0.150696 -0.621582
vt 0.193665 -0.621582
vt 0.261597 -0.566711
vt 0.447876 -0.138977
vt 0.372986 -0.167786
vt 0.350464 -0.124023
vt 0.250854 -0.129150
vt 0.330200 -0.193420
vt 0.076904 -0.435791
vt 0.050354 -0.370117
vt 0.188477 -0.370117
vt 0.189880 -0.304260
vt 0.036987 -0.298340
vt 0.218994 -0.157837
vt 0.218689 -0.157532
vt 0.072083 -0.196350
vt 0.029053 -0.237244
vt 0.226135 -0.233215
vt 0.428833 -0.217773
vt 0.429199 -0.217957
vt 0.399475 -0.264160
vt 0.358643 -0.248108
vt 0.330017 -0.193420
vt 0.595581 -0.842590
vt 0.660400 -0.725891
vt 0.720032 -0.930603
vt 0.713928 -0.708618
vt 0.661926 -0.532227
vt 0.216919 -0.026672
vt 0.257935 -0.035034
vt 0.216797 -0.091736
vt 0.258118 -0.080078
vt 0.350464 -0.028687
vt 0.218994 -0.157837
vt 0.147217 -0.099976
vt 0.256348 -0.124695
vt 0.251282 -0.129211
vt 0.218994 -0.157837
vt 0.000000 -0.216797
vt 0.050354 -0.370117
vt 0.036987 -0.298340
vt 0.189880 -0.304260
vt 0.188477 -0.370117
vt 0.595581 -0.842468
vt 0.660400 -0.725891
vt 0.720032 -0.930603
vt 0.713928 -0.708618
vt 0.661926 -0.532227
vt 0.498108 -0.238953
vt 0.606018 -0.402161
vt 0.559509 -0.240967
vt 0.608276 -0.306152
vt 0.648132 -0.351685
vt 0.437866 -0.772217
vt 0.525574 -0.896484
vt 0.517212 -0.830139
vt 0.595581 -0.842468
vt 0.441101 -0.430054
vt 0.498108 -0.238953
vt 0.546692 -0.406677
vt 0.623840 -0.378479
vt 0.477783 -0.120361
vt 0.697998 -0.101379
vt 0.477661 -0.016052
vt 0.697632 -0.034241
vt 0.330933 -0.437561
vt 0.385254 -0.474792
vt 0.386414 -0.348083
vt 0.441101 -0.430054
vt 0.437866 -0.772217
vt 0.517212 -0.830139
vt 0.525574 -0.896484
vt 0.595581 -0.842590
vt 0.320801 -0.174377
vt 0.321533 -0.160461
vt 0.315674 -0.211975
vt 0.320801 -0.174377
vt 0.867554 -0.609741
vt 0.882690 -0.609741
vt 0.901978 -0.339417
vt 0.926819 -0.448669
vt 0.867554 -0.609741
vt 0.882690 -0.609741
vt 0.901978 -0.339417
vt 0.926819 -0.448669
vt 0.867554 -0.609741
vt 0.882690 -0.609741
vt 0.901978 -0.339417
vt 0.926819 -0.448669
vt 0.867554 -0.609741
vt 0.882690 -0.609741
vt 0.901978 -0.339417
vt 0.926819 -0.448669
vt 0.097107 -0.566711
vt 0.179321 -0.566711
vt 0.150696 -0.621582
vt 0.193665 -0.621582
vt 0.330933 -0.437561
vt 0.385254 -0.474792
vt 0.386414 -0.348083
vt 0.441101 -0.430054
vt 0.437866 -0.772217
vt 0.517212 -0.830139
vt 0.525574 -0.896484
vt 0.595581 -0.842468
vt 0.072083 -0.196350
vt 0.218689 -0.157532
vt 0.029053 -0.237244
vt 0.226135 -0.233215
vt 0.329041 -0.640259
vt 0.329895 -0.548218
vt 0.281250 -0.582703
vt 0.281738 -0.530273
vt 0.437866 -0.772217
vt 0.525574 -0.896484
vt 0.517212 -0.830139
vt 0.595581 -0.842590
vt 0.330933 -0.437561
vt 0.385254 -0.474792
vt 0.386414 -0.348083
vt 0.441101 -0.430054
vt 0.437866 -0.772217
vt 0.517212 -0.830139
vt 0.525574 -0.896484
vt 0.595581 -0.842468
vt 0.329041 -0.640259
vt 0.329895 -0.548218
vt 0.281250 -0.582703
vt 0.281738 -0.530273
vt 0.358582 -0.248047
vt 0.252991 -0.249756
vt 0.226135 -0.233215
vt 0.265808 -0.309204
vt 0.477783 -0.120361
vt 0.477661 -0.016052
vt 0.697998 -0.101379
vt 0.697632 -0.034241
vt 0.437866 -0.772217
vt 0.525574 -0.896484
vt 0.517212 -0.830139
vt 0.595581 -0.842590
vt 0.606018 -0.402161
vt 0.608276 -0.306152
vt 0.648132 -0.351685
vt 0.647827 -0.310913
vt 0.867554 -0.609741
vt 0.901978 -0.339417
vt 0.882690 -0.609741
vt 0.926819 -0.448669
vt 0.867554 -0.609741
vt 0.901978 -0.339417
vt 0.882690 -0.609741
vt 0.926819 -0.448669
vt 0.867554 -0.609741
vt 0.901978 -0.339417
vt 0.882690 -0.609741
vt 0.926819 -0.448669
vt 0.867554 -0.609741
vt 0.901978 -0.339417
vt 0.882690 -0.609741
vt 0.926819 -0.448669
vt 0.437866 -0.772217
vt 0.525574 -0.896484
vt 0.517212 -0.830139
vt 0.595581 -0.842468
vt 0.441101 -0.430054
vt 0.498108 -0.238953
vt 0.546692 -0.406677
vt 0.623840 -0.378479
vt 0.072083 -0.196350
vt 0.029053 -0.237244
vt 0.218689 -0.157532
vt 0.226135 -0.233215
vt 0.330933 -0.437561
vt 0.385254 -0.474792
vt 0.386414 -0.348083
vt 0.441101 -0.430054
vt 0.437866 -0.772217
vt 0.517212 -0.830139
vt 0.525574 -0.896484
vt 0.595581 -0.842590
vt 0.188477 -0.370117
vt 0.050354 -0.370117
vt 0.076904 -0.435791
vt 0.596619 -0.547668
vt 0.569885 -0.699158
vt 0.508545 -0.693481
vt 0.401489 -0.092346
vt 0.443970 -0.092041
vt 0.444153 -0.028809
vt 0.713928 -0.708618
vt 0.820312 -0.899170
vt 0.720032 -0.930603
vt 0.661926 -0.532227
vt 0.660400 -0.725891
vt 0.634827 -0.537842
vt 0.281738 -0.530273
vt 0.329895 -0.548218
vt 0.281250 -0.582703
vt 0.252991 -0.249756
vt 0.330017 -0.193420
vt 0.358643 -0.248108
vt 0.484436 -0.036133
vt 0.481628 -0.034851
vt 0.484985 -0.033081
vt 0.251282 -0.129211
vt 0.372986 -0.168030
vt 0.330017 -0.193420
vt 0.350464 -0.028687
vt 0.249817 -0.018372
vt 0.257935 -0.035034
vt 0.999939 -0.999939
vt 0.773560 -0.711487
vt 0.780579 -0.685730
vt 0.698730 -0.400146
vt 0.685242 -0.363892
vt 0.714111 -0.517334
vt 0.508545 -0.693481
vt 0.569885 -0.699158
vt 0.596619 -0.547668
vt 0.595581 -0.842590
vt 0.720032 -0.930603
vt 0.660400 -0.725891
vt 0.329895 -0.548218
vt 0.281921 -0.512817
vt 0.281372 -0.565247
vt 0.914734 0.000000
vt 0.835510 0.000000
vt 0.857239 -0.280762
vt 0.914734 0.000000
vt 0.835510 0.000000
vt 0.857239 -0.280762
vt 0.914734 0.000000
vt 0.835510 0.000000
vt 0.857239 -0.280762
vt 0.914734 0.000000
vt 0.835510 0.000000
vt 0.857239 -0.280762
vt 0.895142 -0.663025
vt 0.837219 -0.659546
vt 0.885254 -0.626648
vt 0.895142 -0.663025
vt 0.837219 -0.659546
vt 0.885254 -0.626648
vt 0.895142 -0.663025
vt 0.837219 -0.659546
vt 0.885254 -0.626648
vt 0.895142 -0.663025
vt 0.837219 -0.659546
vt 0.885254 -0.626648
vt 0.508545 -0.693481
vt 0.569885 -0.699158
vt 0.596619 -0.547668
vt 0.000000 -0.216797
vt 0.036987 -0.298340
vt 0.050354 -0.370117
vt 0.595581 -0.842468
vt 0.720032 -0.930603
vt 0.660400 -0.725891
vt 0.596619 -0.547668
vt 0.569885 -0.699158
vt 0.508545 -0.693481
vt 0.713928 -0.708618
vt 0.820312 -0.899170
vt 0.720032 -0.930603
vt 0.661926 -0.532227
vt 0.660400 -0.725891
vt 0.634827 -0.537842
vt 0.648132 -0.351685
vt 0.606018 -0.402161
vt 0.608276 -0.306152
vt 0.281372 -0.565247
vt 0.281921 -0.512817
vt 0.329895 -0.548218
vt 0.226135 -0.233215
vt 0.252991 -0.249756
vt 0.265808 -0.309204
vt 0.508545 -0.693481
vt 0.569885 -0.699158
vt 0.596619 -0.547668
vt 0.000000 -0.216797
vt 0.036987 -0.298340
vt 0.050354 -0.370117
vt 0.595581 -0.842468
vt 0.720032 -0.930603
vt 0.660400 -0.725891
vt 0.444153 -0.028809
vt 0.443970 -0.092041
vt 0.401489 -0.092346
vt 0.257935 -0.035034
vt 0.249817 -0.018372
vt 0.350464 -0.028687
vt 0.447876 -0.138977
vt 0.350464 -0.124023
vt 0.402954 -0.103821
vt 0.596619 -0.547668
vt 0.569885 -0.699158
vt 0.508545 -0.693481
vt 0.713928 -0.708618
vt 0.820312 -0.899170
vt 0.720032 -0.930603
vt 0.661926 -0.532227
vt 0.660400 -0.725891
vt 0.634827 -0.537842
vt 0.281372 -0.565247
vt 0.281921 -0.512817
vt 0.329895 -0.548218
vt 0.321533 -0.160461
vt 0.320801 -0.174377
vt 0.315674 -0.211975
vt 0.857239 -0.280762
vt 0.835510 0.000000
vt 0.914734 0.000000
vt 0.857239 -0.280762
vt 0.835510 0.000000
vt 0.914734 0.000000
vt 0.857239 -0.280762
vt 0.835510 0.000000
vt 0.914734 0.000000
vt 0.857239 -0.280762
vt 0.835510 0.000000
vt 0.914734 0.000000
vt 0.885254 -0.626648
vt 0.895142 -0.663025
vt 0.837219 -0.659546
vt 0.885254 -0.626648
vt 0.895142 -0.663025
vt 0.837219 -0.659546
vt 0.885254 -0.626648
vt 0.895142 -0.663025
vt 0.837219 -0.659546
vt 0.885254 -0.626648
vt 0.895142 -0.663025
vt 0.837219 -0.659546
vt 0.188477 -0.370117
vt 0.050354 -0.370117
vt 0.076904 -0.435791
vt 0.596619 -0.547668
vt 0.569885 -0.699158
vt 0.508545 -0.693481
vt 0.713928 -0.708618
vt 0.820312 -0.899170
vt 0.720032 -0.930603
vt 0.661926 -0.532227
vt 0.660400 -0.725891
vt 0.634827 -0.537842
vt 0.281738 -0.530273
vt 0.329895 -0.548218
vt 0.281250 -0.582703
vt 0.193665 -0.621582
vt 0.179321 -0.566711
vt 0.150696 -0.621582
vt 0.508545 -0.693481
vt 0.569885 -0.699158
vt 0.596619 -0.547668
vt 0.595581 -0.842590
vt 0.720032 -0.930603
vt 0.660400 -0.725891
vt 0.329895 -0.548218
vt 0.281921 -0.512817
vt 0.281372 -0.565247
vt 0.265808 -0.309204
vt 0.252991 -0.249756
vt 0.226135 -0.233215
vt 0.315674 -0.211975
vt 0.320801 -0.174377
vt 0.321533 -0.160461
vn -0.3487 -0.7991 0.4898
vn -0.3244 -0.8308 0.4522
vn -0.4490 -0.6330 0.6307
vn -0.4003 -0.6164 0.6781
vn -0.4055 -0.7835 0.4708
vn -0.4458 -0.7290 0.5194
vn -0.3752 -0.8298 0.4132
vn -0.3965 -0.8075 0.4366
vn -0.7626 -0.6069 -0.2238
vn -0.3577 -0.7049 0.6125
vn 0.0993 -0.6678 0.7377
vn -0.3493 -0.9366 -0.0292
vn -0.7346 0.5534 0.3927
vn 0.0390 0.8041 0.5932
vn -0.4360 0.3958 0.8083
vn 0.3238 0.2684 0.9072
vn -0.7814 0.4145 0.4666
vn -0.3519 0.5126 0.7832
vn -0.4124 -0.8032 0.4300
vn -0.5764 -0.6423 0.5051
vn 0.7498 -0.4480 0.4870
vn 0.3006 -0.8604 0.4115
vn -0.0691 -0.7955 0.6020
vn -0.0277 -0.5212 0.8530
vn -0.0755 -0.8981 0.4332
vn 0.3115 -0.3893 0.8668
vn 0.5026 -0.8622 0.0639
vn 0.5471 -0.8305 0.1044
vn 0.6216 -0.3640 0.6936
vn -0.3559 0.3198 0.8781
vn 0.1618 0.9240 0.3464
vn 0.8310 0.4628 0.3086
vn 0.7457 -0.3169 0.5861
vn 0.8076 0.1099 0.5795
vn 0.7990 -0.5574 0.2255
vn -0.4423 -0.3845 0.8102
vn -0.0580 0.3653 0.9291
vn 0.1393 0.4462 0.8840
vn 0.1523 -0.9420 0.2992
vn 0.1807 -0.5171 0.8367
vn 0.0241 -0.6503 0.7593
vn -0.6026 -0.5321 0.5947
vn -0.5640 -0.3525 0.7467
vn -0.2877 -0.9204 0.2648
vn -0.5225 -0.7462 0.4125
vn -0.4789 -0.7581 0.4427
vn -0.5647 -0.5199 0.6409
vn -0.5738 0.0242 0.8186
vn -0.1828 -0.6682 0.7211
vn -0.4577 -0.7374 -0.4968
vn -0.8136 -0.3791 -0.4409
vn -0.6646 -0.6924 -0.2809
vn -0.9029 0.1376 -0.4073
vn 0.3870 -0.6521 0.6519
vn -0.7182 -0.5070 -0.4766
vn 0.8020 0.5051 0.3188
vn -0.8087 0.5723 -0.1360
vn -0.2500 0.9645 0.0844
vn -0.3012 0.8686 0.3934
vn -0.5876 0.6439 0.4899
vn 0.2495 0.7825 0.5705
vn 0.8879 0.4590 -0.0295
vn 0.2552 0.6744 0.6929
vn 0.7169 0.4443 0.5372
vn 0.0181 -0.4000 0.9163
vn 0.1388 -0.4113 0.9009
vn 0.6088 0.3181 0.7268
vn 0.6065 0.6101 0.5098
vn 0.9350 0.0890 0.3433
vn 0.8350 0.5402 0.1045
vn 0.8115 0.2044 0.5474
vn 0.9363 -0.1835 0.2995
vn 0.7072 0.5680 0.4209
vn 0.8688 0.0761 -0.4893
vn 0.9151 -0.3869 -0.1134
vn 0.9213 -0.0248 -0.3881
vn 0.9888 -0.0896 0.1192
vn 0.9014 -0.4265 -0.0746
vn 0.8740 -0.4181 -0.2477
vn 0.8646 -0.3618 -0.3487
vn 0.9033 -0.3864 -0.1864
vn 0.8141 -0.4418 -0.3770
vn 0.8203 -0.5612 -0.1100
vn 0.8008 -0.5769 -0.1609
vn 0.7759 -0.5806 -0.2467
vn 0.7212 -0.5823 -0.3752
vn 0.6346 -0.7338 -0.2424
vn 0.7170 -0.6107 -0.3361
vn 0.4834 -0.8535 -0.1948
vn 0.4525 -0.8648 -0.2179
vn 0.6198 -0.7475 -0.2390
vn 0.6326 -0.7625 -0.1358
vn 0.5529 -0.8116 -0.1885
vn 0.4465 -0.8910 -0.0830
vn 0.4646 -0.8767 -0.1245
vn 0.3962 -0.9031 -0.1658
vn -0.5225 -0.7462 -0.4125
vn -0.4323 -0.8756 -0.2156
vn -0.4789 -0.7581 -0.4427
vn -0.5640 -0.3525 -0.7467
vn -0.6891 -0.3313 -0.6445
vn -0.6304 -0.7134 -0.3060
vn 0.1958 -0.3747 -0.9062
vn 0.1522 -0.9420 -0.2992
vn -0.0152 -0.8255 -0.5642
vn -0.1035 0.5409 -0.8347
vn -0.0579 0.3653 -0.9291
vn -0.4423 -0.3845 -0.8103
vn 0.8075 0.1100 -0.5795
vn 0.7457 -0.3169 -0.5861
vn 0.7990 -0.5573 -0.2256
vn 0.8311 0.4627 -0.3085
vn 0.1618 0.9240 -0.3464
vn -0.3559 0.3198 -0.8781
vn 0.5470 -0.8306 -0.1045
vn 0.5026 -0.8622 -0.0640
vn 0.6216 -0.3640 -0.6936
vn 0.3115 -0.3893 -0.8668
vn -0.0755 -0.8981 -0.4333
vn -0.0195 -0.5284 -0.8487
vn 0.3005 -0.8605 -0.4114
vn 0.5053 -0.7158 -0.4820
vn -0.0744 -0.8015 -0.5933
vn -0.5249 -0.6753 -0.5181
vn -0.7873 -0.6053 -0.1179
vn 0.4010 -0.9155 0.0323
vn -0.9392 0.2088 -0.2726
vn 0.4412 0.2702 -0.8558
vn 0.0035 0.8126 -0.5828
vn -0.3460 0.0296 -0.9378
vn -0.0970 0.6403 -0.7619
vn -0.7399 0.4732 -0.4781
vn 0.0808 -0.6529 -0.7531
vn -0.3398 -0.7093 -0.6176
vn -0.3712 -0.9254 -0.0770
vn -0.7337 -0.6656 0.1367
vn -0.3622 -0.8571 -0.3663
vn -0.3811 -0.7731 -0.5071
vn -0.4548 -0.7345 -0.5036
vn -0.4368 -0.7801 -0.4479
vn -0.4193 -0.7597 -0.4971
vn -0.3017 -0.6000 -0.7409
vn -0.4738 -0.4956 -0.7280
vn -0.4948 -0.6464 -0.5809
vn -0.2874 -0.8412 -0.4579
vn -0.3487 -0.7991 -0.4898
vn -0.3802 -0.8625 -0.3340
vn 0.5225 0.7462 -0.4125
vn 0.4322 0.8756 -0.2156
vn 0.4789 0.7581 -0.4427
vn 0.5640 0.3525 -0.7467
vn 0.6891 0.3314 -0.6445
vn 0.6304 0.7134 -0.3060
vn -0.1958 0.3747 -0.9062
vn -0.1523 0.9420 -0.2992
vn 0.0152 0.8255 -0.5642
vn 0.1035 -0.5409 -0.8347
vn 0.0579 -0.3652 -0.9291
vn 0.4424 0.3845 -0.8102
vn -0.8076 -0.1099 -0.5794
vn -0.7457 0.3169 -0.5861
vn -0.7990 0.5574 -0.2255
vn -0.8310 -0.4628 -0.3086
vn -0.1617 -0.9241 -0.3464
vn 0.3559 -0.3198 -0.8781
vn -0.5471 0.8306 -0.1044
vn -0.5026 0.8622 -0.0639
vn -0.6217 0.3640 -0.6936
vn -0.3115 0.3893 -0.8668
vn 0.0755 0.8981 -0.4332
vn 0.0277 0.5212 -0.8530
vn -0.3006 0.8604 -0.4115
vn -0.5162 0.7417 -0.4283
vn 0.0691 0.7955 -0.6020
vn 0.5764 0.6423 -0.5051
vn 0.7943 0.5988 -0.1031
vn -0.4726 0.8808 0.0282
vn 0.9577 -0.1852 -0.2204
vn 0.3513 -0.4611 -0.8148
vn 0.1309 -0.7206 -0.6809
vn 0.2706 -0.1605 -0.9492
vn 0.4400 -0.3399 -0.8312
vn 0.6690 -0.5139 -0.5369
vn 0.3974 0.7184 -0.5709
vn 0.3399 0.7093 -0.6175
vn 0.7912 0.5036 0.3469
vn 0.3622 0.8571 -0.3663
vn 0.3811 0.7731 -0.5071
vn 0.4548 0.7345 -0.5036
vn 0.4367 0.7801 -0.4479
vn 0.4193 0.7596 -0.4971
vn 0.3018 0.6000 -0.7409
vn 0.4738 0.4956 -0.7279
vn 0.4947 0.6463 -0.5810
vn 0.2874 0.8413 -0.4579
vn 0.3487 0.7991 -0.4898
vn 0.3801 0.8625 -0.3340
vn 0.3487 0.7991 0.4898
vn 0.2874 0.8412 0.4579
vn 0.3801 0.8625 0.3340
vn 0.4948 0.6464 0.5809
vn 0.4738 0.4956 0.7280
vn 0.3017 0.6001 0.7409
vn 0.4368 0.7801 0.4479
vn 0.4548 0.7345 0.5036
vn 0.4193 0.7597 0.4971
vn 0.3811 0.7731 0.5071
vn 0.3622 0.8571 0.3663
vn 0.7338 0.6655 -0.1366
vn 0.3398 0.7093 0.6176
vn -0.0808 0.6529 0.7532
vn 0.3712 0.9253 0.0770
vn 0.7400 -0.4732 0.4780
vn 0.0970 -0.6403 0.7619
vn 0.3460 -0.0295 0.9378
vn -0.4412 -0.2702 0.8558
vn 0.9392 -0.2088 0.2726
vn -0.0035 -0.8126 0.5828
vn -0.4010 0.9155 -0.0323
vn 0.7872 0.6053 0.1178
vn 0.5248 0.6754 0.5181
vn -0.5053 0.7158 0.4820
vn -0.3005 0.8604 0.4115
vn 0.0744 0.8015 0.5933
vn 0.0196 0.5285 0.8487
vn 0.0755 0.8981 0.4333
vn -0.3115 0.3893 0.8668
vn -0.5026 0.8622 0.0640
vn -0.5470 0.8306 0.1044
vn -0.6216 0.3640 0.6936
vn 0.3559 -0.3198 0.8781
vn -0.1618 -0.9240 0.3464
vn -0.8310 -0.4628 0.3085
vn -0.7457 0.3170 0.5861
vn -0.8075 -0.1099 0.5795
vn -0.7990 0.5574 0.2255
vn 0.4423 0.3845 0.8103
vn 0.0580 -0.3653 0.9291
vn 0.1035 -0.5410 0.8347
vn -0.1523 0.9420 0.2992
vn -0.1958 0.3747 0.9062
vn 0.0152 0.8255 0.5642
vn 0.6304 0.7134 0.3060
vn 0.6891 0.3313 0.6445
vn 0.5640 0.3525 0.7468
vn 0.4322 0.8756 0.2156
vn 0.5225 0.7462 0.4125
vn 0.4789 0.7581 0.4427
vn -0.5640 -0.3524 -0.7468
vn 0.1523 -0.9419 -0.2993
vn -0.1034 0.5409 -0.8347
vn -0.0580 0.3653 -0.9291
vn -0.4423 -0.3846 -0.8102
vn 0.8076 0.1099 -0.5794
vn 0.7457 -0.3168 -0.5861
vn 0.7990 -0.5574 -0.2256
vn 0.8310 0.4628 -0.3086
vn 0.1618 0.9240 -0.3465
vn -0.3558 0.3198 -0.8781
vn 0.5471 -0.8306 -0.1044
vn 0.5026 -0.8622 -0.0639
vn 0.3115 -0.3894 -0.8668
vn -0.0755 -0.8981 -0.4332
vn -0.0277 -0.5212 -0.8530
vn 0.3006 -0.8604 -0.4115
vn 0.5162 -0.7417 -0.4283
vn -0.0691 -0.7955 -0.6020
vn -0.5764 -0.6423 -0.5051
vn -0.7964 -0.5950 -0.1080
vn 0.4726 -0.8808 0.0281
vn -0.9577 0.1852 -0.2203
vn 0.3239 0.2684 -0.9072
vn -0.1308 0.7206 -0.6809
vn -0.2706 0.1605 -0.9492
vn 0.0389 0.8041 -0.5933
vn -0.7345 0.5534 -0.3927
vn 0.0992 -0.6677 -0.7377
vn -0.3399 -0.7093 -0.6175
vn -0.3493 -0.9366 0.0291
vn -0.7626 -0.6069 0.2238
vn -0.4549 -0.7345 -0.5036
vn -0.4367 -0.7801 -0.4479
vn -0.4193 -0.7596 -0.4971
vn -0.4948 -0.6463 -0.5809
vn -0.2874 -0.8413 -0.4579
vn -0.3801 -0.8625 -0.3340
vn -0.7883 -0.5833 0.1957
vn -0.6646 -0.6924 0.2809
vn -0.7922 -0.6101 0.0134
vn -0.8196 -0.3383 0.4623
vn -0.7182 -0.5070 0.4766
vn 0.3871 -0.6520 -0.6520
vn 0.8020 0.5051 -0.3188
vn -0.2501 0.9645 -0.0844
vn -0.8087 0.5722 0.1360
vn -0.3012 0.8686 -0.3934
vn 0.2496 0.7825 -0.5705
vn -0.5876 0.6439 -0.4899
vn 0.8879 0.4590 0.0294
vn 0.7170 0.4443 -0.5372
vn 0.2552 0.6744 -0.6928
vn 0.0181 -0.4000 -0.9163
vn 0.6088 0.3181 -0.7268
vn 0.1388 -0.4113 -0.9009
vn 0.6065 0.6100 -0.5099
vn 0.8350 0.5402 -0.1045
vn 0.9350 0.0890 -0.3433
vn 0.8115 0.2045 -0.5474
vn 0.7072 0.5680 -0.4210
vn 0.9363 -0.1835 -0.2995
vn 0.8688 0.0761 0.4893
vn 0.9213 -0.0248 0.3881
vn 0.9151 -0.3869 0.1134
vn 0.9888 -0.0895 -0.1192
vn 0.8740 -0.4181 0.2477
vn 0.9014 -0.4265 0.0746
vn 0.8646 -0.3618 0.3487
vn 0.8141 -0.4418 0.3770
vn 0.9033 -0.3864 0.1864
vn 0.8203 -0.5612 0.1100
vn 0.7759 -0.5806 0.2467
vn 0.7868 -0.6172 -0.0005
vn 0.7212 -0.5823 0.3752
vn 0.7094 -0.5904 0.3850
vn 0.7543 -0.6238 0.2047
vn 0.5155 -0.8569 -0.0010
vn 0.3564 -0.9051 0.2317
vn 0.4524 -0.8648 0.2179
vn 0.6147 -0.7658 0.1889
vn 0.5259 -0.8203 0.2246
vn 0.6326 -0.7625 0.1358
vn 0.4464 -0.8910 0.0830
vn 0.4379 -0.8849 0.1589
vn 0.4664 -0.8801 0.0892
vn 0.4273 -0.8663 0.2586
vn 0.4009 -0.9015 0.1631
vn 0.3647 -0.9192 0.1484
vn -0.2874 -0.8413 0.4579
vn -0.3801 -0.8625 0.3340
vn -0.4947 -0.6463 0.5809
vn -0.4738 -0.4956 0.7279
vn -0.3018 -0.6000 0.7409
vn -0.4367 -0.7801 0.4479
vn -0.4548 -0.7345 0.5036
vn -0.4193 -0.7596 0.4971
vn -0.3810 -0.7730 0.5072
vn -0.3622 -0.8571 0.3663
vn -0.7337 -0.6656 -0.1367
vn -0.3398 -0.7093 0.6176
vn 0.0808 -0.6529 0.7531
vn -0.3712 -0.9254 0.0770
vn -0.7400 0.4732 0.4780
vn -0.0970 0.6404 0.7619
vn -0.3460 0.0295 0.9378
vn 0.4412 0.2702 0.8558
vn -0.8227 0.2442 0.5133
vn 0.0034 0.8126 0.5828
vn 0.4010 -0.9155 -0.0323
vn -0.9234 -0.3773 0.0707
vn -0.4517 -0.7223 0.5236
vn -0.0900 -0.8507 0.5178
vn 0.3005 -0.8605 0.4114
vn -0.0957 -0.4900 0.8664
vn -0.0755 -0.8981 0.4333
vn 0.5025 -0.8622 0.0639
vn 0.5471 -0.8305 0.1045
vn -0.3557 0.3199 0.8782
vn 0.1619 0.9240 0.3465
vn 0.7457 -0.3170 0.5861
vn 0.8076 0.1099 0.5794
vn 0.7990 -0.5574 0.2256
vn -0.4424 -0.3846 0.8102
vn -0.0580 0.3652 0.9291
vn -0.1036 0.5408 0.8347
vn 0.1522 -0.9420 0.2992
vn 0.1958 -0.3747 0.9062
vn -0.0152 -0.8255 0.5642
vn -0.6304 -0.7134 0.3060
vn -0.6891 -0.3313 0.6444
vn -0.5640 -0.3525 0.7468
vn -0.4323 -0.8756 0.2156
vn 0.2873 0.8413 0.4579
vn 0.4948 0.6463 0.5809
vn 0.3017 0.6000 0.7409
vn 0.4367 0.7801 0.4480
vn 0.4549 0.7345 0.5036
vn 0.4193 0.7596 0.4972
vn 0.3810 0.7730 0.5072
vn 0.7626 0.6069 -0.2238
vn 0.3399 0.7093 0.6175
vn -0.0971 0.6628 0.7425
vn 0.3494 0.9365 -0.0292
vn 0.7345 -0.5534 0.3927
vn -0.0390 -0.8041 0.5933
vn 0.2706 -0.1605 0.9492
vn -0.3239 -0.2683 0.9072
vn 0.9577 -0.1852 0.2203
vn 0.1307 -0.7206 0.6809
vn -0.4726 0.8808 -0.0282
vn 0.7943 0.5988 0.1031
vn 0.5764 0.6423 0.5051
vn -0.5162 0.7417 0.4283
vn -0.3006 0.8604 0.4115
vn 0.0691 0.7955 0.6020
vn 0.0277 0.5212 0.8530
vn -0.3115 0.3894 0.8668
vn -0.5026 0.8622 0.0639
vn -0.5471 0.8306 0.1044
vn 0.3558 -0.3198 0.8781
vn -0.1619 -0.9240 0.3465
vn -0.8310 -0.4628 0.3086
vn -0.7457 0.3168 0.5861
vn -0.8076 -0.1100 0.5794
vn -0.7990 0.5574 0.2256
vn 0.1035 -0.5409 0.8347
vn -0.1958 0.3747 0.9063
vn 0.5640 0.3524 0.7468
vn 0.4323 0.8756 0.2156
vn 0.5640 0.3525 -0.7468
vn 0.6892 0.3313 -0.6444
vn 0.1035 -0.5408 -0.8347
vn 0.4423 0.3846 -0.8102
vn -0.1619 -0.9240 -0.3465
vn 0.3557 -0.3199 -0.8781
vn -0.5471 0.8305 -0.1045
vn -0.5025 0.8622 -0.0640
vn 0.0755 0.8981 -0.4333
vn 0.0196 0.5284 -0.8488
vn -0.3005 0.8605 -0.4115
vn -0.5053 0.7158 -0.4820
vn 0.0744 0.8015 -0.5933
vn 0.5249 0.6753 -0.5181
vn 0.7872 0.6053 -0.1178
vn -0.4010 0.9155 0.0323
vn 0.9392 -0.2088 -0.2727
vn -0.4412 -0.2702 -0.8558
vn -0.0034 -0.8126 -0.5828
vn 0.3460 -0.0295 -0.9378
vn 0.0970 -0.6404 -0.7619
vn 0.7400 -0.4732 -0.4780
vn -0.0808 0.6529 -0.7532
vn 0.3398 0.7093 -0.6176
vn 0.3712 0.9253 -0.0770
vn 0.7338 0.6655 0.1367
vn 0.3018 0.6001 -0.7409
vn 0.4738 0.4957 -0.7279
vn 0.4947 0.6463 -0.5809
vn 0.2874 0.8412 -0.4579
vn -0.3007 0.9458 0.1223
vn -0.2919 0.9562 0.0211
vn -0.2551 0.9530 0.1633
vn -0.3957 0.8923 0.2172
vn -0.4062 0.9037 0.1353
vn -0.4273 0.8663 0.2587
vn -0.4429 0.8950 0.0523
vn -0.4464 0.8910 0.0830
vn -0.4379 0.8849 0.1589
vn -0.5259 0.8204 0.2246
vn -0.6326 0.7625 0.1359
vn -0.6148 0.7657 0.1890
vn -0.4524 0.8648 0.2179
vn -0.5156 0.8568 -0.0010
vn -0.3564 0.9051 0.2317
vn -0.7094 0.5904 0.3850
vn -0.7543 0.6239 0.2047
vn -0.7211 0.5824 0.3752
vn -0.7868 0.6172 -0.0005
vn -0.8203 0.5613 0.1100
vn -0.7759 0.5806 0.2467
vn -0.8140 0.4418 0.3770
vn -0.9033 0.3864 0.1864
vn -0.8646 0.3618 0.3487
vn -0.9014 0.4265 0.0745
vn -0.9888 0.0896 -0.1192
vn -0.8740 0.4181 0.2477
vn -0.9213 0.0248 0.3881
vn -0.9151 0.3870 0.1135
vn -0.8688 -0.0761 0.4893
vn -0.9363 0.1835 -0.2995
vn -0.8115 -0.2044 -0.5474
vn -0.7073 -0.5680 -0.4209
vn -0.8350 -0.5402 -0.1045
vn -0.9350 -0.0890 -0.3433
vn -0.6065 -0.6101 -0.5099
vn -0.1388 0.4113 -0.9008
vn -0.0181 0.4000 -0.9163
vn -0.6088 -0.3181 -0.7268
vn -0.7169 -0.4443 -0.5372
vn -0.2552 -0.6744 -0.6929
vn -0.5250 -0.6478 -0.5520
vn 0.5876 -0.6440 -0.4899
vn 0.0945 -0.8713 -0.4816
vn 0.3473 -0.9145 -0.2074
vn 0.0945 -0.8713 0.4816
vn 0.5876 -0.6439 0.4900
vn 0.3472 -0.9145 0.2074
vn -0.5250 -0.6477 0.5521
vn -0.2552 -0.6744 0.6928
vn -0.7170 -0.4443 0.5372
vn -0.0181 0.4001 0.9163
vn -0.1389 0.4113 0.9009
vn -0.6088 -0.3181 0.7268
vn -0.6065 -0.6100 0.5099
vn -0.9350 -0.0890 0.3433
vn -0.8350 -0.5402 0.1045
vn -0.8115 -0.2045 0.5475
vn -0.9363 0.1835 0.2995
vn -0.7072 -0.5680 0.4210
vn -0.8688 -0.0761 -0.4893
vn -0.9151 0.3870 -0.1135
vn -0.9213 0.0247 -0.3881
vn -0.9888 0.0896 0.1192
vn -0.9014 0.4265 -0.0746
vn -0.8740 0.4181 -0.2477
vn -0.8646 0.3618 -0.3487
vn -0.9033 0.3864 -0.1864
vn -0.8141 0.4418 -0.3770
vn -0.8203 0.5612 -0.1100
vn -0.7868 0.6172 0.0005
vn -0.7759 0.5806 -0.2467
vn -0.7212 0.5824 -0.3752
vn -0.7543 0.6238 -0.2047
vn -0.7094 0.5904 -0.3850
vn -0.5156 0.8568 0.0010
vn -0.4524 0.8648 -0.2179
vn -0.3564 0.9051 -0.2317
vn -0.6148 0.7657 -0.1889
vn -0.6326 0.7625 -0.1358
vn -0.5259 0.8203 -0.2246
vn -0.4464 0.8910 -0.0829
vn -0.4429 0.8951 -0.0523
vn -0.4379 0.8849 -0.1589
vn -0.4273 0.8663 -0.2587
vn -0.4062 0.9037 -0.1352
vn -0.3957 0.8923 -0.2172
vn -0.2919 0.9562 -0.0211
vn -0.3007 0.9458 -0.1223
vn -0.2551 0.9530 -0.1633
vn 0.3756 0.9095 0.1785
vn 0.9026 0.2535 0.3480
vn 0.2118 0.9754 0.0615
vn -0.7263 -0.5908 -0.3513
vn 0.5460 0.6011 -0.5836
vn -0.8634 -0.3719 0.3409
vn -0.3191 0.9078 0.2720
vn 0.7623 -0.5242 0.3796
vn 0.4995 -0.1880 0.8457
vn -0.4858 0.8433 0.2298
vn -0.0846 0.9742 0.2094
vn 0.3911 0.7647 0.5122
vn 0.0635 0.5626 0.8243
vn -0.7531 0.6170 0.2282
vn 0.3014 0.4672 0.8312
vn 0.7920 0.1451 0.5930
vn -0.0726 0.7752 0.6275
vn 0.6705 0.1633 0.7237
vn -0.0517 -0.7823 0.6208
vn 0.5610 -0.6683 0.4885
vn 0.3200 -0.9343 -0.1572
vn 0.3829 -0.1295 0.9146
vn 0.1965 -0.1976 0.9604
vn 0.2046 -0.4667 0.8604
vn 0.2123 -0.5726 0.7919
vn -0.1769 -0.4897 0.8537
vn 0.1521 -0.4191 0.8951
vn 0.4962 -0.7415 0.4515
vn 0.1873 -0.7772 0.6008
vn 0.3120 -0.7480 0.5858
vn -0.0020 -0.7882 0.6155
vn 0.1174 -0.8651 0.4876
vn 0.2503 -0.8332 0.4931
vn 0.3140 -0.7812 0.5396
vn 0.1874 -0.8264 0.5310
vn 0.3843 -0.7827 0.4896
vn -0.0672 -0.9710 0.2296
vn 0.1315 -0.9546 0.2673
vn 0.2185 -0.9561 0.1952
vn -0.1315 0.9546 -0.2673
vn 0.0672 0.9710 -0.2295
vn -0.2185 0.9561 -0.1952
vn -0.3843 0.7827 -0.4896
vn -0.1874 0.8264 -0.5310
vn -0.3140 0.7811 -0.5397
vn -0.1174 0.8651 -0.4876
vn 0.0020 0.7882 -0.6155
vn -0.2503 0.8332 -0.4931
vn -0.3120 0.7480 -0.5858
vn -0.1873 0.7772 -0.6007
vn -0.4962 0.7416 -0.4515
vn 0.1769 0.4898 -0.8537
vn -0.2123 0.5726 -0.7919
vn -0.1521 0.4191 -0.8951
vn -0.2046 0.4667 -0.8604
vn -0.1965 0.1976 -0.9604
vn -0.3829 0.1295 -0.9147
vn -0.5610 0.6683 -0.4885
vn 0.0517 0.7823 -0.6208
vn -0.3200 0.9343 0.1572
vn -0.6706 -0.1633 -0.7237
vn 0.0726 -0.7753 -0.6274
vn -0.7920 -0.1450 -0.5931
vn 0.7531 -0.6170 -0.2283
vn -0.0635 -0.5626 -0.8243
vn -0.3014 -0.4671 -0.8312
vn -0.3911 -0.7647 -0.5122
vn 0.0846 -0.9742 -0.2094
vn 0.4858 -0.8433 -0.2298
vn -0.7623 0.5242 -0.3796
vn 0.3190 -0.9079 -0.2720
vn -0.4996 0.1880 -0.8456
vn 0.8634 0.3720 -0.3407
vn -0.5460 -0.6011 0.5836
vn 0.7263 0.5909 0.3513
vn -0.9026 -0.2535 -0.3480
vn -0.3756 -0.9095 -0.1785
vn -0.2118 -0.9754 -0.0615
vn 0.1314 -0.9546 -0.2673
vn -0.0672 -0.9710 -0.2295
vn 0.2185 -0.9561 -0.1952
vn 0.3843 -0.7827 -0.4896
vn 0.1874 -0.8264 -0.5310
vn 0.3140 -0.7811 -0.5397
vn 0.1174 -0.8651 -0.4876
vn -0.0020 -0.7882 -0.6155
vn 0.2503 -0.8332 -0.4931
vn 0.3120 -0.7480 -0.5858
vn 0.1873 -0.7772 -0.6008
vn 0.4962 -0.7416 -0.4515
vn -0.1770 -0.4897 -0.8537
vn 0.2123 -0.5726 -0.7919
vn 0.1521 -0.4191 -0.8951
vn 0.2047 -0.4667 -0.8604
vn 0.1965 -0.1975 -0.9604
vn 0.3828 -0.1295 -0.9147
vn 0.5610 -0.6683 -0.4885
vn -0.0518 -0.7823 -0.6208
vn 0.3200 -0.9343 0.1572
vn 0.6705 0.1633 -0.7237
vn -0.0726 0.7752 -0.6275
vn 0.7920 0.1451 -0.5930
vn -0.7531 0.6171 -0.2284
vn 0.0635 0.5626 -0.8243
vn 0.3014 0.4671 -0.8312
vn 0.3911 0.7647 -0.5122
vn -0.0847 0.9742 -0.2094
vn -0.4859 0.8433 -0.2298
vn 0.7624 -0.5241 -0.3796
vn -0.3190 0.9079 -0.2721
vn 0.4996 -0.1880 -0.8456
vn -0.8635 -0.3719 -0.3407
vn 0.5461 0.6011 0.5835
vn -0.7263 -0.5908 0.3513
vn 0.9026 0.2535 -0.3479
vn 0.3756 0.9095 -0.1785
vn 0.2118 0.9754 -0.0615
vn 0.1756 -0.9805 0.0883
vn -0.0135 -0.9968 0.0786
vn 0.3434 -0.9065 0.2457
vn 0.4089 -0.8538 -0.3222
vn 0.1307 -0.8460 -0.5168
vn -0.0035 -0.9922 -0.1247
vn -0.0946 -0.8794 -0.4665
vn 0.3846 -0.8524 0.3543
vn 0.0474 -0.7085 -0.7041
vn -0.6827 -0.0496 0.7290
vn 0.5365 -0.7193 0.4414
vn -0.5128 -0.1961 0.8358
vn 0.3181 -0.7856 0.5307
vn 0.8079 -0.5453 0.2236
vn 0.7907 0.1081 0.6025
vn 0.1117 0.8310 0.5450
vn 0.8790 0.1765 0.4431
vn 0.5492 0.7596 0.3483
vn 0.8555 -0.4945 0.1538
vn 0.9438 -0.3292 0.0286
vn 0.9909 0.0690 0.1159
vn 0.9569 0.2288 0.1790
vn 0.9908 0.1356 -0.0053
vn 0.9945 0.0748 0.0727
vn 0.8776 0.1576 -0.4527
vn 0.8348 0.4991 -0.2324
vn 0.7842 0.3430 -0.5170
vn 0.8918 -0.4097 0.1918
vn 0.7200 0.1233 0.6829
vn 0.2953 0.4314 -0.8525
vn 0.2955 0.0993 0.9502
vn -0.6699 -0.6732 0.3132
vn 0.2459 0.4544 -0.8562
vn 0.2420 0.3168 -0.9171
vn -0.2538 0.6972 0.6705
vn -0.2077 0.9710 0.1185
vn 0.2387 -0.9160 0.3224
vn -0.0034 -0.9922 0.1247
vn 0.2346 -0.9291 0.2860
vn 0.1682 -0.8897 0.4245
vn 0.0474 -0.7085 0.7042
vn 0.3846 -0.8524 -0.3542
vn -0.6826 -0.0497 -0.7291
vn -0.4453 -0.3711 -0.8149
vn 0.5364 -0.7193 -0.4414
vn 0.3181 -0.7856 -0.5307
vn 0.8267 0.2613 -0.4983
vn 0.9292 -0.2124 -0.3023
vn 0.8046 0.3669 -0.4669
vn 0.5492 0.7596 -0.3484
vn 0.9341 -0.1766 -0.3104
vn 0.9909 0.0690 -0.1159
vn 0.9438 -0.3292 -0.0286
vn 0.9569 0.2288 -0.1790
vn 0.9945 0.0748 -0.0727
vn 0.9908 0.1356 0.0053
vn 0.8776 0.1577 0.4527
vn 0.7842 0.3430 0.5170
vn 0.8348 0.4991 0.2325
vn 0.8918 -0.4097 -0.1918
vn 0.2953 0.4314 0.8525
vn 0.7200 0.1233 -0.6829
vn 0.2955 0.0993 -0.9502
vn 0.2459 0.4544 0.8562
vn -0.6699 -0.6732 -0.3132
vn 0.2420 0.3168 0.9171
vn -0.2076 0.9710 -0.1185
vn -0.2538 0.6972 -0.6705
vn 0.7101 0.0981 -0.6972
vn 0.7501 -0.2148 -0.6255
vn 0.7625 0.1238 -0.6351
vn 0.2581 0.6126 -0.7470
vn 0.4925 0.3149 -0.8114
vn 0.1871 0.3594 -0.9142
vn 0.6464 -0.0080 -0.7629
vn 0.4628 -0.5244 -0.7148
vn 0.4284 0.3975 -0.8115
vn -0.5092 0.6475 -0.5669
vn 0.0755 -0.0225 -0.9969
vn -0.5138 0.7909 -0.3324
vn 0.6359 -0.4634 -0.6171
vn -0.2002 -0.7339 -0.6491
vn -0.0329 -0.9238 -0.3815
vn -0.0988 -0.6403 -0.7618
vn -0.0391 -0.7352 -0.6767
vn 0.1246 -0.7115 -0.6915
vn -0.3499 -0.4679 -0.8115
vn 0.1769 -0.4897 -0.8537
vn -0.0725 -0.2566 -0.9638
vn -0.3208 -0.8203 -0.4735
vn -0.1873 -0.7772 -0.6007
vn -0.3120 -0.7480 -0.5858
vn 0.0020 -0.7881 -0.6155
vn -0.1174 -0.8651 -0.4877
vn -0.2502 -0.8332 -0.4931
vn -0.3140 -0.7811 -0.5397
vn -0.1874 -0.8264 -0.5310
vn -0.3841 -0.7828 -0.4896
vn 0.0671 -0.9709 -0.2297
vn -0.1315 -0.9545 -0.2675
vn -0.2185 -0.9561 -0.1954
vn -0.7101 -0.0981 0.6972
vn -0.7854 0.5787 0.2197
vn -0.5644 -0.0339 0.8248
vn 0.4927 -0.8133 0.3096
vn -0.1696 -0.9091 0.3804
vn -0.3598 -0.5933 0.7201
vn 0.2442 -0.7199 0.6497
vn 0.8746 -0.4460 -0.1902
vn -0.1984 -0.7495 0.6315
vn -0.8330 -0.0865 0.5464
vn -0.0643 -0.5247 0.8489
vn -0.6400 -0.1029 0.7614
vn 0.0716 0.7645 0.6406
vn -0.5423 0.6727 0.5033
vn -0.3184 0.9479 -0.0066
vn -0.2620 0.2142 0.9410
vn -0.1847 0.2554 0.9490
vn -0.1755 0.4939 0.8516
vn -0.2221 0.5650 0.7947
vn 0.1769 0.4897 0.8537
vn -0.1449 0.4045 0.9030
vn -0.4805 0.7501 0.4543
vn -0.1873 0.7772 0.6007
vn -0.3120 0.7480 0.5858
vn 0.0019 0.7881 0.6155
vn -0.1174 0.8651 0.4876
vn -0.2503 0.8332 0.4931
vn -0.3140 0.7812 0.5396
vn -0.1874 0.8264 0.5311
vn -0.3843 0.7827 0.4896
vn 0.0673 0.9710 0.2295
vn -0.1315 0.9546 0.2673
vn -0.2185 0.9561 0.1951
vn 0.7101 0.0982 0.6972
vn 0.7855 -0.5786 0.2198
vn 0.5644 0.0340 0.8248
vn -0.4926 0.8133 0.3096
vn 0.1696 0.9091 0.3804
vn 0.3598 0.5934 0.7201
vn -0.2441 0.7200 0.6496
vn -0.8746 0.4460 -0.1901
vn 0.1984 0.7495 0.6316
vn 0.8331 0.0865 0.5464
vn 0.0644 0.5247 0.8489
vn 0.6400 0.1028 0.7614
vn -0.0717 -0.7645 0.6406
vn 0.5423 -0.6727 0.5033
vn 0.3183 -0.9480 -0.0066
vn 0.2620 -0.2142 0.9410
vn 0.1847 -0.2554 0.9490
vn 0.1755 -0.4939 0.8516
vn 0.2220 -0.5650 0.7947
vn 0.1449 -0.4045 0.9030
vn 0.4805 -0.7501 0.4543
vn 0.1873 -0.7772 0.6007
vn 0.3140 -0.7811 0.5397
vn 0.1874 -0.8264 0.5311
vn -0.0673 -0.9710 0.2295
vn -0.7623 0.5241 0.3797
vn -0.4954 -0.0062 0.8687
vn 0.5448 -0.7437 0.3874
vn 0.0846 -0.9742 0.2093
vn -0.3911 -0.7647 0.5122
vn -0.0635 -0.5626 0.8243
vn 0.7531 -0.6170 0.2284
vn -0.3014 -0.4671 0.8313
vn -0.7920 -0.1450 0.5931
vn 0.0725 -0.7753 0.6275
vn -0.6705 -0.1633 0.7237
vn 0.0518 0.7823 0.6208
vn -0.5610 0.6683 0.4885
vn -0.3200 0.9343 -0.1572
vn -0.3828 0.1295 0.9147
vn -0.1964 0.1975 0.9604
vn -0.2047 0.4667 0.8604
vn -0.2123 0.5726 0.7919
vn 0.1770 0.4897 0.8537
vn -0.1521 0.4191 0.8951
vn -0.4962 0.7416 0.4515
vn -0.1873 0.7772 0.6008
vn 0.0020 0.7881 0.6155
vn -0.3140 0.7811 0.5396
vn -0.1874 0.8264 0.5310
vn 0.0672 0.9710 0.2295
vn -0.1314 0.9546 0.2673
vn -0.2185 0.9561 0.1952
vn -0.7101 -0.0982 -0.6972
vn -0.7501 0.2148 -0.6255
vn -0.7625 -0.1239 -0.6350
vn -0.2580 -0.6126 -0.7471
vn -0.4926 -0.3148 -0.8113
vn -0.1870 -0.3595 -0.9142
vn -0.6464 0.0080 -0.7629
vn -0.4627 0.5244 -0.7148
vn -0.4285 -0.3975 -0.8114
vn 0.5092 -0.6476 -0.5669
vn -0.0754 0.0226 -0.9969
vn 0.5138 -0.7909 -0.3325
vn -0.6359 0.4634 -0.6171
vn 0.2001 0.7339 -0.6491
vn 0.0329 0.9238 -0.3815
vn 0.0987 0.6403 -0.7618
vn 0.0391 0.7352 -0.6767
vn -0.1246 0.7115 -0.6915
vn 0.3499 0.4679 -0.8116
vn -0.1769 0.4897 -0.8537
vn 0.0725 0.2566 -0.9638
vn 0.3208 0.8203 -0.4735
vn 0.1873 0.7772 -0.6008
vn 0.3120 0.7480 -0.5858
vn -0.0020 0.7882 -0.6155
vn 0.1175 0.8651 -0.4877
vn 0.2503 0.8332 -0.4931
vn 0.3140 0.7812 -0.5396
vn 0.1874 0.8264 -0.5310
vn 0.3841 0.7828 -0.4896
vn -0.0670 0.9709 -0.2298
vn 0.1315 0.9545 -0.2675
vn 0.2185 0.9561 -0.1954
vn 0.4538 0.3781 0.8069
vn 0.1872 0.3593 0.9143
vn 0.4763 0.3584 0.8029
vn 0.6452 -0.0552 0.7620
vn 0.4284 0.3975 0.8114
vn 0.4627 -0.5244 0.7148
vn -0.5091 0.6476 0.5669
vn -0.5138 0.7908 0.3326
vn 0.0753 -0.0225 0.9969
vn 0.6359 -0.4634 0.6171
vn -0.0329 -0.9238 0.3815
vn -0.2001 -0.7339 0.6491
vn -0.0988 -0.6403 0.7617
vn 0.1246 -0.7115 0.6915
vn -0.0391 -0.7353 0.6767
vn -0.3499 -0.4679 0.8116
vn -0.0725 -0.2566 0.9638
vn 0.1769 -0.4897 0.8537
vn -0.3207 -0.8203 0.4735
vn -0.3120 -0.7480 0.5858
vn -0.1873 -0.7771 0.6009
vn 0.0021 -0.7882 0.6155
vn -0.2503 -0.8332 0.4930
vn -0.1174 -0.8651 0.4877
vn -0.3140 -0.7812 0.5396
vn -0.3841 -0.7828 0.4896
vn -0.1874 -0.8264 0.5309
vn 0.0670 -0.9709 0.2297
vn -0.2185 -0.9561 0.1954
vn -0.1315 -0.9545 0.2675
vn 0.1979 0.8291 -0.5230
vn 0.3598 0.5933 -0.7201
vn 0.0866 0.8911 -0.4454
vn -0.1611 0.7751 -0.6110
vn 0.1984 0.7495 -0.6316
vn -0.8746 0.4460 0.1901
vn 0.8331 0.0865 -0.5464
vn 0.6400 0.1028 -0.7614
vn 0.0644 0.5247 -0.8489
vn -0.0717 -0.7645 -0.6406
vn 0.3183 -0.9480 0.0066
vn 0.5423 -0.6727 -0.5033
vn 0.2620 -0.2142 -0.9410
vn 0.1755 -0.4939 -0.8516
vn 0.1847 -0.2554 -0.9490
vn 0.2220 -0.5650 -0.7947
vn 0.1449 -0.4045 -0.9030
vn -0.1769 -0.4897 -0.8537
vn 0.4806 -0.7501 -0.4543
vn 0.1873 -0.7772 -0.6007
vn -0.0019 -0.7881 -0.6155
vn 0.3140 -0.7812 -0.5396
vn 0.1874 -0.8264 -0.5311
vn -0.0673 -0.9710 -0.2295
vn 0.2185 -0.9561 -0.1951
vn 0.1315 -0.9546 -0.2673
vn -0.2619 -0.9651 0.0000
vn -0.3400 -0.9331 0.1176
vn -0.2005 -0.9797 0.0000
vn -0.2515 -0.9534 -0.1667
vn -0.3077 -0.9480 -0.0816
vn -0.2612 -0.9511 -0.1647
vn -0.3678 -0.9247 -0.0977
vn -0.5008 -0.8616 0.0832
vn -0.3968 -0.8984 -0.1881
vn -0.3701 -0.8968 -0.2423
vn -0.2743 -0.9615 0.0152
vn -0.3740 -0.8570 -0.3545
vn -0.7142 -0.6820 -0.1574
vn -0.7689 -0.6153 -0.1738
vn -0.7496 -0.4840 -0.4514
vn -0.5288 -0.7353 -0.4239
vn -0.6037 -0.7773 -0.1770
vn -0.6313 -0.7046 -0.3241
vn -0.8725 -0.4206 -0.2487
vn -0.8653 -0.2892 -0.4095
vn -0.8781 -0.1518 -0.4537
vn -0.7161 -0.6898 -0.1063
vn -0.5418 -0.8396 -0.0398
vn -0.6238 -0.6397 -0.4491
vn -0.9703 -0.2319 -0.0695
vn -0.9445 -0.2840 -0.1648
vn -0.9491 -0.1629 -0.2696
vn -0.8561 -0.2936 -0.4253
vn -0.9661 -0.1124 -0.2324
vn -0.9531 -0.1856 -0.2390
vn -0.4538 -0.3781 0.8069
vn -0.1871 -0.3594 0.9142
vn -0.4763 -0.3584 0.8029
vn -0.6453 0.0554 0.7619
vn -0.4285 -0.3974 0.8114
vn -0.4627 0.5245 0.7147
vn 0.5092 -0.6476 0.5669
vn 0.5138 -0.7908 0.3326
vn -0.0754 0.0226 0.9969
vn -0.6359 0.4634 0.6172
vn 0.0329 0.9238 0.3815
vn 0.2002 0.7339 0.6491
vn 0.0988 0.6403 0.7618
vn -0.1246 0.7115 0.6915
vn 0.0391 0.7352 0.6767
vn 0.3500 0.4679 0.8115
vn 0.0725 0.2566 0.9638
vn -0.1769 0.4898 0.8537
vn 0.3208 0.8203 0.4735
vn 0.3120 0.7480 0.5859
vn 0.1873 0.7772 0.6007
vn -0.0020 0.7881 0.6155
vn 0.2502 0.8332 0.4931
vn 0.1174 0.8651 0.4877
vn 0.3140 0.7811 0.5397
vn 0.3841 0.7828 0.4896
vn 0.1874 0.8264 0.5310
vn -0.0670 0.9709 0.2298
vn 0.2185 0.9561 0.1953
vn 0.1315 0.9545 0.2675
vn 0.2619 0.9651 0.0000
vn 0.3400 0.9331 0.1176
vn 0.2005 0.9797 0.0000
vn 0.2515 0.9534 -0.1667
vn 0.3077 0.9480 -0.0816
vn 0.2612 0.9511 -0.1647
vn 0.3678 0.9247 -0.0978
vn 0.5008 0.8616 0.0832
vn 0.3968 0.8984 -0.1882
vn 0.3701 0.8968 -0.2422
vn 0.2743 0.9615 0.0153
vn 0.3739 0.8570 -0.3545
vn 0.7142 0.6820 -0.1573
vn 0.7688 0.6154 -0.1738
vn 0.7497 0.4840 -0.4514
vn 0.5288 0.7353 -0.4239
vn 0.6037 0.7773 -0.1770
vn 0.6313 0.7046 -0.3240
vn 0.8725 0.4206 -0.2487
vn 0.8653 0.2892 -0.4095
vn 0.8781 0.1518 -0.4537
vn 0.7161 0.6898 -0.1063
vn 0.5418 0.8396 -0.0398
vn 0.6259 0.6344 -0.4537
vn 0.9703 0.2319 -0.0695
vn 0.9466 0.2847 -0.1514
vn 0.9469 0.1683 -0.2741
vn 0.8417 0.2249 -0.4909
vn 0.9688 0.0419 -0.2442
vn 0.9558 0.1452 -0.2557
vn 0.4537 0.3782 0.8069
vn 0.1870 0.3595 0.9142
vn 0.4764 0.3584 0.8029
vn 0.6452 -0.0553 0.7620
vn 0.4285 0.3975 0.8114
vn -0.5092 0.6476 0.5669
vn -0.5138 0.7909 0.3325
vn 0.0754 -0.0226 0.9969
vn -0.2002 -0.7339 0.6491
vn -0.0987 -0.6403 0.7618
vn -0.0391 -0.7352 0.6767
vn 0.1770 -0.4897 0.8537
vn -0.3208 -0.8203 0.4735
vn -0.1873 -0.7772 0.6008
vn 0.0020 -0.7882 0.6155
vn -0.2503 -0.8332 0.4931
vn -0.1175 -0.8651 0.4877
vn -0.1874 -0.8264 0.5310
vn -0.3400 -0.9330 0.1176
vn -0.2515 -0.9534 -0.1666
vn -0.3701 -0.8968 -0.2422
vn -0.2743 -0.9615 0.0153
vn -0.7142 -0.6820 -0.1573
vn -0.7688 -0.6154 -0.1738
vn -0.6038 -0.7773 -0.1770
vn -0.6313 -0.7046 -0.3240
vn -0.8652 -0.2892 -0.4095
vn -0.6259 -0.6344 -0.4537
vn -0.9466 -0.2847 -0.1514
vn -0.9469 -0.1683 -0.2741
vn -0.8417 -0.2249 -0.4909
vn -0.9688 -0.0419 -0.2442
vn -0.9558 -0.1452 -0.2557
vn -0.1871 -0.3593 0.9143
vn -0.4764 -0.3584 0.8029
vn -0.6452 0.0552 0.7620
vn -0.4284 -0.3975 0.8115
vn -0.4627 0.5244 0.7148
vn 0.5093 -0.6476 0.5668
vn 0.5139 -0.7909 0.3323
vn -0.0755 0.0225 0.9969
vn -0.6360 0.4634 0.6170
vn 0.2001 0.7339 0.6491
vn 0.0988 0.6403 0.7617
vn 0.3499 0.4679 0.8116
vn 0.0725 0.2567 0.9638
vn -0.1769 0.4897 0.8538
vn 0.3207 0.8203 0.4735
vn 0.3120 0.7480 0.5858
vn 0.1872 0.7771 0.6008
vn -0.0020 0.7882 0.6155
vn 0.2503 0.8332 0.4931
vn 0.2185 0.9561 0.1954
vn -0.1979 -0.8291 -0.5230
vn -0.3598 -0.5934 -0.7201
vn -0.0866 -0.8911 -0.4455
vn 0.1611 -0.7751 -0.6109
vn -0.1984 -0.7495 -0.6316
vn 0.8746 -0.4460 0.1901
vn -0.8330 -0.0865 -0.5464
vn -0.6400 -0.1029 -0.7614
vn -0.0644 -0.5247 -0.8489
vn 0.0717 0.7645 -0.6406
vn -0.3184 0.9479 0.0066
vn -0.5423 0.6727 -0.5033
vn -0.2620 0.2141 -0.9410
vn -0.1755 0.4939 -0.8516
vn -0.1847 0.2554 -0.9490
vn -0.2220 0.5650 -0.7947
vn -0.1449 0.4045 -0.9030
vn 0.1769 0.4897 -0.8537
vn -0.4805 0.7501 -0.4543
vn -0.3121 0.7480 -0.5858
vn -0.1874 0.8264 -0.5311
vn 0.0673 0.9710 -0.2295
vn 0.2515 0.9534 -0.1666
vn 0.3678 0.9247 -0.0977
vn 0.5008 0.8615 0.0833
vn 0.3968 0.8984 -0.1881
vn 0.3702 0.8968 -0.2423
vn 0.2743 0.9615 0.0152
vn 0.3740 0.8570 -0.3545
vn 0.7496 0.4840 -0.4514
vn 0.8652 0.2892 -0.4095
vn 0.6238 0.6397 -0.4491
vn 0.9445 0.2841 -0.1648
vn 0.9491 0.1629 -0.2696
vn 0.8561 0.2937 -0.4253
vn 0.9661 0.1124 -0.2324
vn 0.9531 0.1856 -0.2390
vn -0.3008 -0.9458 0.1224
vn -0.2612 -0.9511 0.1647
vn -0.2818 -0.9576 0.0607
vn -0.3843 -0.9145 0.1265
vn -0.3968 -0.8984 0.1881
vn -0.5008 -0.8615 -0.0833
vn -0.3701 -0.8968 0.2422
vn -0.3739 -0.8570 0.3545
vn -0.2743 -0.9615 -0.0153
vn -0.7142 -0.6820 0.1573
vn -0.7497 -0.4840 0.4514
vn -0.7688 -0.6154 0.1738
vn -0.5288 -0.7353 0.4239
vn -0.6313 -0.7046 0.3240
vn -0.6037 -0.7773 0.1770
vn -0.8725 -0.4206 0.2487
vn -0.8781 -0.1518 0.4537
vn -0.8653 -0.2892 0.4095
vn -0.7161 -0.6898 0.1063
vn -0.6259 -0.6344 0.4537
vn -0.5418 -0.8396 0.0398
vn -0.9703 -0.2319 0.0695
vn -0.9469 -0.1683 0.2741
vn -0.9466 -0.2847 0.1514
vn -0.8417 -0.2249 0.4909
vn -0.9558 -0.1452 0.2557
vn -0.9688 -0.0419 0.2442
vn 0.2389 0.8407 -0.4859
vn 0.3140 0.7811 -0.5396
vn 0.2266 0.8581 -0.4608
vn 0.1726 0.8239 -0.5398
vn -0.0021 0.7882 -0.6155
vn 0.3121 0.7480 -0.5858
vn 0.3207 0.8203 -0.4735
vn 0.1872 0.7771 -0.6009
vn -0.1769 0.4898 -0.8537
vn 0.3499 0.4679 -0.8115
vn 0.0988 0.6403 -0.7617
vn 0.0391 0.7353 -0.6767
vn 0.5138 -0.7908 -0.3325
vn 0.5091 -0.6476 -0.5669
vn -0.0753 0.0226 -0.9969
vn -0.6452 0.0552 -0.7620
vn -0.1872 -0.3593 -0.9143
vn -0.4538 -0.3781 -0.8069
vn -0.4763 -0.3584 -0.8029
vn 0.3008 0.9458 0.1224
vn 0.2612 0.9511 0.1647
vn 0.2818 0.9576 0.0607
vn 0.3843 0.9145 0.1265
vn 0.3968 0.8984 0.1881
vn 0.5008 0.8616 -0.0832
vn 0.3701 0.8968 0.2423
vn 0.3740 0.8570 0.3545
vn 0.2743 0.9615 -0.0152
vn 0.7142 0.6820 0.1574
vn 0.7496 0.4840 0.4514
vn 0.7689 0.6153 0.1738
vn 0.5288 0.7353 0.4238
vn 0.6313 0.7046 0.3241
vn 0.6037 0.7773 0.1769
vn 0.8725 0.4206 0.2487
vn 0.8781 0.1518 0.4537
vn 0.8653 0.2892 0.4095
vn 0.7161 0.6898 0.1063
vn 0.6238 0.6397 0.4491
vn 0.5418 0.8396 0.0398
vn 0.9703 0.2319 0.0695
vn 0.9491 0.1629 0.2696
vn 0.9445 0.2840 0.1648
vn 0.8561 0.2937 0.4253
vn 0.9531 0.1856 0.2390
vn 0.9661 0.1124 0.2324
vn -0.2389 -0.8407 -0.4859
vn -0.2266 -0.8581 -0.4608
vn -0.1726 -0.8239 -0.5398
vn 0.0020 -0.7882 -0.6155
vn -0.3207 -0.8203 -0.4735
vn -0.1872 -0.7772 -0.6008
vn 0.1770 -0.4897 -0.8537
vn -0.3499 -0.4679 -0.8116
vn -0.0987 -0.6403 -0.7618
vn -0.0390 -0.7352 -0.6767
vn -0.2001 -0.7339 -0.6491
vn 0.6360 -0.4634 -0.6171
vn -0.5092 0.6476 -0.5669
vn 0.4628 -0.5243 -0.7148
vn 0.4283 0.3975 -0.8115
vn 0.6452 -0.0552 -0.7620
vn 0.1871 0.3593 -0.9143
vn 0.4538 0.3781 -0.8069
vn 0.4764 0.3584 -0.8029
vn -0.5008 -0.8616 -0.0832
vn -0.3702 -0.8968 0.2422
vn -0.3740 -0.8570 0.3545
vn -0.7496 -0.4840 0.4514
vn -0.7689 -0.6153 0.1738
vn -0.6038 -0.7773 0.1770
vn -0.8652 -0.2892 0.4095
vn -0.6238 -0.6397 0.4491
vn -0.9491 -0.1629 0.2696
vn -0.9445 -0.2841 0.1648
vn -0.8561 -0.2937 0.4253
vn -0.9531 -0.1856 0.2390
vn -0.9661 -0.1124 0.2324
vn 0.3701 0.8968 0.2422
vn 0.2743 0.9615 -0.0153
vn 0.7142 0.6820 0.1573
vn 0.7497 0.4840 0.4514
vn 0.7688 0.6154 0.1738
vn 0.5288 0.7353 0.4239
vn 0.6313 0.7046 0.3240
vn 0.6038 0.7773 0.1770
vn 0.8652 0.2892 0.4095
vn 0.7162 0.6898 0.1063
vn 0.6259 0.6344 0.4537
vn 0.9469 0.1683 0.2741
vn 0.9466 0.2847 0.1514
vn 0.8417 0.2249 0.4909
vn 0.9558 0.1452 0.2557
vn 0.9688 0.0419 0.2442
vn 0.3007 -0.9458 0.1223
vn 0.2919 -0.9562 0.0211
vn 0.2551 -0.9530 0.1633
vn 0.3957 -0.8923 0.2172
vn 0.4062 -0.9037 0.1352
vn 0.4273 -0.8663 0.2587
vn 0.4429 -0.8951 0.0523
vn 0.6059 -0.7745 0.1818
vn 0.4525 -0.8647 0.2179
vn 0.4898 -0.8647 -0.1116
vn 0.3645 -0.9049 0.2199
vn 0.8982 -0.1271 0.4209
vn 0.8355 -0.5407 0.0978
vn 0.8219 -0.4854 0.2980
vn -0.5333 -0.6586 -0.5309
vn -0.6684 -0.3534 -0.6545
vn -0.4645 -0.7475 -0.4749
vn -0.5335 -0.5011 -0.6813
vn -0.5614 -0.7152 -0.4164
vn -0.3151 -0.3489 -0.8826
vn -0.8757 -0.4751 0.0866
vn -0.9856 -0.0284 -0.1669
vn -0.8859 0.4619 -0.0434
vn -0.7461 0.5676 -0.3481
vn -0.9788 0.1734 -0.1091
vn -0.9798 0.0231 -0.1987
vn -0.9717 0.0821 -0.2214
vn -0.9119 0.3205 -0.2565
vn -0.9869 0.0714 -0.1444
vn -0.6106 -0.7919 -0.0015
vn -0.6571 -0.6364 -0.4039
vn -0.8440 -0.4540 -0.2855
vn -0.4062 0.9037 0.1352
vn -0.4429 0.8951 0.0523
vn -0.4465 0.8910 0.0830
vn -0.5259 0.8203 0.2246
vn -0.6326 0.7625 0.1358
vn -0.6059 0.7745 0.1819
vn -0.4898 0.8647 -0.1116
vn -0.3645 0.9048 0.2199
vn -0.8982 0.1272 0.4208
vn -0.8355 0.5406 0.0978
vn -0.8219 0.4854 0.2980
vn -0.1876 0.9822 0.0059
vn -0.1585 0.9662 0.2035
vn -0.1888 0.9820 -0.0009
vn -0.1366 0.9905 -0.0128
vn -0.3445 0.9382 0.0329
vn 0.0360 0.9906 -0.1319
vn -0.2620 0.8836 0.3881
vn 0.1694 0.9717 0.1643
vn 0.0552 0.8808 0.4702
vn -0.0175 0.9704 0.2410
vn 0.1684 0.8279 0.5350
vn -0.4913 0.7059 0.5103
vn 0.1378 0.4756 -0.8688
vn -0.2681 0.8098 -0.5219
vn -0.6695 0.6229 -0.4047
vn 0.6961 -0.6426 -0.3202
vn 0.5671 -0.6139 -0.5491
vn 0.6850 -0.7110 -0.1593
vn 0.8580 -0.4241 -0.2900
vn 0.7737 -0.4539 -0.4420
vn 0.9379 -0.3468 -0.0041
vn 0.5350 -0.2954 -0.7915
vn 0.6088 -0.1711 -0.7746
vn 0.8169 -0.1948 -0.5429
vn 0.8589 -0.0033 -0.5121
vn 0.7472 0.0893 -0.6586
vn 0.8067 0.0705 -0.5868
vn 0.6894 0.0657 -0.7214
vn 0.7186 0.2007 -0.6658
vn 0.7002 0.2841 -0.6550
vn 0.0000 -0.1831 0.9831
vn 0.3254 -0.3264 0.8875
vn -0.2959 -0.1218 0.9474
vn -0.2533 0.2813 0.9256
vn 0.1508 0.5105 0.8465
vn -0.4083 0.5214 0.7493
vn 0.0802 0.1999 0.9765
vn 0.3185 -0.1110 0.9414
vn -0.3259 0.0569 0.9437
vn -0.4001 0.9044 0.1482
vn 0.3111 0.9446 -0.1044
vn 0.4568 0.8132 0.3606
vn -0.9156 -0.1654 -0.3664
vn -0.9058 0.3616 0.2209
vn -0.9317 -0.2835 0.2273
vn 0.9834 -0.1816 0.0000
vn 0.8882 -0.3252 -0.3245
vn 0.9479 -0.1201 0.2950
vn 0.9256 0.2817 0.2527
vn 0.8468 0.5102 -0.1502
vn 0.7492 0.5215 0.4082
vn 0.9764 0.2006 -0.0800
vn 0.9414 -0.1108 -0.3186
vn 0.9437 0.0571 0.3259
vn 0.1482 0.9044 0.4001
vn -0.1043 0.9446 -0.3111
vn 0.3606 0.8132 -0.4568
vn -0.3664 -0.1652 0.9157
vn 0.2209 0.3617 0.9057
vn 0.2273 -0.2833 0.9317
vn 0.0000 -0.1838 -0.9830
vn -0.2159 -0.2817 -0.9349
vn 0.2963 -0.1224 -0.9472
vn 0.2535 0.2812 -0.9256
vn -0.2401 0.5760 -0.7814
vn 0.5829 0.5478 -0.6001
vn 0.0000 0.3860 -0.9225
vn -0.3186 -0.1110 -0.9414
vn 0.1876 0.9568 -0.2224
vn -0.3111 0.9446 0.1044
vn -0.4568 0.8132 -0.3606
vn 0.9156 -0.1655 0.3663
vn 0.9058 0.3616 -0.2209
vn 0.9316 -0.2836 -0.2273
vn -0.9834 -0.1816 0.0000
vn -0.8881 -0.3254 0.3245
vn -0.9480 -0.1199 -0.2949
vn -0.9256 0.2817 -0.2528
vn -0.8468 0.5102 0.1502
vn -0.7493 0.5215 -0.4082
vn -0.9764 0.2007 0.0800
vn -0.9414 -0.1108 0.3186
vn -0.9437 0.0571 -0.3259
vn -0.1482 0.9044 -0.4001
vn 0.1043 0.9446 0.3111
vn -0.3606 0.8132 0.4568
vn 0.3664 -0.1652 -0.9157
vn -0.2209 0.3617 -0.9057
vn -0.2273 -0.2833 -0.9317
vn -0.6883 0.6282 -0.3627
vn -0.3295 0.5843 0.7416
vn -0.8818 -0.0799 -0.4648
vn 0.8819 -0.0802 -0.4646
vn 0.5012 0.8651 -0.0186
vn 0.9378 0.1697 -0.3029
vn 0.1833 0.9572 0.2238
vn 0.0867 0.3103 0.9467
vn 0.9100 0.2374 0.3400
vn 0.7567 -0.5650 -0.3289
vn 0.5968 0.1764 0.7827
vn 0.5533 -0.8117 -0.1870
vn -0.2104 0.8404 0.4995
vn -0.8031 -0.3046 0.5121
vn -0.5533 -0.8118 -0.1870
vn -0.3627 0.6282 0.6884
vn 0.7416 0.5843 0.3296
vn -0.4647 -0.0799 0.8818
vn -0.4646 -0.0801 -0.8819
vn -0.0186 0.8652 -0.5011
vn -0.3030 0.1697 -0.9378
vn 0.2238 0.9573 -0.1832
vn 0.9467 0.3102 -0.0869
vn 0.3401 0.2373 -0.9100
vn -0.3286 -0.5649 -0.7569
vn 0.7827 0.1766 -0.5968
vn -0.1869 -0.8117 -0.5533
vn 0.4995 0.8404 0.2104
vn 0.5122 -0.3045 0.8031
vn -0.1869 -0.8117 0.5533
vn 0.6884 0.6281 0.3627
vn 0.3294 0.5843 -0.7416
vn 0.8819 -0.0802 0.4646
vn -0.8818 -0.0799 0.4648
vn -0.5010 0.8653 0.0187
vn -0.9378 0.1697 0.3030
vn -0.1832 0.9573 -0.2238
vn -0.0866 0.3102 -0.9467
vn -0.9099 0.2374 -0.3401
vn -0.7566 -0.5651 0.3288
vn -0.5967 0.1763 -0.7829
vn -0.5532 -0.8118 0.1869
vn 0.2104 0.8403 -0.4996
vn 0.8032 -0.3045 -0.5120
vn 0.5532 -0.8118 0.1870
vn 0.3628 0.6282 -0.6883
vn -0.7415 0.5845 -0.3295
vn 0.4648 -0.0798 -0.8818
vn 0.4647 -0.0799 0.8818
vn 0.0187 0.8652 0.5010
vn 0.3030 0.1696 0.9378
vn -0.2238 0.9573 0.1831
vn -0.9467 0.3102 0.0867
vn -0.3402 0.2373 0.9099
vn 0.3287 -0.5650 0.7568
vn -0.7828 0.1765 0.5967
vn 0.1868 -0.8117 0.5534
vn -0.4996 0.8403 -0.2106
vn -0.5122 -0.3045 -0.8031
vn 0.1868 -0.8117 -0.5533
vn -0.4009 0.9015 -0.1631
vn -0.3647 0.9192 -0.1484
vn -0.4664 0.8801 -0.0891
vn -0.4465 0.8909 -0.0830
vn -0.6059 0.7745 -0.1818
vn -0.3645 0.9049 -0.2199
vn -0.4898 0.8647 0.1116
vn -0.8982 0.1271 -0.4209
vn -0.8219 0.4854 -0.2980
vn -0.8355 0.5407 -0.0978
vn -0.3760 -0.9092 0.1788
vn 0.0215 -0.9995 -0.0221
vn -0.3776 -0.9160 0.1356
vn -0.7583 -0.1476 0.6349
vn -0.5939 -0.6636 0.4548
vn -0.6864 -0.4673 0.5571
vn -0.4811 -0.7631 0.4314
vn -0.4818 -0.8392 0.2523
vn -0.4688 -0.6564 0.5911
vn -0.4263 -0.2615 0.8660
vn -0.3998 -0.4855 0.7774
vn -0.4318 -0.6223 0.6530
vn -0.4417 -0.2391 0.8647
vn -0.4967 -0.3514 0.7936
vn -0.5160 -0.3824 0.7665
vn -0.7186 -0.2007 0.6658
vn -0.6894 -0.0657 0.7214
vn -0.7001 -0.2841 0.6550
vn -0.8067 -0.0705 0.5868
vn -0.7472 -0.0893 0.6586
vn -0.8589 0.0033 0.5121
vn -0.6088 0.1711 0.7746
vn -0.5350 0.2955 0.7915
vn -0.8169 0.1948 0.5429
vn -0.9379 0.3468 0.0041
vn -0.7737 0.4539 0.4420
vn -0.8580 0.4241 0.2899
vn -0.5671 0.6139 0.5492
vn -0.6960 0.6426 0.3202
vn -0.6849 0.7110 0.1592
vn 0.4009 -0.9015 -0.1631
vn 0.4273 -0.8663 -0.2587
vn 0.3647 -0.9192 -0.1484
vn 0.4664 -0.8801 -0.0892
vn 0.4379 -0.8849 -0.1589
vn 0.4464 -0.8910 -0.0830
vn 0.5259 -0.8203 -0.2246
vn 0.6059 -0.7745 -0.1818
vn 0.4524 -0.8648 -0.2179
vn 0.3645 -0.9048 -0.2199
vn 0.4898 -0.8647 0.1116
vn 0.8982 -0.1271 -0.4209
vn 0.8219 -0.4854 -0.2980
vn 0.8355 -0.5407 -0.0979
vn -0.2681 0.8098 0.5219
vn 0.1378 0.4756 0.8688
vn -0.6696 0.6228 0.4047
vn -0.4913 0.7059 -0.5103
vn 0.1684 0.8279 -0.5349
vn -0.0175 0.9704 -0.2410
vn 0.1694 0.9717 -0.1644
vn -0.2620 0.8836 -0.3881
vn 0.0552 0.8808 -0.4702
vn 0.0360 0.9906 0.1319
vn -0.3445 0.9382 -0.0329
vn -0.1366 0.9905 0.0128
vn -0.1585 0.9662 -0.2035
vn -0.1876 0.9822 -0.0059
vn -0.1887 0.9820 0.0009
vn 0.3760 0.9092 0.1788
vn -0.0216 0.9995 -0.0221
vn 0.3776 0.9160 0.1355
vn 0.7583 0.1474 0.6350
vn 0.5938 0.6637 0.4548
vn 0.6865 0.4673 0.5571
vn 0.4811 0.7632 0.4314
vn 0.4818 0.8392 0.2522
vn 0.4688 0.6564 0.5911
vn 0.4263 0.2616 0.8659
vn 0.3998 0.4855 0.7774
vn 0.4318 0.6223 0.6529
vn 0.4417 0.2390 0.8647
vn 0.4967 0.3515 0.7935
vn 0.5161 0.3826 0.7664
vn 0.7187 0.2007 0.6658
vn 0.6894 0.0657 0.7214
vn 0.7002 0.2841 0.6550
vn 0.8067 0.0705 0.5868
vn 0.7472 0.0893 0.6586
vn 0.8589 -0.0033 0.5121
vn 0.6088 -0.1712 0.7746
vn 0.5350 -0.2955 0.7915
vn 0.8169 -0.1948 0.5429
vn 0.9380 -0.3467 0.0041
vn 0.7737 -0.4539 0.4420
vn 0.8580 -0.4240 0.2900
vn 0.5671 -0.6139 0.5492
vn 0.6961 -0.6426 0.3203
vn 0.6849 -0.7110 0.1593
vn -0.9058 0.3616 -0.2209
vn -0.9157 -0.1655 0.3663
vn -0.9317 -0.2835 -0.2273
vn 0.4568 0.8132 -0.3606
vn 0.3111 0.9446 0.1044
vn -0.4001 0.9044 -0.1482
vn 0.3186 -0.1111 -0.9413
vn 0.0802 0.1999 -0.9765
vn -0.3260 0.0568 -0.9437
vn -0.4083 0.5213 -0.7493
vn 0.1508 0.5105 -0.8465
vn -0.2533 0.2813 -0.9256
vn 0.3254 -0.3264 -0.8875
vn 0.0000 -0.1831 -0.9831
vn -0.2959 -0.1218 -0.9474
vn 0.2209 0.3617 -0.9057
vn -0.3664 -0.1651 -0.9157
vn 0.2273 -0.2833 -0.9317
vn 0.3606 0.8132 0.4568
vn -0.1043 0.9446 0.3111
vn 0.1482 0.9044 -0.4001
vn 0.9414 -0.1108 0.3186
vn 0.9764 0.2006 0.0800
vn 0.9437 0.0571 -0.3259
vn 0.7493 0.5215 -0.4082
vn 0.8468 0.5103 0.1502
vn 0.9256 0.2817 -0.2527
vn 0.8882 -0.3252 0.3245
vn 0.9479 -0.1201 -0.2950
vn 0.9058 0.3616 0.2209
vn 0.9156 -0.1654 -0.3664
vn 0.9316 -0.2836 0.2273
vn -0.4568 0.8132 0.3606
vn -0.3111 0.9446 -0.1044
vn 0.4001 0.9044 0.1482
vn -0.3185 -0.1110 0.9414
vn -0.0803 0.1996 0.9766
vn 0.3259 0.0569 0.9437
vn 0.4083 0.5214 0.7493
vn -0.1509 0.5107 0.8464
vn 0.2535 0.2812 0.9256
vn -0.3258 -0.3271 0.8870
vn 0.0000 -0.1838 0.9830
vn 0.2963 -0.1224 0.9472
vn -0.2209 0.3617 0.9057
vn 0.3664 -0.1652 0.9157
vn -0.2273 -0.2833 0.9317
vn -0.3606 0.8132 -0.4568
vn 0.1043 0.9446 -0.3111
vn -0.1482 0.9044 0.4001
vn -0.9414 -0.1108 -0.3186
vn -0.9764 0.2007 -0.0800
vn -0.9437 0.0571 0.3259
vn -0.7493 0.5215 0.4082
vn -0.8468 0.5102 -0.1502
vn -0.9256 0.2817 0.2528
vn -0.8881 -0.3255 -0.3245
vn -0.9480 -0.1199 0.2950
vn 0.3295 0.5844 -0.7416
vn 0.8819 -0.0802 0.4647
vn -0.7567 -0.5651 0.3288
vn -0.5966 0.1764 -0.7829
vn -0.5532 -0.8118 0.1868
vn 0.2103 0.8404 -0.4996
vn 0.8032 -0.3045 -0.5121
vn 0.5533 -0.8117 0.1870
vn -0.3627 0.6281 0.6884
vn 0.7416 0.5844 0.3295
vn -0.4647 -0.0801 0.8819
vn -0.4648 -0.0799 -0.8818
vn -0.0187 0.8653 -0.5009
vn 0.2240 0.9572 -0.1831
vn 0.9467 0.3102 -0.0867
vn 0.3401 0.2373 -0.9099
vn -0.3288 -0.5650 -0.7568
vn 0.7829 0.1765 -0.5966
vn -0.1868 -0.8118 -0.5533
vn 0.4995 0.8404 0.2103
vn 0.5121 -0.3045 0.8032
vn 0.7568 -0.5650 -0.3288
vn 0.5532 -0.8118 -0.1870
vn -0.5532 -0.8118 -0.1869
vn 0.4648 -0.0799 0.8818
vn 0.0188 0.8652 0.5010
vn 0.3029 0.1696 0.9378
vn -0.2238 0.9573 0.1830
vn 0.3288 -0.5650 0.7568
vn -0.7829 0.1765 0.5966
vn -0.4997 0.8403 -0.2104
vn -0.3756 -0.9095 0.1785
vn 0.0224 -0.9995 -0.0227
vn -0.3772 -0.9162 0.1352
vn -0.7584 -0.1470 0.6350
vn -0.5938 -0.6637 0.4548
vn -0.6865 -0.4673 0.5571
vn -0.4688 -0.6565 0.5910
vn -0.4264 -0.2617 0.8659
vn -0.3998 -0.4854 0.7775
vn -0.4318 -0.6224 0.6528
vn -0.4971 -0.3516 0.7933
vn -0.5160 -0.3825 0.7665
vn -0.6960 0.6426 -0.3203
vn -0.5670 0.6139 -0.5492
vn -0.6849 0.7110 -0.1593
vn -0.8579 0.4241 -0.2900
vn -0.7737 0.4539 -0.4420
vn -0.9380 0.3467 -0.0041
vn -0.5350 0.2955 -0.7915
vn -0.6088 0.1711 -0.7746
vn -0.8169 0.1948 -0.5429
vn -0.8589 0.0033 -0.5121
vn -0.7472 -0.0893 -0.6586
vn -0.8067 -0.0705 -0.5868
vn -0.6894 -0.0657 -0.7214
vn -0.7187 -0.2007 -0.6658
vn -0.7002 -0.2841 -0.6550
vn -0.4967 -0.3515 -0.7935
vn -0.4417 -0.2390 -0.8647
vn -0.5160 -0.3826 -0.7664
vn -0.4318 -0.6223 -0.6529
vn -0.3998 -0.4856 -0.7774
vn -0.4263 -0.2616 -0.8659
vn -0.4818 -0.8392 -0.2522
vn -0.4797 -0.7639 -0.4316
vn -0.4688 -0.6564 -0.5911
vn -0.6865 -0.4672 -0.5571
vn -0.5938 -0.6637 -0.4548
vn -0.7584 -0.1475 -0.6349
vn 0.0216 -0.9995 0.0221
vn -0.3759 -0.9092 -0.1788
vn -0.3776 -0.9160 -0.1355
vn 0.3487 -0.7991 0.4898
vn 0.3610 -0.8230 0.4385
vn 0.3036 -0.8177 0.4890
vn 0.3622 -0.7464 0.5582
vn 0.4000 -0.7390 0.5421
vn 0.3782 -0.7424 0.5530
vn 0.3856 -0.7610 0.5217
vn 0.4132 -0.7651 0.4938
vn 0.3726 -0.7569 0.5369
vn 0.4288 -0.6288 0.6487
vn 0.4537 -0.6844 0.5708
vn 0.4241 -0.6839 0.5937
vn 0.8624 0.4325 -0.2630
vn 0.8938 0.3466 -0.2848
vn 0.8886 0.3978 -0.2284
vn 0.7070 0.6537 -0.2698
vn 0.7107 0.6238 -0.3253
vn 0.8399 0.4885 -0.2366
vn 0.8251 0.5435 -0.1543
vn 0.6906 0.7173 -0.0931
vn 0.8276 0.5001 -0.2548
vn 0.8535 -0.3960 -0.3387
vn 0.9793 -0.2007 0.0267
vn 0.9911 0.0292 -0.1301
vn 0.3852 -0.7489 -0.5393
vn 0.1668 -0.8304 -0.5317
vn 0.4131 -0.7651 -0.4938
vn 0.4537 -0.6844 -0.5707
vn 0.3548 -0.7823 -0.5119
vn 0.5866 -0.6418 -0.4939
vn 0.2953 -0.4617 -0.8364
vn 0.1402 -0.4372 -0.8884
vn 0.5138 -0.3843 -0.7671
vn 0.8250 0.4088 -0.3902
vn 0.4445 0.0517 -0.8943
vn 0.6255 0.0261 -0.7798
vn 0.4507 -0.2358 -0.8610
vn -0.1618 -0.5338 -0.8300
vn 0.4620 -0.2339 -0.8555
vn 0.5231 -0.1100 -0.8452
vn 0.1780 -0.6708 -0.7200
vn 0.7326 0.1791 -0.6567
vn -0.1714 0.8773 -0.4483
vn 0.3528 0.7679 -0.5346
vn 0.6437 0.7638 -0.0475
vn 0.1748 0.2784 -0.9444
vn 0.1506 0.7057 -0.6923
vn 0.1535 0.7620 -0.6291
vn -0.0879 0.5105 -0.8554
vn -0.0875 0.3342 -0.9384
vn -0.0446 0.5026 -0.8633
vn -0.0005 0.7754 -0.6315
vn -0.0964 0.7598 -0.6430
vn -0.1331 0.5754 -0.8070
vn 0.2485 0.7149 -0.6536
vn 0.1912 0.6324 -0.7507
vn 0.2165 0.5164 -0.8285
vn 0.0743 0.5641 -0.8224
vn 0.1966 0.6107 -0.7670
vn 0.1925 0.6117 -0.7673
vn 0.6427 0.5885 -0.4905
vn 0.6864 0.4673 -0.5572
vn 0.6104 0.6534 -0.4477
vn 0.4651 0.7754 -0.4271
vn 0.4688 0.6564 -0.5911
vn 0.4818 0.8392 -0.2523
vn 0.4263 0.2615 -0.8660
vn 0.4318 0.6222 -0.6529
vn 0.3998 0.4855 -0.7774
vn 0.4417 0.2391 -0.8647
vn 0.5160 0.3824 -0.7665
vn 0.4967 0.3514 -0.7936
vn -0.3852 0.7488 -0.5393
vn -0.1501 0.8336 -0.5316
vn -0.4132 0.7651 -0.4938
vn -0.4536 0.6844 -0.5708
vn -0.3469 0.7929 -0.5010
vn -0.6468 0.6086 -0.4595
vn -0.2799 0.4305 -0.8581
vn -0.1427 0.4053 -0.9030
vn -0.5170 0.3985 -0.7576
vn -0.8691 -0.3847 -0.3108
vn -0.4083 -0.2342 -0.8823
vn -0.6273 -0.1094 -0.7710
vn 0.0879 -0.5105 -0.8554
vn 0.0875 -0.3342 -0.9384
vn 0.0446 -0.5026 -0.8633
vn 0.0004 -0.7754 -0.6315
vn 0.0965 -0.7598 -0.6430
vn 0.1331 -0.5754 -0.8070
vn -0.2485 -0.7149 -0.6536
vn -0.1912 -0.6324 -0.7507
vn -0.2164 -0.5165 -0.8285
vn -0.0743 -0.5641 -0.8224
vn -0.1967 -0.6108 -0.7670
vn -0.1925 -0.6117 -0.7673
vn -0.6427 -0.5886 -0.4905
vn -0.6864 -0.4674 -0.5571
vn -0.6103 -0.6535 -0.4477
vn -0.4650 -0.7755 -0.4271
vn -0.4819 -0.8392 -0.2522
vn -0.4262 -0.2615 -0.8660
vn -0.4318 -0.6222 -0.6530
vn -0.4417 -0.2391 -0.8647
vn -0.5160 -0.3825 -0.7665
vn -0.4967 -0.3514 -0.7936
vn -0.3487 0.7990 0.4898
vn -0.3611 0.8230 0.4385
vn -0.3036 0.8177 0.4890
vn -0.3622 0.7464 0.5583
vn -0.4000 0.7390 0.5421
vn -0.3782 0.7425 0.5529
vn -0.3856 0.7610 0.5217
vn -0.4132 0.7651 0.4939
vn -0.3726 0.7569 0.5369
vn -0.4287 0.6289 0.6486
vn -0.4536 0.6845 0.5707
vn -0.4240 0.6840 0.5936
vn -0.4301 0.4584 0.7777
vn -0.3883 0.6247 0.6775
vn -0.1401 0.4372 0.8884
vn -0.4445 -0.0517 0.8943
vn -0.7056 -0.3179 0.6333
vn -0.7060 -0.0177 0.7080
vn -0.4566 0.2913 0.8406
vn -0.4620 0.2339 0.8555
vn -0.3500 0.4273 0.8336
vn -0.5210 0.2855 0.8044
vn -0.5231 0.1100 0.8451
vn -0.4812 0.1610 0.8617
vn 0.3852 -0.7488 -0.5393
vn 0.1500 -0.8336 -0.5316
vn 0.4132 -0.7651 -0.4938
vn 0.4536 -0.6844 -0.5708
vn 0.3469 -0.7929 -0.5010
vn 0.6469 -0.6086 -0.4595
vn 0.2800 -0.4305 -0.8581
vn 0.1427 -0.4053 -0.9030
vn 0.5170 -0.3984 -0.7576
vn 0.8691 0.3847 -0.3108
vn 0.4084 0.2342 -0.8823
vn 0.6273 0.1094 -0.7710
vn -0.0876 0.3342 -0.9384
vn -0.0445 0.5026 -0.8634
vn -0.0004 0.7754 -0.6315
vn -0.0965 0.7598 -0.6430
vn 0.0742 0.5641 -0.8224
vn 0.1966 0.6108 -0.7670
vn 0.6426 0.5886 -0.4905
vn 0.6865 0.4673 -0.5571
vn 0.6103 0.6536 -0.4477
vn 0.4688 0.6565 -0.5910
vn 0.4264 0.2617 -0.8659
vn 0.4318 0.6224 -0.6528
vn 0.3998 0.4854 -0.7775
vn 0.5160 0.3825 -0.7665
vn 0.0021 -0.8135 0.5816
vn -0.0768 -0.8845 0.4602
vn -0.0083 -0.7912 0.6115
vn 0.0962 -0.8313 0.5474
vn -0.0340 -0.8107 0.5845
vn 0.2085 -0.8104 0.5476
vn -0.0729 -0.9700 0.2318
vn 0.1035 -0.9551 0.2777
vn 0.2344 -0.9507 0.2031
vn 0.2080 -0.8966 0.3910
vn 0.1270 -0.9565 0.2628
vn 0.1247 -0.9544 0.2713
vn 0.3781 -0.7424 0.5530
vn 0.4131 -0.7651 0.4939
vn 0.3725 -0.7570 0.5369
vn 0.4287 -0.6288 0.6487
vn 0.4301 -0.4584 0.7777
vn 0.3882 -0.6247 0.6775
vn 0.1401 -0.4372 0.8884
vn 0.4445 0.0517 0.8943
vn 0.7056 0.3179 0.6333
vn 0.7060 0.0177 0.7080
vn 0.4566 -0.2914 0.8406
vn 0.4619 -0.2340 0.8555
vn 0.3500 -0.4273 0.8336
vn 0.5210 -0.2856 0.8044
vn 0.5230 -0.1101 0.8452
vn 0.4812 -0.1611 0.8617
vn -0.3487 0.7991 0.4898
vn -0.3610 0.8230 0.4385
vn -0.3622 0.7464 0.5582
vn -0.3782 0.7424 0.5530
vn -0.4132 0.7651 0.4938
vn -0.3725 0.7570 0.5369
vn -0.4288 0.6289 0.6486
vn -0.4536 0.6844 0.5708
vn -0.4241 0.6839 0.5937
vn -0.1668 0.8303 -0.5317
vn -0.4131 0.7651 -0.4939
vn -0.4537 0.6844 -0.5707
vn -0.3548 0.7823 -0.5119
vn -0.5866 0.6418 -0.4939
vn -0.2954 0.4617 -0.8364
vn -0.1401 0.4372 -0.8884
vn -0.5137 0.3843 -0.7671
vn -0.8249 -0.4089 -0.3903
vn -0.4445 -0.0517 -0.8943
vn -0.6255 -0.0261 -0.7798
vn 0.0875 -0.3343 -0.9384
vn 0.0445 -0.5027 -0.8633
vn 0.0005 -0.7754 -0.6315
vn 0.0964 -0.7598 -0.6430
vn 0.1331 -0.5754 -0.8069
vn -0.2165 -0.5165 -0.8285
vn -0.1966 -0.6108 -0.7670
vn 0.2513 -0.2603 0.9322
vn -0.2862 -0.6361 0.7166
vn 0.4270 0.0186 0.9041
vn 0.8096 0.4727 0.3480
vn 0.8912 -0.2991 0.3412
vn 0.9132 0.1367 0.3839
vn 0.6965 -0.5772 0.4262
vn 0.8956 -0.3583 0.2635
vn 0.9098 -0.3658 0.1960
vn -0.4280 -0.7922 0.4351
vn 0.7592 -0.6462 -0.0771
vn -0.6519 -0.7197 0.2388
vn 0.0692 0.8144 -0.5762
vn 0.2304 0.5098 0.8289
vn -0.0617 0.7718 0.6329
vn -0.1128 0.3747 0.9203
vn 0.1889 0.6241 0.7582
vn 0.2133 0.7128 0.6682
vn 0.8986 0.2124 0.3840
vn 0.9201 0.3845 -0.0751
vn 0.9221 -0.1170 0.3688
vn 0.5292 0.6467 0.5494
vn 0.6968 0.6143 0.3703
vn 0.5507 0.6407 0.5350
vn -0.1571 0.6106 -0.7762
vn -0.1352 0.9885 0.0671
vn -0.8326 0.5434 -0.1068
vn 0.0618 -0.8361 -0.5451
vn 0.2084 -0.8104 -0.5476
vn -0.0912 -0.7693 -0.6323
vn 0.0114 -0.9694 -0.2451
vn 0.2344 -0.9507 -0.2031
vn 0.1035 -0.9551 -0.2777
vn 0.2080 -0.8966 -0.3910
vn 0.1247 -0.9544 -0.2713
vn 0.1270 -0.9565 -0.2628
vn -0.9833 0.1166 0.1397
vn -0.9798 0.0231 0.1987
vn -0.9770 0.1732 0.1243
vn -0.9739 0.0895 0.2084
vn -0.9869 0.0714 0.1444
vn -0.9119 0.3205 0.2565
vn -0.6106 -0.7919 0.0015
vn -0.8440 -0.4540 0.2855
vn -0.6571 -0.6364 0.4039
vn -0.1851 0.9825 0.0204
vn -0.5576 0.8179 0.1418
vn 0.2285 0.9405 -0.2514
vn 0.2979 0.7303 0.6147
vn -0.2184 0.3808 0.8985
vn -0.0376 0.6590 0.7512
vn -0.1098 0.8941 0.4342
vn 0.0446 0.7120 0.7008
vn 0.0381 0.7293 0.6832
vn -0.9937 -0.0997 0.0512
vn -0.6167 0.6038 -0.5051
vn -0.9872 -0.1367 0.0822
vn -0.8755 -0.4803 0.0524
vn -0.8743 0.4598 0.1554
vn -0.7860 -0.6093 0.1044
vn -0.1861 -0.2404 -0.9527
vn -0.0312 -0.6618 -0.7490
vn 0.6817 -0.7161 -0.1501
vn 0.4165 0.5163 0.7483
vn 0.4263 0.2616 0.8660
vn 0.4109 0.5262 0.7445
vn 0.4542 0.8396 0.2980
vn 0.4650 0.7755 0.4271
vn 0.6427 0.5886 0.4905
vn 0.6103 0.6535 0.4477
vn 0.4691 -0.8784 -0.0910
vn 0.3957 -0.8923 -0.2172
vn 0.2551 -0.9530 -0.1633
vn 0.3205 -0.9424 -0.0956
vn 0.2514 -0.9534 -0.1666
vn 0.3274 -0.9392 0.1034
vn 0.2619 -0.9651 0.0000
vn 0.2005 -0.9797 -0.0000
vn 0.9100 0.0164 -0.4144
vn 0.9971 -0.0460 0.0605
vn 0.7327 0.2077 -0.6481
vn 0.5569 -0.8300 -0.0309
vn 0.9217 -0.3875 0.0187
vn 0.9913 0.0897 -0.0960
vn -0.5808 -0.7461 0.3255
vn 0.1756 -0.9805 -0.0883
vn 0.1628 -0.9749 -0.1520
vn 0.9899 -0.0464 0.1342
vn -0.0382 0.4341 0.9001
vn 0.3272 -0.7062 -0.6278
vn -0.0414 -0.7300 -0.6822
vn -0.0914 0.4404 0.8931
vn -0.2972 -0.7535 -0.5864
vn -0.0735 0.3273 0.9420
vn -0.2187 0.9558 -0.1964
vn -0.2535 0.6770 -0.6910
vn -0.7605 0.6096 -0.2238
vn -0.5951 0.6352 -0.4923
vn -0.6313 0.7690 -0.1005
vn -0.9061 0.3638 -0.2159
vn -0.8677 0.3972 -0.2988
vn -0.9098 0.3658 -0.1960
vn -0.7924 0.1916 -0.5792
vn -0.9199 0.0893 -0.3818
vn -0.9132 -0.1367 -0.3839
vn 0.4328 0.7742 0.4618
vn -0.7319 0.6782 -0.0668
vn 0.6579 0.7099 0.2515
vn -0.0657 -0.8374 -0.5426
vn -0.2232 -0.5133 0.8287
vn 0.0616 -0.7718 0.6329
vn 0.1050 -0.3768 0.9203
vn -0.1889 -0.6240 0.7582
vn -0.2134 -0.7127 0.6682
vn 0.3007 -0.9458 -0.1223
vn 0.4140 -0.8999 -0.1370
vn 0.2915 -0.9566 0.0000
vn 0.4141 -0.8999 0.1370
vn 0.2514 -0.9534 0.1666
vn 0.8272 0.5275 0.1939
vn 0.8251 0.5435 0.1543
vn 0.8681 0.4596 0.1875
vn 0.7910 0.5382 0.2909
vn 0.7107 0.6238 0.3252
vn 0.7070 0.6537 0.2698
vn 0.8937 0.3466 0.2848
vn 0.8624 0.4325 0.2630
vn 0.8886 0.3977 0.2284
vn 0.7605 -0.6096 -0.2238
vn 0.5951 -0.6353 -0.4923
vn 0.6313 -0.7690 -0.1005
vn 0.9061 -0.3638 -0.2159
vn 0.8677 -0.3972 -0.2988
vn 0.9098 -0.3658 -0.1960
vn 0.7924 -0.1916 -0.5792
vn 0.9199 -0.0893 -0.3818
vn 0.9132 0.1367 -0.3839
vn -0.1352 0.9885 -0.0671
vn -0.1571 0.6106 0.7762
vn -0.8326 0.5434 0.1068
vn 0.5507 0.6407 -0.5350
vn 0.6968 0.6143 -0.3703
vn 0.5292 0.6467 -0.5494
vn 0.9201 0.3845 0.0751
vn 0.8985 0.2124 -0.3840
vn 0.9221 -0.1170 -0.3688
vn -0.0312 -0.6618 0.7490
vn -0.1861 -0.2404 0.9527
vn 0.6817 -0.7161 0.1501
vn -0.7860 -0.6093 -0.1044
vn -0.8743 0.4598 -0.1554
vn -0.8755 -0.4803 -0.0524
vn -0.6167 0.6038 0.5051
vn -0.9937 -0.0997 -0.0512
vn -0.9872 -0.1368 -0.0822
vn -0.4328 -0.7742 0.4618
vn 0.7318 -0.6782 -0.0669
vn -0.6579 -0.7099 0.2515
vn 0.0658 0.8374 -0.5426
vn 0.2232 0.5134 0.8286
vn -0.0616 0.7718 0.6329
vn -0.1051 0.3769 0.9203
vn 0.2133 0.7128 0.6681
vn 0.0446 0.7120 -0.7008
vn -0.1098 0.8941 -0.4341
vn 0.0381 0.7293 -0.6831
vn -0.0376 0.6590 -0.7512
vn -0.2185 0.3807 -0.8985
vn 0.2979 0.7303 -0.6147
vn -0.5576 0.8179 -0.1419
vn -0.1851 0.9825 -0.0204
vn 0.2285 0.9405 0.2514
vn 0.9899 -0.0464 -0.1341
vn -0.0382 0.4341 -0.9001
vn 0.4587 -0.6770 0.5755
vn -0.2497 0.5749 0.7792
vn -0.0735 0.3273 -0.9421
vn -0.2535 0.6770 0.6910
vn -0.0914 0.4404 -0.8931
vn -0.9398 -0.3151 -0.1321
vn -0.2972 -0.7535 0.5864
vn -0.2513 0.2603 0.9322
vn 0.2861 0.6362 0.7165
vn -0.4270 -0.0186 0.9041
vn -0.8096 -0.4727 0.3480
vn -0.8912 0.2991 0.3411
vn -0.9132 -0.1367 0.3839
vn -0.6965 0.5772 0.4262
vn -0.8956 0.3583 0.2635
vn -0.9098 0.3658 0.1960
vn 0.4280 0.7922 0.4351
vn -0.7592 0.6463 -0.0771
vn 0.6519 0.7197 0.2388
vn -0.0691 -0.8144 -0.5762
vn -0.2304 -0.5097 0.8289
vn 0.0617 -0.7717 0.6329
vn 0.1128 -0.3746 0.9203
vn -0.4507 0.2358 -0.8610
vn 0.1617 0.5339 -0.8300
vn -0.4619 0.2339 -0.8555
vn -0.5230 0.1101 -0.8452
vn -0.1780 0.6709 -0.7199
vn -0.6769 -0.1185 -0.7265
vn 0.1714 -0.8773 -0.4483
vn -0.2798 -0.7999 -0.5309
vn -0.7033 -0.7104 0.0249
vn -0.1245 0.2646 -0.9563
vn -0.0242 0.3980 -0.9171
vn -0.1906 0.2128 -0.9583
vn -0.3149 0.0061 -0.9491
vn -0.1082 -0.0127 -0.9940
vn -0.1637 0.0289 -0.9861
vn 0.4286 -0.4310 0.7941
vn 0.4283 -0.6417 0.6362
vn 0.1427 -0.4053 0.9030
vn 0.4083 0.2342 0.8823
vn 0.7621 0.3137 0.5664
vn 0.6273 0.1094 0.7710
vn -0.1825 0.9781 -0.1000
vn -0.1626 0.9805 -0.1103
vn -0.1804 0.9795 -0.0897
vn -0.2475 0.9626 -0.1104
vn -0.2223 0.9664 -0.1290
vn -0.2192 0.9692 -0.1123
vn 0.3487 -0.7990 -0.4898
vn 0.3036 -0.8177 -0.4890
vn 0.3558 -0.8137 -0.4597
vn 0.4188 -0.7251 -0.5466
vn 0.3622 -0.7464 -0.5583
vn 0.3837 -0.7499 -0.5389
vn -0.1244 0.2647 0.9563
vn -0.1439 0.2497 0.9576
vn -0.0947 0.3056 0.9474
vn -0.1208 0.1842 0.9754
vn -0.1829 0.1879 0.9650
vn -0.1370 0.1957 0.9711
vn 0.0457 0.1736 0.9838
vn 0.1488 0.4204 0.8951
vn 0.0642 -0.1415 -0.9879
vn 0.0643 -0.1415 -0.9878
vn 0.1487 0.4204 0.8951
vn -0.0457 -0.1736 -0.9838
vn 0.0000 0.9612 0.2758
vn -0.0000 0.9097 0.4152
vn -0.8319 0.5501 -0.0736
vn 0.9345 0.3368 0.1150
vn 0.7842 -0.5903 0.1913
vn 0.2758 0.9612 0.0000
vn 0.4152 0.9097 -0.0000
vn -0.0736 0.5502 0.8318
vn 0.1151 0.3370 -0.9345
vn 0.1914 -0.5901 -0.7843
vn 0.2210 0.3617 -0.9057
vn 0.0000 0.9612 -0.2758
vn -0.0000 0.9097 -0.4152
vn 0.8319 0.5501 0.0736
vn -0.9345 0.3369 -0.1151
vn -0.7843 -0.5902 -0.1914
vn -0.2759 0.9612 0.0000
vn -0.4152 0.9097 -0.0000
vn 0.0736 0.5502 -0.8318
vn -0.1150 0.3370 0.9345
vn -0.1914 -0.5900 0.7844
vn -0.3498 0.9260 -0.1423
vn -0.2514 0.9534 -0.1666
vn -0.2005 0.9797 -0.0000
vn -0.2844 0.9562 0.0692
vn -0.2619 0.9651 -0.0000
vn -0.3487 0.7991 -0.4898
vn -0.3036 0.8177 -0.4890
vn -0.3558 0.8137 -0.4597
vn -0.4188 0.7251 -0.5466
vn -0.3622 0.7464 -0.5582
vn -0.3837 0.7499 -0.5390
vn 0.1245 -0.2646 0.9563
vn 0.1906 -0.2128 0.9583
vn 0.0242 -0.3980 0.9171
vn 0.1082 0.0127 0.9940
vn 0.3149 -0.0061 0.9491
vn 0.1637 -0.0289 0.9861
vn -0.6446 -0.6073 -0.4644
vn -0.3735 -0.8614 -0.3441
vn -0.5292 -0.6467 -0.5494
vn -0.9221 0.1170 -0.3688
vn -0.9252 -0.2296 -0.3021
vn -0.8986 -0.2124 -0.3840
vn 0.1554 0.9359 -0.3161
vn 0.1923 0.9569 -0.2176
vn -0.0002 0.9850 -0.1723
vn -0.0775 0.9644 -0.2527
vn -0.0002 0.9730 -0.2306
vn 0.1244 -0.2647 -0.9563
vn 0.0947 -0.3056 -0.9474
vn 0.1439 -0.2497 -0.9576
vn 0.1828 -0.1879 -0.9650
vn 0.1208 -0.1842 -0.9754
vn 0.1370 -0.1957 -0.9711
vn 0.3487 -0.7991 -0.4898
vn 0.3622 -0.7464 -0.5582
vn -0.1906 0.2128 0.9583
vn -0.0240 0.3982 0.9170
vn -0.1082 -0.0127 0.9940
vn -0.3148 0.0061 0.9491
vn -0.1637 0.0289 0.9861
vn -0.1554 -0.9359 -0.3161
vn -0.1923 -0.9569 -0.2176
vn 0.0002 -0.9850 -0.1723
vn 0.0775 -0.9644 -0.2527
vn 0.0002 -0.9730 -0.2306
vn 0.8130 -0.5790 0.0617
vn 0.9609 -0.2744 0.0370
vn 0.5569 -0.8300 0.0309
vn 0.7327 0.2077 0.6481
vn 0.9945 -0.0804 0.0670
vn 0.9099 0.0164 0.4144
vn -0.1825 0.9781 0.1000
vn -0.1804 0.9795 0.0897
vn -0.1626 0.9805 0.1103
vn -0.2223 0.9664 0.1290
vn -0.2475 0.9626 0.1104
vn -0.2192 0.9692 0.1123
vn -0.0948 0.3055 -0.9475
vn -0.1440 0.2496 -0.9576
vn -0.1829 0.1880 -0.9650
vn -0.1208 0.1842 -0.9754
vn -0.1370 0.1957 -0.9711
vn 0.2798 0.7999 0.5309
vn 0.2583 0.8307 0.4932
vn 0.3527 0.7679 0.5346
vn 0.1507 0.7058 0.6922
vn 0.0429 0.7688 0.6381
vn 0.1536 0.7620 0.6290
vn -0.8319 0.5501 0.0736
vn 0.7842 -0.5902 -0.1914
vn 0.9345 0.3368 -0.1151
vn -0.0736 0.5502 -0.8318
vn 0.1914 -0.5900 0.7844
vn 0.1152 0.3370 0.9344
vn 0.2210 0.3617 0.9057
vn 0.8318 0.5501 -0.0736
vn -0.7843 -0.5902 0.1914
vn -0.9345 0.3369 0.1151
vn 0.0737 0.5502 0.8317
vn -0.1914 -0.5900 -0.7844
vn -0.1150 0.3370 -0.9345
vn -0.2209 0.3618 -0.9057
vn 0.0240 -0.3982 -0.9170
vn 0.1906 -0.2128 -0.9583
vn 0.3148 -0.0061 -0.9491
vn 0.1082 0.0127 -0.9940
vn 0.1637 -0.0289 -0.9861
vn -0.4286 0.4310 0.7941
vn -0.4283 0.6417 0.6362
vn -0.1427 0.4053 0.9030
vn -0.4084 -0.2342 0.8823
vn -0.7621 -0.3136 0.5664
vn -0.6273 -0.1094 0.7710
vn -0.6446 -0.6074 0.4643
vn -0.5292 -0.6467 0.5494
vn -0.3735 -0.8615 0.3441
vn -0.9252 -0.2296 0.3021
vn -0.9221 0.1170 0.3688
vn -0.8986 -0.2124 0.3840
vn -0.3837 0.7499 -0.5389
vn 0.1440 -0.2496 0.9576
vn 0.0947 -0.3055 0.9475
vn 0.1208 -0.1842 0.9754
vn 0.1829 -0.1880 0.9650
vn 0.1370 -0.1957 0.9711
vn 0.7605 -0.6096 0.2238
vn -0.4433 0.4353 0.7836
vn -0.2708 0.8112 -0.5184
vn -0.0879 0.5105 0.8554
vn 0.1925 0.6117 0.7673
vn 0.0002 -0.9730 0.2306
vn -0.5333 -0.6586 0.5309
vn 0.0021 -0.8135 -0.5816
vn -0.9862 0.0213 0.1643
vn -0.1851 0.9825 0.0205
vn 0.4970 0.3515 0.7934
vn 0.4967 0.3511 0.7937
vn 0.4967 0.3514 0.7936
vn 0.3759 0.9092 -0.1788
vn -0.4433 0.4353 -0.7836
vn -0.4328 -0.7742 -0.4618
vn 0.0010 -0.1836 0.9830
vn 0.0010 -0.1833 -0.9831
vn -0.7415 0.5271 0.4152
vn 0.4152 0.5271 0.7415
vn 0.7416 0.5270 -0.4151
vn -0.4152 0.5271 -0.7415
vn 0.4433 -0.4353 -0.7836
vn -0.2513 0.2603 -0.9322
vn 0.4280 0.7922 -0.4351
vn 0.4434 -0.4353 0.7836
vn 0.0879 -0.5105 0.8554
vn -0.1925 -0.6117 0.7673
vn -0.2798 -0.7999 0.5309
vn -0.0002 0.9730 0.2306
vn -0.9100 -0.0164 0.4144
vn 0.2513 -0.2603 -0.9322
vn -0.4280 -0.7922 -0.4351
vn -0.2708 0.8112 0.5184
vn -0.1851 0.9825 -0.0205
vn 0.9911 0.0292 0.1301
vn 0.0456 0.1735 -0.9838
vn 0.0010 -0.1836 -0.9830
vn 0.0010 -0.1833 0.9831
vn 0.4151 0.5270 0.7416
vn -0.7605 0.6096 0.2238
vn 0.4433 -0.4353 0.7836
vn 0.4328 0.7742 -0.4618
vn -0.9099 -0.0164 -0.4144
vn -0.0456 -0.1735 0.9838
usemtl Tex_0050_0.dds
s off
f 1/1/1 3/2/2 2/3/1
f 2/3/3 3/2/3 4/4/4
f 3/2/5 5/5/6 4/4/7
f 4/4/8 5/5/8 6/6/9
f 5/5/10 7/7/11 6/6/12
f 6/6/13 7/7/14 8/8/15
f 7/7/16 9/9/17 8/8/18
f 8/8/19 9/9/19 10/10/20
f 9/9/21 11/11/22 10/10/23
f 10/10/24 11/11/25 12/12/26
f 11/11/27 13/13/28 12/12/29
f 12/12/30 13/13/31 14/14/32
f 13/13/33 15/15/34 14/14/35
f 14/14/36 15/15/37 16/16/38
f 15/15/39 17/17/40 16/16/41
f 16/16/42 17/17/42 18/18/43
f 17/17/44 19/19/45 18/18/46
f 20/20/47 22/21/48 21/22/49
f 21/22/50 22/21/51 23/23/52
f 22/21/53 24/24/54 23/23/55
f 23/23/56 24/24/57 25/25/58
f 24/24/59 26/26/60 25/25/61
f 25/25/62 26/26/63 27/27/64
f 26/26/65 28/28/66 27/27/67
f 27/27/68 28/28/69 29/29/70
f 28/28/71 30/30/72 29/29/73
f 29/29/74 30/30/75 31/31/76
f 30/30/77 32/32/78 31/31/79
f 31/31/80 32/32/81 33/33/82
f 32/32/83 34/34/84 33/33/85
f 33/33/86 34/34/87 35/35/88
f 34/34/89 36/36/90 35/35/89
f 35/35/91 36/36/92 37/37/93
f 36/36/94 38/38/95 37/37/96
f 39/39/97 41/40/98 40/41/99
f 40/41/100 41/40/101 42/42/102
f 41/40/103 43/43/104 42/42/105
f 42/42/106 43/43/107 44/44/108
f 43/43/109 45/45/110 44/44/111
f 44/44/112 45/45/113 46/46/114
f 45/45/115 47/47/116 46/46/117
f 46/46/118 47/47/119 48/48/120
f 47/47/121 49/49/122 48/48/123
f 48/48/124 49/49/125 50/50/126
f 49/49/127 51/51/128 50/50/129
f 50/50/130 51/51/131 52/52/132
f 51/51/133 53/53/134 52/52/135
f 52/52/136 53/53/137 54/54/138
f 53/53/139 55/55/140 54/54/141
f 54/54/142 55/55/143 56/56/144
f 55/55/145 57/57/146 56/56/147
f 58/58/148 60/59/149 59/60/150
f 59/60/151 60/59/152 61/61/153
f 60/59/154 62/62/155 61/61/156
f 61/61/157 62/62/158 63/63/159
f 62/62/160 64/64/161 63/63/162
f 63/63/163 64/64/164 65/65/165
f 64/64/166 66/66/167 65/65/168
f 65/65/169 66/66/170 67/67/171
f 66/66/172 68/68/173 67/67/174
f 67/67/175 68/68/176 69/69/177
f 68/68/178 70/70/179 69/69/180
f 69/69/181 70/70/182 71/71/183
f 70/70/184 72/72/185 71/71/184
f 71/71/186 72/72/187 73/73/188
f 72/72/189 74/74/190 73/73/191
f 73/73/192 74/74/193 75/75/194
f 74/74/195 76/76/196 75/75/197
f 77/77/198 79/78/199 78/79/200
f 78/79/201 79/78/202 80/80/203
f 79/78/204 81/81/205 80/80/206
f 80/80/207 81/81/208 82/82/209
f 81/81/210 83/83/211 82/82/212
f 82/82/213 83/83/214 84/84/215
f 83/83/216 85/85/217 84/84/218
f 84/84/219 85/85/220 86/86/221
f 85/85/222 87/87/223 86/86/224
f 86/86/225 87/87/226 88/88/227
f 87/87/228 89/89/229 88/88/230
f 88/88/231 89/89/232 90/90/233
f 89/89/234 91/91/235 90/90/236
f 90/90/237 91/91/238 92/92/239
f 91/91/240 93/93/241 92/92/242
f 92/92/243 93/93/244 94/94/245
f 93/93/246 95/95/247 94/94/248
f 96/96/97 98/97/98 97/98/99
f 97/98/249 98/97/101 99/99/102
f 98/97/103 100/100/250 99/99/105
f 99/99/251 100/100/252 101/101/253
f 100/100/254 102/102/255 101/101/256
f 101/101/257 102/102/258 103/103/259
f 102/102/260 104/104/261 103/103/117
f 103/103/262 104/104/263 105/105/264
f 104/104/265 106/106/266 105/105/267
f 105/105/268 106/106/269 107/107/270
f 106/106/271 108/108/272 107/107/273
f 107/107/274 108/108/275 109/109/276
f 108/108/277 110/110/278 109/109/279
f 109/109/280 110/110/137 111/111/138
f 110/110/281 112/112/282 111/111/283
f 111/111/142 112/112/143 113/113/284
f 112/112/285 114/114/146 113/113/286
f 115/115/287 117/116/288 116/117/289
f 116/117/290 117/116/291 118/118/292
f 117/116/293 119/119/294 118/118/295
f 118/118/296 119/119/297 120/120/298
f 119/119/299 121/121/300 120/120/301
f 120/120/302 121/121/303 122/122/304
f 121/121/305 123/123/306 122/122/307
f 122/122/308 123/123/309 124/124/310
f 123/123/311 125/125/312 124/124/313
f 124/124/314 125/125/315 126/126/316
f 125/125/317 127/127/318 126/126/319
f 126/126/320 127/127/321 128/128/322
f 127/127/323 129/129/324 128/128/325
f 128/128/326 129/129/327 130/130/328
f 129/129/329 131/131/330 130/130/331
f 130/130/332 131/131/333 132/132/334
f 131/131/335 133/133/336 132/132/337
f 134/134/1 136/135/338 135/136/339
f 135/136/340 136/135/341 137/137/342
f 136/135/343 138/138/344 137/137/345
f 137/137/346 138/138/347 139/139/348
f 138/138/349 140/140/350 139/139/351
f 139/139/352 140/140/353 141/141/354
f 140/140/355 142/142/356 141/141/357
f 141/141/358 142/142/359 143/143/360
f 142/142/361 144/144/362 143/143/361
f 143/143/363 144/144/364 145/145/26
f 144/144/365 146/146/366 145/145/29
f 145/145/367 146/146/368 147/147/32
f 146/146/369 148/148/370 147/147/371
f 147/147/372 148/148/373 149/149/374
f 148/148/375 150/150/376 149/149/377
f 149/149/378 150/150/379 151/151/380
f 150/150/381 152/152/45 151/151/46
f 153/153/198 155/154/382 154/155/200
f 154/155/383 155/154/202 156/156/384
f 155/154/385 157/157/386 156/156/387
f 156/156/388 157/157/208 158/158/389
f 157/157/390 159/159/391 158/158/392
f 158/158/393 159/159/394 160/160/395
f 159/159/396 161/161/397 160/160/398
f 160/160/399 161/161/400 162/162/401
f 161/161/402 163/163/403 162/162/404
f 162/162/405 163/163/226 164/164/406
f 163/163/407 165/165/408 164/164/230
f 164/164/409 165/165/410 166/166/411
f 165/165/412 167/167/413 166/166/414
f 166/166/237 167/167/238 168/168/415
f 167/167/240 169/169/416 168/168/242
f 168/168/243 169/169/244 170/170/417
f 169/169/418 171/171/247 170/170/248
f 172/172/148 174/173/149 173/174/150
f 173/174/419 174/173/420 175/175/153
f 174/173/154 176/176/155 175/175/156
f 175/175/421 176/176/158 177/177/422
f 176/176/160 178/178/161 177/177/162
f 177/177/163 178/178/423 179/179/424
f 178/178/425 180/180/426 179/179/168
f 179/179/169 180/180/427 181/181/428
f 180/180/429 182/182/430 181/181/431
f 181/181/432 182/182/433 183/183/434
f 182/182/435 184/184/436 183/183/437
f 183/183/438 184/184/439 185/185/440
f 184/184/441 186/186/442 185/185/443
f 185/185/444 186/186/187 187/187/188
f 186/186/189 188/188/190 187/187/191
f 187/187/445 188/188/446 189/189/447
f 188/188/448 190/190/196 189/189/197
f 191/191/449 193/192/450 192/193/451
f 192/193/452 193/192/453 194/194/454
f 193/192/455 195/195/456 194/194/457
f 194/194/458 195/195/459 196/196/460
f 195/195/461 197/197/462 196/196/463
f 196/196/464 197/197/465 198/198/466
f 197/197/467 199/199/468 198/198/469
f 198/198/470 199/199/471 200/200/472
f 199/199/473 201/201/474 200/200/475
f 200/200/476 201/201/477 202/202/478
f 201/201/479 203/203/480 202/202/481
f 202/202/482 203/203/483 204/204/484
f 203/203/485 205/205/486 204/204/487
f 204/204/488 205/205/489 206/206/490
f 205/205/491 207/207/492 206/206/493
f 208/208/494 210/209/495 209/210/496
f 209/210/497 210/209/498 211/211/499
f 210/209/500 212/212/501 211/211/502
f 211/211/503 212/212/504 213/213/505
f 212/212/506 214/214/507 213/213/508
f 213/213/509 214/214/510 215/215/511
f 214/214/512 216/216/513 215/215/514
f 215/215/515 216/216/516 217/217/517
f 216/216/518 218/218/519 217/217/520
f 217/217/521 218/218/522 219/219/523
f 218/218/524 220/220/525 219/219/526
f 219/219/527 220/220/528 221/221/529
f 220/220/530 222/222/531 221/221/532
f 221/221/533 222/222/534 223/223/535
f 222/222/536 224/224/537 223/223/538
f 225/225/539 227/226/540 226/227/541
f 226/227/542 227/226/543 228/228/544
f 227/226/545 229/229/546 228/228/547
f 228/228/548 229/229/549 230/230/550
f 229/229/551 231/231/552 230/230/553
f 230/230/554 231/231/555 232/232/556
f 231/231/557 233/233/558 232/232/559
f 232/232/560 233/233/561 234/234/562
f 233/233/563 235/235/564 234/234/565
f 234/234/566 235/235/567 236/236/568
f 235/235/569 237/237/570 236/236/571
f 236/236/572 237/237/573 238/238/574
f 237/237/575 239/239/576 238/238/577
f 240/240/578 242/241/579 241/242/580
f 241/242/581 242/241/582 243/243/583
f 242/241/584 244/244/585 243/243/586
f 243/243/587 244/244/588 245/245/589
f 244/244/590 246/246/591 245/245/592
f 245/245/593 246/246/594 247/247/595
f 246/246/596 248/248/597 247/247/598
f 247/247/599 248/248/600 249/249/601
f 248/248/602 250/250/603 249/249/604
f 249/249/605 250/250/606 251/251/607
f 250/250/608 252/252/609 251/251/610
f 251/251/611 252/252/612 253/253/613
f 252/252/614 254/254/615 253/253/616
f 255/255/617 257/256/618 256/257/619
f 256/257/620 257/256/621 258/258/622
f 257/256/623 259/259/624 258/258/625
f 258/258/626 259/259/627 260/260/628
f 259/259/629 261/261/630 260/260/631
f 260/260/632 261/261/633 262/262/634
f 261/261/635 263/263/636 262/262/637
f 262/262/638 263/263/639 264/264/640
f 263/263/641 265/265/642 264/264/643
f 264/264/644 265/265/645 266/266/646
f 265/265/647 267/267/648 266/266/649
f 266/266/650 267/267/651 268/268/652
f 267/267/653 269/269/654 268/268/655
f 270/270/656 272/271/657 271/272/658
f 271/272/659 272/271/660 273/273/661
f 272/271/662 274/274/663 273/273/664
f 273/273/665 274/274/666 275/275/667
f 274/274/668 276/276/669 275/275/670
f 275/275/671 276/276/672 277/277/673
f 276/276/674 278/278/675 277/277/676
f 277/277/677 278/278/678 279/279/679
f 278/278/680 280/280/681 279/279/682
f 279/279/683 280/280/684 281/281/685
f 280/280/686 282/282/687 281/281/688
f 281/281/689 282/282/690 283/283/691
f 284/284/692 286/285/693 285/286/694
f 285/286/695 286/285/696 287/287/697
f 286/285/698 288/288/699 287/287/700
f 287/287/701 288/288/702 289/289/703
f 288/288/704 290/290/705 289/289/704
f 289/289/706 290/290/707 291/291/708
f 290/290/709 292/292/710 291/291/711
f 291/291/712 292/292/713 293/293/714
f 292/292/715 294/294/716 293/293/717
f 293/293/718 294/294/719 295/295/720
f 294/294/721 296/296/722 295/295/723
f 297/297/724 299/298/725 298/299/726
f 298/299/727 299/298/728 300/300/729
f 299/298/730 301/301/731 300/300/732
f 300/300/733 301/301/734 302/302/735
f 301/301/736 303/303/737 302/302/738
f 302/302/739 303/303/740 304/304/741
f 303/303/742 305/305/743 304/304/744
f 304/304/745 305/305/746 306/306/747
f 305/305/748 307/307/749 306/306/750
f 306/306/751 307/307/752 308/308/753
f 307/307/754 309/309/755 308/308/756
f 310/310/757 312/311/758 311/312/759
f 311/312/760 312/311/761 313/313/762
f 312/311/763 314/314/764 313/313/765
f 313/313/766 314/314/767 315/315/768
f 314/314/769 316/316/770 315/315/771
f 315/315/772 316/316/773 317/317/774
f 316/316/775 318/318/776 317/317/777
f 317/317/778 318/318/779 319/319/780
f 318/318/781 320/320/782 319/319/783
f 319/319/784 320/320/785 321/321/786
f 320/320/787 322/322/788 321/321/789
f 323/323/790 325/324/791 324/325/792
f 324/325/793 325/324/794 326/326/795
f 325/324/796 327/327/797 326/326/798
f 326/326/799 327/327/800 328/328/801
f 327/327/802 329/329/803 328/328/804
f 328/328/805 329/329/806 330/330/807
f 329/329/808 331/331/564 330/330/809
f 330/330/810 331/331/811 332/332/568
f 331/331/569 333/333/570 332/332/571
f 332/332/812 333/333/813 334/334/574
f 333/333/814 335/335/576 334/334/577
f 336/336/757 338/337/815 337/338/816
f 337/338/817 338/337/818 339/339/819
f 338/337/820 340/340/821 339/339/822
f 339/339/823 340/340/824 341/341/825
f 340/340/826 342/342/827 341/341/828
f 341/341/829 342/342/830 343/343/831
f 342/342/832 344/344/833 343/343/834
f 343/343/835 344/344/836 345/345/780
f 344/344/837 346/346/782 345/345/783
f 345/345/838 346/346/839 347/347/786
f 346/346/840 348/348/841 347/347/842
f 349/349/843 351/350/844 350/351/845
f 350/351/846 351/350/847 352/352/848
f 351/350/849 353/353/850 352/352/851
f 352/352/852 353/353/853 354/354/854
f 353/353/855 355/355/856 354/354/857
f 354/354/858 355/355/859 356/356/860
f 355/355/861 357/357/862 356/356/863
f 356/356/864 357/357/865 358/358/866
f 357/357/867 359/359/868 358/358/869
f 358/358/870 359/359/871 360/360/872
f 359/359/873 361/361/874 360/360/875
f 362/362/876 364/363/877 363/364/878
f 363/364/879 364/363/880 365/365/881
f 364/363/882 366/366/883 365/365/884
f 365/365/885 366/366/886 367/367/887
f 366/366/888 368/368/889 367/367/890
f 367/367/891 368/368/892 369/369/893
f 368/368/894 370/370/895 369/369/896
f 369/369/897 370/370/898 371/371/899
f 370/370/900 372/372/901 371/371/902
f 371/371/903 372/372/904 373/373/905
f 374/374/906 376/375/907 375/376/908
f 375/376/909 376/375/910 377/377/911
f 376/375/912 378/378/913 377/377/914
f 377/377/915 378/378/916 379/379/917
f 378/378/918 380/380/919 379/379/920
f 379/379/921 380/380/922 381/381/923
f 380/380/924 382/382/626 381/381/925
f 381/381/926 382/382/625 383/383/623
f 382/382/927 384/384/620 383/383/928
f 383/383/929 384/384/930 385/385/931
f 386/386/932 388/387/933 387/388/934
f 387/388/935 388/387/936 389/389/937
f 388/387/938 390/390/939 389/389/940
f 389/389/941 390/390/942 391/391/943
f 390/390/944 392/392/945 391/391/946
f 391/391/947 392/392/948 393/393/949
f 392/392/950 394/394/951 393/393/952
f 393/393/953 394/394/954 395/395/955
f 394/394/956 396/396/957 395/395/958
f 395/395/959 396/396/960 397/397/961
f 398/398/962 400/399/963 399/400/964
f 399/400/965 400/399/966 401/401/967
f 400/399/968 402/402/969 401/401/970
f 401/401/971 402/402/972 403/403/973
f 402/402/974 404/404/975 403/403/976
f 403/403/977 404/404/978 405/405/979
f 404/404/980 406/406/981 405/405/982
f 405/405/983 406/406/984 407/407/985
f 406/406/986 408/408/987 407/407/988
f 407/407/989 408/408/990 409/409/991
f 410/410/992 412/411/993 411/412/994
f 411/412/995 412/411/996 413/413/997
f 412/411/998 414/414/999 413/413/1000
f 413/413/1001 414/414/1002 415/415/1003
f 414/414/1004 416/416/1005 415/415/1006
f 415/415/1007 416/416/1008 417/417/1009
f 416/416/1010 418/418/1011 417/417/1012
f 417/417/1013 418/418/1014 419/419/1015
f 418/418/1016 420/420/1017 419/419/1018
f 419/419/1019 420/420/1020 421/421/1021
f 422/422/1022 424/423/1023 423/424/1024
f 423/424/1025 424/423/1026 425/425/881
f 424/423/1027 426/426/1028 425/425/1029
f 425/425/885 426/426/886 427/427/1030
f 426/426/1031 428/428/889 427/427/1032
f 427/427/891 428/428/892 429/429/1033
f 428/428/1034 430/430/895 429/429/1035
f 429/429/1036 430/430/1037 431/431/1038
f 430/430/900 432/432/901 431/431/1039
f 431/431/903 432/432/904 433/433/905
f 434/434/932 436/435/1040 435/436/934
f 435/436/1041 436/435/936 437/437/937
f 436/435/938 438/438/939 437/437/940
f 437/437/1042 438/438/1043 439/439/943
f 438/438/1044 440/440/1045 439/439/946
f 439/439/947 440/440/1046 441/441/1047
f 440/440/950 442/442/1048 441/441/952
f 441/441/953 442/442/954 443/443/1049
f 442/442/956 444/444/1050 443/443/1051
f 443/443/1052 444/444/1053 445/445/1054
f 446/446/962 448/447/1055 447/448/1056
f 447/448/1057 448/447/1058 449/449/1059
f 448/447/1060 450/450/1061 449/449/1062
f 449/449/1063 450/450/972 451/451/1064
f 450/450/1065 452/452/975 451/451/976
f 451/451/1066 452/452/1067 453/453/1068
f 452/452/1069 454/454/1070 453/453/1071
f 453/453/1072 454/454/1073 455/455/985
f 454/454/986 456/456/987 455/455/988
f 455/455/989 456/456/1074 457/457/991
f 458/458/1075 460/459/1076 459/460/1077
f 459/460/1078 460/459/1079 461/461/1080
f 460/459/1081 462/462/1082 461/461/1083
f 461/461/1084 462/462/1085 463/463/1086
f 462/462/1087 464/464/1088 463/463/1089
f 463/463/1090 464/464/1091 465/465/1092
f 464/464/1093 466/466/1094 465/465/588
f 465/465/585 466/466/586 467/467/584
f 466/466/583 468/468/581 467/467/1095
f 467/467/1096 468/468/580 469/469/578
f 470/470/992 472/471/993 471/472/994
f 471/472/1097 472/471/996 473/473/997
f 472/471/1098 474/474/1099 473/473/1100
f 473/473/1101 474/474/1102 475/475/1103
f 474/474/1004 476/476/1005 475/475/1104
f 475/475/1007 476/476/1008 477/477/1009
f 476/476/1010 478/478/1105 477/477/1012
f 477/477/1013 478/478/1014 479/479/1106
f 478/478/1016 480/480/1107 479/479/1108
f 479/479/1109 480/480/1110 481/481/1111
f 482/482/1112 484/483/1113 483/484/1114
f 483/484/1115 484/483/1116 485/485/1117
f 484/483/1118 486/486/1119 485/485/1120
f 485/485/1121 486/486/1122 487/487/1123
f 486/486/1124 488/488/1125 487/487/1126
f 487/487/1127 488/488/1128 489/489/1129
f 488/488/1130 490/490/1131 489/489/1132
f 489/489/1133 490/490/1134 491/491/1135
f 490/490/1136 492/492/1137 491/491/1138
f 493/493/1139 495/494/1140 494/495/1141
f 494/495/1142 495/494/869 496/496/1143
f 495/494/1144 497/497/1145 496/496/1146
f 496/496/1147 497/497/863 498/498/1148
f 497/497/860 499/499/1149 498/498/1150
f 498/498/856 499/499/857 500/500/855
f 499/499/1151 501/501/1152 500/500/1153
f 500/500/850 501/501/851 502/502/1154
f 501/501/1155 503/503/1156 502/502/1157
f 504/504/1158 506/505/1159 505/506/1160
f 505/506/1161 506/505/1162 507/507/1163
f 506/505/1164 508/508/1165 507/507/1166
f 507/507/1167 508/508/1168 509/509/1169
f 508/508/1170 510/510/1171 509/509/1172
f 509/509/1173 510/510/1174 511/511/1175
f 510/510/1176 512/512/1177 511/511/1178
f 511/511/1179 512/512/1180 513/513/1181
f 512/512/1182 514/514/1183 513/513/1184
f 515/515/1185 517/516/751 516/517/1186
f 516/517/1187 517/516/750 518/518/1188
f 517/516/747 519/519/1189 518/518/1190
f 518/518/1191 519/519/744 520/520/1192
f 519/519/741 521/521/1193 520/520/1194
f 520/520/1195 521/521/738 522/522/1196
f 521/521/735 523/523/1197 522/522/734
f 522/522/1198 523/523/1199 524/524/1200
f 523/523/1201 525/525/1202 524/524/1203
f 526/526/1112 528/527/1113 527/528/1114
f 527/528/1115 528/527/1116 529/529/1204
f 528/527/1205 530/530/1206 529/529/1120
f 529/529/1121 530/530/1207 531/531/1208
f 530/530/1124 532/532/1125 531/531/1209
f 531/531/1127 532/532/1128 533/533/1210
f 532/532/1130 534/534/1211 533/533/1132
f 533/533/1133 534/534/1212 535/535/1213
f 534/534/1214 536/536/1215 535/535/1216
f 537/537/1158 539/538/1159 538/539/1160
f 538/539/1161 539/538/1162 540/540/1163
f 539/538/1217 541/541/1165 540/540/1218
f 540/540/1219 541/541/1220 542/542/1221
f 541/541/1222 543/543/1223 542/542/1224
f 542/542/1173 543/543/1174 544/544/1225
f 543/543/1226 545/545/1227 544/544/1178
f 544/544/1179 545/545/1228 546/546/1229
f 545/545/1230 547/547/1231 546/546/1232
f 548/548/1233 550/549/1234 549/550/1235
f 549/550/1236 550/549/1237 551/551/1238
f 550/549/1239 552/552/332 551/551/333
f 551/551/330 552/552/331 553/553/1240
f 552/552/1241 554/554/1242 553/553/1243
f 553/553/1244 554/554/1245 555/555/1246
f 556/556/1247 558/557/1248 557/558/1249
f 557/558/1250 558/557/1251 559/559/1252
f 558/557/1253 560/560/1254 559/559/1255
f 559/559/1256 560/560/1257 561/561/1258
f 560/560/1259 562/562/1260 561/561/1261
f 561/561/1262 562/562/1263 563/563/1264
f 564/564/449 566/565/450 565/566/451
f 565/566/452 566/565/1265 567/567/454
f 566/565/1266 568/568/1267 567/567/457
f 567/567/1268 568/568/1269 569/569/1270
f 568/568/461 570/570/1271 569/569/1272
f 569/569/1273 570/570/1274 571/571/1275
f 572/572/1276 574/573/1277 573/574/1278
f 573/574/1279 574/573/1280 575/575/1281
f 574/573/1282 576/576/1283 575/575/1284
f 575/575/1285 576/576/1286 577/577/1287
f 576/576/1288 578/578/1289 577/577/1290
f 579/579/1291 581/580/1292 580/581/1293
f 580/581/1294 581/580/1295 582/582/1296
f 581/580/1297 583/583/1298 582/582/1299
f 582/582/1300 583/583/1301 584/584/1302
f 583/583/1303 585/585/1304 584/584/1305
f 586/586/1306 588/587/1307 587/588/1308
f 587/588/1309 588/587/1310 589/589/1311
f 588/587/1312 590/590/1313 589/589/1314
f 589/589/1315 590/590/1316 591/591/1317
f 590/590/1318 592/592/1319 591/591/1320
f 593/593/1321 595/594/1322 594/595/1323
f 594/595/1324 595/594/1325 596/596/1326
f 595/594/1327 597/597/1328 596/596/1329
f 596/596/1330 597/597/1331 598/598/1332
f 597/597/1333 599/599/1334 598/598/1335
f 600/600/1336 602/601/1337 601/602/1338
f 601/602/1339 602/601/1340 603/603/1341
f 602/601/1342 604/604/1343 603/603/1342
f 603/603/1344 604/604/1345 605/605/1346
f 604/604/1347 606/606/1348 605/605/1349
f 607/607/1350 609/608/1351 608/609/1352
f 608/609/1353 609/608/1354 610/610/1355
f 609/608/1356 611/611/1357 610/610/1358
f 610/610/1359 611/611/1360 612/612/1361
f 611/611/1362 613/613/1363 612/612/1364
f 614/614/1365 616/615/1366 615/616/1367
f 615/616/1368 616/615/1369 617/617/1370
f 616/615/1371 618/618/1372 617/617/1373
f 617/617/1374 618/618/1375 619/619/1376
f 618/618/1377 620/620/1378 619/619/1379
f 621/621/1380 623/622/1381 622/623/1382
f 622/623/1383 623/622/1384 624/624/1385
f 623/622/1386 625/625/1387 624/624/1388
f 624/624/1389 625/625/1390 626/626/1391
f 625/625/1392 627/627/1393 626/626/1394
f 628/628/1395 630/629/1396 629/630/1397
f 629/630/1398 630/629/1399 631/631/1400
f 630/629/1401 632/632/1402 631/631/1403
f 631/631/1404 632/632/1405 633/633/1406
f 632/632/1407 634/634/1408 633/633/1409
f 635/635/1410 637/636/1411 636/637/1412
f 636/637/1413 637/636/1414 638/638/1415
f 637/636/1416 639/639/1417 638/638/1418
f 638/638/1419 639/639/1420 640/640/1421
f 639/639/1422 641/641/1423 640/640/1424
f 642/642/1425 644/643/533 643/644/1426
f 643/644/1427 644/643/532 645/645/1428
f 644/643/529 646/646/1429 645/645/528
f 645/645/525 646/646/1430 647/647/1431
f 646/646/1432 648/648/1433 647/647/1434
f 649/649/1435 651/650/1436 650/651/1437
f 650/651/1438 651/650/1439 652/652/1440
f 651/650/1441 653/653/1442 652/652/1443
f 652/652/1444 653/653/1445 654/654/1446
f 653/653/1447 655/655/1448 654/654/1449
f 656/656/1450 658/657/1451 657/658/1452
f 657/658/1453 658/657/1454 659/659/1455
f 658/657/1456 660/660/1457 659/659/1458
f 659/659/1459 660/660/1460 661/661/1461
f 660/660/1462 662/662/1463 661/661/1464
f 663/663/1465 665/664/1466 664/665/1467
f 664/665/1468 665/664/1469 666/666/1470
f 665/664/1471 667/667/1472 666/666/92
f 666/666/1473 667/667/1474 668/668/1475
f 667/667/1476 669/669/1477 668/668/1478
f 670/670/1479 672/671/1480 671/672/1481
f 671/672/1482 672/671/1483 673/673/1484
f 672/671/1485 674/674/1486 673/673/1487
f 673/673/1488 674/674/1489 675/675/1490
f 674/674/1491 676/676/1492 675/675/1493
f 677/677/1494 679/678/1495 678/679/1496
f 678/679/1497 679/678/1498 680/680/1499
f 679/678/1500 681/681/1501 680/680/1502
f 680/680/1503 681/681/1504 682/682/1505
f 681/681/1506 683/683/1507 682/682/1508
f 684/684/1509 686/685/1510 685/686/1511
f 685/686/1512 686/685/1513 687/687/1514
f 686/685/1515 688/688/1516 687/687/1517
f 687/687/1518 688/688/1519 689/689/1520
f 688/688/1521 690/690/1522 689/689/1523
f 691/691/1524 693/692/1525 692/693/1526
f 692/693/1527 693/692/1528 694/694/1529
f 693/692/1530 695/695/1531 694/694/1532
f 694/694/1533 695/695/1534 696/696/1535
f 695/695/1536 697/697/1537 696/696/1538
f 698/698/1539 700/699/1540 699/700/1541
f 699/700/1542 700/699/1543 701/701/1544
f 700/699/1545 702/702/1546 701/701/1547
f 701/701/1548 702/702/1549 703/703/1550
f 702/702/1551 704/704/1321 703/703/1552
f 705/705/1553 707/706/1554 706/707/1555
f 706/707/1556 707/706/1557 708/708/1558
f 707/706/1559 709/709/1560 708/708/1561
f 708/708/1562 709/709/1563 710/710/1564
f 709/709/1565 711/711/1566 710/710/1567
f 712/712/1568 714/713/1569 713/714/1570
f 713/714/1571 714/713/1572 715/715/1573
f 714/713/1574 716/716/1575 715/715/1576
f 715/715/1577 716/716/1578 717/717/1579
f 716/716/1580 718/718/1350 717/717/1581
f 719/719/1395 721/720/1582 720/721/1583
f 720/721/1398 721/720/1399 722/722/1400
f 721/720/1401 723/723/1402 722/722/1403
f 722/722/1584 723/723/1585 724/724/1586
f 723/723/1587 725/725/1588 724/724/1589
f 726/726/1590 728/727/1591 727/728/1592
f 727/728/1593 728/727/1594 729/729/1385
f 728/727/1595 730/730/1596 729/729/1597
f 729/729/1598 730/730/1599 731/731/1600
f 730/730/1601 732/732/1602 731/731/1394
f 733/733/1365 735/734/1366 734/735/1367
f 734/735/1368 735/734/1369 736/736/1370
f 735/734/1371 737/737/1372 736/736/1373
f 736/736/1603 737/737/1375 738/738/1604
f 737/737/1377 739/739/1378 738/738/1605
f 740/740/1410 742/741/1411 741/742/1412
f 741/742/1606 742/741/1607 743/743/1608
f 742/741/1609 744/744/1417 743/743/1418
f 743/743/1610 744/744/1611 745/745/1421
f 744/744/1612 746/746/1423 745/745/1424
f 747/747/1613 749/748/1614 748/749/1615
f 748/749/1616 749/748/1617 750/750/1618
f 749/748/1441 751/751/1442 750/750/1619
f 750/750/1620 751/751/1621 752/752/1622
f 751/751/1447 753/753/1623 752/752/1624
f 754/754/1625 756/755/1626 755/756/1627
f 755/756/1628 756/755/1629 757/757/1630
f 756/755/1631 758/758/1632 757/757/1633
f 757/757/1634 758/758/1635 759/759/1636
f 758/758/1637 760/760/1638 759/759/1639
f 761/761/1640 763/762/1641 762/763/1642
f 762/763/1643 763/762/1644 764/764/1645
f 763/762/1646 765/765/1647 764/764/1648
f 764/764/1649 765/765/1650 766/766/1651
f 765/765/1652 767/767/1653 766/766/1654
f 768/768/1655 770/769/1656 769/770/1657
f 769/770/1658 770/769/1659 771/771/1660
f 770/769/1661 772/772/1662 771/771/1663
f 771/771/1664 772/772/1665 773/773/1666
f 774/774/1667 776/775/1668 775/776/1669
f 775/776/1670 776/775/1671 777/777/1672
f 776/775/1673 778/778/1674 777/777/1675
f 777/777/1676 778/778/1677 779/779/1678
f 780/780/1679 782/781/1680 781/782/1681
f 781/782/1682 782/781/1683 783/783/1684
f 782/781/1685 784/784/1686 783/783/1687
f 783/783/1688 784/784/1689 785/785/1690
f 786/786/1691 788/787/1692 787/788/1693
f 787/788/1694 788/787/1695 789/789/1696
f 788/787/1697 790/790/1698 789/789/1699
f 789/789/1700 790/790/1701 791/791/1702
f 792/792/1703 794/793/1704 793/794/1705
f 793/794/1706 794/793/1707 795/795/1708
f 794/793/1709 796/796/1710 795/795/1711
f 795/795/1712 796/796/1713 797/797/1714
f 798/798/1715 800/799/1716 799/800/1717
f 799/800/1718 800/799/1719 801/801/1720
f 800/799/1721 802/802/1722 801/801/1723
f 801/801/1724 802/802/1725 803/803/1726
f 804/804/1727 806/805/1728 805/806/1729
f 805/806/1730 806/805/1731 807/807/1732
f 806/805/1733 808/808/1734 807/807/1735
f 807/807/1736 808/808/1737 809/809/1738
f 810/810/1739 812/811/1740 811/812/1741
f 811/812/1742 812/811/1743 813/813/1744
f 812/811/1745 814/814/1746 813/813/1747
f 813/813/1748 814/814/1749 815/815/1750
f 816/816/1751 818/817/1752 817/818/1753
f 817/818/1754 818/817/1648 819/819/1755
f 818/817/1756 820/820/1757 819/819/1644
f 819/819/1758 820/820/1759 821/821/1760
f 822/822/1761 824/823/1762 823/824/1763
f 823/824/1764 824/823/1765 825/825/1766
f 824/823/1767 826/826/1768 825/825/1769
f 825/825/1770 826/826/1771 827/827/1772
f 828/828/1773 830/829/1774 829/830/1775
f 829/830/1776 830/829/1777 831/831/1778
f 830/829/1779 832/832/1780 831/831/1781
f 831/831/1782 832/832/1783 833/833/1784
f 834/834/1785 836/835/1786 835/836/1787
f 835/836/1788 836/835/1789 837/837/1790
f 836/835/1791 838/838/1792 837/837/1793
f 837/837/1794 838/838/1795 839/839/1796
f 840/840/1703 842/841/1797 841/842/1798
f 841/842/1799 842/841/1800 843/843/1708
f 842/841/1709 844/844/1710 843/843/1711
f 843/843/1801 844/844/1802 845/845/1714
f 846/846/1803 848/847/1804 847/848/1805
f 847/848/1718 848/847/1806 849/849/1720
f 848/847/1807 850/850/1808 849/849/1809
f 849/849/1724 850/850/1810 851/851/1726
f 852/852/1811 854/853/1812 853/854/1813
f 853/854/1814 854/853/1815 855/855/1816
f 854/853/1817 856/856/1818 855/855/1819
f 855/855/1820 856/856/1821 857/857/1822
f 858/858/1655 860/859/1656 859/860/1657
f 859/860/1658 860/859/1659 861/861/1823
f 860/859/1661 862/862/1824 861/861/1825
f 861/861/1826 862/862/1665 863/863/1666
f 864/864/1827 866/865/1828 865/866/1829
f 865/866/1830 866/865/1831 867/867/1832
f 866/865/1833 868/868/1834 867/867/1835
f 867/867/1836 868/868/1837 869/869/1838
f 870/870/1839 872/871/1840 871/872/1763
f 871/872/1841 872/871/1765 873/873/1842
f 872/871/1767 874/874/1843 873/873/1844
f 873/873/1845 874/874/1846 875/875/1847
f 876/876/1727 878/877/1848 877/878/1849
f 877/878/1850 878/877/1851 879/879/1852
f 878/877/1853 880/880/1854 879/879/1855
f 879/879/1856 880/880/1857 881/881/1858
f 882/882/1739 884/883/1859 883/884/1860
f 883/884/1861 884/883/1862 885/885/1863
f 884/883/1745 886/886/1746 885/885/1864
f 885/885/1748 886/886/1865 887/887/1750
f 888/888/1866 890/889/1867 889/890/1868
f 889/890/1869 890/889/1870 891/891/1871
f 890/889/1872 892/892/1873 891/891/1874
f 893/893/1875 895/894/1876 894/895/1877
f 894/895/1878 895/894/1879 896/896/1880
f 895/894/1881 897/897/1882 896/896/1883
f 898/898/1884 900/899/1885 899/900/1886
f 899/900/1887 900/899/1888 901/901/1889
f 900/899/1890 902/902/1891 901/901/1892
f 903/903/1893 905/904/1894 904/905/1895
f 904/905/1896 905/904/1897 906/906/1898
f 905/904/1899 907/907/1900 906/906/1901
f 908/908/1902 910/909/1903 909/910/1904
f 909/910/1905 910/909/1906 911/911/1907
f 910/909/1908 912/912/1909 911/911/1910
f 913/913/1911 915/914/1912 914/915/1913
f 914/915/1914 915/914/1915 916/916/1916
f 915/914/1917 917/917/1918 916/916/1919
f 918/918/1920 920/919/1921 919/920/1922
f 919/920/1923 920/919/1924 921/921/1925
f 920/919/1926 922/922/1927 921/921/1928
f 923/923/1929 925/924/1930 924/925/1931
f 924/925/1932 925/924/1502 926/926/1933
f 925/924/1499 927/927/1934 926/926/1935
f 928/928/1465 930/929/1936 929/930/1937
f 929/930/1938 930/929/1939 931/931/1940
f 930/929/1941 932/932/1942 931/931/1943
f 933/933/1944 935/934/1945 934/935/1946
f 934/935/1947 935/934/1948 936/936/1949
f 935/934/1950 937/937/1951 936/936/1952
f 938/938/1953 940/939/1954 939/940/1955
f 939/940/1956 940/939/1957 941/941/1958
f 940/939/1959 942/942/1960 941/941/1961
f 943/943/1962 945/944/1963 944/945/1964
f 944/945/1965 945/944/1966 946/946/1967
f 945/944/1968 947/947/1969 946/946/1970
f 948/948/1971 950/949/1972 949/950/1973
f 949/950/1974 950/949/1975 951/951/1976
f 950/949/1977 952/952/1978 951/951/1979
f 953/953/1980 955/954/1981 954/955/1940
f 954/955/1943 955/954/1982 956/956/1943
f 955/954/1983 957/957/1233 956/956/1984
f 958/958/1985 960/959/1986 959/960/1987
f 959/960/1988 960/959/1989 961/961/1990
f 960/959/1991 962/962/1992 961/961/1993
f 963/963/1994 965/964/1995 964/965/1996
f 964/965/1997 965/964/1998 966/966/1999
f 965/964/2000 967/967/2001 966/966/2002
f 968/968/2003 970/969/2004 969/970/2005
f 969/970/2006 970/969/2007 971/971/2008
f 970/969/2009 972/972/2010 971/971/2011
f 973/973/2012 975/974/2013 974/975/2014
f 974/975/2015 975/974/2016 976/976/2017
f 975/974/2018 977/977/2019 976/976/2020
f 978/978/2021 980/979/2022 979/980/2023
f 979/980/2024 980/979/2025 981/981/2026
f 980/979/2027 982/982/1882 981/981/2028
f 983/983/2029 985/984/2030 984/985/2031
f 984/985/2032 985/984/2033 986/986/2034
f 985/984/2035 987/987/2036 986/986/2037
f 988/988/2038 990/989/2039 989/990/2040
f 989/990/2041 990/989/2042 991/991/2043
f 990/989/2044 992/992/2045 991/991/2046
f 993/993/2047 995/994/2048 994/995/2049
f 994/995/2050 995/994/2051 996/996/2052
f 995/994/2053 997/997/2054 996/996/2055
f 998/998/2056 1000/999/2057 999/1000/2058
f 999/1000/2059 1000/999/2060 1001/1001/2061
f 1000/999/2062 1002/1002/1978 1001/1001/1979
f 1003/1003/2063 1005/1004/2064 1004/1005/2065
f 1004/1005/2066 1005/1004/2067 1006/1006/2068
f 1005/1004/2069 1007/1007/2070 1006/1006/2071
f 1008/1008/2072 1010/1009/2073 1009/1010/2074
f 1009/1010/2075 1010/1009/2076 1011/1011/2077
f 1012/1012/2078 1014/1013/2079 1013/1014/2080
f 1013/1014/2081 1014/1013/2082 1015/1015/2083
f 1016/1016/2084 1018/1017/2085 1017/1018/2086
f 1017/1018/2087 1018/1017/2088 1019/1019/2089
f 1020/1020/2090 1022/1021/2091 1021/1022/2092
f 1021/1022/2093 1022/1021/2094 1023/1023/2095
f 1024/1024/2096 1026/1025/2097 1025/1026/2098
f 1025/1026/2099 1026/1025/2100 1027/1027/2101
f 1028/1028/2102 1030/1029/2103 1029/1030/2104
f 1029/1030/2105 1030/1029/2106 1031/1031/2107
f 1032/1032/2108 1034/1033/2109 1033/1034/2110
f 1033/1034/2111 1034/1033/2112 1035/1035/1553
f 1036/1036/2113 1038/1037/2114 1037/1038/2115
f 1037/1038/2116 1038/1037/2117 1039/1039/2118
f 1040/1040/2119 1042/1041/2120 1041/1042/2121
f 1041/1042/2122 1042/1041/2123 1043/1043/1524
f 1044/1044/2124 1046/1045/2125 1045/1046/2126
f 1045/1046/2127 1046/1045/2128 1047/1047/1568
f 1048/1048/537 1050/1049/2129 1049/1050/2130
f 1049/1050/2131 1050/1049/2132 1051/1051/2133
f 1052/1052/2134 1054/1053/2135 1053/1054/2136
f 1053/1054/2137 1054/1053/2138 1055/1055/2139
f 1056/1056/2140 1058/1057/2141 1057/1058/2142
f 1057/1058/2143 1058/1057/2144 1059/1059/2145
f 1060/1060/2146 1062/1061/2147 1061/1062/2148
f 1061/1062/2149 1062/1061/2150 1063/1063/2151
f 1064/1064/874 1066/1065/2152 1065/1066/2153
f 1065/1066/2154 1066/1065/2155 1067/1067/2156
f 1068/1068/2157 1070/1069/2158 1069/1070/2159
f 1069/1070/2160 1070/1069/2161 1071/1071/2162
f 1072/1072/2163 1074/1073/2091 1073/1074/2092
f 1073/1074/2093 1074/1073/2164 1075/1075/2095
f 1076/1076/2096 1078/1077/2165 1077/1078/2166
f 1077/1078/2167 1078/1077/2168 1079/1079/2169
f 1080/1080/755 1082/1081/2170 1081/1082/2171
f 1081/1082/2172 1082/1081/2173 1083/1083/2174
f 1084/1084/2175 1086/1085/2176 1085/1086/2177
f 1085/1086/2178 1086/1085/2179 1087/1087/2180
f 1088/1088/2181 1090/1089/2182 1089/1090/2183
f 1089/1090/2184 1090/1089/2185 1091/1091/2186
f 1092/1092/2072 1094/1093/2187 1093/1094/2188
f 1093/1094/2189 1094/1093/2190 1095/1095/2191
f 1096/1096/2192 1098/1097/2193 1097/1098/2194
f 1097/1098/2195 1098/1097/2196 1099/1099/2197
f 1100/1100/2119 1102/1101/2198 1101/1102/2120
f 1101/1102/2199 1102/1101/2200 1103/1103/1348
f 1104/1104/2113 1106/1105/2201 1105/1106/2114
f 1105/1106/2202 1106/1105/2203 1107/1107/2204
f 1108/1108/2108 1110/1109/2205 1109/1110/2109
f 1109/1110/2206 1110/1109/2207 1111/1111/1319
f 1112/1112/2124 1114/1113/2208 1113/1114/2125
f 1113/1114/2209 1114/1113/2210 1115/1115/2211
f 1116/1116/2157 1118/1117/2212 1117/1118/2213
f 1117/1118/2214 1118/1117/2215 1119/1119/2216
f 1120/1120/2217 1122/1121/2218 1121/1122/2219
f 1121/1122/2220 1122/1121/2221 1123/1123/2222
f 1124/1124/2223 1126/1125/2224 1125/1126/2225
f 1125/1126/2226 1126/1125/2227 1127/1127/2228
f 1128/1128/2134 1130/1129/2135 1129/1130/2136
f 1129/1130/2137 1130/1129/2138 1131/1131/2229
f 1132/1132/2140 1134/1133/2230 1133/1134/2231
f 1133/1134/2232 1134/1133/2233 1135/1135/2234
f 1136/1136/2235 1138/1137/2235 1137/1138/2235
f 1139/1139/2236 1141/1140/2236 1140/1141/2236
f 1142/1142/2237 1144/1143/2237 1143/1144/2237
f 1145/1145/2238 1147/1146/2238 1146/1147/2238
f 1148/1148/2239 1150/1149/2239 1149/1150/2239
f 1151/1151/2240 1153/1152/2240 1152/1153/2240
f 1154/1154/2241 1156/1155/2241 1155/1156/2241
f 1157/1157/2242 1159/1158/2242 1158/1159/2242
f 1160/1160/2243 1162/1161/2243 1161/1162/2243
f 1163/1163/2244 1165/1164/2244 1164/1165/2244
f 1166/1166/2245 1168/1167/2246 1167/1168/2247
f 1169/1169/2248 1171/1170/2248 1170/1171/2248
f 1172/1172/2249 1174/1173/2249 1173/1174/2249
f 1175/1175/2250 1177/1176/2250 1176/1177/2250
f 1178/1178/2174 1180/1179/2174 1179/1180/2174
f 1181/1181/2251 1183/1182/2251 1182/1183/2251
f 1184/1184/1321 1186/1185/1321 1185/1186/1321
f 1187/1187/2252 1189/1188/2252 1188/1189/2252
f 1190/1190/1350 1192/1191/1350 1191/1192/1350
f 1193/1193/2253 1195/1194/2253 1194/1195/2253
f 1196/1196/2254 1198/1197/2254 1197/1198/2254
f 1199/1199/2255 1201/1200/2255 1200/1201/2255
f 1202/1202/2256 1204/1203/2256 1203/1204/2256
f 1205/1205/2257 1207/1206/2257 1206/1207/2257
f 1208/1208/2258 1210/1209/2258 1209/1210/2258
f 1211/1211/2259 1213/1212/2259 1212/1213/2259
f 1214/1214/2260 1216/1215/2260 1215/1216/2260
f 1217/1217/2261 1219/1218/2261 1218/1219/2261
f 1220/1220/2262 1222/1221/2262 1221/1222/2262
f 1223/1223/2263 1225/1224/2263 1224/1225/2263
f 1226/1226/2264 1228/1227/2264 1227/1228/2264
f 1229/1229/2265 1231/1230/2265 1230/1231/2265
f 1232/1232/2249 1234/1233/2249 1233/1234/2249
f 1235/1235/2266 1237/1236/2266 1236/1237/2266
f 1238/1238/2267 1240/1239/2267 1239/1240/2267
f 1241/1241/2268 1243/1242/2268 1242/1243/2268
f 1244/1244/2269 1246/1245/2269 1245/1246/2269
f 1247/1247/2270 1249/1248/2270 1248/1249/2270
f 1250/1250/2236 1252/1251/2236 1251/1252/2236
f 1253/1253/2238 1255/1254/2238 1254/1255/2238
f 1256/1256/2239 1258/1257/2239 1257/1258/2239
f 1259/1259/2240 1261/1260/2240 1260/1261/2240
f 1262/1262/2271 1264/1263/2271 1263/1264/2271
f 1265/1265/2272 1267/1266/2272 1266/1267/2272
f 1268/1268/1321 1270/1269/1321 1269/1270/1321
f 1271/1271/2273 1273/1272/2273 1272/1273/2273
f 1274/1274/1350 1276/1275/1350 1275/1276/1350
f 1277/1277/2255 1279/1278/2255 1278/1279/2255
f 1280/1280/2274 1282/1281/2274 1281/1282/2274
f 1283/1283/2253 1285/1284/2253 1284/1285/2253
f 1286/1286/2256 1288/1287/2256 1287/1288/2256
f 1289/1289/2275 1291/1290/2275 1290/1291/2275
f 1292/1292/2276 1294/1293/2276 1293/1294/2276
f 1295/1295/2261 1297/1296/2261 1296/1297/2261
f 1298/1298/2262 1300/1299/2262 1299/1300/2262
f 1301/1301/2264 1303/1302/2264 1302/1303/2264
f 1304/1304/2133 1306/1305/2133 1305/1306/2133
f 1307/1307/2257 1309/1308/2257 1308/1309/2257
f 1310/1310/2277 1312/1311/2277 1311/1312/2277
f 1313/1313/2156 1315/1314/2156 1314/1315/2156
f 1316/1316/2278 1318/1317/2278 1317/1318/2278
f 1319/1319/2279 1321/1320/2279 1320/1321/2279
