# Blender v3.6.3 OBJ File: 'untitled.blend'
# www.blender.org
mtllib Mesh_0141.mtl
o Mesh_0141_Mesh.011
v 18.303724 29.917988 -3.084991
v 17.867014 29.917988 -2.817657
v 18.269243 29.469244 -3.150200
v 17.824617 29.469244 -2.878036
v 18.158194 28.993679 -3.331604
v 17.713568 28.993679 -3.059441
v 17.991232 28.620121 -3.604362
v 17.546606 28.620121 -3.332184
v 17.651152 28.216211 -4.159920
v 17.206530 28.216211 -3.887749
v 17.880171 29.917988 -2.305786
v 18.330046 29.917988 -2.061249
v 17.840937 29.469244 -2.243324
v 18.298960 29.469244 -1.994347
v 17.739359 28.993679 -2.056442
v 18.197378 28.993679 -1.807472
v 17.586626 28.620121 -1.775467
v 18.044649 28.620123 -1.526505
v 17.275545 28.213264 -1.203163
v 17.733568 28.213264 -0.954208
v 18.766760 29.917988 -2.328575
v 18.753599 29.917988 -2.840454
v 18.840475 29.469244 -2.325836
v 18.827085 29.469244 -2.846977
v 19.053110 28.993679 -2.331299
v 19.039705 28.993679 -2.852448
v 19.372801 28.620121 -2.339523
v 19.359400 28.620121 -2.860657
v 20.023962 28.213266 -2.356262
v 20.010569 28.213266 -2.877411
v 19.616579 28.159569 -3.796478
v 19.216009 28.159569 -4.115417
v 19.704233 27.494543 -3.902481
v 19.317091 27.494541 -4.210724
v 19.922426 26.904118 -4.196503
v 19.553202 26.904118 -4.490479
v 20.285021 26.440357 -4.665932
v 19.927034 26.440359 -4.950974
v 21.009851 26.184841 -5.526237
v 20.623140 26.184847 -5.834389
v 16.538374 28.159569 -2.818359
v 16.526716 28.159569 -2.306458
v 16.484018 27.494543 -2.822800
v 16.484243 27.494543 -2.345284
v 16.116739 26.904116 -2.831497
v 16.105993 26.904116 -2.348167
v 15.523226 26.440357 -2.827637
v 15.518530 26.440357 -2.352913
v 14.408472 26.141495 -2.829849
v 14.406645 26.141499 -2.352348
v 19.157984 28.159571 -0.979095
v 19.566618 28.159571 -1.283470
v 19.221582 27.494545 -0.934547
v 19.615675 27.494541 -1.229813
v 19.424791 26.904121 -0.630676
v 19.824671 26.904118 -0.881363
v 19.733686 26.440359 -0.119339
v 20.106997 26.440357 -0.376816
v 20.323133 26.141497 0.840454
v 20.679556 26.141497 0.560417
v 20.100523 28.159569 -2.363754
v 20.087362 28.159569 -2.875633
v 20.227190 27.494543 -2.383163
v 20.214472 27.494543 -2.877869
v 20.592009 26.904119 -2.368088
v 20.579882 26.904116 -2.876282
v 21.183287 26.440357 -2.367683
v 21.171526 26.440357 -2.885765
v 22.312952 26.183319 -2.392815
v 22.302233 26.183323 -2.882278
v 17.608900 28.159571 -4.220764
v 17.172186 28.159569 -3.953438
v 17.563597 27.494545 -4.318810
v 17.141523 27.494543 -4.060448
v 17.361750 26.904118 -4.625572
v 16.959215 26.904114 -4.379158
v 17.045443 26.440359 -5.128601
v 16.655153 26.440363 -4.889694
v 16.489664 26.184692 -6.134918
v 16.050859 26.184694 -5.806175
v 17.257360 28.159571 -1.135040
v 17.707235 28.159571 -0.890503
v 17.219069 27.494549 -1.044250
v 17.653860 27.494545 -0.807915
v 17.053350 26.904121 -0.717537
v 17.468016 26.904118 -0.492134
v 16.775846 26.440359 -0.194977
v 17.177896 26.440359 0.023567
v 16.171965 26.189285 0.791176
v 16.583185 26.204599 1.044136
v 17.867014 29.917988 -2.817657
v 18.269243 29.469244 -3.150200
v 17.824617 29.469244 -2.878036
v 18.158194 28.993679 -3.331604
v 17.713568 28.993679 -3.059441
v 17.991232 28.620121 -3.604362
v 17.546606 28.620121 -3.332184
v 17.651152 28.216211 -4.159920
v 17.206526 28.216211 -3.887749
v 18.330046 29.917988 -2.061249
v 17.840937 29.469244 -2.243324
v 18.298960 29.469244 -1.994347
v 17.739359 28.993679 -2.056442
v 18.197378 28.993679 -1.807472
v 17.586626 28.620121 -1.775467
v 18.044649 28.620123 -1.526505
v 17.275545 28.213268 -1.203163
v 17.733568 28.213268 -0.954208
v 18.753599 29.917988 -2.840454
v 18.840475 29.469244 -2.325836
v 18.827085 29.469244 -2.846977
v 19.053110 28.993679 -2.331299
v 19.039705 28.993679 -2.852448
v 19.372801 28.620121 -2.339523
v 19.359400 28.620121 -2.860657
v 20.023962 28.213266 -2.356262
v 20.010569 28.213266 -2.877411
v 19.216009 28.159569 -4.115417
v 19.704233 27.494543 -3.902481
v 19.317091 27.494545 -4.210724
v 19.922426 26.904121 -4.196503
v 19.553202 26.904118 -4.490479
v 20.285021 26.440359 -4.665932
v 19.927034 26.440359 -4.950974
v 21.009851 26.184841 -5.526237
v 20.623140 26.184841 -5.834389
v 16.526716 28.159569 -2.306458
v 16.484018 27.494543 -2.822800
v 16.484243 27.494543 -2.345284
v 16.116739 26.904116 -2.831497
v 16.105993 26.904116 -2.348167
v 15.523226 26.440357 -2.827637
v 15.518530 26.440357 -2.352913
v 14.408472 26.141495 -2.829849
v 14.406645 26.141495 -2.352348
v 19.566618 28.159571 -1.283470
v 19.221582 27.494545 -0.934547
v 19.615675 27.494545 -1.229813
v 19.424791 26.904121 -0.630676
v 19.824671 26.904118 -0.881363
v 19.733686 26.440359 -0.119339
v 20.106997 26.440359 -0.376816
v 20.323133 26.141497 0.840454
v 20.679556 26.141497 0.560417
v 20.087362 28.159569 -2.875633
v 20.227190 27.494543 -2.383163
v 20.214472 27.494543 -2.877869
v 20.592009 26.904119 -2.368088
v 20.579882 26.904116 -2.876282
v 21.183287 26.440357 -2.367683
v 21.171526 26.440357 -2.885765
v 22.312952 26.183315 -2.392815
v 22.302233 26.183315 -2.882278
v 17.172186 28.159569 -3.953438
v 17.563597 27.494545 -4.318810
v 17.141523 27.494543 -4.060448
v 17.361750 26.904118 -4.625572
v 16.959215 26.904118 -4.379158
v 17.045443 26.440359 -5.128601
v 16.655153 26.440359 -4.889687
v 16.489664 26.184687 -6.134918
v 16.050859 26.184687 -5.806168
v 17.707235 28.159571 -0.890503
v 17.219069 27.494545 -1.044250
v 17.653860 27.494545 -0.807915
v 17.053350 26.904121 -0.717537
v 17.468016 26.904118 -0.492134
v 16.775846 26.440359 -0.194977
v 17.177896 26.440359 0.023567
v 16.171965 26.189289 0.791176
v 16.583185 26.204599 1.044136
v 15.139051 26.053185 1.532120
v 14.847433 26.452700 1.651070
v 15.139051 26.452700 1.532120
v 14.934072 26.564840 1.569588
v 15.030722 26.564840 1.523331
v 14.950102 26.564840 1.452774
v 14.890261 26.452700 1.339081
v 15.139051 26.452700 1.532120
v 14.890261 26.053185 1.339081
v 15.139051 26.053185 1.532120
v 17.236212 26.053185 2.512558
v 17.025057 26.452700 2.746246
v 17.236208 26.452700 2.512558
v 17.067766 26.564840 2.635239
v 17.134768 26.564840 2.551628
v 17.031530 26.564840 2.523026
v 16.928270 26.452700 2.446571
v 17.236208 26.452700 2.512558
v 16.928270 26.053185 2.446571
v 17.236212 26.053185 2.512558
v 19.551062 26.053185 2.485970
v 19.462206 26.452700 2.788124
v 19.551062 26.452700 2.485970
v 19.452528 26.564840 2.669586
v 19.476622 26.564840 2.565186
v 19.371195 26.564840 2.584213
v 19.244989 26.452700 2.560135
v 19.551062 26.452700 2.485970
v 19.244989 26.053185 2.560135
v 19.551062 26.053185 2.485970
v 21.625143 26.053185 1.457680
v 21.676199 26.452700 1.768440
v 21.625143 26.452700 1.457680
v 21.616026 26.564840 1.665848
v 21.592455 26.564840 1.561333
v 21.505716 26.564840 1.624229
v 21.381559 26.452700 1.657272
v 21.625143 26.452700 1.457680
v 21.381559 26.053185 1.657272
v 21.625143 26.053185 1.457680
v 23.047674 26.053185 -0.368713
v 23.228495 26.452700 -0.110855
v 23.047674 26.452700 -0.368713
v 23.129789 26.564840 -0.177200
v 23.063189 26.564840 -0.261124
v 23.012342 26.564840 -0.166840
v 22.914801 26.452700 -0.083183
v 23.047674 26.452700 -0.368713
v 22.914801 26.053185 -0.083183
v 23.047674 26.053185 -0.368713
v 23.536901 26.053183 -2.631432
v 23.811705 26.452698 -2.477562
v 23.536901 26.452698 -2.631432
v 23.693975 26.564838 -2.494514
v 23.597559 26.564838 -2.541229
v 23.592653 26.564838 -2.434219
v 23.541063 26.452698 -2.316536
v 23.536901 26.452698 -2.631432
v 23.541063 26.053183 -2.316536
v 23.536901 26.053183 -2.631432
v 22.995932 26.053185 -4.882347
v 23.310278 26.452700 -4.862961
v 22.995932 26.452700 -4.882347
v 23.196875 26.564840 -4.827141
v 23.089735 26.564840 -4.827400
v 23.131716 26.564840 -4.728851
v 23.136320 26.452700 -4.600449
v 22.995932 26.452700 -4.882347
v 23.136320 26.053185 -4.600449
v 22.995932 26.053185 -4.882347
v 21.531900 26.053185 -6.675629
v 21.823545 26.452700 -6.794563
v 21.531900 26.452700 -6.675629
v 21.736906 26.564840 -6.713074
v 21.640257 26.564840 -6.666824
v 21.720854 26.564840 -6.596260
v 21.780718 26.452700 -6.482574
v 21.531900 26.452700 -6.675629
v 21.780718 26.053185 -6.482574
v 21.531900 26.053185 -6.675629
v 19.434793 26.053185 -7.656124
v 19.645956 26.452700 -7.889809
v 19.434793 26.452700 -7.656124
v 19.603239 26.564840 -7.778805
v 19.536242 26.564840 -7.695217
v 19.639471 26.564840 -7.666588
v 19.742731 26.452700 -7.590134
v 19.434793 26.452700 -7.656124
v 19.742731 26.053185 -7.590134
v 19.434793 26.053185 -7.656124
v 17.119944 26.053185 -7.629627
v 17.208803 26.452700 -7.931789
v 17.119944 26.452700 -7.629627
v 17.218477 26.564840 -7.813248
v 17.194387 26.564840 -7.708858
v 17.299810 26.564840 -7.727882
v 17.426020 26.452700 -7.703773
v 17.119944 26.452700 -7.629627
v 17.426020 26.053185 -7.703773
v 17.119944 26.053185 -7.629627
v 15.045835 26.053185 -6.601395
v 14.994780 26.452700 -6.912193
v 15.045835 26.452700 -6.601395
v 15.054926 26.564840 -6.809570
v 15.078524 26.564840 -6.705078
v 15.165266 26.564840 -6.767937
v 15.289419 26.452700 -6.801010
v 15.045835 26.452700 -6.601395
v 15.289419 26.053185 -6.800987
v 15.045835 26.053185 -6.601395
v 13.623228 26.053185 -4.775070
v 13.442408 26.452700 -5.032936
v 13.623228 26.452700 -4.775070
v 13.541113 26.564840 -4.966591
v 13.607710 26.564840 -4.882660
v 13.658590 26.564840 -4.976936
v 13.756098 26.452700 -5.060593
v 13.623228 26.452700 -4.775070
v 13.756098 26.053185 -5.060593
v 13.623228 26.053185 -4.775070
v 13.133924 26.053183 -2.512360
v 12.859121 26.452698 -2.666237
v 13.133924 26.452698 -2.512360
v 12.976851 26.564838 -2.649292
v 13.073271 26.564838 -2.602562
v 13.078173 26.564838 -2.709579
v 13.129759 26.452698 -2.827263
v 13.133924 26.452698 -2.512360
v 13.129759 26.053183 -2.827263
v 13.133924 26.053183 -2.512360
v 13.674818 26.053185 -0.261429
v 13.360468 26.452700 -0.280830
v 13.674818 26.452700 -0.261429
v 13.473875 26.564840 -0.316643
v 13.581015 26.564840 -0.316383
v 13.539030 26.564840 -0.414932
v 13.534430 26.452700 -0.543335
v 13.674818 26.452700 -0.261429
v 13.534430 26.053185 -0.543335
v 13.674818 26.053185 -0.261429
v 16.167681 28.052357 -1.293846
v 15.853327 28.451847 -1.313248
v 16.167681 28.451847 -1.293846
v 15.966745 28.564014 -1.349060
v 16.073885 28.564014 -1.348793
v 16.031885 28.564014 -1.447350
v 16.027296 28.451847 -1.575745
v 16.167681 28.451847 -1.293846
v 16.027296 28.052357 -1.575745
v 16.167681 28.052357 -1.293846
v 17.982981 28.052357 -0.080208
v 17.771811 28.451847 0.153465
v 17.982981 28.451847 -0.080208
v 17.814531 28.564014 0.042465
v 17.881536 28.564014 -0.041138
v 17.778303 28.564014 -0.069748
v 17.675047 28.451847 -0.146217
v 17.982981 28.451847 -0.080208
v 17.675047 28.052357 -0.146217
v 17.982981 28.052357 -0.080208
v 20.063665 28.052357 -0.742760
v 20.114691 28.451847 -0.431969
v 20.063665 28.451847 -0.742760
v 20.054544 28.564014 -0.534576
v 20.030962 28.564014 -0.639091
v 19.944223 28.564014 -0.576225
v 19.820063 28.451847 -0.543167
v 20.063665 28.451847 -0.742760
v 19.820063 28.052357 -0.543167
v 20.063665 28.052357 -0.742760
v 20.842966 28.052355 -2.782585
v 21.117754 28.451845 -2.628708
v 20.842966 28.451845 -2.782585
v 21.000051 28.564013 -2.645653
v 20.903631 28.564013 -2.692383
v 20.898703 28.564013 -2.585373
v 20.847128 28.451845 -2.467690
v 20.842966 28.451845 -2.782585
v 20.847128 28.052355 -2.467690
v 20.842966 28.052355 -2.782585
v 19.734072 28.052357 -4.663704
v 20.025713 28.451847 -4.782600
v 19.734072 28.451847 -4.663704
v 19.939062 28.564014 -4.701134
v 19.842417 28.564014 -4.654884
v 19.923014 28.564014 -4.584312
v 19.982862 28.451847 -4.470612
v 19.734072 28.451847 -4.663704
v 19.982859 28.052357 -4.470612
v 19.734072 28.052357 -4.663704
v 17.571978 28.052357 -4.969604
v 17.660860 28.451847 -5.271751
v 17.571978 28.451847 -4.969604
v 17.670527 28.564014 -5.153206
v 17.646425 28.564014 -5.048820
v 17.751852 28.564014 -5.067825
v 17.878057 28.451847 -5.043724
v 17.571978 28.451847 -4.969604
v 17.878057 28.052357 -5.043724
v 17.571978 28.052357 -4.969604
v 15.984755 28.052355 -3.469948
v 15.803946 28.451845 -3.727829
v 15.984755 28.451845 -3.469948
v 15.902651 28.564013 -3.661476
v 15.969244 28.564013 -3.577553
v 16.020113 28.564013 -3.671822
v 16.117647 28.451845 -3.755470
v 15.984755 28.451845 -3.469948
v 16.117647 28.052355 -3.755470
v 15.984755 28.052355 -3.469948
v 18.766760 29.917988 -2.328575
v 18.766760 30.170055 -2.328575
v 18.753599 29.917988 -2.840454
v 18.753599 30.170055 -2.840454
v 18.303724 29.917988 -3.084991
v 18.303724 30.170055 -3.084991
v 17.867014 29.917988 -2.817657
v 17.867014 30.170055 -2.817657
v 17.880171 29.917988 -2.305786
v 17.880171 30.170055 -2.305786
v 18.330046 29.917988 -2.061249
v 18.330046 30.170055 -2.061249
v 14.890261 26.053185 1.339081
v 14.890261 26.452700 1.339081
v 14.847433 26.053185 1.651070
v 14.847433 26.452700 1.651070
v 14.890261 26.452700 1.339081
v 14.950102 26.564840 1.452774
v 14.847433 26.452700 1.651070
v 14.934072 26.564840 1.569588
v 14.860212 26.650457 1.634636
v 14.934072 26.564840 1.569588
v 14.896482 26.650457 1.370224
v 14.950102 26.564840 1.452774
v 14.860212 26.650457 1.634636
v 15.107302 26.650457 1.533852
v 14.934072 26.564840 1.569588
v 15.030722 26.564840 1.523331
v 14.896482 26.650457 1.370224
v 14.950102 26.564840 1.452774
v 15.107302 26.650457 1.533852
v 15.030722 26.564840 1.523331
v 14.896482 26.650457 1.370224
v 14.897726 27.919794 1.370125
v 14.860212 26.650457 1.634636
v 14.859552 27.912523 1.634079
v 14.860212 26.650457 1.634636
v 14.859552 27.912523 1.634079
v 15.107302 26.650457 1.533852
v 15.107355 27.912504 1.535019
v 15.107302 26.650457 1.533852
v 15.107355 27.912504 1.535019
v 14.896482 26.650457 1.370224
v 14.897726 27.919794 1.370125
v 16.928270 26.053185 2.446571
v 16.928270 26.452700 2.446571
v 17.025057 26.053185 2.746246
v 17.025057 26.452700 2.746246
v 16.928270 26.452700 2.446571
v 17.031530 26.564840 2.523026
v 17.025057 26.452700 2.746246
v 17.067766 26.564840 2.635239
v 17.029436 26.650457 2.725899
v 17.067766 26.564840 2.635239
v 16.947412 26.650457 2.471916
v 17.031530 26.564840 2.523026
v 17.029436 26.650457 2.725899
v 17.208338 26.650457 2.527878
v 17.067766 26.564840 2.635239
v 17.134768 26.564840 2.551628
v 16.947412 26.650457 2.471916
v 17.031530 26.564840 2.523026
v 17.208338 26.650457 2.527878
v 17.134768 26.564840 2.551628
v 16.947412 26.650457 2.471916
v 16.948484 27.919794 2.471313
v 17.029436 26.650457 2.725899
v 17.028601 27.912523 2.725700
v 17.029436 26.650457 2.725899
v 17.028601 27.912523 2.725700
v 17.208338 26.650457 2.527878
v 17.208899 27.912504 2.528915
v 17.208338 26.650457 2.527878
v 17.208899 27.912504 2.528915
v 16.947412 26.650457 2.471916
v 16.948484 27.919794 2.471313
v 19.244989 26.053185 2.560135
v 19.244989 26.452700 2.560135
v 19.462206 26.053185 2.788124
v 19.462206 26.452700 2.788124
v 19.244989 26.452700 2.560135
v 19.371195 26.564840 2.584213
v 19.462206 26.452700 2.788124
v 19.452528 26.564840 2.669586
v 19.457327 26.650457 2.767906
v 19.452528 26.564840 2.669586
v 19.273230 26.650457 2.574661
v 19.371195 26.564840 2.584213
v 19.457327 26.650457 2.767906
v 19.532598 26.650457 2.511879
v 19.452528 26.564840 2.669586
v 19.476622 26.564840 2.565186
v 19.273230 26.650457 2.574661
v 19.371195 26.564840 2.584213
v 19.532598 26.650457 2.511879
v 19.476622 26.564840 2.565186
v 19.273230 26.650457 2.574661
v 19.273932 27.919794 2.573647
v 19.457327 26.650457 2.767906
v 19.456488 27.912523 2.768082
v 19.457327 26.650457 2.767906
v 19.456488 27.912523 2.768082
v 19.532598 26.650457 2.511879
v 19.533548 27.912504 2.512558
v 19.532598 26.650457 2.511879
v 19.533548 27.912504 2.512558
v 19.273230 26.650457 2.574661
v 19.273932 27.919794 2.573647
v 21.381559 26.053185 1.657272
v 21.381559 26.452700 1.657272
v 21.676199 26.053185 1.768440
v 21.676199 26.452700 1.768440
v 21.381559 26.452700 1.657272
v 21.505716 26.564840 1.624229
v 21.676199 26.452700 1.768440
v 21.616026 26.564840 1.665848
v 21.663015 26.650457 1.752335
v 21.616026 26.564840 1.665848
v 21.413309 26.650457 1.658127
v 21.505716 26.564840 1.624229
v 21.663015 26.650457 1.752335
v 21.619734 26.650457 1.489021
v 21.616026 26.564840 1.665848
v 21.592455 26.564840 1.561333
v 21.413309 26.650457 1.658127
v 21.505716 26.564840 1.624229
v 21.619734 26.650457 1.489021
v 21.592455 26.564840 1.561333
v 21.413309 26.650457 1.658127
v 21.413488 27.919794 1.656883
v 21.663015 26.650457 1.752335
v 21.662329 27.912523 1.752869
v 21.663015 26.650457 1.752335
v 21.662329 27.912523 1.752869
v 21.619734 26.650457 1.489021
v 21.620901 27.912504 1.489227
v 21.619734 26.650457 1.489021
v 21.620901 27.912504 1.489227
v 21.413309 26.650457 1.658127
v 21.413488 27.919794 1.656883
v 22.914801 26.053185 -0.083183
v 22.914801 26.452700 -0.083183
v 23.228495 26.053185 -0.110855
v 23.228495 26.452700 -0.110855
v 22.914801 26.452700 -0.083183
v 23.012342 26.564840 -0.166840
v 23.228495 26.452700 -0.110855
v 23.129789 26.564840 -0.177200
v 23.209646 26.650457 -0.119652
v 23.129789 26.564840 -0.177200
v 22.943785 26.650457 -0.096191
v 23.012342 26.564840 -0.166840
v 23.209646 26.650457 -0.119652
v 23.056410 26.650457 -0.338120
v 23.129789 26.564840 -0.177200
v 23.063189 26.564840 -0.261124
v 22.943785 26.650457 -0.096191
v 23.012342 26.564840 -0.166840
v 23.056410 26.650457 -0.338120
v 23.063189 26.564840 -0.261124
v 22.943785 26.650457 -0.096191
v 22.943434 27.919794 -0.097389
v 23.209646 26.650457 -0.119652
v 23.209265 27.912523 -0.118881
v 23.209646 26.650457 -0.119652
v 23.209265 27.912523 -0.118881
v 23.056410 26.650457 -0.338120
v 23.057531 27.912504 -0.338448
v 23.056410 26.650457 -0.338120
v 23.057531 27.912504 -0.338448
v 22.943785 26.650457 -0.096191
v 22.943434 27.919794 -0.097389
v 23.541063 26.053183 -2.316536
v 23.541063 26.452698 -2.316536
v 23.811705 26.053183 -2.477562
v 23.811705 26.452698 -2.477562
v 23.541063 26.452698 -2.316536
v 23.592653 26.564838 -2.434219
v 23.811705 26.452698 -2.477562
v 23.693975 26.564838 -2.494514
v 23.790903 26.650455 -2.477310
v 23.693975 26.564838 -2.494514
v 23.561541 26.650455 -2.340843
v 23.592653 26.564838 -2.434219
v 23.790903 26.650455 -2.477310
v 23.558035 26.650455 -2.607666
v 23.693975 26.564838 -2.494514
v 23.597559 26.564838 -2.541229
v 23.561541 26.650455 -2.340843
v 23.592653 26.564838 -2.434219
v 23.558035 26.650455 -2.607666
v 23.597559 26.564838 -2.541229
v 23.561541 26.650455 -2.340843
v 23.560705 27.919792 -2.341743
v 23.790903 26.650455 -2.477310
v 23.790880 27.912521 -2.476463
v 23.790903 26.650455 -2.477310
v 23.790880 27.912521 -2.476463
v 23.558035 26.650455 -2.607666
v 23.558920 27.912502 -2.608444
v 23.558035 26.650455 -2.607666
v 23.558920 27.912502 -2.608444
v 23.561541 26.650455 -2.340843
v 23.560705 27.919792 -2.341743
v 23.136320 26.053185 -4.600449
v 23.136320 26.452700 -4.600449
v 23.310278 26.053185 -4.862961
v 23.310278 26.452700 -4.862961
v 23.136320 26.452700 -4.600449
v 23.131716 26.564840 -4.728851
v 23.310278 26.452700 -4.862961
v 23.196875 26.564840 -4.827141
v 23.291643 26.650457 -4.853691
v 23.196875 26.564840 -4.827141
v 23.144217 26.650457 -4.631218
v 23.131716 26.564840 -4.728851
v 23.291643 26.650457 -4.853691
v 23.025297 26.650457 -4.870110
v 23.196875 26.564840 -4.827141
v 23.089735 26.564840 -4.827400
v 23.144217 26.650457 -4.631218
v 23.131716 26.564840 -4.728851
v 23.025297 26.650457 -4.870110
v 23.089735 26.564840 -4.827400
v 23.144217 26.650457 -4.631218
v 23.143072 27.919794 -4.631668
v 23.291643 26.650457 -4.853691
v 23.291994 27.912523 -4.852913
v 23.291643 26.650457 -4.853691
v 23.291994 27.912523 -4.852913
v 23.025297 26.650457 -4.870110
v 23.025751 27.912504 -4.871193
v 23.025297 26.650457 -4.870110
v 23.025751 27.912504 -4.871193
v 23.144217 26.650457 -4.631218
v 23.143072 27.919794 -4.631668
v 21.780718 26.053185 -6.482574
v 21.780718 26.452700 -6.482574
v 21.823545 26.053185 -6.794563
v 21.823545 26.452700 -6.794563
v 21.780718 26.452700 -6.482574
v 21.720854 26.564840 -6.596260
v 21.823545 26.452700 -6.794563
v 21.736906 26.564840 -6.713074
v 21.810766 26.650457 -6.778122
v 21.736906 26.564840 -6.713074
v 21.774473 26.650457 -6.513710
v 21.720854 26.564840 -6.596260
v 21.810766 26.650457 -6.778122
v 21.563677 26.650457 -6.677361
v 21.736906 26.564840 -6.713074
v 21.640257 26.564840 -6.666824
v 21.774473 26.650457 -6.513710
v 21.720854 26.564840 -6.596260
v 21.563677 26.650457 -6.677361
v 21.640257 26.564840 -6.666824
v 21.774473 26.650457 -6.513710
v 21.773226 27.919794 -6.513634
v 21.810766 26.650457 -6.778122
v 21.811426 27.912523 -6.777596
v 21.810766 26.650457 -6.778122
v 21.811426 27.912523 -6.777596
v 21.563677 26.650457 -6.677361
v 21.563601 27.912504 -6.678535
v 21.563677 26.650457 -6.677361
v 21.563601 27.912504 -6.678535
v 21.774473 26.650457 -6.513710
v 21.773226 27.919794 -6.513634
v 19.742731 26.053185 -7.590134
v 19.742731 26.452700 -7.590134
v 19.645956 26.053185 -7.889809
v 19.645956 26.452700 -7.889809
v 19.742731 26.452700 -7.590134
v 19.639471 26.564840 -7.666588
v 19.645956 26.452700 -7.889809
v 19.603239 26.564840 -7.778805
v 19.641581 26.650457 -7.869461
v 19.603239 26.564840 -7.778805
v 19.723593 26.650457 -7.615482
v 19.639471 26.564840 -7.666588
v 19.641581 26.650457 -7.869461
v 19.462671 26.650457 -7.671463
v 19.603239 26.564840 -7.778805
v 19.536242 26.564840 -7.695217
v 19.723593 26.650457 -7.615482
v 19.639471 26.564840 -7.666588
v 19.462671 26.650457 -7.671463
v 19.536242 26.564840 -7.695217
v 19.723593 26.650457 -7.615482
v 19.722517 27.919794 -7.614872
v 19.641581 26.650457 -7.869461
v 19.642408 27.912523 -7.869259
v 19.641581 26.650457 -7.869461
v 19.642408 27.912523 -7.869259
v 19.462671 26.650457 -7.671463
v 19.462107 27.912504 -7.672478
v 19.462671 26.650457 -7.671463
v 19.462107 27.912504 -7.672478
v 19.723593 26.650457 -7.615482
v 19.722517 27.919794 -7.614872
v 17.426020 26.053185 -7.703773
v 17.426020 26.452700 -7.703773
v 17.208803 26.053185 -7.931789
v 17.208803 26.452700 -7.931789
v 17.426020 26.452700 -7.703773
v 17.299810 26.564840 -7.727882
v 17.208803 26.452700 -7.931789
v 17.218477 26.564840 -7.813248
v 17.213690 26.650457 -7.911549
v 17.218477 26.564840 -7.813248
v 17.397772 26.650457 -7.718327
v 17.299810 26.564840 -7.727882
v 17.213690 26.650457 -7.911549
v 17.138411 26.650457 -7.655540
v 17.218477 26.564840 -7.813248
v 17.194387 26.564840 -7.708858
v 17.397772 26.650457 -7.718327
v 17.299810 26.564840 -7.727882
v 17.138411 26.650457 -7.655540
v 17.194387 26.564840 -7.708858
v 17.397772 26.650457 -7.718327
v 17.397074 27.919794 -7.717289
v 17.213690 26.650457 -7.911549
v 17.214521 27.912523 -7.911747
v 17.213690 26.650457 -7.911549
v 17.214521 27.912523 -7.911747
v 17.138411 26.650457 -7.655540
v 17.137453 27.912504 -7.656227
v 17.138411 26.650457 -7.655540
v 17.137453 27.912504 -7.656227
v 17.397772 26.650457 -7.718327
v 17.397074 27.919794 -7.717289
v 15.289419 26.053185 -6.800987
v 15.289419 26.452700 -6.801010
v 14.994780 26.053185 -6.912193
v 14.994780 26.452700 -6.912193
v 15.289419 26.452700 -6.801010
v 15.165266 26.564840 -6.767937
v 14.994780 26.452700 -6.912193
v 15.054926 26.564840 -6.809570
v 15.007963 26.650457 -6.896088
v 15.054926 26.564840 -6.809570
v 15.257669 26.650457 -6.801857
v 15.165266 26.564840 -6.767937
v 15.007963 26.650457 -6.896088
v 15.051218 26.650457 -6.632736
v 15.054926 26.564840 -6.809570
v 15.078524 26.564840 -6.705078
v 15.257669 26.650457 -6.801857
v 15.165266 26.564840 -6.767937
v 15.051218 26.650457 -6.632736
v 15.078524 26.564840 -6.705078
v 15.257669 26.650457 -6.801857
v 15.257467 27.919794 -6.800629
v 15.007963 26.650457 -6.896088
v 15.008646 27.912523 -6.896591
v 15.007963 26.650457 -6.896088
v 15.008646 27.912523 -6.896591
v 15.051218 26.650457 -6.632736
v 15.050077 27.912504 -6.632942
v 15.051218 26.650457 -6.632736
v 15.050077 27.912504 -6.632942
v 15.257669 26.650457 -6.801857
v 15.257467 27.919794 -6.800629
v 13.756098 26.053185 -5.060593
v 13.756098 26.452700 -5.060593
v 13.442408 26.053185 -5.032936
v 13.442408 26.452700 -5.032936
v 13.756098 26.452700 -5.060593
v 13.658590 26.564840 -4.976936
v 13.442408 26.452700 -5.032936
v 13.541113 26.564840 -4.966591
v 13.461279 26.650457 -5.024139
v 13.541113 26.564840 -4.966591
v 13.727118 26.650457 -5.047577
v 13.658590 26.564840 -4.976936
v 13.461279 26.650457 -5.024139
v 13.614492 26.650457 -4.805649
v 13.541113 26.564840 -4.966591
v 13.607710 26.564840 -4.882660
v 13.727118 26.650457 -5.047577
v 13.658590 26.564840 -4.976936
v 13.614492 26.650457 -4.805649
v 13.607710 26.564840 -4.882660
v 13.727118 26.650457 -5.047577
v 13.727499 27.919794 -5.046394
v 13.461279 26.650457 -5.024139
v 13.461637 27.912523 -5.024902
v 13.461279 26.650457 -5.024139
v 13.461637 27.912523 -5.024902
v 13.614492 26.650457 -4.805649
v 13.613379 27.912504 -4.805336
v 13.614492 26.650457 -4.805649
v 13.613379 27.912504 -4.805336
v 13.727118 26.650457 -5.047577
v 13.727499 27.919794 -5.046394
v 13.129759 26.053183 -2.827263
v 13.129759 26.452698 -2.827263
v 12.859121 26.053183 -2.666237
v 12.859121 26.452698 -2.666237
v 13.129759 26.452698 -2.827263
v 13.078173 26.564838 -2.709579
v 12.859121 26.452698 -2.666237
v 12.976851 26.564838 -2.649292
v 12.879927 26.650455 -2.666496
v 12.976851 26.564838 -2.649292
v 13.109285 26.650455 -2.802963
v 13.078173 26.564838 -2.709579
v 12.879927 26.650455 -2.666496
v 13.112791 26.650455 -2.536125
v 12.976851 26.564838 -2.649292
v 13.073271 26.564838 -2.602562
v 13.109285 26.650455 -2.802963
v 13.078173 26.564838 -2.709579
v 13.112791 26.650455 -2.536125
v 13.073271 26.564838 -2.602562
v 13.109285 26.650455 -2.802963
v 13.110128 27.919792 -2.802048
v 12.879927 26.650455 -2.666496
v 12.879953 27.912521 -2.667351
v 12.879927 26.650455 -2.666496
v 12.879953 27.912521 -2.667351
v 13.112791 26.650455 -2.536125
v 13.111902 27.912502 -2.535347
v 13.112791 26.650455 -2.536125
v 13.111902 27.912502 -2.535347
v 13.109285 26.650455 -2.802963
v 13.110128 27.919792 -2.802048
v 13.534430 26.053185 -0.543335
v 13.534430 26.452700 -0.543335
v 13.360468 26.053185 -0.280830
v 13.360468 26.452700 -0.280830
v 13.534430 26.452700 -0.543335
v 13.539030 26.564840 -0.414932
v 13.360468 26.452700 -0.280830
v 13.473875 26.564840 -0.316643
v 13.379110 26.650457 -0.290100
v 13.473875 26.564840 -0.316643
v 13.526533 26.650457 -0.512566
v 13.539030 26.564840 -0.414932
v 13.379110 26.650457 -0.290100
v 13.645452 26.650457 -0.273666
v 13.473875 26.564840 -0.316643
v 13.581015 26.564840 -0.316383
v 13.526533 26.650457 -0.512566
v 13.539030 26.564840 -0.414932
v 13.645452 26.650457 -0.273666
v 13.581015 26.564840 -0.316383
v 13.526533 26.650457 -0.512566
v 13.527700 27.919794 -0.512115
v 13.379110 26.650457 -0.290100
v 13.378729 27.912523 -0.290871
v 13.379110 26.650457 -0.290100
v 13.378729 27.912523 -0.290871
v 13.645452 26.650457 -0.273666
v 13.645002 27.912504 -0.272583
v 13.645452 26.650457 -0.273666
v 13.645002 27.912504 -0.272583
v 13.526533 26.650457 -0.512566
v 13.527700 27.919794 -0.512115
v 16.027296 28.052357 -1.575745
v 16.027296 28.451847 -1.575745
v 15.853327 28.052357 -1.313248
v 15.853327 28.451847 -1.313248
v 16.027296 28.451847 -1.575745
v 16.031885 28.564014 -1.447350
v 15.853327 28.451847 -1.313248
v 15.966745 28.564014 -1.349060
v 15.871965 28.649612 -1.322517
v 15.966745 28.564014 -1.349060
v 16.019396 28.649612 -1.544968
v 16.031885 28.564014 -1.447350
v 15.871965 28.649612 -1.322517
v 16.138319 28.649612 -1.306076
v 15.966745 28.564014 -1.349060
v 16.073885 28.564014 -1.348793
v 16.019396 28.649612 -1.544968
v 16.031885 28.564014 -1.447350
v 16.138319 28.649612 -1.306076
v 16.073885 28.564014 -1.348793
v 16.019396 28.649612 -1.544968
v 16.020552 29.918951 -1.544525
v 15.871965 28.649612 -1.322517
v 15.871599 29.911688 -1.323288
v 15.871965 28.649612 -1.322517
v 15.871599 29.911688 -1.323288
v 16.138319 28.649612 -1.306076
v 16.137869 29.911663 -1.305000
v 16.138319 28.649612 -1.306076
v 16.137869 29.911663 -1.305000
v 16.019396 28.649612 -1.544968
v 16.020552 29.918951 -1.544525
v 17.675047 28.052357 -0.146217
v 17.675047 28.451847 -0.146217
v 17.771811 28.052357 0.153465
v 17.771811 28.451847 0.153465
v 17.675047 28.451847 -0.146217
v 17.778303 28.564014 -0.069748
v 17.771811 28.451847 0.153465
v 17.814531 28.564014 0.042465
v 17.776190 28.649612 0.133110
v 17.814531 28.564014 0.042465
v 17.694185 28.649612 -0.120865
v 17.778303 28.564014 -0.069748
v 17.776190 28.649612 0.133110
v 17.955107 28.649612 -0.064888
v 17.814531 28.564014 0.042465
v 17.881536 28.564014 -0.041138
v 17.694185 28.649612 -0.120865
v 17.778303 28.564014 -0.069748
v 17.955107 28.649612 -0.064888
v 17.881536 28.564014 -0.041138
v 17.694185 28.649612 -0.120865
v 17.695261 29.918951 -0.121483
v 17.776190 28.649612 0.133110
v 17.775358 29.911688 0.132912
v 17.776190 28.649612 0.133110
v 17.775358 29.911688 0.132912
v 17.955107 28.649612 -0.064888
v 17.955671 29.911663 -0.063858
v 17.955107 28.649612 -0.064888
v 17.955671 29.911663 -0.063858
v 17.694185 28.649612 -0.120865
v 17.695261 29.918951 -0.121483
v 19.820063 28.052357 -0.543167
v 19.820063 28.451847 -0.543167
v 20.114691 28.052357 -0.431969
v 20.114691 28.451847 -0.431969
v 19.820063 28.451847 -0.543167
v 19.944223 28.564014 -0.576225
v 20.114691 28.451847 -0.431969
v 20.054544 28.564014 -0.534576
v 20.101515 28.649612 -0.448090
v 20.054544 28.564014 -0.534576
v 19.851820 28.649612 -0.542320
v 19.944223 28.564014 -0.576225
v 20.101515 28.649612 -0.448090
v 20.058264 28.649612 -0.711418
v 20.054544 28.564014 -0.534576
v 20.030962 28.564014 -0.639091
v 19.851820 28.649612 -0.542320
v 19.944223 28.564014 -0.576225
v 20.058264 28.649612 -0.711418
v 20.030962 28.564014 -0.639091
v 19.851820 28.649612 -0.542320
v 19.852003 29.918951 -0.543541
v 20.101515 28.649612 -0.448090
v 20.100840 29.911688 -0.447548
v 20.101515 28.649612 -0.448090
v 20.100840 29.911688 -0.447548
v 20.058264 28.649612 -0.711418
v 20.059420 29.911663 -0.711220
v 20.058264 28.649612 -0.711418
v 20.059420 29.911663 -0.711220
v 19.851820 28.649612 -0.542320
v 19.852003 29.918951 -0.543541
v 20.847128 28.052355 -2.467690
v 20.847128 28.451845 -2.467690
v 21.117754 28.052355 -2.628708
v 21.117754 28.451845 -2.628708
v 20.847128 28.451845 -2.467690
v 20.898703 28.564013 -2.585373
v 21.117754 28.451845 -2.628708
v 21.000051 28.564013 -2.645653
v 21.096952 28.649611 -2.628448
v 21.000051 28.564013 -2.645653
v 20.867594 28.649611 -2.491997
v 20.898703 28.564013 -2.585373
v 21.096952 28.649611 -2.628448
v 20.864107 28.649611 -2.758827
v 21.000051 28.564013 -2.645653
v 20.903631 28.564013 -2.692383
v 20.867594 28.649611 -2.491997
v 20.898703 28.564013 -2.585373
v 20.864107 28.649611 -2.758827
v 20.903631 28.564013 -2.692383
v 20.867594 28.649611 -2.491997
v 20.866751 29.918949 -2.492897
v 21.096952 28.649611 -2.628448
v 21.096952 29.911686 -2.627594
v 21.096952 28.649611 -2.628448
v 21.096952 29.911686 -2.627594
v 20.864107 28.649611 -2.758827
v 20.864988 29.911661 -2.759598
v 20.864107 28.649611 -2.758827
v 20.864988 29.911661 -2.759598
v 20.867594 28.649611 -2.491997
v 20.866751 29.918949 -2.492897
v 19.982859 28.052357 -4.470612
v 19.982862 28.451847 -4.470612
v 20.025713 28.052357 -4.782600
v 20.025713 28.451847 -4.782600
v 19.982862 28.451847 -4.470612
v 19.923014 28.564014 -4.584312
v 20.025713 28.451847 -4.782600
v 19.939062 28.564014 -4.701134
v 20.012941 28.649612 -4.766167
v 19.939062 28.564014 -4.701134
v 19.976622 28.649612 -4.501770
v 19.923014 28.564014 -4.584312
v 20.012941 28.649612 -4.766167
v 19.765833 28.649612 -4.665413
v 19.939062 28.564014 -4.701134
v 19.842417 28.564014 -4.654884
v 19.976622 28.649612 -4.501770
v 19.923014 28.564014 -4.584312
v 19.765833 28.649612 -4.665413
v 19.842417 28.564014 -4.654884
v 19.976622 28.649612 -4.501770
v 19.975386 29.918951 -4.501671
v 20.012941 28.649612 -4.766167
v 20.013605 29.911688 -4.765625
v 20.012941 28.649612 -4.766167
v 20.013605 29.911688 -4.765625
v 19.765833 28.649612 -4.665413
v 19.765772 29.911663 -4.666580
v 19.765833 28.649612 -4.665413
v 19.765772 29.911663 -4.666580
v 19.976622 28.649612 -4.501770
v 19.975386 29.918951 -4.501671
v 17.878057 28.052357 -5.043724
v 17.878057 28.451847 -5.043724
v 17.660860 28.052357 -5.271751
v 17.660860 28.451847 -5.271751
v 17.878057 28.451847 -5.043724
v 17.751852 28.564014 -5.067825
v 17.660860 28.451847 -5.271751
v 17.670527 28.564014 -5.153206
v 17.665743 28.649612 -5.251511
v 17.670527 28.564014 -5.153206
v 17.849817 28.649612 -5.058266
v 17.751852 28.564014 -5.067825
v 17.665743 28.649612 -5.251511
v 17.590445 28.649612 -4.995506
v 17.670527 28.564014 -5.153206
v 17.646425 28.564014 -5.048820
v 17.849817 28.649612 -5.058266
v 17.751852 28.564014 -5.067825
v 17.590445 28.649612 -4.995506
v 17.646425 28.564014 -5.048820
v 17.849817 28.649612 -5.058266
v 17.849112 29.918951 -5.057251
v 17.665743 28.649612 -5.251511
v 17.666578 29.911688 -5.251717
v 17.665743 28.649612 -5.251511
v 17.666578 29.911688 -5.251717
v 17.590445 28.649612 -4.995506
v 17.589491 29.911663 -4.996185
v 17.590445 28.649612 -4.995506
v 17.589491 29.911663 -4.996185
v 17.849817 28.649612 -5.058266
v 17.849112 29.918951 -5.057251
v 16.117647 28.052355 -3.755470
v 16.117647 28.451845 -3.755470
v 15.803946 28.052355 -3.727829
v 15.803946 28.451845 -3.727829
v 16.117647 28.451845 -3.755470
v 16.020113 28.564013 -3.671822
v 15.803946 28.451845 -3.727829
v 15.902651 28.564013 -3.661476
v 15.822809 28.649611 -3.719040
v 15.902651 28.564013 -3.661476
v 16.088663 28.649611 -3.742462
v 16.020113 28.564013 -3.671822
v 15.822809 28.649611 -3.719040
v 15.976019 28.649611 -3.500534
v 15.902651 28.564013 -3.661476
v 15.969244 28.564013 -3.577553
v 16.088663 28.649611 -3.742462
v 16.020113 28.564013 -3.671822
v 15.976019 28.649611 -3.500534
v 15.969244 28.564013 -3.577553
v 16.088663 28.649611 -3.742462
v 16.089029 29.918949 -3.741272
v 15.822809 28.649611 -3.719040
v 15.823187 29.911686 -3.719803
v 15.822809 28.649611 -3.719040
v 15.823187 29.911686 -3.719803
v 15.976019 28.649611 -3.500534
v 15.974890 29.911661 -3.500221
v 15.976019 28.649611 -3.500534
v 15.974890 29.911661 -3.500221
v 16.088663 28.649611 -3.742462
v 16.089029 29.918949 -3.741272
v 18.269243 29.469244 -3.150200
v 17.867014 29.917988 -2.817657
v 18.303724 29.917988 -3.084991
v 17.840937 29.469244 -2.243324
v 18.330046 29.917988 -2.061249
v 17.880171 29.917988 -2.305786
v 18.840475 29.469244 -2.325836
v 18.753599 29.917988 -2.840454
v 18.766760 29.917988 -2.328575
v 19.704233 27.494543 -3.902481
v 19.216009 28.159569 -4.115417
v 19.616579 28.159569 -3.796478
v 16.484018 27.494543 -2.822800
v 16.526716 28.159569 -2.306458
v 16.538370 28.159569 -2.818359
v 19.221582 27.494545 -0.934547
v 19.566618 28.159571 -1.283470
v 19.157984 28.159571 -0.979095
v 20.227190 27.494543 -2.383163
v 20.087362 28.159569 -2.875633
v 20.100523 28.159569 -2.363754
v 17.563597 27.494545 -4.318810
v 17.172186 28.159569 -3.953438
v 17.608900 28.159571 -4.220764
v 14.847433 26.452700 1.651070
v 15.139051 26.053185 1.532120
v 14.847433 26.053185 1.651070
v 15.030722 26.564840 1.523331
v 14.950102 26.564840 1.452774
v 15.139051 26.452700 1.532120
v 17.025057 26.452700 2.746246
v 17.236212 26.053185 2.512558
v 17.025057 26.053185 2.746246
v 17.134768 26.564840 2.551628
v 17.031530 26.564840 2.523026
v 17.236208 26.452700 2.512558
v 19.462206 26.452700 2.788124
v 19.551062 26.053185 2.485970
v 19.462206 26.053185 2.788124
v 19.476622 26.564840 2.565186
v 19.371195 26.564840 2.584213
v 19.551062 26.452700 2.485970
v 21.676199 26.452700 1.768440
v 21.625143 26.053185 1.457680
v 21.676199 26.053185 1.768440
v 21.592455 26.564840 1.561333
v 21.505716 26.564840 1.624229
v 21.625143 26.452700 1.457680
v 23.228495 26.452700 -0.110855
v 23.047674 26.053185 -0.368713
v 23.228495 26.053185 -0.110855
v 23.063189 26.564840 -0.261124
v 23.012342 26.564840 -0.166840
v 23.047674 26.452700 -0.368713
v 23.811705 26.452698 -2.477562
v 23.536901 26.053183 -2.631432
v 23.811705 26.053183 -2.477562
v 23.597559 26.564838 -2.541229
v 23.592653 26.564838 -2.434219
v 23.536901 26.452698 -2.631432
v 23.310278 26.452700 -4.862961
v 22.995932 26.053185 -4.882347
v 23.310278 26.053185 -4.862961
v 23.089735 26.564840 -4.827400
v 23.131716 26.564840 -4.728851
v 22.995932 26.452700 -4.882347
v 21.823545 26.452700 -6.794563
v 21.531900 26.053185 -6.675629
v 21.823545 26.053185 -6.794563
v 21.640257 26.564840 -6.666824
v 21.720854 26.564840 -6.596260
v 21.531900 26.452700 -6.675629
v 19.645956 26.452700 -7.889809
v 19.434793 26.053185 -7.656124
v 19.645956 26.053185 -7.889809
v 19.536242 26.564840 -7.695217
v 19.639471 26.564840 -7.666588
v 19.434793 26.452700 -7.656124
v 17.208803 26.452700 -7.931789
v 17.119944 26.053185 -7.629627
v 17.208803 26.053185 -7.931789
v 17.194387 26.564840 -7.708858
v 17.299810 26.564840 -7.727882
v 17.119944 26.452700 -7.629627
v 14.994780 26.452700 -6.912193
v 15.045835 26.053185 -6.601395
v 14.994780 26.053185 -6.912193
v 15.078524 26.564840 -6.705078
v 15.165266 26.564840 -6.767937
v 15.045835 26.452700 -6.601395
v 13.442408 26.452700 -5.032936
v 13.623228 26.053185 -4.775070
v 13.442408 26.053185 -5.032936
v 13.607710 26.564840 -4.882660
v 13.658590 26.564840 -4.976936
v 13.623228 26.452700 -4.775070
v 12.859121 26.452698 -2.666237
v 13.133924 26.053183 -2.512360
v 12.859121 26.053183 -2.666237
v 13.073271 26.564838 -2.602562
v 13.078173 26.564838 -2.709579
v 13.133924 26.452698 -2.512360
v 13.360468 26.452700 -0.280830
v 13.674818 26.053185 -0.261429
v 13.360468 26.053185 -0.280830
v 13.581015 26.564840 -0.316383
v 13.539030 26.564840 -0.414932
v 13.674818 26.452700 -0.261429
v 15.853327 28.451847 -1.313248
v 16.167681 28.052357 -1.293846
v 15.853327 28.052357 -1.313248
v 16.073885 28.564014 -1.348793
v 16.031885 28.564014 -1.447350
v 16.167681 28.451847 -1.293846
v 17.771811 28.451847 0.153465
v 17.982981 28.052357 -0.080208
v 17.771811 28.052357 0.153465
v 17.881536 28.564014 -0.041138
v 17.778303 28.564014 -0.069748
v 17.982981 28.451847 -0.080208
v 20.114691 28.451847 -0.431969
v 20.063665 28.052357 -0.742760
v 20.114691 28.052357 -0.431969
v 20.030962 28.564014 -0.639091
v 19.944223 28.564014 -0.576225
v 20.063665 28.451847 -0.742760
v 21.117754 28.451845 -2.628708
v 20.842966 28.052355 -2.782585
v 21.117754 28.052355 -2.628708
v 20.903631 28.564013 -2.692383
v 20.898703 28.564013 -2.585373
v 20.842966 28.451845 -2.782585
v 20.025713 28.451847 -4.782600
v 19.734072 28.052357 -4.663704
v 20.025713 28.052357 -4.782600
v 19.842417 28.564014 -4.654884
v 19.923014 28.564014 -4.584312
v 19.734072 28.451847 -4.663704
v 17.660860 28.451847 -5.271751
v 17.571978 28.052357 -4.969604
v 17.660860 28.052357 -5.271751
v 17.646425 28.564014 -5.048820
v 17.751852 28.564014 -5.067825
v 17.571978 28.451847 -4.969604
v 15.803946 28.451845 -3.727829
v 15.984755 28.052355 -3.469948
v 15.803946 28.052355 -3.727829
v 15.969244 28.564013 -3.577553
v 16.020113 28.564013 -3.671822
v 15.984755 28.451845 -3.469948
v 17.219069 27.494545 -1.044250
v 17.707235 28.159571 -0.890503
v 17.257360 28.159571 -1.135040
vt 2.498047 1.862305
vt 2.498047 1.633789
vt 1.999023 1.862305
vt 1.999023 1.633789
vt 2.498047 1.390625
vt 1.999023 1.390625
vt 2.498047 1.200195
vt 1.999023 1.200195
vt 2.498047 0.999023
vt 1.999023 0.999023
vt 1.999023 1.867188
vt 1.999023 1.638672
vt 2.498047 1.867188
vt 2.498047 1.638672
vt 1.999023 1.395508
vt 2.498047 1.395508
vt 1.999023 1.205078
vt 2.498047 1.205078
vt 1.999023 0.997070
vt 2.498047 0.997070
vt 1.999023 1.864258
vt 1.999023 1.635742
vt 2.498047 1.864258
vt 2.498047 1.635742
vt 1.999023 1.392578
vt 2.498047 1.392578
vt 1.999023 1.202148
vt 2.498047 1.202148
vt 1.999023 0.994141
vt 2.498047 0.994141
vt -1.997070 -1.152344
vt -1.997070 -1.347656
vt -1.747070 -1.152344
vt -1.747070 -1.347656
vt -1.997070 -1.515625
vt -1.747070 -1.515625
vt -1.997070 -1.651367
vt -1.747070 -1.651367
vt -1.997070 -1.846680
vt -1.747070 -1.846680
vt -1.997070 -1.152344
vt -1.997070 -1.347656
vt -1.747070 -1.152344
vt -1.747070 -1.347656
vt -1.997070 -1.515625
vt -1.747070 -1.515625
vt -1.997070 -1.651367
vt -1.747070 -1.651367
vt -1.997070 -1.846680
vt -1.747070 -1.846680
vt -1.997070 -1.152344
vt -1.997070 -1.347656
vt -1.747070 -1.152344
vt -1.747070 -1.347656
vt -1.997070 -1.515625
vt -1.747070 -1.515625
vt -1.997070 -1.651367
vt -1.747070 -1.651367
vt -1.997070 -1.846680
vt -1.747070 -1.846680
vt -1.997070 -1.152344
vt -1.997070 -1.347656
vt -1.747070 -1.152344
vt -1.747070 -1.347656
vt -1.997070 -1.515625
vt -1.747070 -1.515625
vt -1.997070 -1.651367
vt -1.747070 -1.651367
vt -1.997070 -1.846680
vt -1.747070 -1.846680
vt -1.997070 -1.152344
vt -1.997070 -1.347656
vt -1.747070 -1.152344
vt -1.747070 -1.347656
vt -1.997070 -1.515625
vt -1.747070 -1.515625
vt -1.997070 -1.651367
vt -1.747070 -1.651367
vt -1.997070 -1.846680
vt -1.747070 -1.846680
vt -1.997070 -1.152344
vt -1.997070 -1.347656
vt -1.747070 -1.152344
vt -1.747070 -1.347656
vt -1.997070 -1.515625
vt -1.747070 -1.515625
vt -1.997070 -1.651367
vt -1.747070 -1.651367
vt -1.997070 -1.846680
vt -1.747070 -1.846680
vt 1.999023 1.862305
vt 1.999023 1.633789
vt 2.498047 1.633789
vt 2.498047 1.390625
vt 1.999023 1.390625
vt 2.498047 1.200195
vt 1.999023 1.200195
vt 2.498047 0.999023
vt 1.999023 0.999023
vt 2.498047 1.867188
vt 2.498047 1.638672
vt 1.999023 1.638672
vt 1.999023 1.395508
vt 2.498047 1.395508
vt 1.999023 1.205078
vt 2.498047 1.205078
vt 1.999023 0.997070
vt 2.498047 0.997070
vt 2.498047 1.864258
vt 2.498047 1.635742
vt 1.999023 1.635742
vt 1.999023 1.392578
vt 2.498047 1.392578
vt 1.999023 1.202148
vt 2.498047 1.202148
vt 1.999023 0.994141
vt 2.498047 0.994141
vt -1.747070 -1.152344
vt -1.747070 -1.347656
vt -1.997070 -1.347656
vt -1.997070 -1.515625
vt -1.747070 -1.515625
vt -1.997070 -1.651367
vt -1.747070 -1.651367
vt -1.997070 -1.846680
vt -1.747070 -1.846680
vt -1.747070 -1.152344
vt -1.747070 -1.347656
vt -1.997070 -1.347656
vt -1.997070 -1.515625
vt -1.747070 -1.515625
vt -1.997070 -1.651367
vt -1.747070 -1.651367
vt -1.997070 -1.846680
vt -1.747070 -1.846680
vt -1.747070 -1.152344
vt -1.747070 -1.347656
vt -1.997070 -1.347656
vt -1.997070 -1.515625
vt -1.747070 -1.515625
vt -1.997070 -1.651367
vt -1.747070 -1.651367
vt -1.997070 -1.846680
vt -1.747070 -1.846680
vt -1.747070 -1.152344
vt -1.747070 -1.347656
vt -1.997070 -1.347656
vt -1.997070 -1.515625
vt -1.747070 -1.515625
vt -1.997070 -1.651367
vt -1.747070 -1.651367
vt -1.997070 -1.846680
vt -1.747070 -1.846680
vt -1.747070 -1.152344
vt -1.747070 -1.347656
vt -1.997070 -1.347656
vt -1.997070 -1.515625
vt -1.747070 -1.515625
vt -1.997070 -1.651367
vt -1.747070 -1.651367
vt -1.997070 -1.846680
vt -1.747070 -1.846680
vt -1.747070 -1.152344
vt -1.747070 -1.347656
vt -1.997070 -1.347656
vt -1.997070 -1.515625
vt -1.747070 -1.515625
vt -1.997070 -1.651367
vt -1.747070 -1.651367
vt -1.997070 -1.846680
vt -1.747070 -1.846680
vt 1.861328 -2.988281
vt 1.861328 -2.807617
vt 1.664062 -2.807617
vt 1.735352 -2.729492
vt 1.802734 -2.729492
vt 1.777344 -2.729492
vt 1.861328 -2.807617
vt 1.775391 -2.807617
vt 1.775391 -2.988281
vt 1.861328 -2.988281
vt 1.861328 -2.988281
vt 1.861328 -2.807617
vt 1.664062 -2.807617
vt 1.735352 -2.729492
vt 1.802734 -2.729492
vt 1.777344 -2.729492
vt 1.861328 -2.807617
vt 1.775391 -2.807617
vt 1.775391 -2.988281
vt 1.861328 -2.988281
vt 1.861328 -2.988281
vt 1.861328 -2.807617
vt 1.664062 -2.807617
vt 1.735352 -2.729492
vt 1.802734 -2.729492
vt 1.777344 -2.729492
vt 1.861328 -2.807617
vt 1.775391 -2.807617
vt 1.775391 -2.988281
vt 1.861328 -2.988281
vt 1.861328 -2.988281
vt 1.861328 -2.807617
vt 1.664062 -2.807617
vt 1.735352 -2.729492
vt 1.802734 -2.729492
vt 1.777344 -2.729492
vt 1.861328 -2.807617
vt 1.775391 -2.807617
vt 1.775391 -2.988281
vt 1.861328 -2.988281
vt 1.861328 -2.988281
vt 1.861328 -2.807617
vt 1.664062 -2.807617
vt 1.735352 -2.729492
vt 1.802734 -2.729492
vt 1.777344 -2.729492
vt 1.861328 -2.807617
vt 1.775391 -2.807617
vt 1.775391 -2.988281
vt 1.861328 -2.988281
vt 1.861328 -2.988281
vt 1.861328 -2.807617
vt 1.664062 -2.807617
vt 1.735352 -2.729492
vt 1.802734 -2.729492
vt 1.777344 -2.729492
vt 1.861328 -2.807617
vt 1.775391 -2.807617
vt 1.775391 -2.988281
vt 1.861328 -2.988281
vt 1.861328 -2.988281
vt 1.861328 -2.807617
vt 1.664062 -2.807617
vt 1.735352 -2.729492
vt 1.802734 -2.729492
vt 1.777344 -2.729492
vt 1.861328 -2.807617
vt 1.775391 -2.807617
vt 1.775391 -2.988281
vt 1.861328 -2.988281
vt 1.861328 -2.988281
vt 1.861328 -2.807617
vt 1.664062 -2.807617
vt 1.735352 -2.729492
vt 1.802734 -2.729492
vt 1.777344 -2.729492
vt 1.861328 -2.807617
vt 1.775391 -2.807617
vt 1.775391 -2.988281
vt 1.861328 -2.988281
vt 1.861328 -2.988281
vt 1.861328 -2.807617
vt 1.664062 -2.807617
vt 1.735352 -2.729492
vt 1.802734 -2.729492
vt 1.777344 -2.729492
vt 1.861328 -2.807617
vt 1.775391 -2.807617
vt 1.775391 -2.988281
vt 1.861328 -2.988281
vt 1.861328 -2.988281
vt 1.861328 -2.807617
vt 1.664062 -2.807617
vt 1.735352 -2.729492
vt 1.802734 -2.729492
vt 1.777344 -2.729492
vt 1.861328 -2.807617
vt 1.775391 -2.807617
vt 1.775391 -2.988281
vt 1.861328 -2.988281
vt 1.861328 -2.988281
vt 1.861328 -2.807617
vt 1.664062 -2.807617
vt 1.735352 -2.729492
vt 1.802734 -2.729492
vt 1.777344 -2.729492
vt 1.861328 -2.807617
vt 1.775391 -2.807617
vt 1.775391 -2.988281
vt 1.861328 -2.988281
vt 1.861328 -2.988281
vt 1.861328 -2.807617
vt 1.664062 -2.807617
vt 1.735352 -2.729492
vt 1.802734 -2.729492
vt 1.777344 -2.729492
vt 1.861328 -2.807617
vt 1.775391 -2.807617
vt 1.775391 -2.988281
vt 1.861328 -2.988281
vt 1.861328 -2.988281
vt 1.861328 -2.807617
vt 1.664062 -2.807617
vt 1.735352 -2.729492
vt 1.802734 -2.729492
vt 1.777344 -2.729492
vt 1.861328 -2.807617
vt 1.775391 -2.807617
vt 1.775391 -2.988281
vt 1.861328 -2.988281
vt 1.861328 -2.988281
vt 1.861328 -2.807617
vt 1.664062 -2.807617
vt 1.735352 -2.729492
vt 1.802734 -2.729492
vt 1.777344 -2.729492
vt 1.861328 -2.807617
vt 1.775391 -2.807617
vt 1.775391 -2.988281
vt 1.861328 -2.988281
vt 1.861328 -2.988281
vt 1.861328 -2.807617
vt 1.664062 -2.807617
vt 1.735352 -2.729492
vt 1.802734 -2.729492
vt 1.777344 -2.729492
vt 1.861328 -2.807617
vt 1.775391 -2.807617
vt 1.775391 -2.988281
vt 1.861328 -2.988281
vt 1.861328 -2.988281
vt 1.861328 -2.807617
vt 1.664062 -2.807617
vt 1.735352 -2.729492
vt 1.802734 -2.729492
vt 1.777344 -2.729492
vt 1.861328 -2.807617
vt 1.775391 -2.807617
vt 1.775391 -2.988281
vt 1.861328 -2.988281
vt 1.861328 -2.988281
vt 1.861328 -2.807617
vt 1.664062 -2.807617
vt 1.735352 -2.729492
vt 1.802734 -2.729492
vt 1.777344 -2.729492
vt 1.861328 -2.807617
vt 1.775391 -2.807617
vt 1.775391 -2.988281
vt 1.861328 -2.988281
vt 1.861328 -2.988281
vt 1.861328 -2.807617
vt 1.664062 -2.807617
vt 1.735352 -2.729492
vt 1.802734 -2.729492
vt 1.777344 -2.729492
vt 1.861328 -2.807617
vt 1.775391 -2.807617
vt 1.775391 -2.988281
vt 1.861328 -2.988281
vt 1.861328 -2.988281
vt 1.861328 -2.807617
vt 1.664062 -2.807617
vt 1.735352 -2.729492
vt 1.802734 -2.729492
vt 1.777344 -2.729492
vt 1.861328 -2.807617
vt 1.775391 -2.807617
vt 1.775391 -2.988281
vt 1.861328 -2.988281
vt 1.861328 -2.988281
vt 1.861328 -2.807617
vt 1.664062 -2.807617
vt 1.735352 -2.729492
vt 1.802734 -2.729492
vt 1.777344 -2.729492
vt 1.861328 -2.807617
vt 1.775391 -2.807617
vt 1.775391 -2.988281
vt 1.861328 -2.988281
vt 1.861328 -2.988281
vt 1.861328 -2.807617
vt 1.664062 -2.807617
vt 1.735352 -2.729492
vt 1.802734 -2.729492
vt 1.777344 -2.729492
vt 1.861328 -2.807617
vt 1.775391 -2.807617
vt 1.775391 -2.988281
vt 1.861328 -2.988281
vt 1.999023 1.864258
vt 2.498047 1.864258
vt 1.999023 1.993164
vt 2.498047 1.993164
vt 2.498047 1.862305
vt 1.999023 1.862305
vt 2.498047 1.998047
vt 1.999023 1.998047
vt 1.999023 1.867188
vt 2.498047 1.867188
vt 1.999023 1.996094
vt 2.498047 1.996094
vt 1.775391 -2.988281
vt 1.664062 -2.988281
vt 1.775391 -2.807617
vt 1.664062 -2.807617
vt 1.775391 -2.807617
vt 1.664062 -2.807617
vt 1.777344 -2.729492
vt 1.735352 -2.729492
vt 1.675781 -2.606445
vt 1.770508 -2.606445
vt 1.735352 -2.729492
vt 1.777344 -2.729492
vt 1.675781 -2.606445
vt 1.735352 -2.729492
vt 1.842773 -2.606445
vt 1.802734 -2.729492
vt 1.770508 -2.606445
vt 1.842773 -2.606445
vt 1.777344 -2.729492
vt 1.802734 -2.729492
vt 1.512695 -0.656250
vt 1.969727 -0.656250
vt 1.512695 -0.013672
vt 1.969727 -0.013672
vt 1.521484 -0.656250
vt 1.987305 -0.657227
vt 1.523438 -0.012695
vt 1.989258 -0.014648
vt 1.509766 -0.656250
vt 1.988281 -0.656250
vt 1.509766 -0.013672
vt 1.988281 -0.013672
vt 1.775391 -2.988281
vt 1.664062 -2.988281
vt 1.775391 -2.807617
vt 1.664062 -2.807617
vt 1.775391 -2.807617
vt 1.664062 -2.807617
vt 1.777344 -2.729492
vt 1.735352 -2.729492
vt 1.675781 -2.606445
vt 1.770508 -2.606445
vt 1.735352 -2.729492
vt 1.777344 -2.729492
vt 1.675781 -2.606445
vt 1.735352 -2.729492
vt 1.842773 -2.606445
vt 1.802734 -2.729492
vt 1.770508 -2.606445
vt 1.842773 -2.606445
vt 1.777344 -2.729492
vt 1.802734 -2.729492
vt 1.512695 -0.656250
vt 1.969727 -0.656250
vt 1.512695 -0.013672
vt 1.969727 -0.013672
vt 1.521484 -0.656250
vt 1.987305 -0.657227
vt 1.523438 -0.012695
vt 1.989258 -0.014648
vt 1.509766 -0.656250
vt 1.988281 -0.656250
vt 1.509766 -0.013672
vt 1.988281 -0.013672
vt 1.775391 -2.988281
vt 1.664062 -2.988281
vt 1.775391 -2.807617
vt 1.664062 -2.807617
vt 1.775391 -2.807617
vt 1.664062 -2.807617
vt 1.777344 -2.729492
vt 1.735352 -2.729492
vt 1.675781 -2.606445
vt 1.770508 -2.606445
vt 1.735352 -2.729492
vt 1.777344 -2.729492
vt 1.675781 -2.606445
vt 1.735352 -2.729492
vt 1.842773 -2.606445
vt 1.802734 -2.729492
vt 1.770508 -2.606445
vt 1.842773 -2.606445
vt 1.777344 -2.729492
vt 1.802734 -2.729492
vt 1.512695 -0.656250
vt 1.969727 -0.656250
vt 1.512695 -0.013672
vt 1.969727 -0.013672
vt 1.521484 -0.656250
vt 1.987305 -0.657227
vt 1.523438 -0.012695
vt 1.989258 -0.014648
vt 1.509766 -0.656250
vt 1.988281 -0.656250
vt 1.509766 -0.013672
vt 1.988281 -0.013672
vt 1.775391 -2.988281
vt 1.664062 -2.988281
vt 1.775391 -2.807617
vt 1.664062 -2.807617
vt 1.775391 -2.807617
vt 1.664062 -2.807617
vt 1.777344 -2.729492
vt 1.735352 -2.729492
vt 1.675781 -2.606445
vt 1.770508 -2.606445
vt 1.735352 -2.729492
vt 1.777344 -2.729492
vt 1.675781 -2.606445
vt 1.735352 -2.729492
vt 1.842773 -2.606445
vt 1.802734 -2.729492
vt 1.770508 -2.606445
vt 1.842773 -2.606445
vt 1.777344 -2.729492
vt 1.802734 -2.729492
vt 1.512695 -0.656250
vt 1.969727 -0.656250
vt 1.512695 -0.013672
vt 1.969727 -0.013672
vt 1.521484 -0.656250
vt 1.987305 -0.657227
vt 1.523438 -0.012695
vt 1.989258 -0.014648
vt 1.509766 -0.656250
vt 1.988281 -0.656250
vt 1.509766 -0.013672
vt 1.988281 -0.013672
vt 1.775391 -2.988281
vt 1.664062 -2.988281
vt 1.775391 -2.807617
vt 1.664062 -2.807617
vt 1.775391 -2.807617
vt 1.664062 -2.807617
vt 1.777344 -2.729492
vt 1.735352 -2.729492
vt 1.675781 -2.606445
vt 1.770508 -2.606445
vt 1.735352 -2.729492
vt 1.777344 -2.729492
vt 1.675781 -2.606445
vt 1.735352 -2.729492
vt 1.842773 -2.606445
vt 1.802734 -2.729492
vt 1.770508 -2.606445
vt 1.842773 -2.606445
vt 1.777344 -2.729492
vt 1.802734 -2.729492
vt 1.512695 -0.656250
vt 1.969727 -0.656250
vt 1.512695 -0.013672
vt 1.969727 -0.013672
vt 1.521484 -0.656250
vt 1.987305 -0.657227
vt 1.523438 -0.012695
vt 1.989258 -0.014648
vt 1.509766 -0.656250
vt 1.988281 -0.656250
vt 1.509766 -0.013672
vt 1.988281 -0.013672
vt 1.775391 -2.988281
vt 1.664062 -2.988281
vt 1.775391 -2.807617
vt 1.664062 -2.807617
vt 1.775391 -2.807617
vt 1.664062 -2.807617
vt 1.777344 -2.729492
vt 1.735352 -2.729492
vt 1.675781 -2.606445
vt 1.770508 -2.606445
vt 1.735352 -2.729492
vt 1.777344 -2.729492
vt 1.675781 -2.606445
vt 1.735352 -2.729492
vt 1.842773 -2.606445
vt 1.802734 -2.729492
vt 1.770508 -2.606445
vt 1.842773 -2.606445
vt 1.777344 -2.729492
vt 1.802734 -2.729492
vt 1.512695 -0.656250
vt 1.969727 -0.656250
vt 1.512695 -0.013672
vt 1.969727 -0.013672
vt 1.521484 -0.656250
vt 1.987305 -0.657227
vt 1.523438 -0.012695
vt 1.989258 -0.014648
vt 1.509766 -0.656250
vt 1.988281 -0.656250
vt 1.509766 -0.013672
vt 1.988281 -0.013672
vt 1.775391 -2.988281
vt 1.664062 -2.988281
vt 1.775391 -2.807617
vt 1.664062 -2.807617
vt 1.775391 -2.807617
vt 1.664062 -2.807617
vt 1.777344 -2.729492
vt 1.735352 -2.729492
vt 1.675781 -2.606445
vt 1.770508 -2.606445
vt 1.735352 -2.729492
vt 1.777344 -2.729492
vt 1.675781 -2.606445
vt 1.735352 -2.729492
vt 1.842773 -2.606445
vt 1.802734 -2.729492
vt 1.770508 -2.606445
vt 1.842773 -2.606445
vt 1.777344 -2.729492
vt 1.802734 -2.729492
vt 1.512695 -0.656250
vt 1.969727 -0.656250
vt 1.512695 -0.013672
vt 1.969727 -0.013672
vt 1.521484 -0.656250
vt 1.987305 -0.657227
vt 1.523438 -0.012695
vt 1.989258 -0.014648
vt 1.509766 -0.656250
vt 1.988281 -0.656250
vt 1.509766 -0.013672
vt 1.988281 -0.013672
vt 1.775391 -2.988281
vt 1.664062 -2.988281
vt 1.775391 -2.807617
vt 1.664062 -2.807617
vt 1.775391 -2.807617
vt 1.664062 -2.807617
vt 1.777344 -2.729492
vt 1.735352 -2.729492
vt 1.675781 -2.606445
vt 1.770508 -2.606445
vt 1.735352 -2.729492
vt 1.777344 -2.729492
vt 1.675781 -2.606445
vt 1.735352 -2.729492
vt 1.842773 -2.606445
vt 1.802734 -2.729492
vt 1.770508 -2.606445
vt 1.842773 -2.606445
vt 1.777344 -2.729492
vt 1.802734 -2.729492
vt 1.512695 -0.656250
vt 1.969727 -0.656250
vt 1.512695 -0.013672
vt 1.969727 -0.013672
vt 1.521484 -0.656250
vt 1.987305 -0.657227
vt 1.523438 -0.012695
vt 1.989258 -0.014648
vt 1.509766 -0.656250
vt 1.988281 -0.656250
vt 1.509766 -0.013672
vt 1.988281 -0.013672
vt 1.775391 -2.988281
vt 1.664062 -2.988281
vt 1.775391 -2.807617
vt 1.664062 -2.807617
vt 1.775391 -2.807617
vt 1.664062 -2.807617
vt 1.777344 -2.729492
vt 1.735352 -2.729492
vt 1.675781 -2.606445
vt 1.770508 -2.606445
vt 1.735352 -2.729492
vt 1.777344 -2.729492
vt 1.675781 -2.606445
vt 1.735352 -2.729492
vt 1.842773 -2.606445
vt 1.802734 -2.729492
vt 1.770508 -2.606445
vt 1.842773 -2.606445
vt 1.777344 -2.729492
vt 1.802734 -2.729492
vt 1.512695 -0.656250
vt 1.969727 -0.656250
vt 1.512695 -0.013672
vt 1.969727 -0.013672
vt 1.521484 -0.656250
vt 1.987305 -0.657227
vt 1.523438 -0.012695
vt 1.989258 -0.014648
vt 1.509766 -0.656250
vt 1.988281 -0.656250
vt 1.509766 -0.013672
vt 1.988281 -0.013672
vt 1.775391 -2.988281
vt 1.664062 -2.988281
vt 1.775391 -2.807617
vt 1.664062 -2.807617
vt 1.775391 -2.807617
vt 1.664062 -2.807617
vt 1.777344 -2.729492
vt 1.735352 -2.729492
vt 1.675781 -2.606445
vt 1.770508 -2.606445
vt 1.735352 -2.729492
vt 1.777344 -2.729492
vt 1.675781 -2.606445
vt 1.735352 -2.729492
vt 1.842773 -2.606445
vt 1.802734 -2.729492
vt 1.770508 -2.606445
vt 1.842773 -2.606445
vt 1.777344 -2.729492
vt 1.802734 -2.729492
vt 1.512695 -0.656250
vt 1.969727 -0.656250
vt 1.512695 -0.013672
vt 1.969727 -0.013672
vt 1.521484 -0.656250
vt 1.987305 -0.657227
vt 1.523438 -0.012695
vt 1.989258 -0.014648
vt 1.509766 -0.656250
vt 1.988281 -0.656250
vt 1.509766 -0.013672
vt 1.988281 -0.013672
vt 1.775391 -2.988281
vt 1.664062 -2.988281
vt 1.775391 -2.807617
vt 1.664062 -2.807617
vt 1.775391 -2.807617
vt 1.664062 -2.807617
vt 1.777344 -2.729492
vt 1.735352 -2.729492
vt 1.675781 -2.606445
vt 1.770508 -2.606445
vt 1.735352 -2.729492
vt 1.777344 -2.729492
vt 1.675781 -2.606445
vt 1.735352 -2.729492
vt 1.842773 -2.606445
vt 1.802734 -2.729492
vt 1.770508 -2.606445
vt 1.842773 -2.606445
vt 1.777344 -2.729492
vt 1.802734 -2.729492
vt 1.512695 -0.656250
vt 1.969727 -0.656250
vt 1.512695 -0.013672
vt 1.969727 -0.013672
vt 1.521484 -0.656250
vt 1.987305 -0.657227
vt 1.523438 -0.012695
vt 1.989258 -0.014648
vt 1.509766 -0.656250
vt 1.988281 -0.656250
vt 1.509766 -0.013672
vt 1.988281 -0.013672
vt 1.775391 -2.988281
vt 1.664062 -2.988281
vt 1.775391 -2.807617
vt 1.664062 -2.807617
vt 1.775391 -2.807617
vt 1.664062 -2.807617
vt 1.777344 -2.729492
vt 1.735352 -2.729492
vt 1.675781 -2.606445
vt 1.770508 -2.606445
vt 1.735352 -2.729492
vt 1.777344 -2.729492
vt 1.675781 -2.606445
vt 1.735352 -2.729492
vt 1.842773 -2.606445
vt 1.802734 -2.729492
vt 1.770508 -2.606445
vt 1.842773 -2.606445
vt 1.777344 -2.729492
vt 1.802734 -2.729492
vt 1.512695 -0.656250
vt 1.969727 -0.656250
vt 1.512695 -0.013672
vt 1.969727 -0.013672
vt 1.521484 -0.656250
vt 1.987305 -0.657227
vt 1.523438 -0.012695
vt 1.989258 -0.014648
vt 1.509766 -0.656250
vt 1.988281 -0.656250
vt 1.509766 -0.013672
vt 1.988281 -0.013672
vt 1.775391 -2.988281
vt 1.664062 -2.988281
vt 1.775391 -2.807617
vt 1.664062 -2.807617
vt 1.775391 -2.807617
vt 1.664062 -2.807617
vt 1.777344 -2.729492
vt 1.735352 -2.729492
vt 1.675781 -2.606445
vt 1.770508 -2.606445
vt 1.735352 -2.729492
vt 1.777344 -2.729492
vt 1.675781 -2.606445
vt 1.735352 -2.729492
vt 1.842773 -2.606445
vt 1.802734 -2.729492
vt 1.770508 -2.606445
vt 1.842773 -2.606445
vt 1.777344 -2.729492
vt 1.802734 -2.729492
vt 1.512695 -0.656250
vt 1.969727 -0.656250
vt 1.512695 -0.013672
vt 1.969727 -0.013672
vt 1.521484 -0.656250
vt 1.987305 -0.657227
vt 1.523438 -0.012695
vt 1.989258 -0.014648
vt 1.509766 -0.656250
vt 1.988281 -0.656250
vt 1.509766 -0.013672
vt 1.988281 -0.013672
vt 1.775391 -2.988281
vt 1.664062 -2.988281
vt 1.775391 -2.807617
vt 1.664062 -2.807617
vt 1.775391 -2.807617
vt 1.664062 -2.807617
vt 1.777344 -2.729492
vt 1.735352 -2.729492
vt 1.675781 -2.606445
vt 1.770508 -2.606445
vt 1.735352 -2.729492
vt 1.777344 -2.729492
vt 1.675781 -2.606445
vt 1.735352 -2.729492
vt 1.842773 -2.606445
vt 1.802734 -2.729492
vt 1.770508 -2.606445
vt 1.842773 -2.606445
vt 1.777344 -2.729492
vt 1.802734 -2.729492
vt 1.512695 -0.656250
vt 1.969727 -0.656250
vt 1.512695 -0.013672
vt 1.969727 -0.013672
vt 1.521484 -0.656250
vt 1.987305 -0.657227
vt 1.523438 -0.012695
vt 1.989258 -0.014648
vt 1.509766 -0.656250
vt 1.988281 -0.656250
vt 1.509766 -0.013672
vt 1.988281 -0.013672
vt 1.775391 -2.988281
vt 1.664062 -2.988281
vt 1.775391 -2.807617
vt 1.664062 -2.807617
vt 1.775391 -2.807617
vt 1.664062 -2.807617
vt 1.777344 -2.729492
vt 1.735352 -2.729492
vt 1.675781 -2.606445
vt 1.770508 -2.606445
vt 1.735352 -2.729492
vt 1.777344 -2.729492
vt 1.675781 -2.606445
vt 1.735352 -2.729492
vt 1.842773 -2.606445
vt 1.802734 -2.729492
vt 1.770508 -2.606445
vt 1.842773 -2.606445
vt 1.777344 -2.729492
vt 1.802734 -2.729492
vt 1.512695 -0.656250
vt 1.969727 -0.656250
vt 1.512695 -0.013672
vt 1.969727 -0.013672
vt 1.521484 -0.656250
vt 1.987305 -0.657227
vt 1.523438 -0.012695
vt 1.989258 -0.014648
vt 1.509766 -0.656250
vt 1.988281 -0.656250
vt 1.509766 -0.013672
vt 1.988281 -0.013672
vt 1.775391 -2.988281
vt 1.664062 -2.988281
vt 1.775391 -2.807617
vt 1.664062 -2.807617
vt 1.775391 -2.807617
vt 1.664062 -2.807617
vt 1.777344 -2.729492
vt 1.735352 -2.729492
vt 1.675781 -2.606445
vt 1.770508 -2.606445
vt 1.735352 -2.729492
vt 1.777344 -2.729492
vt 1.675781 -2.606445
vt 1.735352 -2.729492
vt 1.842773 -2.606445
vt 1.802734 -2.729492
vt 1.770508 -2.606445
vt 1.842773 -2.606445
vt 1.777344 -2.729492
vt 1.802734 -2.729492
vt 1.512695 -0.656250
vt 1.969727 -0.656250
vt 1.512695 -0.013672
vt 1.969727 -0.013672
vt 1.521484 -0.656250
vt 1.987305 -0.657227
vt 1.523438 -0.012695
vt 1.989258 -0.014648
vt 1.509766 -0.656250
vt 1.988281 -0.656250
vt 1.509766 -0.013672
vt 1.988281 -0.013672
vt 1.775391 -2.988281
vt 1.664062 -2.988281
vt 1.775391 -2.807617
vt 1.664062 -2.807617
vt 1.775391 -2.807617
vt 1.664062 -2.807617
vt 1.777344 -2.729492
vt 1.735352 -2.729492
vt 1.675781 -2.606445
vt 1.770508 -2.606445
vt 1.735352 -2.729492
vt 1.777344 -2.729492
vt 1.675781 -2.606445
vt 1.735352 -2.729492
vt 1.842773 -2.606445
vt 1.802734 -2.729492
vt 1.770508 -2.606445
vt 1.842773 -2.606445
vt 1.777344 -2.729492
vt 1.802734 -2.729492
vt 1.512695 -0.656250
vt 1.969727 -0.656250
vt 1.512695 -0.013672
vt 1.969727 -0.013672
vt 1.521484 -0.656250
vt 1.987305 -0.657227
vt 1.523438 -0.012695
vt 1.989258 -0.014648
vt 1.509766 -0.656250
vt 1.988281 -0.656250
vt 1.509766 -0.013672
vt 1.988281 -0.013672
vt 1.775391 -2.988281
vt 1.664062 -2.988281
vt 1.775391 -2.807617
vt 1.664062 -2.807617
vt 1.775391 -2.807617
vt 1.664062 -2.807617
vt 1.777344 -2.729492
vt 1.735352 -2.729492
vt 1.675781 -2.606445
vt 1.770508 -2.606445
vt 1.735352 -2.729492
vt 1.777344 -2.729492
vt 1.675781 -2.606445
vt 1.735352 -2.729492
vt 1.842773 -2.606445
vt 1.802734 -2.729492
vt 1.770508 -2.606445
vt 1.842773 -2.606445
vt 1.777344 -2.729492
vt 1.802734 -2.729492
vt 1.512695 -0.656250
vt 1.969727 -0.656250
vt 1.512695 -0.013672
vt 1.969727 -0.013672
vt 1.521484 -0.656250
vt 1.987305 -0.657227
vt 1.523438 -0.012695
vt 1.989258 -0.014648
vt 1.509766 -0.656250
vt 1.988281 -0.656250
vt 1.509766 -0.013672
vt 1.988281 -0.013672
vt 1.775391 -2.988281
vt 1.664062 -2.988281
vt 1.775391 -2.807617
vt 1.664062 -2.807617
vt 1.775391 -2.807617
vt 1.664062 -2.807617
vt 1.777344 -2.729492
vt 1.735352 -2.729492
vt 1.675781 -2.606445
vt 1.770508 -2.606445
vt 1.735352 -2.729492
vt 1.777344 -2.729492
vt 1.675781 -2.606445
vt 1.735352 -2.729492
vt 1.842773 -2.606445
vt 1.802734 -2.729492
vt 1.770508 -2.606445
vt 1.842773 -2.606445
vt 1.777344 -2.729492
vt 1.802734 -2.729492
vt 1.512695 -0.656250
vt 1.969727 -0.656250
vt 1.512695 -0.013672
vt 1.969727 -0.013672
vt 1.521484 -0.656250
vt 1.987305 -0.657227
vt 1.523438 -0.012695
vt 1.989258 -0.014648
vt 1.509766 -0.656250
vt 1.988281 -0.656250
vt 1.509766 -0.013672
vt 1.988281 -0.013672
vt 1.775391 -2.988281
vt 1.664062 -2.988281
vt 1.775391 -2.807617
vt 1.664062 -2.807617
vt 1.775391 -2.807617
vt 1.664062 -2.807617
vt 1.777344 -2.729492
vt 1.735352 -2.729492
vt 1.675781 -2.606445
vt 1.770508 -2.606445
vt 1.735352 -2.729492
vt 1.777344 -2.729492
vt 1.675781 -2.606445
vt 1.735352 -2.729492
vt 1.842773 -2.606445
vt 1.802734 -2.729492
vt 1.770508 -2.606445
vt 1.842773 -2.606445
vt 1.777344 -2.729492
vt 1.802734 -2.729492
vt 1.512695 -0.656250
vt 1.969727 -0.656250
vt 1.512695 -0.013672
vt 1.969727 -0.013672
vt 1.521484 -0.656250
vt 1.987305 -0.657227
vt 1.523438 -0.012695
vt 1.989258 -0.014648
vt 1.509766 -0.656250
vt 1.988281 -0.656250
vt 1.509766 -0.013672
vt 1.988281 -0.013672
vt 1.775391 -2.988281
vt 1.664062 -2.988281
vt 1.775391 -2.807617
vt 1.664062 -2.807617
vt 1.775391 -2.807617
vt 1.664062 -2.807617
vt 1.777344 -2.729492
vt 1.735352 -2.729492
vt 1.675781 -2.606445
vt 1.770508 -2.606445
vt 1.735352 -2.729492
vt 1.777344 -2.729492
vt 1.675781 -2.606445
vt 1.735352 -2.729492
vt 1.842773 -2.606445
vt 1.802734 -2.729492
vt 1.770508 -2.606445
vt 1.842773 -2.606445
vt 1.777344 -2.729492
vt 1.802734 -2.729492
vt 1.512695 -0.656250
vt 1.969727 -0.656250
vt 1.512695 -0.013672
vt 1.969727 -0.013672
vt 1.521484 -0.656250
vt 1.987305 -0.657227
vt 1.523438 -0.012695
vt 1.989258 -0.014648
vt 1.509766 -0.656250
vt 1.988281 -0.656250
vt 1.509766 -0.013672
vt 1.988281 -0.013672
vt 2.498047 1.633789
vt 2.498047 1.862305
vt 1.999023 1.862305
vt 1.999023 1.638672
vt 1.999023 1.867188
vt 2.498047 1.867188
vt 1.999023 1.635742
vt 1.999023 1.864258
vt 2.498047 1.864258
vt -1.997070 -1.347656
vt -1.997070 -1.152344
vt -1.747070 -1.152344
vt -1.997070 -1.347656
vt -1.997070 -1.152344
vt -1.747070 -1.152344
vt -1.997070 -1.347656
vt -1.997070 -1.152344
vt -1.747070 -1.152344
vt -1.997070 -1.347656
vt -1.997070 -1.152344
vt -1.747070 -1.152344
vt -1.997070 -1.347656
vt -1.997070 -1.152344
vt -1.747070 -1.152344
vt 1.664062 -2.807617
vt 1.664062 -2.988281
vt 1.861328 -2.988281
vt 1.802734 -2.729492
vt 1.861328 -2.807617
vt 1.777344 -2.729492
vt 1.664062 -2.807617
vt 1.664062 -2.988281
vt 1.861328 -2.988281
vt 1.802734 -2.729492
vt 1.861328 -2.807617
vt 1.777344 -2.729492
vt 1.664062 -2.807617
vt 1.664062 -2.988281
vt 1.861328 -2.988281
vt 1.802734 -2.729492
vt 1.861328 -2.807617
vt 1.777344 -2.729492
vt 1.664062 -2.807617
vt 1.664062 -2.988281
vt 1.861328 -2.988281
vt 1.802734 -2.729492
vt 1.861328 -2.807617
vt 1.777344 -2.729492
vt 1.664062 -2.807617
vt 1.664062 -2.988281
vt 1.861328 -2.988281
vt 1.802734 -2.729492
vt 1.861328 -2.807617
vt 1.777344 -2.729492
vt 1.664062 -2.807617
vt 1.664062 -2.988281
vt 1.861328 -2.988281
vt 1.802734 -2.729492
vt 1.861328 -2.807617
vt 1.777344 -2.729492
vt 1.664062 -2.807617
vt 1.664062 -2.988281
vt 1.861328 -2.988281
vt 1.802734 -2.729492
vt 1.861328 -2.807617
vt 1.777344 -2.729492
vt 1.664062 -2.807617
vt 1.664062 -2.988281
vt 1.861328 -2.988281
vt 1.802734 -2.729492
vt 1.861328 -2.807617
vt 1.777344 -2.729492
vt 1.664062 -2.807617
vt 1.664062 -2.988281
vt 1.861328 -2.988281
vt 1.802734 -2.729492
vt 1.861328 -2.807617
vt 1.777344 -2.729492
vt 1.664062 -2.807617
vt 1.664062 -2.988281
vt 1.861328 -2.988281
vt 1.802734 -2.729492
vt 1.861328 -2.807617
vt 1.777344 -2.729492
vt 1.664062 -2.807617
vt 1.664062 -2.988281
vt 1.861328 -2.988281
vt 1.802734 -2.729492
vt 1.861328 -2.807617
vt 1.777344 -2.729492
vt 1.664062 -2.807617
vt 1.664062 -2.988281
vt 1.861328 -2.988281
vt 1.802734 -2.729492
vt 1.861328 -2.807617
vt 1.777344 -2.729492
vt 1.664062 -2.807617
vt 1.664062 -2.988281
vt 1.861328 -2.988281
vt 1.802734 -2.729492
vt 1.861328 -2.807617
vt 1.777344 -2.729492
vt 1.664062 -2.807617
vt 1.664062 -2.988281
vt 1.861328 -2.988281
vt 1.802734 -2.729492
vt 1.861328 -2.807617
vt 1.777344 -2.729492
vt 1.664062 -2.807617
vt 1.664062 -2.988281
vt 1.861328 -2.988281
vt 1.802734 -2.729492
vt 1.861328 -2.807617
vt 1.777344 -2.729492
vt 1.664062 -2.807617
vt 1.664062 -2.988281
vt 1.861328 -2.988281
vt 1.802734 -2.729492
vt 1.861328 -2.807617
vt 1.777344 -2.729492
vt 1.664062 -2.807617
vt 1.664062 -2.988281
vt 1.861328 -2.988281
vt 1.802734 -2.729492
vt 1.861328 -2.807617
vt 1.777344 -2.729492
vt 1.664062 -2.807617
vt 1.664062 -2.988281
vt 1.861328 -2.988281
vt 1.802734 -2.729492
vt 1.861328 -2.807617
vt 1.777344 -2.729492
vt 1.664062 -2.807617
vt 1.664062 -2.988281
vt 1.861328 -2.988281
vt 1.802734 -2.729492
vt 1.861328 -2.807617
vt 1.777344 -2.729492
vt 1.664062 -2.807617
vt 1.664062 -2.988281
vt 1.861328 -2.988281
vt 1.802734 -2.729492
vt 1.861328 -2.807617
vt 1.777344 -2.729492
vt 1.664062 -2.807617
vt 1.664062 -2.988281
vt 1.861328 -2.988281
vt 1.802734 -2.729492
vt 1.861328 -2.807617
vt 1.777344 -2.729492
vt -1.997070 -1.347656
vt -1.997070 -1.152344
vt -1.747070 -1.152344
vn -0.5152 0.1619 -0.8416
vn -0.6058 0.2688 -0.7488
vn -0.4400 0.1605 -0.8835
vn -0.5510 0.4067 -0.7287
vn -0.5542 0.5239 -0.6469
vn -0.3407 0.5126 -0.7881
vn -0.4766 0.4083 -0.7786
vn -0.3495 0.4040 -0.8453
vn -0.4761 0.6474 -0.5951
vn -0.4513 0.7225 -0.5237
vn -0.2733 0.7228 -0.6347
vn -0.3370 0.5690 -0.7501
vn -0.5195 0.5579 -0.6472
vn -0.2939 0.6458 -0.7046
vn -0.4026 0.8398 -0.3642
vn -0.2751 0.8499 -0.4495
vn -0.0896 0.8906 -0.4459
vn -0.4713 0.1619 0.8670
vn -0.3756 0.2446 0.8939
vn -0.3999 0.0649 0.9143
vn -0.5808 0.1592 0.7983
vn -0.3197 0.4049 0.8566
vn -0.3227 0.4965 0.8058
vn -0.4943 0.4877 0.7196
vn -0.5297 0.3222 0.7846
vn -0.3623 0.3116 0.8784
vn -0.5573 0.4041 0.7254
vn -0.2332 0.6436 0.7289
vn -0.2293 0.7219 0.6529
vn -0.4130 0.7228 0.5541
vn -0.4811 0.5690 0.6669
vn -0.3014 0.5590 0.7724
vn -0.4623 0.6459 0.6075
vn -0.1169 0.8384 0.5325
vn -0.2530 0.8482 0.4654
vn -0.3420 0.8888 0.3050
vn -0.2530 0.8481 0.4655
vn 0.9865 0.1619 -0.0254
vn 0.9620 0.2447 -0.1216
vn 0.9865 0.1619 -0.0253
vn 0.9917 0.0650 -0.1108
vn 0.9818 0.1593 0.1038
vn 0.9017 0.4049 -0.1514
vn 0.8592 0.4965 -0.1234
vn 0.8703 0.4877 0.0683
vn 0.9443 0.3222 0.0664
vn 0.9419 0.3116 -0.1255
vn 0.9068 0.4041 0.1199
vn 0.7479 0.6436 -0.1625
vn 0.6801 0.7219 -0.1279
vn 0.6864 0.7228 0.0807
vn 0.8181 0.5690 0.0832
vn 0.8197 0.5590 -0.1252
vn 0.7545 0.6428 0.1323
vn 0.5196 0.8383 -0.1650
vn 0.5296 0.8481 -0.0136
vn 0.4545 0.8835 0.1138
vn 0.6320 0.7719 0.0690
vn 0.5296 0.8482 -0.0136
vn 0.6100 0.2025 -0.7661
vn 0.5011 0.3351 -0.7979
vn 0.5056 0.0966 -0.8573
vn 0.7348 0.2044 -0.6467
vn 0.3830 0.5213 -0.7626
vn 0.3986 0.6415 -0.6555
vn 0.6017 0.6043 -0.5223
vn 0.6490 0.3962 -0.6495
vn 0.4423 0.4346 -0.7845
vn 0.6566 0.5210 -0.5453
vn 0.2383 0.7766 -0.5832
vn 0.1927 0.8837 -0.4266
vn 0.4499 0.8324 -0.3237
vn 0.5238 0.6828 -0.5093
vn 0.2846 0.6978 -0.6573
vn 0.5217 0.7749 -0.3569
vn -0.0316 0.9505 -0.3090
vn 0.1380 0.9751 -0.1733
vn 0.2547 0.9657 0.0505
vn 0.1381 0.9752 -0.1732
vn -0.9964 0.0816 -0.0227
vn -0.9563 0.2719 0.1072
vn -0.9954 0.0932 -0.0227
vn -0.9979 0.0627 0.0181
vn -0.9764 -0.0944 0.1942
vn -0.9674 0.0796 -0.2405
vn -0.8234 0.5145 0.2392
vn -0.7635 0.6356 0.1145
vn -0.7502 0.6292 -0.2035
vn -0.9201 0.3482 -0.1795
vn -0.8817 0.4567 0.1184
vn -0.8276 0.5294 -0.1866
vn -0.6103 0.7763 0.1581
vn -0.4707 0.8781 0.0858
vn -0.5333 0.8318 -0.1538
vn -0.7220 0.6864 -0.0876
vn -0.6940 0.7014 0.1625
vn -0.6051 0.7684 -0.2084
vn -0.2527 0.9467 0.1997
vn -0.2589 0.9659 -0.0038
vn -0.1789 0.9657 -0.1882
vn -0.4343 0.8976 -0.0747
vn -0.2596 0.9657 -0.0010
vn 0.5937 0.1102 0.7971
vn 0.6637 0.2892 0.6899
vn 0.5936 0.1116 0.7970
vn 0.5977 0.1082 0.7944
vn 0.7325 -0.0238 0.6803
vn 0.3984 0.1161 0.9099
vn 0.6760 0.5081 0.5338
vn 0.5860 0.6201 0.5216
vn 0.3164 0.6130 0.7239
vn 0.3045 0.3987 0.8650
vn 0.5617 0.5041 0.6560
vn 0.3083 0.5581 0.7704
vn 0.4655 0.7696 0.4371
vn 0.3282 0.8813 0.3400
vn 0.1729 0.8346 0.5230
vn 0.3539 0.6911 0.6302
vn 0.5491 0.6804 0.4853
vn 0.1804 0.7711 0.6106
vn 0.3088 0.9460 0.0990
vn 0.1343 0.9666 0.2185
vn -0.0693 0.9664 0.2475
vn 0.1953 0.8935 0.4043
vn 0.1659 0.9633 0.2112
vn 0.1633 0.9644 0.2078
vn 0.9819 0.1878 -0.0252
vn 0.9349 0.3310 -0.1279
vn 0.9819 0.0792 -0.1718
vn 0.9703 0.1853 0.1553
vn 0.8355 0.5111 -0.2017
vn 0.7614 0.6346 -0.1326
vn 0.7833 0.6088 0.1256
vn 0.9143 0.3947 0.0909
vn 0.8890 0.4275 -0.1637
vn 0.8400 0.5204 0.1538
vn 0.6066 0.7728 -0.1866
vn 0.4586 0.8775 -0.1407
vn 0.5320 0.8364 0.1318
vn 0.7234 0.6853 0.0843
vn 0.6961 0.6904 -0.1966
vn 0.6061 0.7691 0.2029
vn 0.2117 0.9517 -0.2224
vn 0.2218 0.9751 -0.0050
vn 0.1329 0.9710 0.1987
vn 0.4126 0.9068 0.0863
vn 0.2217 0.9751 -0.0048
vn -0.5154 0.1593 -0.8420
vn -0.5982 0.3072 -0.7401
vn -0.6479 0.0367 -0.7609
vn -0.3405 0.1647 -0.9257
vn -0.6016 0.5205 -0.6060
vn -0.4792 0.6424 -0.5980
vn -0.2624 0.6144 -0.7441
vn -0.3796 0.3789 -0.8440
vn -0.5856 0.4358 -0.6835
vn -0.2878 0.5222 -0.8028
vn -0.4661 0.7770 -0.4232
vn -0.3349 0.8850 -0.3234
vn -0.1500 0.8329 -0.5327
vn -0.2990 0.6835 -0.6659
vn -0.5227 0.6968 -0.4913
vn -0.1559 0.7756 -0.6117
vn -0.3010 0.9506 -0.0753
vn -0.1134 0.9761 -0.1853
vn 0.1399 0.9661 -0.2169
vn -0.1362 0.9738 -0.1818
vn -0.4725 0.1459 0.8692
vn -0.3478 0.3039 0.8869
vn -0.3297 0.0238 0.9438
vn -0.6393 0.1451 0.7551
vn -0.2165 0.5185 0.8272
vn -0.2784 0.6411 0.7152
vn -0.5154 0.6154 0.5963
vn -0.5446 0.3749 0.7503
vn -0.2998 0.4349 0.8491
vn -0.5508 0.5218 0.6514
vn -0.1351 0.7756 0.6166
vn -0.1098 0.8853 0.4519
vn -0.3867 0.8320 0.3979
vn -0.4278 0.6824 0.5927
vn -0.1627 0.6930 0.7024
vn -0.4799 0.7721 0.4167
vn 0.0893 0.9508 0.2968
vn -0.0716 0.9762 0.2047
vn -0.2415 0.9704 0.0098
vn -0.3390 0.9052 0.2564
vn -0.1240 0.9820 0.1422
vn -0.1294 0.9800 0.1510
vn 0.5152 -0.1619 0.8416
vn 0.4010 -0.1593 0.9021
vn 0.6175 -0.0290 0.7860
vn 0.5440 -0.4069 0.7338
vn 0.3760 -0.4877 0.7879
vn 0.5365 -0.4965 0.6824
vn 0.4146 -0.3222 0.8511
vn 0.3495 -0.4041 0.8453
vn 0.5796 -0.3116 0.7530
vn 0.5146 -0.6437 0.5664
vn 0.2733 -0.7228 0.6348
vn 0.4513 -0.7225 0.5237
vn 0.3370 -0.5690 0.7501
vn 0.2612 -0.6426 0.7203
vn 0.5195 -0.5579 0.6472
vn 0.4026 -0.8398 0.3641
vn 0.1255 -0.8853 0.4478
vn 0.2751 -0.8499 0.4495
vn 0.2546 -0.7730 0.5810
vn 0.4713 -0.1619 -0.8670
vn 0.5808 -0.1593 -0.7983
vn 0.3719 -0.0290 -0.9278
vn 0.3635 -0.4070 -0.8380
vn 0.4943 -0.4877 -0.7196
vn 0.3227 -0.4965 -0.8058
vn 0.5297 -0.3222 -0.7846
vn 0.5573 -0.4041 -0.7254
vn 0.3623 -0.3116 -0.8784
vn 0.2332 -0.6437 -0.7289
vn 0.4130 -0.7228 -0.5541
vn 0.2293 -0.7219 -0.6529
vn 0.4811 -0.5690 -0.6669
vn 0.4918 -0.6428 -0.5873
vn 0.3014 -0.5590 -0.7724
vn 0.1169 -0.8384 -0.5325
vn 0.3258 -0.8835 -0.3367
vn 0.2530 -0.8482 -0.4654
vn 0.3757 -0.7719 -0.5129
vn 0.2530 -0.8481 -0.4654
vn -0.9865 -0.1619 0.0253
vn -0.9818 -0.1592 -0.1038
vn -0.9895 -0.0290 0.1418
vn -0.9075 -0.4070 0.1042
vn -0.8703 -0.4877 -0.0683
vn -0.8592 -0.4965 0.1234
vn -0.9443 -0.3222 -0.0664
vn -0.9068 -0.4041 -0.1199
vn -0.9419 -0.3116 0.1255
vn -0.7479 -0.6436 0.1625
vn -0.6864 -0.7228 -0.0807
vn -0.6801 -0.7219 0.1279
vn -0.8181 -0.5690 -0.0832
vn -0.7545 -0.6428 -0.1323
vn -0.8197 -0.5590 0.1252
vn -0.5196 -0.8383 0.1650
vn -0.4545 -0.8835 -0.1138
vn -0.5296 -0.8481 0.0136
vn -0.6320 -0.7719 -0.0690
vn -0.5296 -0.8482 0.0136
vn -0.6100 -0.2025 0.7661
vn -0.7348 -0.2044 0.6467
vn -0.4755 -0.0682 0.8771
vn -0.4225 -0.5243 0.7393
vn -0.6017 -0.6043 0.5223
vn -0.3986 -0.6415 0.6555
vn -0.6490 -0.3962 0.6495
vn -0.6566 -0.5210 0.5453
vn -0.4423 -0.4346 0.7845
vn -0.2383 -0.7766 0.5832
vn -0.4499 -0.8324 0.3237
vn -0.1937 -0.8845 0.4245
vn -0.5244 -0.6832 0.5082
vn -0.5443 -0.7698 0.3334
vn -0.2846 -0.6978 0.6573
vn 0.0316 -0.9505 0.3090
vn -0.2403 -0.9705 -0.0212
vn -0.1380 -0.9751 0.1733
vn -0.3231 -0.9069 0.2703
vn -0.1381 -0.9752 0.1733
vn 0.9980 -0.0637 -0.0005
vn 0.9674 -0.0796 0.2405
vn 0.9611 0.1282 -0.2446
vn 0.8367 -0.5179 -0.1782
vn 0.7501 -0.6292 0.2035
vn 0.7635 -0.6356 -0.1145
vn 0.9201 -0.3482 0.1795
vn 0.8276 -0.5294 0.1866
vn 0.8817 -0.4567 -0.1184
vn 0.6103 -0.7762 -0.1581
vn 0.5333 -0.8318 0.1539
vn 0.4707 -0.8781 -0.0858
vn 0.7220 -0.6864 0.0876
vn 0.6051 -0.7684 0.2084
vn 0.6940 -0.7014 -0.1625
vn 0.2527 -0.9467 -0.1997
vn 0.1789 -0.9657 0.1882
vn 0.2589 -0.9659 0.0039
vn 0.4343 -0.8976 0.0747
vn 0.2596 -0.9657 0.0010
vn 0.2601 -0.9656 0.0010
vn -0.5961 -0.1082 -0.7956
vn -0.3984 -0.1161 -0.9099
vn -0.7629 0.0580 -0.6439
vn -0.6355 -0.5149 -0.5754
vn -0.3164 -0.6130 -0.7240
vn -0.5860 -0.6201 -0.5216
vn -0.3045 -0.3987 -0.8650
vn -0.3083 -0.5581 -0.7704
vn -0.5617 -0.5041 -0.6560
vn -0.4655 -0.7696 -0.4371
vn -0.1729 -0.8346 -0.5230
vn -0.3282 -0.8813 -0.3400
vn -0.3539 -0.6911 -0.6302
vn -0.1804 -0.7711 -0.6106
vn -0.5491 -0.6804 -0.4853
vn -0.3088 -0.9460 -0.0990
vn 0.0693 -0.9664 -0.2476
vn -0.1343 -0.9666 -0.2185
vn -0.1982 -0.8932 -0.4037
vn -0.1633 -0.9644 -0.2078
vn -0.1659 -0.9633 -0.2112
vn -0.9819 -0.1878 0.0252
vn -0.9703 -0.1853 -0.1553
vn -0.9766 -0.0504 0.2093
vn -0.8422 -0.5164 0.1550
vn -0.7833 -0.6088 -0.1256
vn -0.7614 -0.6346 0.1326
vn -0.9143 -0.3947 -0.0909
vn -0.8400 -0.5204 -0.1538
vn -0.8890 -0.4275 0.1637
vn -0.6066 -0.7728 0.1866
vn -0.5320 -0.8364 -0.1318
vn -0.4586 -0.8774 0.1407
vn -0.7226 -0.6859 -0.0856
vn -0.6061 -0.7691 -0.2029
vn -0.6962 -0.6904 0.1966
vn -0.2117 -0.9517 0.2224
vn -0.1329 -0.9710 -0.1986
vn -0.2218 -0.9751 0.0050
vn -0.4127 -0.9068 -0.0863
vn -0.2217 -0.9751 0.0049
vn 0.5154 -0.1593 0.8420
vn 0.3405 -0.1646 0.9257
vn 0.6789 -0.0039 0.7343
vn 0.5618 -0.5245 0.6398
vn 0.2624 -0.6143 0.7441
vn 0.4792 -0.6424 0.5980
vn 0.3795 -0.3788 0.8441
vn 0.2878 -0.5222 0.8028
vn 0.5856 -0.4358 0.6835
vn 0.4661 -0.7770 0.4232
vn 0.1500 -0.8329 0.5327
vn 0.3329 -0.8857 0.3236
vn 0.2974 -0.6841 0.6660
vn 0.1559 -0.7756 0.6117
vn 0.5227 -0.6967 0.4913
vn 0.3010 -0.9506 0.0753
vn -0.1399 -0.9661 0.2169
vn 0.1135 -0.9761 0.1853
vn 0.1362 -0.9738 0.1818
vn 0.4725 -0.1459 -0.8692
vn 0.6393 -0.1451 -0.7551
vn 0.2890 0.0092 -0.9573
vn 0.2674 -0.5229 -0.8093
vn 0.5154 -0.6154 -0.5963
vn 0.2784 -0.6411 -0.7152
vn 0.5446 -0.3749 -0.7502
vn 0.5508 -0.5218 -0.6514
vn 0.2998 -0.4349 -0.8491
vn 0.1351 -0.7756 -0.6166
vn 0.3866 -0.8320 -0.3978
vn 0.1107 -0.8859 -0.4506
vn 0.4289 -0.6831 -0.5911
vn 0.4799 -0.7721 -0.4167
vn 0.1628 -0.6930 -0.7024
vn -0.0893 -0.9508 -0.2967
vn 0.2415 -0.9704 -0.0098
vn 0.0716 -0.9762 -0.2047
vn 0.3390 -0.9052 -0.2564
vn 0.1294 -0.9800 -0.1510
vn 0.1240 -0.9820 -0.1422
vn 0.3777 0.0000 0.9259
vn 0.5079 0.0081 0.8614
vn 0.2464 -0.1070 0.9633
vn 0.2006 0.4697 0.8597
vn 0.4282 0.5183 0.7402
vn 0.3337 0.3717 0.8663
vn 0.6225 0.4867 0.6129
vn 0.3880 0.4384 0.8107
vn 0.3716 0.5086 0.7767
vn 0.5540 0.4282 -0.7140
vn 0.5880 0.6518 -0.4790
vn 0.3128 0.5888 -0.7453
vn 0.4879 0.0001 -0.8729
vn 0.6801 -0.0710 -0.7296
vn 0.6130 0.0000 -0.7901
vn 0.6651 0.0901 -0.7413
vn 0.7420 0.0000 0.6704
vn 0.8313 0.0081 0.5557
vn 0.6399 -0.1069 0.7610
vn 0.5537 0.4698 0.6876
vn 0.7070 0.5184 0.4811
vn 0.6764 0.3717 0.6358
vn 0.8268 0.4870 0.2816
vn 0.7013 0.4386 0.5620
vn 0.6716 0.5091 0.5383
vn 0.1894 0.4281 -0.8837
vn 0.3219 0.6517 -0.6868
vn -0.0415 0.5886 -0.8074
vn 0.0610 -0.0000 -0.9981
vn 0.2962 -0.0710 -0.9525
vn 0.2095 0.0000 -0.9778
vn 0.2775 0.0900 -0.9565
vn 0.9594 0.0000 0.2821
vn 0.9901 0.0081 0.1400
vn 0.9067 -0.1070 0.4080
vn 0.7972 0.4697 0.3793
vn 0.8457 0.5183 0.1268
vn 0.8853 0.3718 0.2794
vn 0.8671 0.4869 -0.1050
vn 0.8757 0.4385 0.2021
vn 0.8387 0.5091 0.1936
vn -0.2128 0.4281 -0.8783
vn -0.0080 0.6516 -0.7585
vn -0.3876 0.5886 -0.7094
vn -0.3781 -0.0000 -0.9258
vn -0.1464 -0.0710 -0.9867
vn -0.2355 0.0000 -0.9719
vn -0.1650 0.0900 -0.9822
vn 0.9868 0.0000 -0.1621
vn 0.9528 0.0081 -0.3035
vn 0.9939 -0.1070 -0.0258
vn 0.8827 0.4699 -0.0041
vn 0.8168 0.5186 -0.2528
vn 0.9188 0.3718 -0.1325
vn 0.7361 0.4866 -0.4706
vn 0.8768 0.4383 -0.1977
vn 0.8399 0.5086 -0.1894
vn -0.5728 0.4282 -0.6990
vn -0.3362 0.6517 -0.6799
vn -0.6570 0.5887 -0.4709
vn -0.7423 -0.0000 -0.6700
vn -0.5599 -0.0710 -0.8255
vn -0.6338 0.0000 -0.7735
vn -0.5747 0.0901 -0.8134
vn 0.8188 0.0000 -0.5741
vn 0.7268 0.0081 -0.6868
vn 0.8843 -0.1070 -0.4544
vn 0.7936 0.4696 -0.3869
vn 0.6265 0.5183 -0.5822
vn 0.7704 0.3718 -0.5179
vn 0.4584 0.4871 -0.7434
vn 0.7039 0.4386 -0.5586
vn 0.6742 0.5093 -0.5350
vn -0.8193 0.4282 -0.3813
vn -0.5978 0.6518 -0.4667
vn -0.7962 0.5888 -0.1392
vn -0.9595 -0.0000 -0.2816
vn -0.8626 -0.0710 -0.5008
vn -0.9066 0.0000 -0.4219
vn -0.8707 0.0901 -0.4835
vn 0.4886 0.0000 -0.8725
vn 0.3569 0.0081 -0.9341
vn 0.5996 -0.1070 -0.7931
vn 0.5471 0.4696 -0.6929
vn 0.3119 0.5182 -0.7963
vn 0.4694 0.3719 -0.8009
vn 0.0905 0.4869 -0.8688
vn 0.3919 0.4386 -0.8088
vn 0.3753 0.5091 -0.7746
vn -0.9036 0.4282 0.0119
vn -0.7411 0.6518 -0.1611
vn -0.7778 0.5888 0.2200
vn -0.9867 -0.0000 0.1626
vn -0.9945 -0.0710 -0.0770
vn -0.9999 0.0000 0.0132
vn -0.9943 0.0901 -0.0579
vn 0.0616 0.0000 -0.9981
vn -0.0838 0.0081 -0.9964
vn 0.1960 -0.1070 -0.9747
vn 0.1924 0.4697 -0.8616
vn -0.0646 0.5184 -0.8527
vn 0.0754 0.3718 -0.9253
vn -0.2951 0.4869 -0.8221
vn 0.0018 0.4388 -0.8986
vn 0.0022 0.5089 -0.8608
vn -0.8090 0.4281 0.4029
vn -0.7377 0.6516 0.1765
vn -0.6054 0.5886 0.5357
vn -0.8184 -0.0000 0.5746
vn -0.9294 -0.0710 0.3622
vn -0.8951 0.0000 0.4458
vn -0.9209 0.0900 0.3793
vn -0.3776 0.0000 -0.9260
vn -0.5079 0.0081 -0.8614
vn -0.2463 -0.1070 -0.9633
vn -0.2005 0.4698 -0.8597
vn -0.4281 0.5184 -0.7402
vn -0.3335 0.3719 -0.8663
vn -0.6227 0.4869 -0.6125
vn -0.3879 0.4385 -0.8107
vn -0.3715 0.5090 -0.7764
vn -0.5540 0.4281 0.7140
vn -0.5880 0.6517 0.4792
vn -0.3129 0.5886 0.7454
vn -0.4880 -0.0000 0.8728
vn -0.6801 -0.0710 0.7297
vn -0.6130 0.0000 0.7901
vn -0.6650 0.0901 0.7414
vn -0.7420 0.0000 -0.6705
vn -0.8313 0.0081 -0.5558
vn -0.6398 -0.1070 -0.7610
vn -0.5537 0.4697 -0.6876
vn -0.7069 0.5184 -0.4812
vn -0.6764 0.3717 -0.6358
vn -0.8268 0.4868 -0.2818
vn -0.7013 0.4385 -0.5621
vn -0.6717 0.5088 -0.5384
vn -0.1894 0.4281 0.8837
vn -0.3219 0.6516 0.6869
vn 0.0414 0.5886 0.8074
vn -0.0610 -0.0000 0.9981
vn -0.2962 -0.0710 0.9525
vn -0.2095 0.0000 0.9778
vn -0.2776 0.0900 0.9565
vn -0.9594 0.0000 -0.2821
vn -0.9901 0.0081 -0.1400
vn -0.9067 -0.1070 -0.4081
vn -0.7972 0.4697 -0.3793
vn -0.8457 0.5183 -0.1268
vn -0.8853 0.3717 -0.2794
vn -0.8671 0.4870 0.1050
vn -0.8757 0.4385 -0.2021
vn -0.8387 0.5091 -0.1936
vn 0.2128 0.4283 0.8782
vn 0.0079 0.6518 0.7583
vn 0.3876 0.5888 0.7093
vn 0.3782 0.0001 0.9257
vn 0.1463 -0.0710 0.9867
vn 0.2354 0.0000 0.9719
vn 0.1649 0.0901 0.9822
vn -0.9868 0.0000 0.1621
vn -0.9528 0.0081 0.3035
vn -0.9939 -0.1069 0.0258
vn -0.8828 0.4696 0.0042
vn -0.8171 0.5182 0.2527
vn -0.9189 0.3717 0.1324
vn -0.7356 0.4870 0.4710
vn -0.8766 0.4386 0.1980
vn -0.8395 0.5092 0.1896
vn 0.5728 0.4280 0.6990
vn 0.3363 0.6516 0.6799
vn 0.6571 0.5885 0.4710
vn 0.7423 0.0001 0.6701
vn 0.5600 -0.0709 0.8254
vn 0.6338 0.0000 0.7735
vn 0.5747 0.0900 0.8134
vn -0.8188 0.0000 0.5741
vn -0.7268 0.0081 0.6868
vn -0.8843 -0.1069 0.4545
vn -0.7936 0.4697 0.3868
vn -0.6265 0.5183 0.5821
vn -0.7704 0.3717 0.5180
vn -0.4586 0.4869 0.7433
vn -0.7040 0.4385 0.5586
vn -0.6743 0.5091 0.5350
vn 0.8194 0.4280 0.3813
vn 0.5980 0.6516 0.4667
vn 0.7964 0.5885 0.1394
vn 0.9595 -0.0000 0.2816
vn 0.8627 -0.0710 0.5008
vn 0.9066 0.0000 0.4219
vn 0.8707 0.0900 0.4835
vn -0.4886 0.0000 0.8725
vn -0.3569 0.0081 0.9341
vn -0.5996 -0.1070 0.7931
vn -0.5472 0.4697 0.6928
vn -0.3119 0.5184 0.7963
vn -0.4694 0.3718 0.8009
vn -0.0907 0.4869 0.8688
vn -0.3920 0.4385 0.8087
vn -0.3754 0.5090 0.7746
vn 0.9036 0.4282 -0.0120
vn 0.7411 0.6518 0.1611
vn 0.7778 0.5888 -0.2201
vn 0.9867 -0.0000 -0.1626
vn 0.9945 -0.0710 0.0769
vn 0.9999 0.0000 -0.0132
vn 0.9943 0.0901 0.0579
vn -0.0616 0.0000 0.9981
vn 0.0838 0.0081 0.9965
vn -0.1961 -0.1070 0.9747
vn -0.1924 0.4697 0.8616
vn 0.0645 0.5183 0.8527
vn -0.0754 0.3718 0.9252
vn 0.2953 0.4870 0.8220
vn -0.0022 0.4386 0.8987
vn -0.0021 0.5091 0.8607
vn 0.8090 0.4281 -0.4029
vn 0.7377 0.6516 -0.1765
vn 0.6054 0.5886 -0.5358
vn 0.8184 -0.0000 -0.5746
vn 0.9294 -0.0710 -0.3622
vn 0.8951 0.0000 -0.4458
vn 0.9209 0.0901 -0.3793
vn -0.1924 0.4696 0.8617
vn 0.0645 0.5182 0.8528
vn -0.0754 0.3717 0.9253
vn 0.2954 0.4868 0.8221
vn -0.0022 0.4384 0.8988
vn -0.0020 0.5091 0.8607
vn 0.7377 0.6516 -0.1766
vn 0.6055 0.5885 -0.5358
vn 0.9209 0.0900 -0.3793
vn 0.7419 0.0000 0.6705
vn 0.8313 0.0081 0.5558
vn 0.6398 -0.1069 0.7610
vn 0.5537 0.4696 0.6877
vn 0.7070 0.5182 0.4813
vn 0.6764 0.3717 0.6359
vn 0.8268 0.4868 0.2818
vn 0.7013 0.4385 0.5620
vn 0.6717 0.5090 0.5383
vn 0.3219 0.6516 -0.6869
vn -0.0414 0.5885 -0.8074
vn 0.0611 -0.0001 -0.9981
vn 0.2963 -0.0710 -0.9525
vn 0.2096 0.0000 -0.9778
vn 0.2776 0.0900 -0.9565
vn 0.9868 0.0000 -0.1620
vn 0.9529 0.0081 -0.3033
vn 0.9939 -0.1069 -0.0257
vn 0.8829 0.4696 -0.0042
vn 0.8171 0.5182 -0.2527
vn 0.9189 0.3716 -0.1323
vn 0.7358 0.4868 -0.4708
vn 0.8767 0.4384 -0.1978
vn 0.8397 0.5090 -0.1894
vn -0.5728 0.4280 -0.6991
vn -0.3363 0.6515 -0.6800
vn -0.6571 0.5884 -0.4712
vn -0.7423 -0.0000 -0.6701
vn -0.5747 0.0900 -0.8134
vn 0.3570 0.0081 -0.9341
vn 0.5996 -0.1069 -0.7931
vn 0.5472 0.4696 -0.6929
vn 0.3119 0.5182 -0.7964
vn 0.4695 0.3716 -0.8009
vn 0.0908 0.4868 -0.8688
vn 0.3920 0.4384 -0.8088
vn 0.3754 0.5089 -0.7746
vn -0.9037 0.4280 0.0119
vn -0.7413 0.6515 -0.1610
vn -0.7780 0.5885 0.2200
vn -0.9867 -0.0000 0.1625
vn -0.9945 -0.0710 -0.0769
vn -0.9943 0.0900 -0.0579
vn -0.3775 0.0000 -0.9260
vn -0.5077 0.0081 -0.8615
vn -0.2462 -0.1069 -0.9633
vn -0.2005 0.4696 -0.8598
vn -0.4281 0.5182 -0.7404
vn -0.3335 0.3716 -0.8664
vn -0.6226 0.4868 -0.6126
vn -0.3715 0.5090 -0.7765
vn -0.5541 0.4281 0.7140
vn -0.5882 0.6515 0.4791
vn -0.3131 0.5885 0.7454
vn -0.4881 -0.0000 0.8728
vn -0.6802 -0.0710 0.7296
vn -0.6131 0.0000 0.7900
vn -0.6651 0.0901 0.7413
vn -0.9594 0.0000 -0.2822
vn -0.9901 0.0081 -0.1402
vn -0.9067 -0.1069 -0.4081
vn -0.7972 0.4696 -0.3793
vn -0.8458 0.5182 -0.1269
vn -0.8853 0.3716 -0.2795
vn -0.8672 0.4868 0.1048
vn -0.8757 0.4384 -0.2022
vn -0.8387 0.5089 -0.1937
vn 0.2127 0.4280 0.8784
vn 0.0079 0.6516 0.7586
vn 0.3876 0.5885 0.7096
vn 0.3780 -0.0000 0.9258
vn 0.1648 0.0900 0.9822
vn -0.7269 0.0081 0.6867
vn -0.8843 -0.1070 0.4544
vn -0.7936 0.4696 0.3869
vn -0.6266 0.5182 0.5821
vn -0.7705 0.3717 0.5178
vn -0.4586 0.4869 0.7434
vn -0.6743 0.5091 0.5349
vn 0.8194 0.4280 0.3814
vn 0.5980 0.6516 0.4668
vn 0.7964 0.5885 0.1393
vn 0.9595 0.0001 0.2817
vn 0.8626 -0.0710 0.5008
vn 0.9066 0.0000 0.4220
vn 0.8707 0.0901 0.4835
vn 0.9997 0.0000 -0.0257
vn -0.5221 0.0000 -0.8529
vn -0.4776 0.0000 0.8786
vn -0.9907 0.0000 -0.1360
vn -0.8244 0.5546 -0.1132
vn -0.8243 0.5547 -0.1131
vn -0.7920 -0.6007 -0.1086
vn -0.7920 -0.6008 -0.1087
vn 0.3533 -0.3533 0.8662
vn 0.3352 -0.3693 0.8667
vn 0.3603 -0.3005 0.8831
vn 0.4229 -0.4732 0.7728
vn 0.3678 -0.5233 0.7687
vn 0.3866 -0.4450 0.8078
vn 0.5736 -0.3533 -0.7390
vn 0.5848 -0.3006 -0.7534
vn 0.5564 -0.3693 -0.7444
vn 0.5614 -0.5229 -0.6415
vn 0.6154 -0.4729 -0.6306
vn 0.5898 -0.4448 -0.6740
vn -0.9907 0.0010 -0.1359
vn -0.9907 0.0020 -0.1359
vn -0.9916 0.0010 -0.1295
vn -0.9897 -0.0015 -0.1432
vn -0.9888 -0.0006 -0.1496
vn -0.9897 -0.0006 -0.1431
vn 0.3777 0.0006 0.9259
vn 0.3777 0.0015 0.9259
vn 0.3834 0.0006 0.9236
vn 0.3712 -0.0016 0.9286
vn 0.3655 -0.0009 0.9308
vn 0.3712 -0.0009 0.9286
vn 0.6131 0.0007 -0.7900
vn 0.6131 0.0016 -0.7900
vn 0.6086 0.0007 -0.7935
vn 0.6182 -0.0014 -0.7860
vn 0.6227 -0.0007 -0.7824
vn 0.6182 -0.0007 -0.7860
vn -0.9516 0.0000 0.3073
vn -0.7918 0.5547 0.2557
vn -0.7607 -0.6008 0.2457
vn -0.7607 -0.6008 0.2456
vn 0.6942 -0.3533 0.6271
vn 0.6780 -0.3695 0.6355
vn 0.7078 -0.3002 0.6395
vn 0.7164 -0.4734 0.5126
vn 0.6648 -0.5236 0.5328
vn 0.6988 -0.4451 0.5600
vn 0.1959 -0.3535 -0.9147
vn 0.2001 -0.3006 -0.9325
vn 0.1783 -0.3692 -0.9121
vn 0.2275 -0.5230 -0.8214
vn 0.2808 -0.4731 -0.8351
vn 0.2391 -0.4449 -0.8631
vn -0.9516 0.0010 0.3073
vn -0.9516 0.0019 0.3073
vn -0.9496 0.0010 0.3134
vn -0.9538 -0.0014 0.3004
vn -0.9557 -0.0006 0.2942
vn -0.9538 -0.0006 0.3004
vn 0.7420 0.0006 0.6704
vn 0.7420 0.0016 0.6704
vn 0.7462 0.0006 0.6658
vn 0.7373 -0.0018 0.6755
vn 0.7331 -0.0009 0.6801
vn 0.7373 -0.0009 0.6755
vn 0.2097 0.0007 -0.9778
vn 0.2097 0.0017 -0.9778
vn 0.2041 0.0007 -0.9789
vn 0.2159 -0.0014 -0.9764
vn 0.2215 -0.0007 -0.9752
vn 0.2160 -0.0006 -0.9764
vn -0.7240 0.0000 0.6898
vn -0.6024 0.5547 0.5739
vn -0.5788 -0.6008 0.5514
vn -0.5788 -0.6008 0.5515
vn 0.8975 -0.3533 0.2639
vn 0.8866 -0.3693 0.2784
vn 0.9151 -0.3004 0.2690
vn 0.8678 -0.4734 0.1511
vn 0.8302 -0.5235 0.1917
vn 0.8725 -0.4451 0.2014
vn -0.2201 -0.3533 -0.9093
vn -0.2244 -0.3005 -0.9270
vn -0.2350 -0.3693 -0.8991
vn -0.1514 -0.5229 -0.8388
vn -0.1092 -0.4729 -0.8743
vn -0.1591 -0.4447 -0.8814
vn -0.7240 0.0010 0.6898
vn -0.7240 0.0021 0.6898
vn -0.7196 0.0009 0.6944
vn -0.7291 -0.0015 0.6844
vn -0.7334 -0.0006 0.6798
vn -0.7290 -0.0006 0.6845
vn 0.9594 0.0006 0.2821
vn 0.9594 0.0017 0.2821
vn 0.9611 0.0006 0.2761
vn 0.9574 -0.0018 0.2887
vn 0.9556 -0.0009 0.2946
vn 0.9574 -0.0009 0.2887
vn -0.2353 0.0007 -0.9719
vn -0.2353 0.0015 -0.9719
vn -0.2408 0.0007 -0.9706
vn -0.2291 -0.0015 -0.9734
vn -0.2236 -0.0007 -0.9747
vn -0.2291 -0.0007 -0.9734
vn -0.3530 0.0000 0.9356
vn -0.2937 0.5546 0.7785
vn -0.2937 0.5547 0.7785
vn -0.2822 -0.6007 0.7480
vn 0.9231 -0.3533 -0.1517
vn 0.9196 -0.3693 -0.1340
vn 0.9411 -0.3007 -0.1547
vn 0.8478 -0.4728 -0.2401
vn 0.8315 -0.5228 -0.1876
vn 0.8736 -0.4450 -0.1968
vn -0.5928 -0.3534 -0.7237
vn -0.6045 -0.3005 -0.7378
vn -0.6019 -0.3694 -0.7080
vn -0.5004 -0.5229 -0.6900
vn -0.4778 -0.4730 -0.7403
vn -0.5258 -0.4448 -0.7251
vn -0.3530 0.0010 0.9356
vn -0.3530 0.0019 0.9356
vn -0.3469 0.0010 0.9379
vn -0.3599 -0.0015 0.9330
vn -0.3660 -0.0006 0.9306
vn -0.3599 -0.0006 0.9330
vn 0.9868 0.0006 -0.1622
vn 0.9868 0.0016 -0.1622
vn 0.9857 0.0006 -0.1683
vn 0.9879 -0.0018 -0.1552
vn 0.9888 -0.0009 -0.1491
vn 0.9879 -0.0009 -0.1552
vn -0.6337 0.0007 -0.7736
vn -0.6337 0.0016 -0.7736
vn -0.6382 0.0007 -0.7699
vn -0.6287 -0.0013 -0.7777
vn -0.6242 -0.0007 -0.7813
vn -0.6286 -0.0007 -0.7777
vn 0.0879 0.0000 0.9961
vn 0.0731 0.5547 0.8288
vn 0.0703 -0.6008 0.7963
vn 0.0702 -0.6008 0.7963
vn 0.7659 -0.3533 -0.5372
vn 0.7705 -0.3693 -0.5196
vn 0.7809 -0.3003 -0.5478
vn 0.6592 -0.4734 -0.5843
vn 0.6675 -0.5235 -0.5295
vn 0.7015 -0.4451 -0.5567
vn -0.8481 -0.3533 -0.3948
vn -0.8646 -0.3006 -0.4025
vn -0.8495 -0.3693 -0.3768
vn -0.7503 -0.5229 -0.4046
vn -0.7517 -0.4729 -0.4597
vn -0.7883 -0.4448 -0.4251
vn 0.0879 0.0010 0.9961
vn 0.0879 0.0019 0.9961
vn 0.0943 0.0009 0.9955
vn 0.0805 -0.0015 0.9968
vn 0.0741 -0.0006 0.9973
vn 0.0806 -0.0006 0.9967
vn 0.8187 0.0006 -0.5742
vn 0.8187 0.0016 -0.5742
vn 0.8151 0.0006 -0.5793
vn 0.8227 -0.0018 -0.5685
vn 0.8262 -0.0009 -0.5634
vn 0.8227 -0.0009 -0.5685
vn -0.9066 0.0007 -0.4220
vn -0.9066 0.0015 -0.4220
vn -0.9090 0.0007 -0.4169
vn -0.9039 -0.0016 -0.4278
vn -0.9014 -0.0007 -0.4329
vn -0.9039 -0.0007 -0.4278
vn 0.5113 0.0000 0.8594
vn 0.4254 0.5547 0.7151
vn 0.4255 0.5548 0.7150
vn 0.4088 -0.6008 0.6870
vn 0.4088 -0.6007 0.6870
vn 0.4090 -0.6005 0.6871
vn 0.4570 -0.3533 -0.8163
vn 0.4687 -0.3693 -0.8025
vn 0.4659 -0.3004 -0.8323
vn 0.3403 -0.4733 -0.8125
vn 0.3715 -0.5236 -0.7667
vn 0.3905 -0.4451 -0.8059
vn -0.9354 -0.3533 0.0123
vn -0.9537 -0.3006 0.0125
vn -0.9289 -0.3693 0.0291
vn -0.8515 -0.5230 -0.0391
vn -0.8767 -0.4729 -0.0880
vn -0.8947 -0.4448 -0.0410
vn 0.5113 0.0009 0.8594
vn 0.5113 0.0017 0.8594
vn 0.5168 0.0010 0.8561
vn 0.5051 -0.0016 0.8631
vn 0.4996 -0.0006 0.8663
vn 0.5051 -0.0006 0.8630
vn 0.4885 0.0006 -0.8726
vn 0.4885 0.0015 -0.8726
vn 0.4831 0.0006 -0.8756
vn 0.4945 -0.0017 -0.8692
vn 0.4999 -0.0009 -0.8661
vn 0.4945 -0.0009 -0.8692
vn -0.9999 0.0007 0.0131
vn -0.9999 0.0015 0.0131
vn -0.9998 0.0007 0.0188
vn -1.0000 -0.0015 0.0067
vn -1.0000 -0.0007 0.0010
vn -1.0000 -0.0007 0.0067
vn 0.8336 0.0000 0.5524
vn 0.6936 0.5547 0.4596
vn 0.6936 0.5545 0.4598
vn 0.6936 0.5543 0.4601
vn 0.6664 -0.6007 0.4416
vn 0.6661 -0.6012 0.4415
vn 0.6662 -0.6009 0.4417
vn 0.0576 -0.3533 -0.9337
vn 0.0741 -0.3694 -0.9263
vn 0.0587 -0.3003 -0.9520
vn -0.0458 -0.4733 -0.8797
vn 0.0021 -0.5234 -0.8521
vn 0.0022 -0.4451 -0.8955
vn -0.8375 -0.3531 0.4169
vn -0.8539 -0.3001 0.4251
vn -0.8242 -0.3692 0.4293
vn -0.7838 -0.5236 0.3340
vn -0.8280 -0.4734 0.3005
vn -0.8239 -0.4450 0.3510
vn 0.8336 0.0009 0.5524
vn 0.8336 0.0017 0.5524
vn 0.8371 0.0009 0.5471
vn 0.8295 -0.0014 0.5584
vn 0.8260 -0.0006 0.5637
vn 0.8296 -0.0006 0.5584
vn 0.0615 0.0006 -0.9981
vn 0.0615 0.0016 -0.9981
vn 0.0554 0.0006 -0.9985
vn 0.0685 -0.0018 -0.9976
vn 0.0746 -0.0009 -0.9972
vn 0.0685 -0.0009 -0.9977
vn -0.8952 0.0007 0.4456
vn -0.8952 0.0015 0.4456
vn -0.8927 0.0007 0.4507
vn -0.8980 -0.0015 0.4399
vn -0.9005 -0.0007 0.4348
vn -0.8981 -0.0007 0.4399
vn 0.9907 0.0000 0.1360
vn 0.8243 0.5548 0.1131
vn 0.8244 0.5546 0.1133
vn 0.7921 -0.6007 0.1087
vn 0.7919 -0.6009 0.1088
vn -0.3532 -0.3534 -0.8662
vn -0.3351 -0.3694 -0.8667
vn -0.3602 -0.3005 -0.8832
vn -0.4229 -0.4734 -0.7727
vn -0.3677 -0.5236 -0.7685
vn -0.3865 -0.4451 -0.8077
vn -0.5737 -0.3532 0.7390
vn -0.5849 -0.3004 0.7534
vn -0.5564 -0.3692 0.7443
vn -0.5614 -0.5230 0.6413
vn -0.6156 -0.4730 0.6304
vn -0.5900 -0.4448 0.6739
vn 0.9907 0.0010 0.1360
vn 0.9907 0.0019 0.1360
vn 0.9916 0.0010 0.1296
vn 0.9897 -0.0015 0.1433
vn 0.9887 -0.0006 0.1497
vn 0.9897 -0.0006 0.1432
vn -0.3776 0.0006 -0.9260
vn -0.3776 0.0014 -0.9260
vn -0.3833 0.0006 -0.9236
vn -0.3712 -0.0018 -0.9286
vn -0.3655 -0.0009 -0.9308
vn -0.3712 -0.0009 -0.9286
vn -0.6132 0.0007 0.7899
vn -0.6132 0.0015 0.7899
vn -0.6088 0.0007 0.7934
vn -0.6182 -0.0014 0.7860
vn -0.6227 -0.0007 0.7825
vn -0.6183 -0.0007 0.7860
vn 0.9516 0.0000 -0.3073
vn 0.7918 0.5548 -0.2557
vn 0.7918 0.5547 -0.2557
vn 0.7607 -0.6008 -0.2456
vn -0.6941 -0.3533 -0.6272
vn -0.6780 -0.3694 -0.6355
vn -0.7077 -0.3003 -0.6395
vn -0.7164 -0.4733 -0.5126
vn -0.6648 -0.5236 -0.5328
vn -0.6987 -0.4451 -0.5601
vn -0.1963 -0.3532 0.9147
vn -0.2001 -0.3002 0.9326
vn -0.1783 -0.3692 0.9121
vn -0.2277 -0.5234 0.8211
vn -0.2812 -0.4733 0.8348
vn -0.2393 -0.4450 0.8629
vn 0.9516 0.0010 -0.3073
vn 0.9516 0.0019 -0.3073
vn 0.9496 0.0010 -0.3134
vn 0.9538 -0.0014 -0.3003
vn 0.9557 -0.0006 -0.2942
vn 0.9538 -0.0006 -0.3004
vn -0.7420 0.0006 -0.6704
vn -0.7420 0.0016 -0.6704
vn -0.7461 0.0006 -0.6659
vn -0.7373 -0.0018 -0.6756
vn -0.7331 -0.0009 -0.6801
vn -0.7373 -0.0009 -0.6756
vn -0.2098 0.0007 0.9777
vn -0.2098 0.0016 0.9777
vn -0.2042 0.0007 0.9789
vn -0.2160 -0.0016 0.9764
vn -0.2215 -0.0007 0.9752
vn -0.2160 -0.0007 0.9764
vn 0.7240 0.0000 -0.6898
vn 0.6025 0.5547 -0.5739
vn 0.6024 0.5547 -0.5739
vn 0.5788 -0.6008 -0.5514
vn 0.5788 -0.6007 -0.5515
vn -0.8975 -0.3532 -0.2639
vn -0.8866 -0.3692 -0.2784
vn -0.9151 -0.3003 -0.2691
vn -0.8678 -0.4734 -0.1511
vn -0.8302 -0.5235 -0.1917
vn -0.8726 -0.4451 -0.2014
vn 0.2201 -0.3533 0.9092
vn 0.2244 -0.3006 0.9270
vn 0.2351 -0.3693 0.8991
vn 0.1513 -0.5231 0.8387
vn 0.1092 -0.4730 0.8743
vn 0.1590 -0.4449 0.8814
vn 0.7240 0.0010 -0.6898
vn 0.7240 0.0019 -0.6898
vn 0.7195 0.0010 -0.6945
vn 0.7291 -0.0015 -0.6844
vn 0.7335 -0.0006 -0.6797
vn 0.7291 -0.0006 -0.6844
vn -0.9594 0.0006 -0.2821
vn -0.9594 0.0015 -0.2821
vn -0.9611 0.0006 -0.2762
vn -0.9574 -0.0017 -0.2888
vn -0.9556 -0.0009 -0.2946
vn -0.9574 -0.0009 -0.2888
vn 0.2353 0.0007 0.9719
vn 0.2353 0.0016 0.9719
vn 0.2409 0.0007 0.9706
vn 0.2290 -0.0015 0.9734
vn 0.2234 -0.0007 0.9747
vn 0.2290 -0.0007 0.9734
vn 0.3531 -0.0001 -0.9356
vn 0.3530 0.0000 -0.9356
vn 0.2937 0.5548 -0.7784
vn 0.2822 -0.6009 -0.7478
vn 0.2822 -0.6008 -0.7479
vn -0.9232 -0.3532 0.1516
vn -0.9196 -0.3692 0.1338
vn -0.9413 -0.3001 0.1546
vn -0.8473 -0.4735 0.2406
vn -0.8309 -0.5238 0.1877
vn -0.8734 -0.4452 0.1972
vn 0.5929 -0.3531 0.7237
vn 0.6044 -0.3002 0.7379
vn 0.6020 -0.3691 0.7081
vn 0.4999 -0.5236 0.6899
vn 0.4772 -0.4734 0.7404
vn 0.5254 -0.4451 0.7251
vn 0.3531 0.0010 -0.9356
vn 0.3531 0.0020 -0.9356
vn 0.3470 0.0010 -0.9378
vn 0.3599 -0.0014 -0.9330
vn 0.3658 -0.0006 -0.9307
vn 0.3598 -0.0006 -0.9330
vn -0.9868 0.0006 0.1621
vn -0.9868 0.0016 0.1621
vn -0.9858 0.0006 0.1682
vn -0.9879 -0.0017 0.1552
vn -0.9888 -0.0009 0.1491
vn -0.9879 -0.0009 0.1552
vn 0.6337 0.0007 0.7736
vn 0.6337 0.0014 0.7736
vn 0.6381 0.0007 0.7700
vn 0.6288 -0.0015 0.7776
vn 0.6244 -0.0007 0.7811
vn 0.6288 -0.0007 0.7776
vn -0.0878 0.0000 -0.9961
vn -0.0731 0.5547 -0.8288
vn -0.0730 0.5546 -0.8289
vn -0.0702 -0.6007 -0.7964
vn -0.0701 -0.6008 -0.7963
vn -0.7660 -0.3532 0.5371
vn -0.7705 -0.3692 0.5196
vn -0.7810 -0.3003 0.5477
vn -0.6592 -0.4733 0.5843
vn -0.6675 -0.5235 0.5296
vn -0.7015 -0.4451 0.5566
vn 0.8482 -0.3531 0.3949
vn 0.8648 -0.3001 0.4026
vn 0.8496 -0.3692 0.3768
vn 0.7498 -0.5235 0.4046
vn 0.7513 -0.4733 0.4600
vn 0.7881 -0.4450 0.4253
vn -0.0878 0.0010 -0.9961
vn -0.0878 0.0019 -0.9961
vn -0.0943 0.0009 -0.9955
vn -0.0805 -0.0015 -0.9968
vn -0.0741 -0.0006 -0.9973
vn -0.0806 -0.0006 -0.9967
vn -0.8188 0.0006 0.5741
vn -0.8188 0.0013 0.5741
vn -0.8152 0.0006 0.5791
vn -0.8227 -0.0017 0.5685
vn -0.8261 -0.0009 0.5635
vn -0.8227 -0.0009 0.5685
vn 0.9066 0.0007 0.4220
vn 0.9066 0.0016 0.4220
vn 0.9090 0.0007 0.4169
vn 0.9038 -0.0013 0.4279
vn 0.9014 -0.0007 0.4330
vn 0.9038 -0.0007 0.4279
vn -0.5113 0.0000 -0.8594
vn -0.4254 0.5547 -0.7151
vn -0.4255 0.5547 -0.7151
vn -0.4088 -0.6008 -0.6870
vn -0.4570 -0.3533 0.8163
vn -0.4687 -0.3695 0.8024
vn -0.4660 -0.3004 0.8322
vn -0.3404 -0.4733 0.8125
vn -0.3715 -0.5235 0.7667
vn -0.3906 -0.4451 0.8058
vn 0.9354 -0.3533 -0.0123
vn 0.9537 -0.3006 -0.0125
vn 0.9289 -0.3693 -0.0291
vn 0.8515 -0.5229 0.0390
vn 0.8767 -0.4729 0.0879
vn 0.8947 -0.4448 0.0410
vn -0.5113 0.0010 -0.8594
vn -0.5113 0.0019 -0.8594
vn -0.5168 0.0010 -0.8561
vn -0.5050 -0.0015 -0.8631
vn -0.4995 -0.0006 -0.8663
vn -0.5051 -0.0006 -0.8631
vn -0.4885 0.0006 0.8726
vn -0.4885 0.0015 0.8726
vn -0.4831 0.0006 0.8756
vn -0.4946 -0.0018 0.8691
vn -0.5000 -0.0009 0.8660
vn -0.4946 -0.0009 0.8691
vn 0.9999 0.0007 -0.0131
vn 0.9999 0.0016 -0.0131
vn 0.9998 0.0007 -0.0189
vn 1.0000 -0.0014 -0.0067
vn 1.0000 -0.0007 -0.0009
vn 1.0000 -0.0007 -0.0067
vn -0.8336 0.0000 -0.5524
vn -0.6936 0.5547 -0.4596
vn -0.6936 0.5546 -0.4598
vn -0.6664 -0.6007 -0.4416
vn -0.6663 -0.6009 -0.4417
vn -0.0576 -0.3532 0.9338
vn -0.0741 -0.3692 0.9264
vn -0.0587 -0.3004 0.9520
vn 0.0458 -0.4734 0.8797
vn -0.0021 -0.5235 0.8520
vn -0.0022 -0.4451 0.8955
vn 0.8375 -0.3532 -0.4169
vn 0.8539 -0.3002 -0.4251
vn 0.8243 -0.3692 -0.4293
vn 0.7840 -0.5233 -0.3340
vn 0.8280 -0.4732 -0.3008
vn 0.8239 -0.4450 -0.3510
vn -0.8336 0.0010 -0.5524
vn -0.8336 0.0018 -0.5524
vn -0.8372 0.0010 -0.5469
vn -0.8295 -0.0017 -0.5586
vn -0.8258 -0.0006 -0.5640
vn -0.8295 -0.0006 -0.5585
vn -0.0616 0.0006 0.9981
vn -0.0616 0.0015 0.9981
vn -0.0554 0.0006 0.9985
vn -0.0685 -0.0018 0.9976
vn -0.0747 -0.0009 0.9972
vn -0.0685 -0.0009 0.9976
vn 0.8952 0.0007 -0.4456
vn 0.8952 0.0016 -0.4456
vn 0.8926 0.0007 -0.4508
vn 0.8981 -0.0014 -0.4398
vn 0.9006 -0.0007 -0.4346
vn 0.8981 -0.0007 -0.4398
vn -0.6936 0.5546 -0.4597
vn -0.6663 -0.6008 -0.4416
vn -0.0576 -0.3534 0.9337
vn -0.0742 -0.3693 0.9263
vn 0.0460 -0.4735 0.8796
vn -0.0020 -0.5239 0.8518
vn -0.0022 -0.4452 0.8954
vn 0.8375 -0.3533 -0.4169
vn 0.8539 -0.3004 -0.4251
vn 0.8242 -0.3693 -0.4293
vn 0.7839 -0.5233 -0.3340
vn 0.8239 -0.4450 -0.3511
vn -0.8335 0.0016 -0.5524
vn -0.8371 0.0010 -0.5471
vn -0.8295 -0.0014 -0.5585
vn -0.8259 -0.0006 -0.5638
vn -0.0555 0.0006 0.9985
vn -0.0746 -0.0009 0.9972
vn 0.8952 0.0015 -0.4456
vn 0.8927 0.0007 -0.4507
vn 0.8980 -0.0016 -0.4399
vn 0.9005 -0.0007 -0.4348
vn 0.8981 -0.0007 -0.4399
vn -0.7918 0.5546 0.2557
vn -0.7919 0.5546 0.2557
vn -0.7607 -0.6009 0.2456
vn 0.6941 -0.3533 0.6272
vn 0.6780 -0.3693 0.6355
vn 0.7077 -0.3003 0.6395
vn 0.7164 -0.4734 0.5125
vn 0.6648 -0.5237 0.5327
vn 0.6987 -0.4452 0.5600
vn 0.1962 -0.3534 -0.9147
vn 0.1784 -0.3693 -0.9120
vn 0.2276 -0.5233 -0.8212
vn 0.2810 -0.4732 -0.8349
vn 0.2392 -0.4450 -0.8630
vn -0.9516 0.0021 0.3073
vn -0.9539 -0.0016 0.3003
vn -0.9558 -0.0006 0.2941
vn -0.9538 -0.0006 0.3003
vn 0.7420 0.0006 0.6705
vn 0.7461 0.0006 0.6659
vn 0.7373 -0.0017 0.6756
vn 0.7373 -0.0009 0.6756
vn 0.2098 0.0007 -0.9778
vn 0.2098 0.0016 -0.9778
vn 0.2042 0.0007 -0.9789
vn 0.2160 -0.0014 -0.9764
vn 0.2216 -0.0007 -0.9751
vn 0.2160 -0.0007 -0.9764
vn -0.3531 0.0000 0.9356
vn -0.2938 0.5547 0.7785
vn -0.2939 0.5546 0.7785
vn -0.2823 -0.6008 0.7479
vn -0.2823 -0.6009 0.7478
vn 0.9231 -0.3533 -0.1516
vn 0.9196 -0.3693 -0.1338
vn 0.9412 -0.3004 -0.1546
vn 0.8474 -0.4735 -0.2403
vn 0.8311 -0.5236 -0.1874
vn 0.8735 -0.4451 -0.1971
vn -0.5928 -0.3533 -0.7237
vn -0.6044 -0.3003 -0.7379
vn -0.6019 -0.3693 -0.7081
vn -0.5000 -0.5235 -0.6899
vn -0.4773 -0.4733 -0.7404
vn -0.5255 -0.4451 -0.7251
vn -0.3531 0.0010 0.9356
vn -0.3531 0.0019 0.9356
vn -0.3470 0.0010 0.9379
vn -0.3600 -0.0016 0.9330
vn 0.9868 0.0006 -0.1621
vn 0.9868 0.0015 -0.1621
vn 0.9858 0.0006 -0.1682
vn 0.9879 -0.0017 -0.1552
vn -0.6337 0.0015 -0.7736
vn -0.6381 0.0007 -0.7700
vn -0.6287 -0.0017 -0.7776
vn -0.6242 -0.0007 -0.7812
vn -0.6287 -0.0007 -0.7777
vn 0.4255 0.5546 0.7151
vn 0.4254 0.5545 0.7153
vn 0.4087 -0.6008 0.6870
vn 0.4086 -0.6009 0.6870
vn 0.4570 -0.3533 -0.8162
vn 0.4688 -0.3695 -0.8023
vn 0.4661 -0.3003 -0.8322
vn 0.3404 -0.4734 -0.8124
vn 0.3716 -0.5236 -0.7666
vn 0.3905 -0.4452 -0.8058
vn -0.9354 -0.3533 0.0122
vn -0.9537 -0.3004 0.0124
vn -0.9288 -0.3693 0.0291
vn -0.8512 -0.5234 -0.0392
vn -0.8765 -0.4733 -0.0883
vn -0.8946 -0.4450 -0.0412
vn 0.5113 0.0010 0.8594
vn 0.5113 0.0018 0.8594
vn 0.5050 -0.0014 0.8631
vn 0.4995 -0.0006 0.8663
vn 0.5050 -0.0006 0.8631
vn 0.4886 0.0006 -0.8725
vn 0.4886 0.0015 -0.8725
vn 0.4832 0.0006 -0.8755
vn 0.4946 -0.0018 -0.8691
vn 0.5000 -0.0009 -0.8661
vn 0.4946 -0.0009 -0.8691
vn -0.9999 0.0016 0.0131
vn -1.0000 -0.0015 0.0066
vn -1.0000 -0.0007 0.0009
vn -1.0000 -0.0007 0.0066
vn 0.9907 -0.0000 0.1361
vn 0.8244 0.5546 0.1132
vn 0.7919 -0.6008 0.1088
vn -0.3532 -0.3533 -0.8663
vn -0.3350 -0.3694 -0.8668
vn -0.3601 -0.3003 -0.8833
vn -0.4228 -0.4735 -0.7727
vn -0.3677 -0.5236 -0.7686
vn -0.3865 -0.4452 -0.8077
vn -0.5737 -0.3533 0.7390
vn -0.5849 -0.3005 0.7534
vn -0.5564 -0.3693 0.7443
vn -0.5614 -0.5232 0.6411
vn -0.6155 -0.4731 0.6303
vn -0.5900 -0.4450 0.6738
vn 0.9907 0.0010 0.1361
vn 0.9907 0.0019 0.1361
vn 0.9916 0.0010 0.1297
vn 0.9897 -0.0014 0.1433
vn 0.9897 -0.0006 0.1433
vn -0.3776 0.0015 -0.9260
vn -0.3832 0.0006 -0.9237
vn -0.3711 -0.0016 -0.9286
vn -0.3654 -0.0009 -0.9308
vn -0.3711 -0.0009 -0.9286
vn -0.6087 0.0007 0.7934
vn -0.6183 -0.0016 0.7860
vn -0.6228 -0.0007 0.7824
vn -0.6183 -0.0007 0.7859
vn 0.7241 0.0000 -0.6897
vn 0.6025 0.5546 -0.5739
vn 0.5788 -0.6008 -0.5513
vn 0.5788 -0.6009 -0.5513
vn -0.8975 -0.3533 -0.2640
vn -0.8866 -0.3694 -0.2785
vn -0.9151 -0.3004 -0.2691
vn -0.8302 -0.5236 -0.1916
vn -0.8725 -0.4452 -0.2014
vn 0.2200 -0.3534 0.9093
vn 0.2243 -0.3005 0.9270
vn 0.2350 -0.3694 0.8991
vn 0.1512 -0.5233 0.8386
vn 0.1089 -0.4732 0.8742
vn 0.1589 -0.4450 0.8813
vn 0.7241 0.0010 -0.6897
vn 0.7241 0.0019 -0.6897
vn 0.7196 0.0009 -0.6944
vn 0.7291 -0.0016 -0.6844
vn 0.7336 -0.0006 -0.6796
vn -0.9594 0.0006 -0.2822
vn -0.9594 0.0015 -0.2822
vn -0.9611 0.0006 -0.2763
vn -0.9574 -0.0018 -0.2888
vn -0.9556 -0.0009 -0.2947
vn 0.2352 0.0007 0.9720
vn 0.2352 0.0016 0.9720
vn 0.2407 0.0007 0.9706
vn 0.2235 -0.0006 0.9747
vn -0.0702 -0.6009 -0.7962
vn -0.0701 -0.6009 -0.7962
vn -0.7660 -0.3533 0.5371
vn -0.7705 -0.3694 0.5195
vn -0.7810 -0.3002 0.5476
vn -0.6591 -0.4735 0.5843
vn -0.6673 -0.5238 0.5295
vn -0.7014 -0.4453 0.5566
vn 0.8481 -0.3533 0.3949
vn 0.8647 -0.3004 0.4026
vn 0.8495 -0.3693 0.3768
vn 0.7499 -0.5234 0.4047
vn 0.7514 -0.4732 0.4599
vn -0.0878 0.0021 -0.9961
vn -0.0942 0.0009 -0.9956
vn -0.0804 -0.0015 -0.9968
vn -0.0740 -0.0006 -0.9973
vn -0.0805 -0.0006 -0.9968
vn -0.8188 0.0015 0.5741
vn -0.8227 -0.0017 0.5684
vn -0.8262 -0.0009 0.5634
vn -0.8227 -0.0009 0.5684
vn 0.9065 0.0007 0.4221
vn 0.9065 0.0016 0.4221
vn 0.9038 -0.0016 0.4279
vn 0.9014 -0.0007 0.4331
vn -0.9865 -0.1619 0.0254
vn 0.9964 -0.0816 0.0227
vn -0.5937 -0.1102 -0.7971
vn 0.5704 0.4999 -0.6517
vn 0.2312 0.4999 -0.8346
vn -0.1538 0.4999 -0.8523
vn -0.5084 0.4999 -0.7012
vn -0.7623 0.4999 -0.4111
vn -0.8652 0.4999 -0.0397
vn -0.7967 0.5002 0.3393
vn -0.5705 0.5000 0.6516
vn -0.7420 0.0000 -0.6704
vn -0.2314 0.5002 0.8344
vn 0.1538 0.5000 0.8522
vn 0.5081 0.5002 0.7012
vn 0.7621 0.5000 0.4113
vn 0.8652 0.4998 0.0396
vn 0.7967 0.5001 -0.3394
vn 0.7967 0.4999 -0.3395
vn 0.2313 0.4999 -0.8346
vn -0.5082 0.5000 -0.7012
vn -0.8651 0.5000 -0.0398
vn -0.5705 0.4999 0.6516
vn 0.1536 0.4999 0.8523
vn 0.7622 0.5000 0.4113
usemtl Tex_0039_0.dds
s off
f 1/1/1 3/2/2 2/3/1
f 2/3/1 3/2/1 4/4/3
f 3/2/4 5/5/5 4/4/6
f 4/4/7 5/5/7 6/6/8
f 5/5/9 7/7/10 6/6/11
f 6/6/12 7/7/13 8/8/14
f 7/7/15 9/9/16 8/8/17
f 8/8/16 9/9/16 10/10/16
f 11/11/18 13/12/19 12/13/18
f 12/13/18 13/12/20 14/14/21
f 13/12/22 15/15/23 14/14/24
f 14/14/25 15/15/26 16/16/27
f 15/15/28 17/17/29 16/16/30
f 16/16/31 17/17/32 18/18/33
f 17/17/34 19/19/35 18/18/36
f 18/18/37 19/19/37 20/20/37
f 21/21/38 23/22/39 22/23/38
f 22/23/40 23/22/41 24/24/42
f 23/22/43 25/25/44 24/24/45
f 24/24/46 25/25/47 26/26/48
f 25/25/49 27/27/50 26/26/51
f 26/26/52 27/27/53 28/28/54
f 27/27/55 29/29/56 28/28/57
f 28/28/58 29/29/59 30/30/59
f 31/31/60 33/32/61 32/33/60
f 32/33/60 33/32/62 34/34/63
f 33/32/64 35/35/65 34/34/66
f 34/34/67 35/35/68 36/36/69
f 35/35/70 37/37/71 36/36/72
f 36/36/73 37/37/74 38/38/75
f 37/37/76 39/39/77 38/38/78
f 38/38/79 39/39/79 40/40/79
f 41/41/80 43/42/81 42/43/82
f 42/43/83 43/42/84 44/44/85
f 43/42/86 45/45/87 44/44/88
f 44/44/89 45/45/90 46/46/91
f 45/45/92 47/47/93 46/46/94
f 46/46/95 47/47/96 48/48/97
f 47/47/98 49/49/99 48/48/100
f 48/48/101 49/49/102 50/50/102
f 51/51/103 53/52/104 52/53/105
f 52/53/106 53/52/107 54/54/108
f 53/52/109 55/55/110 54/54/111
f 54/54/112 55/55/113 56/56/114
f 55/55/115 57/57/116 56/56/117
f 56/56/118 57/57/119 58/58/120
f 57/57/121 59/59/122 58/58/123
f 58/58/124 59/59/125 60/60/126
f 61/61/127 63/62/128 62/63/127
f 62/63/127 63/62/129 64/64/130
f 63/62/131 65/65/132 64/64/133
f 64/64/134 65/65/135 66/66/136
f 65/65/137 67/67/138 66/66/139
f 66/66/140 67/67/141 68/68/142
f 67/67/143 69/69/144 68/68/145
f 68/68/146 69/69/147 70/70/147
f 71/71/148 73/72/149 72/73/148
f 72/73/148 73/72/150 74/74/151
f 73/72/152 75/75/153 74/74/154
f 74/74/155 75/75/156 76/76/157
f 75/75/158 77/77/159 76/76/160
f 76/76/161 77/77/162 78/78/163
f 77/77/164 79/79/165 78/78/166
f 78/78/167 79/79/167 80/80/167
f 81/81/168 83/82/169 82/83/168
f 82/83/168 83/82/170 84/84/171
f 83/82/172 85/85/173 84/84/174
f 84/84/175 85/85/176 86/86/177
f 85/85/178 87/87/179 86/86/180
f 86/86/181 87/87/182 88/88/183
f 87/87/184 89/89/185 88/88/186
f 88/88/187 89/89/188 90/90/189
f 91/91/190 93/92/191 92/93/192
f 92/93/193 93/92/194 94/94/195
f 93/92/196 95/95/197 94/94/198
f 94/94/199 95/95/200 96/96/201
f 95/95/202 97/97/203 96/96/204
f 96/96/205 97/97/206 98/98/207
f 97/97/208 99/99/207 98/98/207
f 100/100/209 102/101/210 101/102/211
f 101/102/212 102/101/213 103/103/214
f 102/101/215 104/104/216 103/103/217
f 103/103/218 104/104/219 105/105/220
f 104/104/221 106/106/222 105/105/223
f 105/105/224 106/106/225 107/107/226
f 106/106/227 108/108/228 107/107/228
f 109/109/229 111/110/230 110/111/231
f 110/111/232 111/110/233 112/112/234
f 111/110/235 113/113/236 112/112/237
f 112/112/238 113/113/239 114/114/240
f 113/113/241 115/115/242 114/114/243
f 114/114/244 115/115/245 116/116/246
f 115/115/247 117/117/248 116/116/248
f 118/118/249 120/119/250 119/120/251
f 119/120/252 120/119/253 121/121/254
f 120/119/255 122/122/256 121/121/257
f 121/121/258 122/122/259 123/123/260
f 122/122/261 124/124/262 123/123/263
f 123/123/264 124/124/265 125/125/266
f 124/124/267 126/126/268 125/125/268
f 127/127/269 129/128/270 128/129/271
f 128/129/272 129/128/273 130/130/274
f 129/128/275 131/131/276 130/130/277
f 130/130/278 131/131/279 132/132/280
f 131/131/281 133/133/282 132/132/283
f 132/132/284 133/133/285 134/134/286
f 133/133/287 135/135/288 134/134/289
f 136/136/290 138/137/291 137/138/292
f 137/138/293 138/137/294 139/139/295
f 138/137/296 140/140/297 139/139/298
f 139/139/299 140/140/300 141/141/301
f 140/140/302 142/142/303 141/141/304
f 141/141/305 142/142/306 143/143/307
f 142/142/308 144/144/309 143/143/310
f 145/145/311 147/146/312 146/147/313
f 146/147/314 147/146/315 148/148/316
f 147/146/317 149/149/318 148/148/319
f 148/148/320 149/149/321 150/150/322
f 149/149/323 151/151/324 150/150/325
f 150/150/326 151/151/327 152/152/328
f 151/151/329 153/153/330 152/152/330
f 154/154/331 156/155/332 155/156/333
f 155/156/334 156/155/335 157/157/336
f 156/155/337 158/158/338 157/157/339
f 157/157/340 158/158/341 159/159/342
f 158/158/343 160/160/344 159/159/345
f 159/159/346 160/160/347 161/161/348
f 160/160/349 162/162/349 161/161/349
f 163/163/350 165/164/351 164/165/352
f 164/165/353 165/164/354 166/166/355
f 165/164/356 167/167/357 166/166/358
f 166/166/359 167/167/360 168/168/361
f 167/167/362 169/169/363 168/168/364
f 168/168/365 169/169/366 170/170/367
f 169/169/368 171/171/369 170/170/370
f 172/172/371 174/173/372 173/174/373
f 173/174/374 174/173/375 175/175/376
f 174/173/377 176/176/378 175/175/379
f 177/177/380 179/178/381 178/179/382
f 178/179/383 179/178/384 180/180/385
f 179/178/386 181/181/385 180/180/385
f 182/182/387 184/183/388 183/184/389
f 183/184/390 184/183/391 185/185/392
f 184/183/393 186/186/394 185/185/395
f 187/187/396 189/188/397 188/189/398
f 188/189/399 189/188/400 190/190/401
f 189/188/402 191/191/401 190/190/401
f 192/192/403 194/193/404 193/194/405
f 193/194/406 194/193/407 195/195/408
f 194/193/409 196/196/410 195/195/411
f 197/197/412 199/198/413 198/199/414
f 198/199/415 199/198/416 200/200/417
f 199/198/418 201/201/417 200/200/417
f 202/202/419 204/203/420 203/204/421
f 203/204/422 204/203/423 205/205/424
f 204/203/425 206/206/426 205/205/427
f 207/207/428 209/208/429 208/209/430
f 208/209/431 209/208/432 210/210/433
f 209/208/434 211/211/433 210/210/433
f 212/212/435 214/213/436 213/214/437
f 213/214/438 214/213/439 215/215/440
f 214/213/441 216/216/442 215/215/443
f 217/217/444 219/218/445 218/219/446
f 218/219/447 219/218/448 220/220/449
f 219/218/450 221/221/449 220/220/449
f 222/222/451 224/223/452 223/224/453
f 223/224/454 224/223/455 225/225/456
f 224/223/457 226/226/458 225/225/459
f 227/227/460 229/228/461 228/229/462
f 228/229/463 229/228/464 230/230/465
f 229/228/466 231/231/465 230/230/465
f 232/232/467 234/233/468 233/234/469
f 233/234/470 234/233/471 235/235/472
f 234/233/473 236/236/474 235/235/475
f 237/237/476 239/238/477 238/239/478
f 238/239/479 239/238/480 240/240/481
f 239/238/482 241/241/481 240/240/481
f 242/242/483 244/243/484 243/244/485
f 243/244/486 244/243/487 245/245/488
f 244/243/489 246/246/490 245/245/491
f 247/247/492 249/248/493 248/249/494
f 248/249/495 249/248/496 250/250/497
f 249/248/498 251/251/497 250/250/497
f 252/252/499 254/253/500 253/254/501
f 253/254/502 254/253/503 255/255/504
f 254/253/505 256/256/506 255/255/507
f 257/257/508 259/258/509 258/259/510
f 258/259/511 259/258/512 260/260/513
f 259/258/514 261/261/513 260/260/513
f 262/262/515 264/263/516 263/264/517
f 263/264/518 264/263/519 265/265/520
f 264/263/521 266/266/522 265/265/523
f 267/267/524 269/268/525 268/269/526
f 268/269/527 269/268/528 270/270/529
f 269/268/530 271/271/529 270/270/529
f 272/272/531 274/273/532 273/274/533
f 273/274/534 274/273/535 275/275/536
f 274/273/537 276/276/538 275/275/539
f 277/277/540 279/278/541 278/279/542
f 278/279/543 279/278/544 280/280/545
f 279/278/546 281/281/545 280/280/545
f 282/282/547 284/283/548 283/284/549
f 283/284/550 284/283/551 285/285/552
f 284/283/553 286/286/554 285/285/555
f 287/287/556 289/288/557 288/289/558
f 288/289/559 289/288/560 290/290/561
f 289/288/562 291/291/561 290/290/561
f 292/292/563 294/293/564 293/294/565
f 293/294/566 294/293/567 295/295/568
f 294/293/569 296/296/570 295/295/571
f 297/297/572 299/298/573 298/299/574
f 298/299/575 299/298/576 300/300/577
f 299/298/578 301/301/577 300/300/577
f 302/302/579 304/303/580 303/304/581
f 303/304/582 304/303/583 305/305/584
f 304/303/585 306/306/586 305/305/587
f 307/307/588 309/308/589 308/309/590
f 308/309/591 309/308/592 310/310/593
f 309/308/594 311/311/593 310/310/593
f 312/312/579 314/313/580 313/314/581
f 313/314/595 314/313/596 315/315/597
f 314/313/598 316/316/599 315/315/600
f 317/317/588 319/318/601 318/319/602
f 318/319/591 319/318/592 320/320/593
f 319/318/603 321/321/593 320/320/593
f 322/322/604 324/323/605 323/324/606
f 323/324/607 324/323/608 325/325/609
f 324/323/610 326/326/611 325/325/612
f 327/327/396 329/328/613 328/329/614
f 328/329/615 329/328/616 330/330/617
f 329/328/618 331/331/617 330/330/617
f 332/332/619 334/333/620 333/334/621
f 333/334/622 334/333/623 335/335/624
f 334/333/625 336/336/626 335/335/627
f 337/337/628 339/338/629 338/339/630
f 338/339/631 339/338/432 340/340/433
f 339/338/632 341/341/433 340/340/433
f 342/342/451 344/343/633 343/344/634
f 343/344/635 344/343/636 345/345/637
f 344/343/638 346/346/639 345/345/640
f 347/347/641 349/348/642 348/349/643
f 348/349/644 349/348/645 350/350/465
f 349/348/646 351/351/465 350/350/465
f 352/352/647 354/353/648 353/354/649
f 353/354/650 354/353/651 355/355/652
f 354/353/653 356/356/490 355/355/654
f 357/357/655 359/358/656 358/359/657
f 358/359/658 359/358/659 360/360/660
f 359/358/661 361/361/660 360/360/660
f 362/362/662 364/363/663 363/364/664
f 363/364/665 364/363/666 365/365/667
f 364/363/668 366/366/669 365/365/670
f 367/367/671 369/368/672 368/369/673
f 368/369/674 369/368/528 370/370/529
f 369/368/675 371/371/529 370/370/529
f 372/372/547 374/373/676 373/374/677
f 373/374/678 374/373/679 375/375/680
f 374/373/681 376/376/554 375/375/682
f 377/377/683 379/378/684 378/379/685
f 378/379/686 379/378/687 380/380/688
f 379/378/689 381/381/688 380/380/688
f 382/382/690 384/383/690 383/384/690
f 383/384/690 384/383/690 385/385/690
f 386/386/691 388/387/691 387/388/691
f 387/388/691 388/387/691 389/389/691
f 390/390/692 392/391/692 391/392/692
f 391/392/692 392/391/692 393/393/692
f 394/394/693 396/395/693 395/396/693
f 395/396/693 396/395/693 397/397/693
f 398/398/694 400/399/694 399/400/694
f 399/400/695 400/399/695 401/401/695
f 402/402/696 404/403/696 403/404/696
f 403/404/697 404/403/697 405/405/697
f 406/406/698 408/407/699 407/408/700
f 407/408/701 408/407/702 409/409/703
f 410/410/704 412/411/705 411/412/706
f 411/412/707 412/411/708 413/413/709
f 414/414/710 416/415/711 415/416/712
f 415/416/713 416/415/714 417/417/715
f 418/418/716 420/419/717 419/420/718
f 419/420/719 420/419/720 421/421/721
f 422/422/722 424/423/723 423/424/724
f 423/424/725 424/423/726 425/425/727
f 426/426/728 428/427/728 427/428/728
f 427/428/728 428/427/728 429/429/728
f 430/430/729 432/431/729 431/432/729
f 431/432/729 432/431/729 433/433/729
f 434/434/730 436/435/730 435/436/730
f 435/436/731 436/435/731 437/437/731
f 438/438/732 440/439/733 439/440/734
f 439/440/735 440/439/736 441/441/737
f 442/442/738 444/443/739 443/444/740
f 443/444/741 444/443/742 445/445/743
f 446/446/744 448/447/745 447/448/746
f 447/448/747 448/447/748 449/449/749
f 450/450/750 452/451/751 451/452/752
f 451/452/753 452/451/754 453/453/755
f 454/454/756 456/455/757 455/456/758
f 455/456/759 456/455/760 457/457/761
f 458/458/762 460/459/762 459/460/762
f 459/460/762 460/459/762 461/461/762
f 462/462/763 464/463/763 463/464/763
f 463/464/763 464/463/763 465/465/763
f 466/466/764 468/467/764 467/468/764
f 467/468/765 468/467/765 469/469/765
f 470/470/766 472/471/767 471/472/768
f 471/472/769 472/471/770 473/473/771
f 474/474/772 476/475/773 475/476/774
f 475/476/775 476/475/776 477/477/777
f 478/478/778 480/479/779 479/480/780
f 479/480/781 480/479/782 481/481/783
f 482/482/784 484/483/785 483/484/786
f 483/484/787 484/483/788 485/485/789
f 486/486/790 488/487/791 487/488/792
f 487/488/793 488/487/794 489/489/795
f 490/490/796 492/491/796 491/492/796
f 491/492/796 492/491/796 493/493/796
f 494/494/797 496/495/797 495/496/797
f 495/496/798 496/495/798 497/497/798
f 498/498/799 500/499/799 499/500/799
f 499/500/799 500/499/799 501/501/799
f 502/502/800 504/503/801 503/504/802
f 503/504/803 504/503/804 505/505/805
f 506/506/806 508/507/807 507/508/808
f 507/508/809 508/507/810 509/509/811
f 510/510/812 512/511/813 511/512/814
f 511/512/815 512/511/816 513/513/817
f 514/514/818 516/515/819 515/516/820
f 515/516/821 516/515/822 517/517/823
f 518/518/824 520/519/825 519/520/826
f 519/520/827 520/519/828 521/521/829
f 522/522/830 524/523/830 523/524/830
f 523/524/830 524/523/830 525/525/830
f 526/526/831 528/527/831 527/528/831
f 527/528/831 528/527/831 529/529/831
f 530/530/832 532/531/832 531/532/832
f 531/532/833 532/531/833 533/533/833
f 534/534/834 536/535/835 535/536/836
f 535/536/837 536/535/838 537/537/839
f 538/538/840 540/539/841 539/540/842
f 539/540/843 540/539/844 541/541/845
f 542/542/846 544/543/847 543/544/848
f 543/544/849 544/543/850 545/545/851
f 546/546/852 548/547/853 547/548/854
f 547/548/855 548/547/856 549/549/857
f 550/550/858 552/551/859 551/552/860
f 551/552/861 552/551/862 553/553/863
f 554/554/864 556/555/864 555/556/864
f 555/556/864 556/555/864 557/557/864
f 558/558/865 560/559/865 559/560/865
f 559/560/866 560/559/866 561/561/866
f 562/562/867 564/563/867 563/564/867
f 563/564/868 564/563/869 565/565/868
f 566/566/870 568/567/871 567/568/872
f 567/568/873 568/567/874 569/569/875
f 570/570/876 572/571/877 571/572/878
f 571/572/879 572/571/880 573/573/881
f 574/574/882 576/575/883 575/576/884
f 575/576/885 576/575/886 577/577/887
f 578/578/888 580/579/889 579/580/890
f 579/580/891 580/579/892 581/581/893
f 582/582/894 584/583/895 583/584/896
f 583/584/897 584/583/898 585/585/899
f 586/586/900 588/587/900 587/588/900
f 587/588/900 588/587/900 589/589/900
f 590/590/901 592/591/901 591/592/901
f 591/592/902 592/591/903 593/593/902
f 594/594/904 596/595/904 595/596/904
f 595/596/905 596/595/906 597/597/906
f 598/598/907 600/599/908 599/600/909
f 599/600/910 600/599/911 601/601/912
f 602/602/913 604/603/914 603/604/915
f 603/604/916 604/603/917 605/605/918
f 606/606/919 608/607/920 607/608/921
f 607/608/922 608/607/923 609/609/924
f 610/610/925 612/611/926 611/612/927
f 611/612/928 612/611/929 613/613/930
f 614/614/931 616/615/932 615/616/933
f 615/616/934 616/615/935 617/617/936
f 618/618/937 620/619/937 619/620/937
f 619/620/937 620/619/937 621/621/937
f 622/622/938 624/623/938 623/624/938
f 623/624/939 624/623/939 625/625/939
f 626/626/940 628/627/940 627/628/940
f 627/628/941 628/627/941 629/629/941
f 630/630/942 632/631/943 631/632/944
f 631/632/945 632/631/946 633/633/947
f 634/634/948 636/635/949 635/636/950
f 635/636/951 636/635/952 637/637/953
f 638/638/954 640/639/955 639/640/956
f 639/640/957 640/639/958 641/641/959
f 642/642/960 644/643/961 643/644/962
f 643/644/963 644/643/964 645/645/965
f 646/646/966 648/647/967 647/648/968
f 647/648/969 648/647/970 649/649/971
f 650/650/972 652/651/972 651/652/972
f 651/652/972 652/651/972 653/653/972
f 654/654/973 656/655/973 655/656/973
f 655/656/974 656/655/974 657/657/974
f 658/658/975 660/659/975 659/660/975
f 659/660/975 660/659/975 661/661/975
f 662/662/976 664/663/977 663/664/978
f 663/664/979 664/663/980 665/665/981
f 666/666/982 668/667/983 667/668/984
f 667/668/985 668/667/986 669/669/987
f 670/670/988 672/671/989 671/672/990
f 671/672/991 672/671/992 673/673/993
f 674/674/994 676/675/995 675/676/996
f 675/676/997 676/675/998 677/677/999
f 678/678/1000 680/679/1001 679/680/1002
f 679/680/1003 680/679/1004 681/681/1005
f 682/682/1006 684/683/1006 683/684/1006
f 683/684/1006 684/683/1006 685/685/1006
f 686/686/1007 688/687/1007 687/688/1007
f 687/688/1008 688/687/1008 689/689/1008
f 690/690/1009 692/691/1009 691/692/1009
f 691/692/1010 692/691/1010 693/693/1010
f 694/694/1011 696/695/1012 695/696/1013
f 695/696/1014 696/695/1015 697/697/1016
f 698/698/1017 700/699/1018 699/700/1019
f 699/700/1020 700/699/1021 701/701/1022
f 702/702/1023 704/703/1024 703/704/1025
f 703/704/1026 704/703/1027 705/705/1028
f 706/706/1029 708/707/1030 707/708/1031
f 707/708/1032 708/707/1033 709/709/1034
f 710/710/1035 712/711/1036 711/712/1037
f 711/712/1038 712/711/1039 713/713/1040
f 714/714/1041 716/715/1041 715/716/1041
f 715/716/1042 716/715/1042 717/717/1042
f 718/718/1043 720/719/1043 719/720/1043
f 719/720/1043 720/719/1043 721/721/1043
f 722/722/1044 724/723/1044 723/724/1044
f 723/724/1045 724/723/1045 725/725/1045
f 726/726/1046 728/727/1047 727/728/1048
f 727/728/1049 728/727/1050 729/729/1051
f 730/730/1052 732/731/1053 731/732/1054
f 731/732/1055 732/731/1056 733/733/1057
f 734/734/1058 736/735/1059 735/736/1060
f 735/736/1061 736/735/1062 737/737/1063
f 738/738/1064 740/739/1065 739/740/1066
f 739/740/1067 740/739/1068 741/741/1069
f 742/742/1070 744/743/1071 743/744/1072
f 743/744/1073 744/743/1074 745/745/1075
f 746/746/1076 748/747/1076 747/748/1076
f 747/748/1076 748/747/1076 749/749/1076
f 750/750/1077 752/751/1077 751/752/1077
f 751/752/1078 752/751/1078 753/753/1078
f 754/754/1079 756/755/1079 755/756/1079
f 755/756/1080 756/755/1080 757/757/1080
f 758/758/1081 760/759/1082 759/760/1083
f 759/760/1084 760/759/1085 761/761/1086
f 762/762/1087 764/763/1088 763/764/1089
f 763/764/1090 764/763/1091 765/765/1092
f 766/766/1093 768/767/1094 767/768/1095
f 767/768/1096 768/767/1097 769/769/1098
f 770/770/1099 772/771/1100 771/772/1101
f 771/772/1102 772/771/1103 773/773/1104
f 774/774/1105 776/775/1106 775/776/1107
f 775/776/1108 776/775/1109 777/777/1110
f 778/778/1111 780/779/1111 779/780/1111
f 779/780/1111 780/779/1111 781/781/1111
f 782/782/1112 784/783/1112 783/784/1112
f 783/784/1113 784/783/1113 785/785/1113
f 786/786/1114 788/787/1114 787/788/1114
f 787/788/1114 788/787/1114 789/789/1114
f 790/790/1115 792/791/1116 791/792/1117
f 791/792/1118 792/791/1119 793/793/1120
f 794/794/1121 796/795/1122 795/796/1123
f 795/796/1124 796/795/1125 797/797/1126
f 798/798/1127 800/799/1128 799/800/1129
f 799/800/1130 800/799/1131 801/801/1132
f 802/802/1133 804/803/1134 803/804/1135
f 803/804/1136 804/803/1137 805/805/1138
f 806/806/1139 808/807/1140 807/808/1141
f 807/808/1142 808/807/1143 809/809/1144
f 810/810/1145 812/811/1145 811/812/1145
f 811/812/1145 812/811/1145 813/813/1145
f 814/814/1146 816/815/1146 815/816/1146
f 815/816/1147 816/815/1147 817/817/1147
f 818/818/1148 820/819/1148 819/820/1148
f 819/820/1149 820/819/1149 821/821/1149
f 822/822/1150 824/823/1151 823/824/1152
f 823/824/1153 824/823/1154 825/825/1155
f 826/826/1156 828/827/1157 827/828/1158
f 827/828/1159 828/827/1160 829/829/1161
f 830/830/1162 832/831/1163 831/832/1164
f 831/832/1165 832/831/1166 833/833/1167
f 834/834/1168 836/835/1169 835/836/1170
f 835/836/1171 836/835/1172 837/837/1173
f 838/838/1174 840/839/1175 839/840/1176
f 839/840/1177 840/839/1178 841/841/1179
f 842/842/1145 844/843/1145 843/844/1145
f 843/844/1145 844/843/1145 845/845/1145
f 846/846/1180 848/847/1180 847/848/1180
f 847/848/1180 848/847/1180 849/849/1180
f 850/850/1181 852/851/1181 851/852/1181
f 851/852/1181 852/851/1181 853/853/1181
f 854/854/1182 856/855/1183 855/856/1152
f 855/856/1184 856/855/1185 857/857/1186
f 858/858/1187 860/859/1188 859/860/1189
f 859/860/1190 860/859/1160 861/861/1191
f 862/862/1162 864/863/1192 863/864/1193
f 863/864/1194 864/863/1195 865/865/1167
f 866/866/1168 868/867/1169 867/868/1196
f 867/868/1171 868/867/1197 869/869/1173
f 870/870/1174 872/871/1198 871/872/1199
f 871/872/1200 872/871/1201 873/873/1202
f 874/874/728 876/875/728 875/876/728
f 875/876/728 876/875/728 877/877/728
f 878/878/1203 880/879/1203 879/880/1203
f 879/880/1204 880/879/1204 881/881/1204
f 882/882/731 884/883/731 883/884/731
f 883/884/1205 884/883/1205 885/885/1205
f 886/886/1206 888/887/1207 887/888/1208
f 887/888/1209 888/887/1210 889/889/1211
f 890/890/1212 892/891/739 891/892/1213
f 891/892/1214 892/891/1215 893/893/1216
f 894/894/744 896/895/1217 895/896/746
f 895/896/1218 896/895/1219 897/897/1220
f 898/898/1221 900/899/751 899/900/1222
f 899/900/1223 900/899/754 901/901/1224
f 902/902/1225 904/903/1226 903/904/1227
f 903/904/1228 904/903/1229 905/905/1230
f 906/906/1231 908/907/1231 907/908/1231
f 907/908/1231 908/907/1231 909/909/1231
f 910/910/1232 912/911/1232 911/912/1232
f 911/912/1233 912/911/1233 913/913/1233
f 914/914/1234 916/915/1234 915/916/1234
f 915/916/1235 916/915/1235 917/917/1235
f 918/918/1236 920/919/1237 919/920/1238
f 919/920/1239 920/919/1240 921/921/1241
f 922/922/1242 924/923/1243 923/924/1244
f 923/924/1245 924/923/1246 925/925/1247
f 926/926/1248 928/927/1249 927/928/1250
f 927/928/1251 928/927/816 929/929/817
f 930/930/1252 932/931/1253 931/932/1254
f 931/932/1255 932/931/822 933/933/823
f 934/934/824 936/935/1256 935/936/1257
f 935/936/1258 936/935/1259 937/937/1260
f 938/938/864 940/939/864 939/940/864
f 939/940/864 940/939/864 941/941/864
f 942/942/1261 944/943/1261 943/944/1261
f 943/944/1262 944/943/1262 945/945/1262
f 946/946/1263 948/947/1263 947/948/1263
f 947/948/1264 948/947/1264 949/949/1264
f 950/950/1265 952/951/1266 951/952/1267
f 951/952/1268 952/951/1269 953/953/1270
f 954/954/1271 956/955/1272 955/956/1273
f 955/956/1274 956/955/1275 957/957/1276
f 958/958/1277 960/959/1278 959/960/884
f 959/960/1279 960/959/1280 961/961/1281
f 962/962/1282 964/963/1283 963/964/1284
f 963/964/1285 964/963/1286 965/965/1287
f 966/966/894 968/967/1288 967/968/896
f 967/968/1289 968/967/1290 969/969/1291
f 970/970/1292 972/971/1292 971/972/1292
f 971/972/1292 972/971/1292 973/973/1292
f 974/974/1293 976/975/1293 975/976/1293
f 975/976/1293 976/975/1293 977/977/1293
f 978/978/1294 980/979/1294 979/980/1294
f 979/980/941 980/979/941 981/981/941
f 982/982/1295 984/983/1296 983/984/1297
f 983/984/1298 984/983/1299 985/985/1300
f 986/986/1301 988/987/1302 987/988/1303
f 987/988/1304 988/987/1305 989/989/1306
f 990/990/1307 992/991/1308 991/992/1309
f 991/992/1310 992/991/958 993/993/1311
f 994/994/960 996/995/1312 995/996/1313
f 995/996/1314 996/995/1315 997/997/1316
f 998/998/966 1000/999/967 999/1000/1317
f 999/1000/1318 1000/999/1319 1001/1001/1320
f 1002/1002/1321 1004/1003/1321 1003/1004/1321
f 1003/1004/1321 1004/1003/1321 1005/1005/1321
f 1006/1006/1322 1008/1007/1322 1007/1008/1322
f 1007/1008/1322 1008/1007/1322 1009/1009/1322
f 1010/1010/1323 1012/1011/1323 1011/1012/1323
f 1011/1012/1324 1012/1011/1324 1013/1013/1324
f 1014/1014/1325 1016/1015/1326 1015/1016/1327
f 1015/1016/1014 1016/1015/1328 1017/1017/1329
f 1018/1018/1330 1020/1019/1331 1019/1020/1332
f 1019/1020/1333 1020/1019/1334 1021/1021/1335
f 1022/1022/1336 1024/1023/1337 1023/1024/1338
f 1023/1024/1339 1024/1023/1340 1025/1025/1028
f 1026/1026/1341 1028/1027/1342 1027/1028/1343
f 1027/1028/1344 1028/1027/1345 1029/1029/1034
f 1030/1030/1346 1032/1031/1347 1031/1032/1348
f 1031/1032/1038 1032/1031/1349 1033/1033/1040
f 1034/1034/1076 1036/1035/1076 1035/1036/1076
f 1035/1036/1076 1036/1035/1076 1037/1037/1076
f 1038/1038/1078 1040/1039/1078 1039/1040/1078
f 1039/1040/1078 1040/1039/1078 1041/1041/1078
f 1042/1042/1350 1044/1043/1350 1043/1044/1350
f 1043/1044/1351 1044/1043/1351 1045/1045/1351
f 1046/1046/1352 1048/1047/1353 1047/1048/1354
f 1047/1048/1355 1048/1047/1356 1049/1049/1357
f 1050/1050/1358 1052/1051/1359 1051/1052/1360
f 1051/1052/1361 1052/1051/1362 1053/1053/1092
f 1054/1054/1093 1056/1055/1363 1055/1056/1364
f 1055/1056/1365 1056/1055/1366 1057/1057/1367
f 1058/1058/1099 1060/1059/1368 1059/1060/1101
f 1059/1060/1369 1060/1059/1370 1061/1061/1371
f 1062/1062/1372 1064/1063/1373 1063/1064/1107
f 1063/1064/1374 1064/1063/1375 1065/1065/1110
f 1066/1066/190 1068/1067/190 1067/1068/190
f 1069/1069/209 1071/1070/209 1070/1071/209
f 1072/1072/1376 1074/1073/1376 1073/1074/1376
f 1075/1075/249 1077/1076/249 1076/1077/249
f 1078/1078/1377 1080/1079/1377 1079/1080/1377
f 1081/1081/1378 1083/1082/1378 1082/1083/1378
f 1084/1084/311 1086/1085/311 1085/1086/311
f 1087/1087/331 1089/1088/331 1088/1089/331
f 1090/1090/371 1092/1091/371 1091/1092/371
f 1093/1093/1379 1095/1094/1379 1094/1095/1379
f 1096/1096/387 1098/1097/387 1097/1098/387
f 1099/1099/1380 1101/1100/1380 1100/1101/1380
f 1102/1102/403 1104/1103/403 1103/1104/403
f 1105/1105/1381 1107/1106/1381 1106/1107/1381
f 1108/1108/419 1110/1109/419 1109/1110/419
f 1111/1111/1382 1113/1112/1382 1112/1113/1382
f 1114/1114/435 1116/1115/435 1115/1116/435
f 1117/1117/1383 1119/1118/1383 1118/1119/1383
f 1120/1120/451 1122/1121/451 1121/1122/451
f 1123/1123/1384 1125/1124/1384 1124/1125/1384
f 1126/1126/467 1128/1127/467 1127/1128/467
f 1129/1129/1385 1131/1130/1385 1130/1131/1385
f 1132/1132/483 1134/1133/483 1133/1134/483
f 1135/1135/1386 1137/1136/1386 1136/1137/1386
f 1138/1138/1387 1140/1139/1387 1139/1140/1387
f 1141/1141/1388 1143/1142/1388 1142/1143/1388
f 1144/1144/515 1146/1145/515 1145/1146/515
f 1147/1147/1389 1149/1148/1389 1148/1149/1389
f 1150/1150/531 1152/1151/531 1151/1152/531
f 1153/1153/1390 1155/1154/1390 1154/1155/1390
f 1156/1156/547 1158/1157/547 1157/1158/547
f 1159/1159/1391 1161/1160/1391 1160/1161/1391
f 1162/1162/563 1164/1163/563 1163/1164/563
f 1165/1165/1392 1167/1166/1392 1166/1167/1392
f 1168/1168/579 1170/1169/579 1169/1170/579
f 1171/1171/1393 1173/1172/1393 1172/1173/1393
f 1174/1174/579 1176/1175/579 1175/1176/579
f 1177/1177/1394 1179/1178/1394 1178/1179/1394
f 1180/1180/604 1182/1181/604 1181/1182/604
f 1183/1183/1395 1185/1184/1395 1184/1185/1395
f 1186/1186/619 1188/1187/619 1187/1188/619
f 1189/1189/1396 1191/1190/1396 1190/1191/1396
f 1192/1192/451 1194/1193/451 1193/1194/451
f 1195/1195/1397 1197/1196/1397 1196/1197/1397
f 1198/1198/647 1200/1199/647 1199/1200/647
f 1201/1201/1398 1203/1202/1398 1202/1203/1398
f 1204/1204/662 1206/1205/662 1205/1206/662
f 1207/1207/1399 1209/1208/1399 1208/1209/1399
f 1210/1210/547 1212/1211/547 1211/1212/547
f 1213/1213/1400 1215/1214/1400 1214/1215/1400
f 1216/1216/350 1218/1217/350 1217/1218/350
