# Blender v3.6.3 OBJ File: 'untitled.blend'
# www.blender.org
mtllib Mesh_0155.mtl
o Mesh_0155_Mesh.023
v -5.834358 11.376880 3.343124
v -5.834362 10.004009 3.343124
v -5.911705 11.650793 3.432854
v -6.014603 10.161285 3.536316
v -6.014601 11.534154 3.536316
v -6.186558 11.661155 3.711143
v -6.186558 10.288285 3.711166
v -6.288383 11.968292 3.820259
v -6.405275 10.489531 3.944992
v -6.405275 11.862377 3.945007
v -6.549622 11.989377 4.155121
v -6.549623 10.616529 4.155113
v -6.617571 12.285792 4.301819
v -6.694355 10.807030 4.467148
v -6.694353 12.179874 4.467155
v -6.811426 12.306871 4.686134
v -6.811447 10.934030 4.686142
v -6.876066 12.603292 4.857719
v -6.928873 11.124530 4.966255
v -6.928873 12.497375 4.966225
v -7.022873 12.624425 5.236076
v -7.022879 11.251529 5.236023
v -7.073217 12.920816 5.424545
v -7.142309 11.442028 5.606071
v -7.142309 12.814875 5.606071
v -7.183964 12.941875 5.850922
v -7.183964 11.569029 5.850914
v -7.226381 13.238292 6.019012
v -7.283024 11.759530 6.190758
v -7.283024 13.132376 6.190758
v -7.311472 13.259373 6.454109
v -7.311472 11.886531 6.454140
v -7.311726 13.555792 6.644638
v -7.311726 12.077030 6.835136
v -7.311728 13.449873 6.835106
v -7.311985 13.576876 7.089104
v -7.311983 12.204029 7.089142
v -7.312235 13.873292 7.279640
v -7.312235 12.394528 7.470139
v -7.312235 13.767372 7.470108
v -7.312489 13.894376 7.724106
v -7.312489 12.521529 7.724136
v -7.312742 14.190792 7.914642
v -7.312740 12.712031 8.105141
v -7.312744 14.084874 8.105110
v -7.312998 14.211877 8.359108
v -7.312998 12.839029 8.359138
v -7.313250 14.508295 8.549637
v -7.313248 13.029530 8.740135
v -7.313248 14.402374 8.740105
v -6.014603 11.534156 3.536316
v -6.014603 10.161287 3.536316
v -5.911707 11.650793 3.432846
v -5.834362 10.004009 3.343124
v -5.834358 11.376882 3.343124
v -6.405277 11.862381 3.944984
v -6.405281 10.489531 3.944984
v -6.288389 11.968297 3.820259
v -6.186560 10.288286 3.711159
v -6.186562 11.661154 3.711136
v -6.694357 12.179871 4.467125
v -6.694345 10.807059 4.467194
v -6.617573 12.285790 4.301819
v -6.549618 10.616549 4.155144
v -6.549627 11.989373 4.155098
v -6.928875 12.497373 4.966217
v -6.928881 11.124534 4.966225
v -6.876068 12.603291 4.857712
v -6.811457 10.934046 4.686119
v -6.811428 12.306873 4.686150
v -7.142307 12.814873 5.606071
v -7.142309 11.442028 5.606071
v -7.073223 12.920792 5.424515
v -7.022856 11.251542 5.236115
v -7.022881 12.624372 5.236015
v -7.283020 13.132376 6.190758
v -7.283020 11.759526 6.190758
v -7.226381 13.238293 6.019020
v -7.183966 11.569026 5.850922
v -7.183964 12.941875 5.850914
v -7.311731 13.449876 6.835106
v -7.311745 12.077024 6.835083
v -7.311726 13.555793 6.644638
v -7.311489 11.886525 6.454086
v -7.311470 13.259374 6.454109
v -7.312237 13.767373 7.470108
v -7.312227 12.394531 7.470161
v -7.312237 13.873292 7.279640
v -7.311977 12.204031 7.089157
v -7.311981 13.576876 7.089111
v -7.312740 14.084873 8.105118
v -7.312740 12.712014 8.105110
v -7.312744 14.190792 7.914642
v -7.312483 12.521526 7.724136
v -7.312489 13.894376 7.724106
v -7.313250 14.402376 8.740105
v -7.313236 13.029514 8.740135
v -7.313251 14.508292 8.549629
v -7.312990 12.839034 8.359169
v -7.312998 14.211873 8.359116
v 0.402763 8.179375 2.715607
v 0.402735 6.806529 2.715607
v 0.214268 8.475793 2.702309
v 0.032103 6.997029 2.688072
v 0.032125 8.369875 2.688072
v -0.227896 8.496875 2.670212
v -0.227896 7.124030 2.670212
v -0.399626 8.793291 2.657639
v -0.594826 7.301702 2.645782
v -0.594801 8.674574 2.645782
v -0.855175 8.801573 2.631096
v -0.855175 7.428702 2.631096
v -1.050549 9.110794 2.620918
v -1.243034 7.632028 2.611313
v -1.243034 9.004875 2.611320
v -1.496702 9.131876 2.598640
v -1.496702 7.759029 2.598640
v -1.686975 9.428293 2.589119
v -1.877247 7.949528 2.579590
v -1.877222 9.322374 2.579590
v -2.130911 9.449375 2.566895
v -2.130915 8.076530 2.566895
v -2.321190 9.745790 2.557365
v -2.511457 8.267031 2.547867
v -2.511436 9.639874 2.547867
v -2.765104 9.766873 2.535164
v -2.765127 8.394030 2.535164
v -2.955400 10.063293 2.525642
v -3.145647 8.584530 2.516113
v -3.145647 9.957376 2.516121
v -3.396517 10.084374 2.505661
v -3.396545 8.711532 2.505661
v -3.579653 10.380793 2.532204
v -3.775133 8.902031 2.538651
v -3.775129 10.274876 2.538658
v -4.015520 10.401874 2.566406
v -4.015518 9.029026 2.566422
v -4.205431 10.698294 2.601593
v -4.368301 9.190370 2.633522
v -4.368279 10.563243 2.633507
v -4.620140 10.690240 2.683563
v -4.620142 9.317370 2.683556
v -4.796371 11.015796 2.787941
v -5.000912 9.522501 2.885048
v -5.000910 10.895368 2.885048
v -5.226158 11.022370 2.989624
v -5.226158 9.649500 2.989624
v -5.440229 11.333302 3.097794
v -5.622471 9.877009 3.193115
v -5.622471 11.249889 3.193108
v 0.032125 8.369877 2.688080
v 0.032093 6.997029 2.688072
v 0.214268 8.475793 2.702309
v 0.402731 6.806531 2.715607
v 0.402763 8.179377 2.715607
v -0.594801 8.674575 2.645805
v -0.594826 7.301702 2.645798
v -0.399626 8.793293 2.657646
v -0.227896 7.124029 2.670212
v -0.227896 8.496874 2.670204
v -1.243034 9.004876 2.611320
v -1.243034 7.632029 2.611320
v -1.050549 9.110793 2.620911
v -0.855175 7.428703 2.631096
v -0.855171 8.801575 2.631104
v -1.877222 9.322375 2.579605
v -1.877251 7.949528 2.579590
v -1.686975 9.428293 2.589119
v -1.496704 7.759028 2.598633
v -1.496704 9.131877 2.598633
v -2.511436 9.639874 2.547867
v -2.511457 8.267030 2.547867
v -2.321188 9.745792 2.557365
v -2.130915 8.076530 2.566895
v -2.130911 9.449377 2.566895
v -3.145647 9.957374 2.516113
v -3.145647 8.584530 2.516113
v -2.955400 10.063291 2.525642
v -2.765125 8.394031 2.535172
v -2.765102 9.766875 2.535164
v -3.775133 10.274876 2.538658
v -3.775133 8.902031 2.538658
v -3.579653 10.380793 2.532204
v -3.396545 8.711530 2.505653
v -3.396521 10.084373 2.505653
v -4.368267 10.563242 2.633553
v -4.368298 9.190371 2.633537
v -4.205431 10.698293 2.601593
v -4.015518 9.029032 2.566414
v -4.015516 10.401876 2.566406
v -5.000908 10.895370 2.885056
v -5.000912 9.522502 2.885056
v -4.796364 11.015792 2.787949
v -4.620138 9.317371 2.683563
v -4.620138 10.690239 2.683563
v -5.622478 11.249875 3.193069
v -5.622478 9.877007 3.193108
v -5.440231 11.333290 3.097786
v -5.226158 9.649501 2.989616
v -5.226158 11.022370 2.989624
v 5.467119 5.639375 3.357315
v 5.467085 4.266529 3.357315
v 5.302065 5.935792 3.324524
v 5.127390 4.457028 3.293633
v 5.127390 5.829874 3.293633
v 4.871588 5.956874 3.250656
v 4.871565 4.584030 3.250656
v 4.654032 6.253292 3.217163
v 4.449438 4.774530 3.184700
v 4.449434 6.147374 3.184708
v 4.199629 6.274374 3.142639
v 4.199602 4.901530 3.142647
v 4.004889 6.570791 3.118279
v 3.806486 5.092030 3.092438
v 3.806486 6.464873 3.092438
v 3.549410 6.591875 3.055725
v 3.549387 5.219030 3.055717
v 3.371283 6.888292 3.031120
v 3.186781 5.409530 3.008980
v 3.186781 6.782375 3.009003
v 2.937956 6.909374 2.973175
v 2.937960 5.536530 2.973167
v 2.767500 7.205791 2.951347
v 2.593103 5.727030 2.931923
v 2.593126 7.099875 2.931923
v 2.334909 7.226874 2.901436
v 2.334887 5.854029 2.901436
v 2.141081 7.523290 2.875145
v 1.925032 6.044530 2.853477
v 1.925032 7.417374 2.853477
v 1.686247 7.544374 2.826157
v 1.686245 6.171531 2.826157
v 1.494301 7.840791 2.813232
v 1.306393 6.362031 2.794250
v 1.306416 7.734875 2.794250
v 1.047205 7.861874 2.770058
v 1.047209 6.489029 2.770065
v 0.859070 8.158291 2.754875
v 0.664000 6.679528 2.736633
v 0.664022 8.052373 2.736633
v 5.127394 5.829874 3.293633
v 5.127394 4.457030 3.293640
v 5.302065 5.935791 3.324524
v 5.467085 4.266531 3.357323
v 5.467115 5.639373 3.357315
v 4.449434 6.147374 3.184692
v 4.449434 4.774530 3.184692
v 4.654032 6.253293 3.217163
v 4.871557 4.584030 3.250656
v 4.871588 5.956875 3.250656
v 3.806486 6.464874 3.092438
v 3.806486 5.092030 3.092438
v 4.004892 6.570794 3.118286
v 4.199602 4.901530 3.142647
v 4.199629 6.274376 3.142639
v 3.186777 6.782374 3.009003
v 3.186777 5.409529 3.008980
v 3.371283 6.888292 3.031120
v 3.549387 5.219029 3.055710
v 3.549414 6.591875 3.055710
v 2.593126 7.099875 2.931923
v 2.593103 5.727029 2.931923
v 2.767500 7.205791 2.951355
v 2.937956 5.536530 2.973175
v 2.937956 6.909373 2.973167
v 1.925032 7.417374 2.853493
v 1.925032 6.044529 2.853485
v 2.141085 7.523293 2.875145
v 2.334887 5.854028 2.901436
v 2.334909 7.226876 2.901428
v 1.306414 7.734874 2.794250
v 1.306393 6.362030 2.794243
v 1.494303 7.840791 2.813232
v 1.686247 6.171530 2.826157
v 1.686247 7.544374 2.826157
v 0.664019 8.052375 2.736633
v 0.664000 6.679529 2.736633
v 0.859070 8.158294 2.754875
v 1.047209 6.489028 2.770065
v 1.047205 7.861875 2.770058
v 9.277670 3.734374 4.177078
v 9.277647 2.361520 4.177078
v 9.100992 4.030792 4.138573
v 8.909578 2.552030 4.088394
v 8.909605 3.924874 4.088371
v 8.658522 4.051874 4.027031
v 8.658522 2.679029 4.027023
v 8.463270 4.348291 3.981804
v 8.257963 2.869529 3.925377
v 8.257986 4.242373 3.925362
v 8.006044 4.369374 3.867043
v 8.006018 2.996504 3.867073
v 7.837645 4.665792 3.829475
v 7.648256 3.187029 3.789703
v 7.648283 4.559874 3.789719
v 7.395483 4.686874 3.734467
v 7.395452 3.314030 3.734467
v 7.205641 4.983292 3.696281
v 7.021063 3.504532 3.655739
v 7.021051 4.877375 3.655716
v 6.731752 5.004374 3.600105
v 6.731730 3.631530 3.600105
v 6.559923 5.300792 3.565445
v 6.388475 3.822030 3.528160
v 6.388475 5.194872 3.528152
v 6.134092 5.321874 3.479012
v 6.134089 3.949028 3.479012
v 5.946741 5.618291 3.444748
v 5.748060 4.139529 3.406990
v 5.748053 5.512373 3.406982
v 9.909288 3.416874 4.336899
v 9.909269 2.044019 4.336899
v 9.724684 3.713292 4.289780
v 9.523752 2.234519 4.239899
v 9.523779 3.607375 4.239891
v 8.909605 3.924874 4.088371
v 8.909575 2.552030 4.088371
v 9.100992 4.030796 4.138565
v 9.277647 2.361519 4.177086
v 9.277670 3.734378 4.177086
v 8.257986 4.242373 3.925362
v 8.257963 2.869529 3.925385
v 8.463274 4.348294 3.981804
v 8.658522 2.679030 4.027016
v 8.658514 4.051874 4.027031
v 7.648287 4.559875 3.789726
v 7.648264 3.187030 3.789726
v 7.837645 4.665789 3.829468
v 8.006014 2.996505 3.867058
v 8.006033 4.369369 3.867020
v 7.021059 4.877375 3.655739
v 7.021059 3.504529 3.655739
v 7.205641 4.983290 3.696281
v 7.395445 3.314030 3.734451
v 7.395487 4.686871 3.734467
v 6.388475 5.194872 3.528145
v 6.388468 3.822029 3.528152
v 6.559923 5.300791 3.565437
v 6.731726 3.631529 3.600113
v 6.731752 5.004374 3.600105
v 5.748060 5.512374 3.406998
v 5.748060 4.139528 3.406998
v 5.946741 5.618294 3.444748
v 6.134089 3.949028 3.479012
v 6.134092 5.321875 3.479012
v 9.523771 3.607374 4.239891
v 9.523752 2.234519 4.239891
v 9.724688 3.713293 4.289787
v 9.909266 2.044019 4.336899
v 9.909288 3.416883 4.336876
v -7.312235 14.466105 22.320625
v -7.312239 13.093235 22.320602
v -7.312237 14.667245 22.511108
v -7.311985 13.093207 22.701576
v -7.311983 14.466051 22.701546
v -7.312235 14.466103 21.685600
v -7.312235 13.093232 21.685623
v -7.312235 14.667245 21.876091
v -7.312239 13.093231 22.066597
v -7.312239 14.466101 22.066597
v -7.312235 14.466105 21.050629
v -7.312239 13.093232 21.050629
v -7.312237 14.667245 21.241104
v -7.312239 13.093232 21.431625
v -7.312237 14.466103 21.431602
v -7.312233 14.466105 20.415611
v -7.312235 13.093234 20.415627
v -7.312235 14.667247 20.606102
v -7.312235 13.093231 20.796623
v -7.312235 14.466103 20.796631
v -7.312235 14.466102 19.780632
v -7.312235 13.093231 19.780624
v -7.312235 14.667243 19.971107
v -7.312235 13.093231 20.161629
v -7.312235 14.466100 20.161621
v -7.312235 14.466102 19.145630
v -7.312235 13.093230 19.145630
v -7.312235 14.667244 19.336105
v -7.312235 13.093234 19.526627
v -7.312235 14.466102 19.526627
v -7.312235 14.466102 18.510628
v -7.312235 13.093231 18.510620
v -7.312235 14.667244 18.701103
v -7.312235 13.093231 18.891632
v -7.312235 14.466102 18.891632
v -7.312235 14.466103 17.875626
v -7.312235 13.093230 17.875626
v -7.312235 14.667246 18.066116
v -7.312235 13.093230 18.256630
v -7.312235 14.466102 18.256630
v -7.312235 14.466102 17.240631
v -7.312235 13.093231 17.240631
v -7.312235 14.667246 17.431107
v -7.312235 13.093234 17.621628
v -7.312235 14.466102 17.621628
v -7.312235 14.466105 16.605629
v -7.312235 13.093231 16.605629
v -7.312235 14.667247 16.796104
v -7.312235 13.093233 16.986618
v -7.312237 14.466103 16.986626
v -7.312235 14.466103 15.970627
v -7.312235 13.093231 15.970619
v -7.312235 14.667244 16.161102
v -7.312235 13.093231 16.351631
v -7.312237 14.466103 16.351631
v -7.312237 14.466101 15.335609
v -7.312235 13.093233 15.335632
v -7.312235 14.667247 15.526108
v -7.312233 13.093235 15.716629
v -7.312235 14.466103 15.716629
v -7.312235 14.466103 14.700630
v -7.312235 13.093233 14.700630
v -7.312235 14.667244 14.891106
v -7.312235 13.093235 15.081627
v -7.312233 14.466103 15.081627
v -7.312237 14.466102 14.065628
v -7.312235 13.093230 14.065628
v -7.312235 14.667245 14.256104
v -7.312235 13.093233 14.446632
v -7.312235 14.466103 14.446632
v -7.312235 14.466102 13.430626
v -7.312235 13.093230 13.430626
v -7.312235 14.667246 13.621109
v -7.312233 13.093232 13.811630
v -7.312235 14.466102 13.811630
v -7.312235 14.466103 12.795631
v -7.312235 13.093232 12.795631
v -7.312235 14.667244 12.986107
v -7.312235 13.093232 13.176628
v -7.312237 14.466102 13.176628
v -7.312235 14.466100 12.160629
v -7.312235 13.093232 12.160629
v -7.312235 14.667246 12.351105
v -7.312235 13.093234 12.541626
v -7.312235 14.466103 12.541626
v -7.312235 14.466100 11.525627
v -7.312235 13.093232 11.525627
v -7.312235 14.667243 11.716103
v -7.312235 13.093234 11.906631
v -7.312235 14.466100 11.906631
v -7.312235 14.466104 10.890633
v -7.312235 13.093232 10.890633
v -7.312235 14.667244 11.081108
v -7.312235 13.093234 11.271614
v -7.312235 14.466102 11.271622
v -7.312235 14.466103 10.255630
v -7.312235 13.093233 10.255630
v -7.312235 14.667245 10.446106
v -7.312235 13.093233 10.636627
v -7.312235 14.466103 10.636627
v -7.312235 14.466103 9.620628
v -7.312235 13.093233 9.620628
v -7.312235 14.667244 9.811104
v -7.312235 13.093232 10.001633
v -7.312235 14.466100 10.001633
v -7.312237 14.466101 8.985619
v -7.312235 13.093232 8.985626
v -7.312235 14.667247 9.176109
v -7.312233 13.093233 9.366631
v -7.312233 14.466103 9.366631
v -7.312235 14.466103 20.796631
v -7.312235 13.093232 20.796616
v -7.312235 14.667245 20.606102
v -7.312235 13.093234 20.415627
v -7.312235 14.466102 20.415604
v -7.312233 14.466102 20.161629
v -7.312235 13.093231 20.161629
v -7.312235 14.667243 19.971107
v -7.312235 13.093234 19.780632
v -7.312235 14.466102 19.780632
v -7.312235 14.466103 19.526634
v -7.312235 13.093231 19.526627
v -7.312235 14.667243 19.336105
v -7.312233 13.093231 19.145630
v -7.312235 14.466100 19.145622
v -7.312235 14.466100 18.891632
v -7.312235 13.093230 18.891632
v -7.312235 14.667244 18.701103
v -7.312233 13.093234 18.510628
v -7.312235 14.466102 18.510628
v -7.312235 14.466102 18.256638
v -7.312233 13.093234 18.256630
v -7.312233 14.667246 18.066116
v -7.312235 13.093234 17.875626
v -7.312235 14.466103 17.875626
v -7.312235 14.466100 17.621628
v -7.312235 13.093234 17.621628
v -7.312235 14.667243 17.431107
v -7.312235 13.093234 17.240631
v -7.312235 14.466105 17.240639
v -7.312235 14.466104 16.986626
v -7.312235 13.093233 16.986610
v -7.312235 14.667245 16.796104
v -7.312235 13.093235 16.605621
v -7.312235 14.466105 16.605629
v -7.312235 14.466101 16.351624
v -7.312235 13.093231 16.351631
v -7.312235 14.667245 16.161102
v -7.312235 13.093235 15.970619
v -7.312235 14.466103 15.970627
v -7.312235 14.466103 15.716629
v -7.312235 13.093233 15.716629
v -7.312235 14.667247 15.526108
v -7.312235 13.093235 15.335632
v -7.312237 14.466103 15.335609
v -7.312235 14.466101 15.081619
v -7.312235 13.093233 15.081627
v -7.312235 14.667245 14.891106
v -7.312235 13.093233 14.700630
v -7.312235 14.466103 14.700623
v -7.312235 14.466103 14.446632
v -7.312235 13.093231 14.446632
v -7.312235 14.667247 14.256104
v -7.312235 13.093232 14.065628
v -7.312235 14.466103 14.065628
v -7.312235 14.466100 13.811630
v -7.312235 13.093232 13.811630
v -7.312235 14.667244 13.621109
v -7.312235 13.093232 13.430626
v -7.312235 14.466102 13.430618
v -7.312237 14.466103 13.176628
v -7.312235 13.093230 13.176628
v -7.312235 14.667244 12.986107
v -7.312235 13.093234 12.795631
v -7.312237 14.466102 12.795631
v -7.312237 14.466102 12.541626
v -7.312235 13.093234 12.541626
v -7.312235 14.667244 12.351105
v -7.312235 13.093234 12.160629
v -7.312237 14.466102 12.160629
v -7.312235 14.466103 11.906631
v -7.312235 13.093232 11.906631
v -7.312233 14.667244 11.716103
v -7.312235 13.093232 11.525627
v -7.312233 14.466102 11.525627
v -7.312237 14.466102 11.271614
v -7.312237 13.093230 11.271622
v -7.312233 14.667246 11.081100
v -7.312235 13.093232 10.890625
v -7.312235 14.466103 10.890625
v -7.312239 14.466101 10.636612
v -7.312237 13.093233 10.636620
v -7.312235 14.667247 10.446106
v -7.312235 13.093233 10.255630
v -7.312235 14.466103 10.255630
v -7.312237 14.466105 10.001633
v -7.312237 13.093233 10.001633
v -7.312237 14.667247 9.811104
v -7.312235 13.093233 9.620628
v -7.312235 14.466103 9.620628
v -7.312235 14.466104 9.366631
v -7.312233 13.093233 9.366631
v -7.312235 14.667247 9.176109
v -7.312235 13.093233 8.985626
v -7.312233 14.466105 8.985626
v 8.909609 3.924874 -9.231976
v 8.909578 2.552029 -9.231983
v 9.100996 4.030792 -9.282177
v 9.277651 2.361519 -9.320686
v 9.277674 3.734374 -9.320679
v 8.257986 4.242375 -9.068970
v 8.257963 2.869529 -9.069000
v 8.463274 4.348293 -9.125416
v 8.658522 2.679030 -9.170647
v 8.658522 4.051874 -9.170654
v 7.648287 4.559873 -8.933350
v 7.648264 3.187030 -8.933338
v 7.837645 4.665792 -8.973091
v 8.006018 2.996504 -9.010681
v 8.006044 4.369374 -9.010658
v 7.021059 4.877373 -8.799347
v 7.021059 3.504529 -8.799358
v 7.205641 4.983292 -8.839886
v 7.395452 3.314029 -8.878075
v 7.395487 4.686874 -8.878075
v 6.388479 5.194874 -8.671764
v 6.388475 3.822031 -8.671764
v 6.559923 5.300792 -8.709049
v 6.731730 3.631531 -8.743721
v 6.731760 5.004375 -8.743721
v 5.748060 5.512372 -8.550617
v 5.748060 4.139530 -8.550617
v 5.946741 5.618291 -8.588356
v 6.134089 3.949030 -8.622620
v 6.134100 5.321874 -8.622608
v 9.523767 3.607373 -9.383507
v 9.523745 2.234519 -9.383503
v 9.724684 3.713292 -9.433392
v 9.909273 2.044020 -9.480495
v 9.909304 3.416873 -9.480495
v 9.277678 3.734373 -9.320690
v 9.277651 2.361520 -9.320690
v 9.100996 4.030792 -9.282181
v 8.909575 2.552030 -9.231987
v 8.909605 3.924873 -9.231987
v 8.658518 4.051875 -9.170654
v 8.658522 2.679030 -9.170658
v 8.463270 4.348292 -9.125427
v 8.257963 2.869529 -9.069012
v 8.257986 4.242373 -9.068981
v 8.006044 4.369374 -9.010662
v 8.006018 2.996504 -9.010685
v 7.837645 4.665792 -8.973103
v 7.648264 3.187030 -8.933346
v 7.648279 4.559874 -8.933350
v 7.395491 4.686875 -8.878063
v 7.395456 3.314030 -8.878071
v 7.205645 4.983291 -8.839886
v 7.021063 3.504530 -8.799347
v 7.021063 4.877372 -8.799347
v 6.731760 5.004375 -8.743721
v 6.731730 3.631530 -8.743721
v 6.559923 5.300791 -8.709057
v 6.388475 3.822031 -8.671776
v 6.388479 5.194873 -8.671768
v 6.134089 5.321874 -8.622620
v 6.134089 3.949028 -8.622627
v 5.946737 5.618291 -8.588356
v 5.748053 4.139528 -8.550621
v 5.748053 5.512372 -8.550617
v 9.909296 3.416872 -9.480515
v 9.909273 2.044019 -9.480507
v 9.724684 3.713291 -9.433392
v 9.523748 2.234519 -9.383507
v 9.523771 3.607373 -9.383503
v 5.127386 5.829874 -8.437256
v 5.127386 4.457029 -8.437256
v 5.302061 5.935792 -8.468143
v 5.467081 4.266529 -8.500931
v 5.467112 5.639374 -8.500931
v 4.449434 6.147372 -8.328312
v 4.449434 4.774530 -8.328312
v 4.654032 6.253292 -8.360775
v 4.871561 4.584030 -8.394272
v 4.871584 5.956874 -8.394272
v 3.806486 6.464874 -8.236053
v 3.806486 5.092030 -8.236053
v 4.004889 6.570792 -8.261890
v 4.199602 4.901530 -8.286247
v 4.199629 6.274374 -8.286247
v 3.186777 6.782372 -8.152626
v 3.186781 5.409528 -8.152596
v 3.371283 6.888290 -8.174736
v 3.549387 5.219029 -8.199326
v 3.549414 6.591874 -8.199326
v 2.593126 7.099877 -8.075535
v 2.593103 5.727030 -8.075535
v 2.767500 7.205793 -8.094959
v 2.937960 5.536530 -8.116776
v 2.937960 6.909374 -8.116768
v 1.925032 7.417376 -7.997086
v 1.925032 6.044530 -7.997097
v 2.141085 7.523292 -8.018761
v 2.334887 5.854030 -8.045044
v 2.334909 7.226874 -8.045044
v 1.306416 7.734874 -7.937862
v 1.306393 6.362030 -7.937862
v 1.494301 7.840793 -7.956837
v 1.686247 6.171529 -7.969765
v 1.686247 7.544374 -7.969765
v 0.664026 8.052376 -7.880253
v 0.664000 6.679529 -7.880253
v 0.859070 8.158294 -7.898487
v 1.047209 6.489030 -7.913681
v 1.047209 7.861874 -7.913681
v 5.467112 5.639374 -8.500931
v 5.467085 4.266529 -8.500919
v 5.302057 5.935792 -8.468143
v 5.127386 4.457029 -8.437252
v 5.127386 5.829874 -8.437252
v 4.871592 5.956875 -8.394268
v 4.871565 4.584030 -8.394260
v 4.654036 6.253291 -8.360775
v 4.449438 4.774529 -8.328304
v 4.449434 6.147372 -8.328316
v 4.199629 6.274374 -8.286247
v 4.199610 4.901530 -8.286236
v 4.004892 6.570792 -8.261890
v 3.806486 5.092030 -8.236053
v 3.806482 6.464872 -8.236061
v 3.549410 6.591874 -8.199326
v 3.549387 5.219027 -8.199329
v 3.371283 6.888290 -8.174736
v 3.186781 5.409525 -8.152599
v 3.186777 6.782372 -8.152630
v 2.937956 6.909372 -8.116768
v 2.937960 5.536529 -8.116776
v 2.767500 7.205793 -8.094952
v 2.593107 5.727029 -8.075527
v 2.593138 7.099876 -8.075520
v 2.334917 7.226875 -8.045033
v 2.334887 5.854030 -8.045033
v 2.141081 7.523291 -8.018753
v 1.925032 6.044530 -7.997101
v 1.925032 7.417374 -7.997097
v 1.686247 7.544374 -7.969765
v 1.686251 6.171529 -7.969765
v 1.494301 7.840792 -7.956837
v 1.306393 6.362030 -7.937862
v 1.306416 7.734874 -7.937866
v 1.047209 7.861874 -7.913681
v 1.047209 6.489030 -7.913681
v 0.859070 8.158293 -7.898487
v 0.664000 6.679530 -7.880257
v 0.664026 8.052376 -7.880257
v 0.032125 8.369875 -7.831688
v 0.032097 6.997029 -7.831688
v 0.214268 8.475793 -7.845913
v 0.402735 6.806530 -7.859222
v 0.402761 8.179373 -7.859219
v -0.594801 8.674573 -7.789398
v -0.594826 7.301702 -7.789398
v -0.399626 8.793293 -7.801262
v -0.227896 7.124029 -7.813831
v -0.227896 8.496875 -7.813831
v -1.243034 9.004875 -7.754929
v -1.243034 7.632029 -7.754929
v -1.050549 9.110792 -7.764530
v -0.855175 7.428701 -7.774719
v -0.855177 8.801573 -7.774727
v -1.877222 9.322375 -7.723209
v -1.877247 7.949529 -7.723209
v -1.686975 9.428293 -7.732735
v -1.496698 7.759029 -7.742256
v -1.496704 9.131875 -7.742256
v -2.511435 9.639874 -7.691483
v -2.511457 8.267030 -7.691483
v -2.321188 9.745792 -7.700981
v -2.130911 8.076530 -7.710506
v -2.130911 9.449375 -7.710506
v -3.145647 9.957375 -7.659733
v -3.145647 8.584530 -7.659733
v -2.955400 10.063293 -7.669258
v -2.765127 8.394030 -7.678783
v -2.765102 9.766875 -7.678783
v -3.775133 10.274874 -7.682259
v -3.775133 8.902030 -7.682255
v -3.579653 10.380793 -7.675808
v -3.396545 8.711530 -7.649261
v -3.396521 10.084375 -7.649261
v -4.368271 10.563242 -7.777130
v -4.368301 9.190371 -7.777138
v -4.205433 10.698293 -7.745205
v -4.015518 9.029030 -7.710022
v -4.015514 10.401875 -7.710022
v -5.000931 10.895362 -8.028717
v -5.000925 9.522504 -8.028702
v -4.796364 11.015793 -7.931561
v -4.620142 9.317370 -7.827168
v -4.620142 10.690242 -7.827168
v -5.622477 11.249879 -8.336689
v -5.622475 9.877009 -8.336712
v -5.440226 11.333300 -8.241371
v -5.226152 9.649503 -8.133224
v -5.226154 11.022372 -8.133228
v 0.402763 8.179372 -7.859207
v 0.402735 6.806529 -7.859222
v 0.214268 8.475793 -7.845909
v 0.032103 6.997030 -7.831688
v 0.032129 8.369877 -7.831688
v -0.227900 8.496875 -7.813831
v -0.227896 7.124028 -7.813831
v -0.399626 8.793291 -7.801262
v -0.594826 7.301700 -7.789398
v -0.594801 8.674571 -7.789391
v -0.855175 8.801572 -7.774727
v -0.855175 7.428700 -7.774727
v -1.050549 9.110793 -7.764530
v -1.243031 7.632029 -7.754929
v -1.243031 9.004876 -7.754929
v -1.496708 9.131874 -7.742256
v -1.496698 7.759030 -7.742271
v -1.686975 9.428293 -7.732735
v -1.877247 7.949529 -7.723213
v -1.877222 9.322377 -7.723194
v -2.130911 9.449377 -7.710506
v -2.130915 8.076530 -7.710506
v -2.321188 9.745791 -7.700974
v -2.511457 8.267028 -7.691475
v -2.511435 9.639874 -7.691475
v -2.765102 9.766875 -7.678783
v -2.765127 8.394030 -7.678783
v -2.955400 10.063293 -7.669258
v -3.145647 8.584529 -7.659733
v -3.145647 9.957375 -7.659733
v -3.396521 10.084374 -7.649258
v -3.396545 8.711530 -7.649261
v -3.579653 10.380793 -7.675804
v -3.775133 8.902030 -7.682259
v -3.775133 10.274874 -7.682259
v -4.015518 10.401874 -7.710022
v -4.015520 9.029030 -7.710022
v -4.205435 10.698293 -7.745201
v -4.368301 9.190371 -7.777142
v -4.368273 10.563242 -7.777130
v -4.620146 10.690242 -7.827160
v -4.620142 9.317370 -7.827168
v -4.796364 11.015793 -7.931561
v -5.000975 9.522476 -8.028839
v -5.000967 10.895352 -8.028824
v -5.226156 11.022373 -8.133228
v -5.226152 9.649504 -8.133224
v -5.440226 11.333300 -8.241375
v -5.622475 9.877009 -8.336720
v -5.622475 11.249879 -8.336693
v -6.014599 11.534156 -8.679924
v -6.014601 10.161285 -8.679924
v -5.911705 11.650793 -8.576462
v -5.834362 10.004009 -8.486732
v -5.834362 11.376880 -8.486732
v -6.405275 11.862374 -9.088604
v -6.405275 10.489530 -9.088600
v -6.288389 11.968292 -8.963867
v -6.186560 10.288285 -8.854778
v -6.186560 11.661156 -8.854759
v -6.694355 12.179875 -9.610756
v -6.694353 10.807031 -9.610756
v -6.617571 12.285792 -9.445423
v -6.549625 10.616529 -9.298714
v -6.549627 11.989375 -9.298714
v -6.928873 12.497375 -10.109837
v -6.928873 11.124530 -10.109863
v -6.876066 12.603292 -10.001328
v -6.811449 10.934030 -9.829758
v -6.811426 12.306874 -9.829754
v -7.142309 12.814874 -10.749687
v -7.142307 11.442030 -10.749687
v -7.073223 12.920792 -10.568130
v -7.022877 11.251530 -10.379639
v -7.022879 12.624373 -10.379635
v -7.283024 13.132374 -11.334373
v -7.283024 11.759528 -11.334373
v -7.226383 13.238292 -11.162617
v -7.183964 11.569030 -10.994522
v -7.183964 12.941875 -10.994522
v -7.311724 13.449874 -11.978722
v -7.311726 12.077028 -11.978748
v -7.311726 13.555792 -11.788246
v -7.311472 11.886529 -11.597748
v -7.311470 13.259376 -11.597725
v -7.312235 13.767374 -12.613728
v -7.312235 12.394530 -12.613743
v -7.312237 13.873292 -12.423248
v -7.311981 12.204029 -12.232742
v -7.311985 13.576874 -12.232723
v -7.312746 14.084873 -13.248722
v -7.312744 12.712029 -13.248749
v -7.312744 14.190791 -13.058247
v -7.312489 12.521529 -12.867744
v -7.312489 13.894376 -12.867722
v -7.313250 14.402374 -13.883724
v -7.313251 13.029530 -13.883747
v -7.313250 14.508292 -13.693249
v -7.312998 12.839029 -13.502747
v -7.312998 14.211875 -13.502724
v -5.834364 11.376879 -8.486732
v -5.834360 10.004009 -8.486732
v -5.911705 11.650791 -8.576462
v -6.014595 10.161286 -8.679924
v -6.014597 11.534156 -8.679924
v -6.186556 11.661155 -8.854759
v -6.186558 10.288285 -8.854778
v -6.288383 11.968292 -8.963867
v -6.405275 10.489531 -9.088600
v -6.405275 11.862376 -9.088593
v -6.549625 11.989375 -9.298714
v -6.549627 10.616529 -9.298714
v -6.617573 12.285792 -9.445423
v -6.694355 10.807030 -9.610756
v -6.694355 12.179874 -9.610756
v -6.811428 12.306873 -9.829762
v -6.811449 10.934029 -9.829758
v -6.876066 12.603292 -10.001328
v -6.928873 11.124530 -10.109859
v -6.928873 12.497375 -10.109837
v -7.022882 12.624373 -10.379631
v -7.022877 11.251531 -10.379639
v -7.073223 12.920791 -10.568130
v -7.142309 11.442030 -10.749687
v -7.142311 12.814874 -10.749687
v -7.183964 12.941875 -10.994522
v -7.183966 11.569031 -10.994522
v -7.226383 13.238292 -11.162617
v -7.283026 11.759528 -11.334373
v -7.283024 13.132373 -11.334366
v -7.311468 13.259376 -11.597725
v -7.311470 11.886530 -11.597748
v -7.311726 13.555792 -11.788246
v -7.311726 12.077028 -11.978748
v -7.311724 13.449874 -11.978722
v -7.311981 13.576873 -12.232723
v -7.311981 12.204028 -12.232742
v -7.312235 13.873292 -12.423248
v -7.312235 12.394530 -12.613743
v -7.312235 13.767376 -12.613724
v -7.312489 13.894376 -12.867722
v -7.312489 12.521528 -12.867744
v -7.312744 14.190789 -13.058247
v -7.312744 12.712029 -13.248749
v -7.312746 14.084872 -13.248722
v -7.312996 14.211874 -13.502724
v -7.312996 12.839028 -13.502747
v -7.313248 14.508290 -13.693249
v -7.313251 13.029527 -13.883747
v -7.313251 14.402373 -13.883724
v -7.311987 14.466050 -27.845161
v -7.311987 13.093206 -27.845184
v -7.312241 14.667245 -27.654709
v -7.312241 13.093233 -27.464211
v -7.312239 14.466104 -27.464237
v -7.312233 14.466103 -27.210209
v -7.312235 13.093233 -27.210213
v -7.312235 14.667245 -27.019711
v -7.312235 13.093233 -26.829239
v -7.312237 14.466103 -26.829208
v -7.312235 14.466103 -26.575214
v -7.312235 13.093233 -26.575237
v -7.312233 14.667245 -26.384708
v -7.312231 13.093235 -26.194237
v -7.312231 14.466104 -26.194233
v -7.312235 14.466103 -25.940243
v -7.312235 13.093232 -25.940239
v -7.312235 14.667245 -25.749714
v -7.312235 13.093232 -25.559238
v -7.312235 14.466103 -25.559212
v -7.312235 14.466102 -25.305237
v -7.312235 13.093234 -25.305237
v -7.312235 14.667244 -25.114708
v -7.312235 13.093231 -24.924236
v -7.312235 14.466099 -24.924240
v -7.312235 14.466103 -24.670238
v -7.312235 13.093232 -24.670238
v -7.312235 14.667244 -24.479710
v -7.312235 13.093234 -24.289238
v -7.312239 14.466102 -24.289246
v -7.312235 14.466102 -24.035236
v -7.312235 13.093232 -24.035236
v -7.312235 14.667244 -23.844711
v -7.312235 13.093233 -23.654236
v -7.312235 14.466104 -23.654236
v -7.312235 14.466100 -23.400238
v -7.312235 13.093233 -23.400238
v -7.312235 14.667245 -23.209713
v -7.312235 13.093233 -23.019238
v -7.312235 14.466103 -23.019238
v -7.312235 14.466103 -22.765232
v -7.312235 13.093233 -22.765236
v -7.312235 14.667244 -22.574711
v -7.312235 13.093232 -22.384239
v -7.312237 14.466103 -22.384239
v -7.312239 14.466105 -22.130238
v -7.312235 13.093235 -22.130238
v -7.312235 14.667247 -21.939713
v -7.312235 13.093233 -21.749237
v -7.312235 14.466105 -21.749237
v -7.312235 14.466100 -21.495243
v -7.312235 13.093235 -21.495239
v -7.312235 14.667244 -21.304710
v -7.312235 13.093235 -21.114239
v -7.312233 14.466103 -21.114239
v -7.312235 14.466103 -20.860237
v -7.312239 13.093232 -20.860237
v -7.312235 14.667247 -20.669708
v -7.312235 13.093235 -20.479237
v -7.312237 14.466103 -20.479240
v -7.312233 14.466103 -20.225235
v -7.312235 13.093233 -20.225239
v -7.312233 14.667247 -20.034710
v -7.312235 13.093232 -19.844238
v -7.312235 14.466103 -19.844238
v -7.312239 14.466108 -19.590237
v -7.312235 13.093232 -19.590237
v -7.312237 14.667247 -19.399712
v -7.312235 13.093231 -19.209236
v -7.312235 14.466102 -19.209240
v -7.312233 14.466103 -18.955227
v -7.312235 13.093232 -18.955238
v -7.312233 14.667246 -18.764709
v -7.312235 13.093234 -18.574238
v -7.312235 14.466102 -18.574238
v -7.312239 14.466088 -18.320259
v -7.312235 13.093232 -18.320236
v -7.312235 14.667237 -18.129726
v -7.312235 13.093232 -17.939240
v -7.312235 14.466102 -17.939240
v -7.312239 14.466099 -17.685249
v -7.312235 13.093232 -17.685238
v -7.312237 14.667241 -17.494720
v -7.312235 13.093233 -17.304237
v -7.312235 14.466103 -17.304237
v -7.312216 14.466095 -17.050213
v -7.312235 13.093233 -17.050240
v -7.312227 14.667241 -16.859703
v -7.312235 13.093233 -16.669239
v -7.312235 14.466103 -16.669239
v -7.312227 14.466108 -16.415222
v -7.312235 13.093233 -16.415237
v -7.312231 14.667248 -16.224701
v -7.312235 13.093233 -16.034237
v -7.312235 14.466103 -16.034237
v -7.312233 14.466098 -15.780239
v -7.312235 13.093233 -15.780239
v -7.312233 14.667244 -15.589714
v -7.312235 13.093233 -15.399239
v -7.312235 14.466103 -15.399239
v -7.312241 14.466110 -15.145237
v -7.312237 13.093233 -15.145237
v -7.312239 14.667250 -14.954716
v -7.312237 13.093233 -14.764236
v -7.312237 14.466103 -14.764236
v -7.312237 14.466103 -14.510246
v -7.312235 13.093233 -14.510239
v -7.312235 14.667244 -14.319714
v -7.312235 13.093232 -14.129238
v -7.312235 14.466103 -14.129238
v -7.312235 14.466103 -25.559212
v -7.312235 13.093232 -25.559242
v -7.312235 14.667247 -25.749710
v -7.312239 13.093232 -25.940239
v -7.312239 14.466103 -25.940247
v -7.312235 14.466102 -24.924240
v -7.312235 13.093232 -24.924236
v -7.312235 14.667244 -25.114708
v -7.312235 13.093234 -25.305237
v -7.312235 14.466102 -25.305244
v -7.312241 14.466102 -24.289238
v -7.312237 13.093234 -24.289238
v -7.312239 14.667246 -24.479710
v -7.312235 13.093232 -24.670238
v -7.312235 14.466105 -24.670238
v -7.312233 14.466105 -23.654232
v -7.312235 13.093235 -23.654236
v -7.312235 14.667244 -23.844711
v -7.312237 13.093232 -24.035236
v -7.312235 14.466100 -24.035236
v -7.312235 14.466103 -23.019238
v -7.312235 13.093233 -23.019238
v -7.312235 14.667245 -23.209713
v -7.312235 13.093233 -23.400238
v -7.312235 14.466100 -23.400238
v -7.312237 14.466100 -22.384239
v -7.312235 13.093232 -22.384239
v -7.312235 14.667244 -22.574711
v -7.312235 13.093233 -22.765236
v -7.312235 14.466103 -22.765232
v -7.312233 14.466105 -21.749237
v -7.312235 13.093235 -21.749237
v -7.312235 14.667247 -21.939713
v -7.312235 13.093235 -22.130238
v -7.312239 14.466104 -22.130238
v -7.312235 14.466103 -21.114239
v -7.312235 13.093235 -21.114246
v -7.312235 14.667244 -21.304714
v -7.312235 13.093233 -21.495239
v -7.312235 14.466100 -21.495247
v -7.312239 14.466103 -20.479244
v -7.312239 13.093233 -20.479237
v -7.312237 14.667244 -20.669708
v -7.312239 13.093232 -20.860237
v -7.312235 14.466103 -20.860233
v -7.312235 14.466104 -19.844231
v -7.312235 13.093232 -19.844238
v -7.312235 14.667247 -20.034710
v -7.312235 13.093232 -20.225239
v -7.312233 14.466100 -20.225239
v -7.312235 14.466102 -19.209240
v -7.312235 13.093231 -19.209236
v -7.312239 14.667247 -19.399715
v -7.312237 13.093232 -19.590237
v -7.312241 14.466105 -19.590237
v -7.312239 14.466099 -18.574238
v -7.312235 13.093232 -18.574238
v -7.312233 14.667243 -18.764709
v -7.312235 13.093234 -18.955238
v -7.312233 14.466103 -18.955227
v -7.312235 14.466102 -17.939240
v -7.312235 13.093232 -17.939240
v -7.312235 14.667237 -18.129726
v -7.312235 13.093232 -18.320236
v -7.312239 14.466086 -18.320259
v -7.312235 14.466105 -17.304237
v -7.312235 13.093235 -17.304237
v -7.312237 14.667243 -17.494720
v -7.312235 13.093232 -17.685238
v -7.312239 14.466099 -17.685249
v -7.312235 14.466103 -16.669239
v -7.312235 13.093233 -16.669239
v -7.312227 14.667241 -16.859703
v -7.312235 13.093233 -17.050240
v -7.312216 14.466093 -17.050213
v -7.312235 14.466105 -16.034237
v -7.312235 13.093233 -16.034237
v -7.312229 14.667250 -16.224701
v -7.312235 13.093235 -16.415237
v -7.312227 14.466106 -16.415226
v -7.312235 14.466103 -15.399239
v -7.312235 13.093233 -15.399239
v -7.312233 14.667244 -15.589714
v -7.312235 13.093233 -15.780239
v -7.312233 14.466096 -15.780239
v -7.312239 14.466103 -14.764236
v -7.312237 13.093233 -14.764236
v -7.312239 14.667252 -14.954716
v -7.312235 13.093235 -15.145237
v -7.312241 14.466112 -15.145237
v -7.312235 14.466104 -14.129238
v -7.312235 13.093232 -14.129238
v -7.312235 14.667244 -14.319714
v -7.312235 13.093232 -14.510239
v -7.312237 14.466101 -14.510239
vt -0.899414 -0.225586
vt -0.753906 -0.124023
vt -0.899414 -0.905273
vt -0.607422 -0.905273
vt -0.606445 -0.225586
vt -0.407227 -0.225586
vt -0.259766 -0.124023
vt -0.406250 -0.905273
vt -0.110352 -0.905273
vt -0.110352 -0.225586
vt -0.899414 -0.225586
vt -0.753906 -0.124023
vt -0.899414 -0.905273
vt -0.607422 -0.905273
vt -0.606445 -0.225586
vt -0.407227 -0.225586
vt -0.259766 -0.124023
vt -0.406250 -0.905273
vt -0.110352 -0.905273
vt -0.110352 -0.225586
vt -0.899414 -0.225586
vt -0.753906 -0.124023
vt -0.899414 -0.905273
vt -0.607422 -0.905273
vt -0.606445 -0.225586
vt -0.407227 -0.225586
vt -0.259766 -0.124023
vt -0.406250 -0.905273
vt -0.110352 -0.905273
vt -0.110352 -0.225586
vt -0.899414 -0.225586
vt -0.753906 -0.124023
vt -0.899414 -0.905273
vt -0.607422 -0.905273
vt -0.606445 -0.225586
vt -0.407227 -0.225586
vt -0.259766 -0.124023
vt -0.406250 -0.905273
vt -0.110352 -0.905273
vt -0.110352 -0.225586
vt -0.899414 -0.225586
vt -0.753906 -0.124023
vt -0.899414 -0.905273
vt -0.607422 -0.905273
vt -0.606445 -0.225586
vt -0.407227 -0.225586
vt -0.259766 -0.124023
vt -0.406250 -0.905273
vt -0.110352 -0.905273
vt -0.110352 -0.225586
vt -0.606445 -0.225586
vt -0.753906 -0.124023
vt -0.607422 -0.905273
vt -0.899414 -0.905273
vt -0.899414 -0.225586
vt -0.110352 -0.225586
vt -0.259766 -0.124023
vt -0.110352 -0.905273
vt -0.406250 -0.905273
vt -0.407227 -0.225586
vt -0.606445 -0.225586
vt -0.753906 -0.124023
vt -0.607422 -0.905273
vt -0.899414 -0.905273
vt -0.899414 -0.225586
vt -0.110352 -0.225586
vt -0.259766 -0.124023
vt -0.110352 -0.905273
vt -0.406250 -0.905273
vt -0.407227 -0.225586
vt -0.606445 -0.225586
vt -0.753906 -0.124023
vt -0.607422 -0.905273
vt -0.899414 -0.905273
vt -0.899414 -0.225586
vt -0.110352 -0.225586
vt -0.259766 -0.124023
vt -0.110352 -0.905273
vt -0.406250 -0.905273
vt -0.407227 -0.225586
vt -0.606445 -0.225586
vt -0.753906 -0.124023
vt -0.607422 -0.905273
vt -0.899414 -0.905273
vt -0.899414 -0.225586
vt -0.110352 -0.225586
vt -0.259766 -0.124023
vt -0.110352 -0.905273
vt -0.406250 -0.905273
vt -0.407227 -0.225586
vt -0.606445 -0.225586
vt -0.753906 -0.124023
vt -0.607422 -0.905273
vt -0.899414 -0.905273
vt -0.899414 -0.225586
vt -0.110352 -0.225586
vt -0.259766 -0.124023
vt -0.110352 -0.905273
vt -0.406250 -0.905273
vt -0.407227 -0.225586
vt -0.899414 -0.225586
vt -0.753906 -0.124023
vt -0.899414 -0.905273
vt -0.607422 -0.905273
vt -0.606445 -0.225586
vt -0.407227 -0.225586
vt -0.259766 -0.124023
vt -0.406250 -0.905273
vt -0.110352 -0.905273
vt -0.110352 -0.225586
vt -0.899414 -0.225586
vt -0.753906 -0.124023
vt -0.899414 -0.905273
vt -0.607422 -0.905273
vt -0.606445 -0.225586
vt -0.407227 -0.225586
vt -0.259766 -0.124023
vt -0.406250 -0.905273
vt -0.110352 -0.905273
vt -0.110352 -0.225586
vt -0.899414 -0.225586
vt -0.753906 -0.124023
vt -0.899414 -0.905273
vt -0.607422 -0.905273
vt -0.606445 -0.225586
vt -0.407227 -0.225586
vt -0.259766 -0.124023
vt -0.406250 -0.905273
vt -0.110352 -0.905273
vt -0.110352 -0.225586
vt -0.899414 -0.225586
vt -0.753906 -0.124023
vt -0.899414 -0.905273
vt -0.607422 -0.905273
vt -0.606445 -0.225586
vt -0.407227 -0.225586
vt -0.259766 -0.124023
vt -0.406250 -0.905273
vt -0.110352 -0.905273
vt -0.110352 -0.225586
vt -0.899414 -0.225586
vt -0.753906 -0.124023
vt -0.899414 -0.905273
vt -0.607422 -0.905273
vt -0.606445 -0.225586
vt -0.407227 -0.225586
vt -0.259766 -0.124023
vt -0.406250 -0.905273
vt -0.110352 -0.905273
vt -0.110352 -0.225586
vt -0.606445 -0.225586
vt -0.753906 -0.124023
vt -0.607422 -0.905273
vt -0.899414 -0.905273
vt -0.899414 -0.225586
vt -0.110352 -0.225586
vt -0.259766 -0.124023
vt -0.110352 -0.905273
vt -0.406250 -0.905273
vt -0.407227 -0.225586
vt -0.606445 -0.225586
vt -0.753906 -0.124023
vt -0.607422 -0.905273
vt -0.899414 -0.905273
vt -0.899414 -0.225586
vt -0.110352 -0.225586
vt -0.259766 -0.124023
vt -0.110352 -0.905273
vt -0.406250 -0.905273
vt -0.407227 -0.225586
vt -0.606445 -0.225586
vt -0.753906 -0.124023
vt -0.607422 -0.905273
vt -0.899414 -0.905273
vt -0.899414 -0.225586
vt -0.110352 -0.225586
vt -0.259766 -0.124023
vt -0.110352 -0.905273
vt -0.406250 -0.905273
vt -0.407227 -0.225586
vt -0.606445 -0.225586
vt -0.753906 -0.124023
vt -0.607422 -0.905273
vt -0.899414 -0.905273
vt -0.899414 -0.225586
vt -0.110352 -0.225586
vt -0.259766 -0.124023
vt -0.110352 -0.905273
vt -0.406250 -0.905273
vt -0.407227 -0.225586
vt -0.606445 -0.225586
vt -0.753906 -0.124023
vt -0.607422 -0.905273
vt -0.899414 -0.905273
vt -0.899414 -0.225586
vt -0.110352 -0.225586
vt -0.259766 -0.124023
vt -0.110352 -0.905273
vt -0.406250 -0.905273
vt -0.407227 -0.225586
vt -0.899414 -0.225586
vt -0.753906 -0.124023
vt -0.899414 -0.905273
vt -0.607422 -0.905273
vt -0.606445 -0.225586
vt -0.407227 -0.225586
vt -0.259766 -0.124023
vt -0.406250 -0.905273
vt -0.110352 -0.905273
vt -0.110352 -0.225586
vt -0.899414 -0.225586
vt -0.753906 -0.124023
vt -0.899414 -0.905273
vt -0.607422 -0.905273
vt -0.606445 -0.225586
vt -0.407227 -0.225586
vt -0.259766 -0.124023
vt -0.406250 -0.905273
vt -0.110352 -0.905273
vt -0.110352 -0.225586
vt -0.899414 -0.225586
vt -0.753906 -0.124023
vt -0.899414 -0.905273
vt -0.607422 -0.905273
vt -0.606445 -0.225586
vt -0.407227 -0.225586
vt -0.259766 -0.124023
vt -0.406250 -0.905273
vt -0.110352 -0.905273
vt -0.110352 -0.225586
vt -0.899414 -0.225586
vt -0.753906 -0.124023
vt -0.899414 -0.905273
vt -0.607422 -0.905273
vt -0.606445 -0.225586
vt -0.407227 -0.225586
vt -0.259766 -0.124023
vt -0.406250 -0.905273
vt -0.110352 -0.905273
vt -0.110352 -0.225586
vt -0.606445 -0.225586
vt -0.753906 -0.124023
vt -0.607422 -0.905273
vt -0.899414 -0.905273
vt -0.899414 -0.225586
vt -0.110352 -0.225586
vt -0.259766 -0.124023
vt -0.110352 -0.905273
vt -0.406250 -0.905273
vt -0.407227 -0.225586
vt -0.606445 -0.225586
vt -0.753906 -0.124023
vt -0.607422 -0.905273
vt -0.899414 -0.905273
vt -0.899414 -0.225586
vt -0.110352 -0.225586
vt -0.259766 -0.124023
vt -0.110352 -0.905273
vt -0.406250 -0.905273
vt -0.407227 -0.225586
vt -0.606445 -0.225586
vt -0.753906 -0.124023
vt -0.607422 -0.905273
vt -0.899414 -0.905273
vt -0.899414 -0.225586
vt -0.110352 -0.225586
vt -0.259766 -0.124023
vt -0.110352 -0.905273
vt -0.406250 -0.905273
vt -0.407227 -0.225586
vt -0.606445 -0.225586
vt -0.753906 -0.124023
vt -0.607422 -0.905273
vt -0.899414 -0.905273
vt -0.899414 -0.225586
vt -0.110352 -0.225586
vt -0.259766 -0.124023
vt -0.110352 -0.905273
vt -0.406250 -0.905273
vt -0.407227 -0.225586
vt -0.899414 -0.225586
vt -0.753906 -0.124023
vt -0.899414 -0.905273
vt -0.607422 -0.905273
vt -0.606445 -0.225586
vt -0.407227 -0.225586
vt -0.259766 -0.124023
vt -0.406250 -0.905273
vt -0.110352 -0.905273
vt -0.110352 -0.225586
vt -0.899414 -0.225586
vt -0.753906 -0.124023
vt -0.899414 -0.905273
vt -0.607422 -0.905273
vt -0.606445 -0.225586
vt -0.407227 -0.225586
vt -0.259766 -0.124023
vt -0.406250 -0.905273
vt -0.110352 -0.905273
vt -0.110352 -0.225586
vt -0.899414 -0.225586
vt -0.753906 -0.124023
vt -0.899414 -0.905273
vt -0.607422 -0.905273
vt -0.606445 -0.225586
vt -0.407227 -0.225586
vt -0.259766 -0.124023
vt -0.406250 -0.905273
vt -0.110352 -0.905273
vt -0.110352 -0.225586
vt -0.407227 -0.225586
vt -0.259766 -0.124023
vt -0.406250 -0.905273
vt -0.110352 -0.905273
vt -0.110352 -0.225586
vt -0.606445 -0.225586
vt -0.753906 -0.124023
vt -0.607422 -0.905273
vt -0.899414 -0.905273
vt -0.899414 -0.225586
vt -0.110352 -0.225586
vt -0.259766 -0.124023
vt -0.110352 -0.905273
vt -0.406250 -0.905273
vt -0.407227 -0.225586
vt -0.606445 -0.225586
vt -0.753906 -0.124023
vt -0.607422 -0.905273
vt -0.899414 -0.905273
vt -0.899414 -0.225586
vt -0.110352 -0.225586
vt -0.259766 -0.124023
vt -0.110352 -0.905273
vt -0.406250 -0.905273
vt -0.407227 -0.225586
vt -0.606445 -0.225586
vt -0.753906 -0.124023
vt -0.607422 -0.905273
vt -0.899414 -0.905273
vt -0.899414 -0.225586
vt -0.110352 -0.225586
vt -0.259766 -0.124023
vt -0.110352 -0.905273
vt -0.406250 -0.905273
vt -0.407227 -0.225586
vt -0.110352 -0.225586
vt -0.259766 -0.124023
vt -0.110352 -0.905273
vt -0.406250 -0.905273
vt -0.407227 -0.225586
vt 0.401367 -0.210938
vt 0.250977 -0.104492
vt 0.401367 -0.935547
vt 0.101562 -0.935547
vt 0.101562 -0.210938
vt 0.900391 -0.210938
vt 0.750977 -0.104492
vt 0.900391 -0.935547
vt 0.600586 -0.935547
vt 0.600586 -0.210938
vt 0.401367 -0.210938
vt 0.250977 -0.104492
vt 0.401367 -0.935547
vt 0.101562 -0.935547
vt 0.101562 -0.210938
vt 0.900391 -0.210938
vt 0.750977 -0.104492
vt 0.900391 -0.935547
vt 0.600586 -0.935547
vt 0.600586 -0.210938
vt 0.401367 -0.210938
vt 0.250977 -0.104492
vt 0.401367 -0.935547
vt 0.101562 -0.935547
vt 0.101562 -0.210938
vt 0.900391 -0.210938
vt 0.750977 -0.104492
vt 0.900391 -0.935547
vt 0.600586 -0.935547
vt 0.600586 -0.210938
vt 0.401367 -0.210938
vt 0.250977 -0.104492
vt 0.401367 -0.935547
vt 0.101562 -0.935547
vt 0.101562 -0.210938
vt 0.900391 -0.210938
vt 0.750977 -0.104492
vt 0.900391 -0.935547
vt 0.600586 -0.935547
vt 0.600586 -0.210938
vt 0.401367 -0.210938
vt 0.250977 -0.104492
vt 0.401367 -0.935547
vt 0.101562 -0.935547
vt 0.101562 -0.210938
vt 0.900391 -0.210938
vt 0.750977 -0.104492
vt 0.900391 -0.935547
vt 0.600586 -0.935547
vt 0.600586 -0.210938
vt 0.401367 -0.210938
vt 0.250977 -0.104492
vt 0.401367 -0.935547
vt 0.101562 -0.935547
vt 0.101562 -0.210938
vt 0.900391 -0.210938
vt 0.750977 -0.104492
vt 0.900391 -0.935547
vt 0.600586 -0.935547
vt 0.600586 -0.210938
vt 0.401367 -0.210938
vt 0.250977 -0.104492
vt 0.401367 -0.935547
vt 0.101562 -0.935547
vt 0.101562 -0.210938
vt 0.900391 -0.210938
vt 0.750977 -0.104492
vt 0.900391 -0.935547
vt 0.600586 -0.935547
vt 0.600586 -0.210938
vt 0.401367 -0.210938
vt 0.250977 -0.104492
vt 0.401367 -0.935547
vt 0.101562 -0.935547
vt 0.101562 -0.210938
vt 0.900391 -0.210938
vt 0.750977 -0.104492
vt 0.900391 -0.935547
vt 0.600586 -0.935547
vt 0.600586 -0.210938
vt 0.401367 -0.210938
vt 0.250977 -0.104492
vt 0.401367 -0.935547
vt 0.101562 -0.935547
vt 0.101562 -0.210938
vt 0.900391 -0.210938
vt 0.750977 -0.104492
vt 0.900391 -0.935547
vt 0.600586 -0.935547
vt 0.600586 -0.210938
vt 0.401367 -0.210938
vt 0.250977 -0.104492
vt 0.401367 -0.935547
vt 0.101562 -0.935547
vt 0.101562 -0.210938
vt 0.900391 -0.210938
vt 0.750977 -0.104492
vt 0.900391 -0.935547
vt 0.600586 -0.935547
vt 0.600586 -0.210938
vt 0.401367 -0.210938
vt 0.250977 -0.104492
vt 0.401367 -0.935547
vt 0.101562 -0.935547
vt 0.101562 -0.210938
vt 0.900391 -0.210938
vt 0.750977 -0.104492
vt 0.900391 -0.935547
vt 0.600586 -0.935547
vt 0.600586 -0.210938
vt 0.600586 -0.210938
vt 0.750977 -0.104492
vt 0.600586 -0.935547
vt 0.900391 -0.935547
vt 0.900391 -0.210938
vt 0.101562 -0.210938
vt 0.250977 -0.104492
vt 0.101562 -0.935547
vt 0.401367 -0.935547
vt 0.401367 -0.210938
vt 0.600586 -0.210938
vt 0.750977 -0.104492
vt 0.600586 -0.935547
vt 0.900391 -0.935547
vt 0.900391 -0.210938
vt 0.101562 -0.210938
vt 0.250977 -0.104492
vt 0.101562 -0.935547
vt 0.401367 -0.935547
vt 0.401367 -0.210938
vt 0.600586 -0.210938
vt 0.750977 -0.104492
vt 0.600586 -0.935547
vt 0.900391 -0.935547
vt 0.900391 -0.210938
vt 0.101562 -0.210938
vt 0.250977 -0.104492
vt 0.101562 -0.935547
vt 0.401367 -0.935547
vt 0.401367 -0.210938
vt 0.600586 -0.210938
vt 0.750977 -0.104492
vt 0.600586 -0.935547
vt 0.900391 -0.935547
vt 0.900391 -0.210938
vt 0.101562 -0.210938
vt 0.250977 -0.104492
vt 0.101562 -0.935547
vt 0.401367 -0.935547
vt 0.401367 -0.210938
vt 0.600586 -0.210938
vt 0.750977 -0.104492
vt 0.600586 -0.935547
vt 0.900391 -0.935547
vt 0.900391 -0.210938
vt 0.101562 -0.210938
vt 0.250977 -0.104492
vt 0.101562 -0.935547
vt 0.401367 -0.935547
vt 0.401367 -0.210938
vt 0.600586 -0.210938
vt 0.750977 -0.104492
vt 0.600586 -0.935547
vt 0.900391 -0.935547
vt 0.900391 -0.210938
vt 0.101562 -0.210938
vt 0.250977 -0.104492
vt 0.101562 -0.935547
vt 0.401367 -0.935547
vt 0.401367 -0.210938
vt 0.600586 -0.210938
vt 0.750977 -0.104492
vt 0.600586 -0.935547
vt 0.900391 -0.935547
vt 0.900391 -0.210938
vt 0.101562 -0.210938
vt 0.250977 -0.104492
vt 0.101562 -0.935547
vt 0.401367 -0.935547
vt 0.401367 -0.210938
vt 0.600586 -0.210938
vt 0.750977 -0.104492
vt 0.600586 -0.935547
vt 0.900391 -0.935547
vt 0.900391 -0.210938
vt 0.101562 -0.210938
vt 0.250977 -0.104492
vt 0.101562 -0.935547
vt 0.401367 -0.935547
vt 0.401367 -0.210938
vt 0.600586 -0.210938
vt 0.750977 -0.104492
vt 0.600586 -0.935547
vt 0.900391 -0.935547
vt 0.900391 -0.210938
vt 0.101562 -0.210938
vt 0.250977 -0.104492
vt 0.101562 -0.935547
vt 0.401367 -0.935547
vt 0.401367 -0.210938
vt 0.600586 -0.210938
vt 0.750977 -0.104492
vt 0.600586 -0.935547
vt 0.900391 -0.935547
vt 0.900391 -0.210938
vt -0.606445 -0.225586
vt -0.753906 -0.124023
vt -0.607422 -0.905273
vt -0.899414 -0.905273
vt -0.899414 -0.225586
vt -0.110352 -0.225586
vt -0.259766 -0.124023
vt -0.110352 -0.905273
vt -0.406250 -0.905273
vt -0.407227 -0.225586
vt -0.606445 -0.225586
vt -0.753906 -0.124023
vt -0.607422 -0.905273
vt -0.899414 -0.905273
vt -0.899414 -0.225586
vt -0.110352 -0.225586
vt -0.259766 -0.124023
vt -0.110352 -0.905273
vt -0.406250 -0.905273
vt -0.407227 -0.225586
vt -0.606445 -0.225586
vt -0.753906 -0.124023
vt -0.607422 -0.905273
vt -0.899414 -0.905273
vt -0.899414 -0.225586
vt -0.110352 -0.225586
vt -0.259766 -0.124023
vt -0.110352 -0.905273
vt -0.406250 -0.905273
vt -0.407227 -0.225586
vt -0.110352 -0.225586
vt -0.259766 -0.124023
vt -0.110352 -0.905273
vt -0.406250 -0.905273
vt -0.407227 -0.225586
vt -0.899414 -0.225586
vt -0.753906 -0.124023
vt -0.899414 -0.905273
vt -0.607422 -0.905273
vt -0.606445 -0.225586
vt -0.407227 -0.225586
vt -0.259766 -0.124023
vt -0.406250 -0.905273
vt -0.110352 -0.905273
vt -0.110352 -0.225586
vt -0.899414 -0.225586
vt -0.753906 -0.124023
vt -0.899414 -0.905273
vt -0.607422 -0.905273
vt -0.606445 -0.225586
vt -0.407227 -0.225586
vt -0.259766 -0.124023
vt -0.406250 -0.905273
vt -0.110352 -0.905273
vt -0.110352 -0.225586
vt -0.899414 -0.225586
vt -0.753906 -0.124023
vt -0.899414 -0.905273
vt -0.607422 -0.905273
vt -0.606445 -0.225586
vt -0.407227 -0.225586
vt -0.259766 -0.124023
vt -0.406250 -0.905273
vt -0.110352 -0.905273
vt -0.110352 -0.225586
vt -0.407227 -0.225586
vt -0.259766 -0.124023
vt -0.406250 -0.905273
vt -0.110352 -0.905273
vt -0.110352 -0.225586
vt -0.606445 -0.225586
vt -0.753906 -0.124023
vt -0.607422 -0.905273
vt -0.899414 -0.905273
vt -0.899414 -0.225586
vt -0.110352 -0.225586
vt -0.259766 -0.124023
vt -0.110352 -0.905273
vt -0.406250 -0.905273
vt -0.407227 -0.225586
vt -0.606445 -0.225586
vt -0.753906 -0.124023
vt -0.607422 -0.905273
vt -0.899414 -0.905273
vt -0.899414 -0.225586
vt -0.110352 -0.225586
vt -0.259766 -0.124023
vt -0.110352 -0.905273
vt -0.406250 -0.905273
vt -0.407227 -0.225586
vt -0.606445 -0.225586
vt -0.753906 -0.124023
vt -0.607422 -0.905273
vt -0.899414 -0.905273
vt -0.899414 -0.225586
vt -0.110352 -0.225586
vt -0.259766 -0.124023
vt -0.110352 -0.905273
vt -0.406250 -0.905273
vt -0.407227 -0.225586
vt -0.606445 -0.225586
vt -0.753906 -0.124023
vt -0.607422 -0.905273
vt -0.899414 -0.905273
vt -0.899414 -0.225586
vt -0.110352 -0.225586
vt -0.259766 -0.124023
vt -0.110352 -0.905273
vt -0.406250 -0.905273
vt -0.407227 -0.225586
vt -0.899414 -0.225586
vt -0.753906 -0.124023
vt -0.899414 -0.905273
vt -0.607422 -0.905273
vt -0.606445 -0.225586
vt -0.407227 -0.225586
vt -0.259766 -0.124023
vt -0.406250 -0.905273
vt -0.110352 -0.905273
vt -0.110352 -0.225586
vt -0.899414 -0.225586
vt -0.753906 -0.124023
vt -0.899414 -0.905273
vt -0.607422 -0.905273
vt -0.606445 -0.225586
vt -0.407227 -0.225586
vt -0.259766 -0.124023
vt -0.406250 -0.905273
vt -0.110352 -0.905273
vt -0.110352 -0.225586
vt -0.899414 -0.225586
vt -0.753906 -0.124023
vt -0.899414 -0.905273
vt -0.607422 -0.905273
vt -0.606445 -0.225586
vt -0.407227 -0.225586
vt -0.259766 -0.124023
vt -0.406250 -0.905273
vt -0.110352 -0.905273
vt -0.110352 -0.225586
vt -0.899414 -0.225586
vt -0.753906 -0.124023
vt -0.899414 -0.905273
vt -0.607422 -0.905273
vt -0.606445 -0.225586
vt -0.407227 -0.225586
vt -0.259766 -0.124023
vt -0.406250 -0.905273
vt -0.110352 -0.905273
vt -0.110352 -0.225586
vt -0.606445 -0.225586
vt -0.753906 -0.124023
vt -0.607422 -0.905273
vt -0.899414 -0.905273
vt -0.899414 -0.225586
vt -0.110352 -0.225586
vt -0.259766 -0.124023
vt -0.110352 -0.905273
vt -0.406250 -0.905273
vt -0.407227 -0.225586
vt -0.606445 -0.225586
vt -0.753906 -0.124023
vt -0.607422 -0.905273
vt -0.899414 -0.905273
vt -0.899414 -0.225586
vt -0.110352 -0.225586
vt -0.259766 -0.124023
vt -0.110352 -0.905273
vt -0.406250 -0.905273
vt -0.407227 -0.225586
vt -0.606445 -0.225586
vt -0.753906 -0.124023
vt -0.607422 -0.905273
vt -0.899414 -0.905273
vt -0.899414 -0.225586
vt -0.110352 -0.225586
vt -0.259766 -0.124023
vt -0.110352 -0.905273
vt -0.406250 -0.905273
vt -0.407227 -0.225586
vt -0.606445 -0.225586
vt -0.753906 -0.124023
vt -0.607422 -0.905273
vt -0.899414 -0.905273
vt -0.899414 -0.225586
vt -0.110352 -0.225586
vt -0.259766 -0.124023
vt -0.110352 -0.905273
vt -0.406250 -0.905273
vt -0.407227 -0.225586
vt -0.606445 -0.225586
vt -0.753906 -0.124023
vt -0.607422 -0.905273
vt -0.899414 -0.905273
vt -0.899414 -0.225586
vt -0.110352 -0.225586
vt -0.259766 -0.124023
vt -0.110352 -0.905273
vt -0.406250 -0.905273
vt -0.407227 -0.225586
vt -0.899414 -0.225586
vt -0.753906 -0.124023
vt -0.899414 -0.905273
vt -0.607422 -0.905273
vt -0.606445 -0.225586
vt -0.407227 -0.225586
vt -0.259766 -0.124023
vt -0.406250 -0.905273
vt -0.110352 -0.905273
vt -0.110352 -0.225586
vt -0.899414 -0.225586
vt -0.753906 -0.124023
vt -0.899414 -0.905273
vt -0.607422 -0.905273
vt -0.606445 -0.225586
vt -0.407227 -0.225586
vt -0.259766 -0.124023
vt -0.406250 -0.905273
vt -0.110352 -0.905273
vt -0.110352 -0.225586
vt -0.899414 -0.225586
vt -0.753906 -0.124023
vt -0.899414 -0.905273
vt -0.607422 -0.905273
vt -0.606445 -0.225586
vt -0.407227 -0.225586
vt -0.259766 -0.124023
vt -0.406250 -0.905273
vt -0.110352 -0.905273
vt -0.110352 -0.225586
vt -0.899414 -0.225586
vt -0.753906 -0.124023
vt -0.899414 -0.905273
vt -0.607422 -0.905273
vt -0.606445 -0.225586
vt -0.407227 -0.225586
vt -0.259766 -0.124023
vt -0.406250 -0.905273
vt -0.110352 -0.905273
vt -0.110352 -0.225586
vt -0.899414 -0.225586
vt -0.753906 -0.124023
vt -0.899414 -0.905273
vt -0.607422 -0.905273
vt -0.606445 -0.225586
vt -0.407227 -0.225586
vt -0.259766 -0.124023
vt -0.406250 -0.905273
vt -0.110352 -0.905273
vt -0.110352 -0.225586
vt -0.606445 -0.225586
vt -0.753906 -0.124023
vt -0.607422 -0.905273
vt -0.899414 -0.905273
vt -0.899414 -0.225586
vt -0.110352 -0.225586
vt -0.259766 -0.124023
vt -0.110352 -0.905273
vt -0.406250 -0.905273
vt -0.407227 -0.225586
vt -0.606445 -0.225586
vt -0.753906 -0.124023
vt -0.607422 -0.905273
vt -0.899414 -0.905273
vt -0.899414 -0.225586
vt -0.110352 -0.225586
vt -0.259766 -0.124023
vt -0.110352 -0.905273
vt -0.406250 -0.905273
vt -0.407227 -0.225586
vt -0.606445 -0.225586
vt -0.753906 -0.124023
vt -0.607422 -0.905273
vt -0.899414 -0.905273
vt -0.899414 -0.225586
vt -0.110352 -0.225586
vt -0.259766 -0.124023
vt -0.110352 -0.905273
vt -0.406250 -0.905273
vt -0.407227 -0.225586
vt -0.606445 -0.225586
vt -0.753906 -0.124023
vt -0.607422 -0.905273
vt -0.899414 -0.905273
vt -0.899414 -0.225586
vt -0.110352 -0.225586
vt -0.259766 -0.124023
vt -0.110352 -0.905273
vt -0.406250 -0.905273
vt -0.407227 -0.225586
vt -0.606445 -0.225586
vt -0.753906 -0.124023
vt -0.607422 -0.905273
vt -0.899414 -0.905273
vt -0.899414 -0.225586
vt -0.110352 -0.225586
vt -0.259766 -0.124023
vt -0.110352 -0.905273
vt -0.406250 -0.905273
vt -0.407227 -0.225586
vt -0.899414 -0.225586
vt -0.753906 -0.124023
vt -0.899414 -0.905273
vt -0.607422 -0.905273
vt -0.606445 -0.225586
vt -0.407227 -0.225586
vt -0.259766 -0.124023
vt -0.406250 -0.905273
vt -0.110352 -0.905273
vt -0.110352 -0.225586
vt -0.899414 -0.225586
vt -0.753906 -0.124023
vt -0.899414 -0.905273
vt -0.607422 -0.905273
vt -0.606445 -0.225586
vt -0.407227 -0.225586
vt -0.259766 -0.124023
vt -0.406250 -0.905273
vt -0.110352 -0.905273
vt -0.110352 -0.225586
vt -0.899414 -0.225586
vt -0.753906 -0.124023
vt -0.899414 -0.905273
vt -0.607422 -0.905273
vt -0.606445 -0.225586
vt -0.407227 -0.225586
vt -0.259766 -0.124023
vt -0.406250 -0.905273
vt -0.110352 -0.905273
vt -0.110352 -0.225586
vt -0.899414 -0.225586
vt -0.753906 -0.124023
vt -0.899414 -0.905273
vt -0.607422 -0.905273
vt -0.606445 -0.225586
vt -0.407227 -0.225586
vt -0.259766 -0.124023
vt -0.406250 -0.905273
vt -0.110352 -0.905273
vt -0.110352 -0.225586
vt -0.899414 -0.225586
vt -0.753906 -0.124023
vt -0.899414 -0.905273
vt -0.607422 -0.905273
vt -0.606445 -0.225586
vt -0.407227 -0.225586
vt -0.259766 -0.124023
vt -0.406250 -0.905273
vt -0.110352 -0.905273
vt -0.110352 -0.225586
vt 0.101562 -0.210938
vt 0.250977 -0.104492
vt 0.101562 -0.935547
vt 0.401367 -0.935547
vt 0.401367 -0.210938
vt 0.600586 -0.210938
vt 0.750977 -0.104492
vt 0.600586 -0.935547
vt 0.900391 -0.935547
vt 0.900391 -0.210938
vt 0.101562 -0.210938
vt 0.250977 -0.104492
vt 0.101562 -0.935547
vt 0.401367 -0.935547
vt 0.401367 -0.210938
vt 0.600586 -0.210938
vt 0.750977 -0.104492
vt 0.600586 -0.935547
vt 0.900391 -0.935547
vt 0.900391 -0.210938
vt 0.101562 -0.210938
vt 0.250977 -0.104492
vt 0.101562 -0.935547
vt 0.401367 -0.935547
vt 0.401367 -0.210938
vt 0.600586 -0.210938
vt 0.750977 -0.104492
vt 0.600586 -0.935547
vt 0.900391 -0.935547
vt 0.900391 -0.210938
vt 0.101562 -0.210938
vt 0.250977 -0.104492
vt 0.101562 -0.935547
vt 0.401367 -0.935547
vt 0.401367 -0.210938
vt 0.600586 -0.210938
vt 0.750977 -0.104492
vt 0.600586 -0.935547
vt 0.900391 -0.935547
vt 0.900391 -0.210938
vt 0.101562 -0.210938
vt 0.250977 -0.104492
vt 0.101562 -0.935547
vt 0.401367 -0.935547
vt 0.401367 -0.210938
vt 0.600586 -0.210938
vt 0.750977 -0.104492
vt 0.600586 -0.935547
vt 0.900391 -0.935547
vt 0.900391 -0.210938
vt 0.101562 -0.210938
vt 0.250977 -0.104492
vt 0.101562 -0.935547
vt 0.401367 -0.935547
vt 0.401367 -0.210938
vt 0.600586 -0.210938
vt 0.750977 -0.104492
vt 0.600586 -0.935547
vt 0.900391 -0.935547
vt 0.900391 -0.210938
vt 0.101562 -0.210938
vt 0.250977 -0.104492
vt 0.101562 -0.935547
vt 0.401367 -0.935547
vt 0.401367 -0.210938
vt 0.600586 -0.210938
vt 0.750977 -0.104492
vt 0.600586 -0.935547
vt 0.900391 -0.935547
vt 0.900391 -0.210938
vt 0.101562 -0.210938
vt 0.250977 -0.104492
vt 0.101562 -0.935547
vt 0.401367 -0.935547
vt 0.401367 -0.210938
vt 0.600586 -0.210938
vt 0.750977 -0.104492
vt 0.600586 -0.935547
vt 0.900391 -0.935547
vt 0.900391 -0.210938
vt 0.101562 -0.210938
vt 0.250977 -0.104492
vt 0.101562 -0.935547
vt 0.401367 -0.935547
vt 0.401367 -0.210938
vt 0.600586 -0.210938
vt 0.750977 -0.104492
vt 0.600586 -0.935547
vt 0.900391 -0.935547
vt 0.900391 -0.210938
vt 0.101562 -0.210938
vt 0.250977 -0.104492
vt 0.101562 -0.935547
vt 0.401367 -0.935547
vt 0.401367 -0.210938
vt 0.600586 -0.210938
vt 0.750977 -0.104492
vt 0.600586 -0.935547
vt 0.900391 -0.935547
vt 0.900391 -0.210938
vt 0.101562 -0.210938
vt 0.250977 -0.104492
vt 0.101562 -0.935547
vt 0.401367 -0.935547
vt 0.401367 -0.210938
vt 0.600586 -0.210938
vt 0.750977 -0.104492
vt 0.600586 -0.935547
vt 0.900391 -0.935547
vt 0.900391 -0.210938
vt 0.900391 -0.210938
vt 0.750977 -0.104492
vt 0.900391 -0.935547
vt 0.600586 -0.935547
vt 0.600586 -0.210938
vt 0.401367 -0.210938
vt 0.250977 -0.104492
vt 0.401367 -0.935547
vt 0.101562 -0.935547
vt 0.101562 -0.210938
vt 0.900391 -0.210938
vt 0.750977 -0.104492
vt 0.900391 -0.935547
vt 0.600586 -0.935547
vt 0.600586 -0.210938
vt 0.401367 -0.210938
vt 0.250977 -0.104492
vt 0.401367 -0.935547
vt 0.101562 -0.935547
vt 0.101562 -0.210938
vt 0.900391 -0.210938
vt 0.750977 -0.104492
vt 0.900391 -0.935547
vt 0.600586 -0.935547
vt 0.600586 -0.210938
vt 0.401367 -0.210938
vt 0.250977 -0.104492
vt 0.401367 -0.935547
vt 0.101562 -0.935547
vt 0.101562 -0.210938
vt 0.900391 -0.210938
vt 0.750977 -0.104492
vt 0.900391 -0.935547
vt 0.600586 -0.935547
vt 0.600586 -0.210938
vt 0.401367 -0.210938
vt 0.250977 -0.104492
vt 0.401367 -0.935547
vt 0.101562 -0.935547
vt 0.101562 -0.210938
vt 0.900391 -0.210938
vt 0.750977 -0.104492
vt 0.900391 -0.935547
vt 0.600586 -0.935547
vt 0.600586 -0.210938
vt 0.401367 -0.210938
vt 0.250977 -0.104492
vt 0.401367 -0.935547
vt 0.101562 -0.935547
vt 0.101562 -0.210938
vt 0.900391 -0.210938
vt 0.750977 -0.104492
vt 0.900391 -0.935547
vt 0.600586 -0.935547
vt 0.600586 -0.210938
vt 0.401367 -0.210938
vt 0.250977 -0.104492
vt 0.401367 -0.935547
vt 0.101562 -0.935547
vt 0.101562 -0.210938
vt 0.900391 -0.210938
vt 0.750977 -0.104492
vt 0.900391 -0.935547
vt 0.600586 -0.935547
vt 0.600586 -0.210938
vt 0.401367 -0.210938
vt 0.250977 -0.104492
vt 0.401367 -0.935547
vt 0.101562 -0.935547
vt 0.101562 -0.210938
vt 0.900391 -0.210938
vt 0.750977 -0.104492
vt 0.900391 -0.935547
vt 0.600586 -0.935547
vt 0.600586 -0.210938
vt 0.401367 -0.210938
vt 0.250977 -0.104492
vt 0.401367 -0.935547
vt 0.101562 -0.935547
vt 0.101562 -0.210938
vt 0.900391 -0.210938
vt 0.750977 -0.104492
vt 0.900391 -0.935547
vt 0.600586 -0.935547
vt 0.600586 -0.210938
vt 0.401367 -0.210938
vt 0.250977 -0.104492
vt 0.401367 -0.935547
vt 0.101562 -0.935547
vt 0.101562 -0.210938
vt 0.900391 -0.210938
vt 0.750977 -0.104492
vt 0.900391 -0.935547
vt 0.600586 -0.935547
vt 0.600586 -0.210938
vn 0.7574 -0.0000 0.6529
vn 0.7855 0.0231 0.6184
vn 0.7300 -0.0030 0.6835
vn 0.7295 -0.0041 0.6840
vn 0.7008 0.0177 0.7132
vn 0.7090 -0.0000 0.7052
vn 0.6884 -0.0000 0.7254
vn 0.7311 0.0000 0.6822
vn 0.7319 0.0007 0.6814
vn 0.7318 0.0000 0.6815
vn 0.7303 -0.0001 0.6832
vn 0.7295 0.0006 0.6840
vn 0.7297 -0.0000 0.6838
vn 0.7293 -0.0000 0.6842
vn 0.9074 -0.0000 0.4203
vn 0.9076 0.0004 0.4198
vn 0.9072 -0.0001 0.4208
vn 0.9070 -0.0000 0.4212
vn 0.9068 -0.0000 0.4215
vn 0.9358 -0.0000 0.3526
vn 0.9500 0.0341 0.3103
vn 0.9477 -0.0000 0.3193
vn 0.9203 -0.0080 0.3912
vn 0.9275 -0.0001 0.3738
vn 0.9208 -0.0060 0.3901
vn 0.8888 0.0290 0.4573
vn 0.8992 0.0000 0.4376
vn 0.8755 0.0000 0.4832
vn 0.9661 -0.0000 0.2581
vn 0.9773 0.0420 0.2078
vn 0.9776 -0.0000 0.2106
vn 0.9499 -0.0115 0.3125
vn 0.9544 -0.0011 0.2984
vn 0.9502 -0.0092 0.3114
vn 0.9290 0.0334 0.3685
vn 0.9346 0.0000 0.3557
vn 0.9174 -0.0000 0.3980
vn 0.9696 -0.0000 0.2447
vn 0.9779 0.0275 0.2071
vn 0.9776 -0.0000 0.2105
vn 0.9589 -0.0073 0.2836
vn 0.9619 -0.0007 0.2735
vn 0.9592 -0.0057 0.2828
vn 0.9463 0.0219 0.3227
vn 0.9497 0.0000 0.3132
vn 0.9395 0.0000 0.3426
vn 1.0000 0.0000 0.0013
vn 1.0000 -0.0005 0.0020
vn 1.0000 0.0000 0.0019
vn 1.0000 0.0001 0.0006
vn 1.0000 -0.0000 0.0009
vn 1.0000 -0.0004 -0.0002
vn 1.0000 0.0000 0.0000
vn 1.0000 0.0000 -0.0005
vn 1.0000 -0.0000 0.0020
vn 1.0000 -0.0000 -0.0006
vn 1.0000 -0.0005 0.0019
vn 1.0000 -0.0003 -0.0001
vn -0.7091 0.0000 -0.7051
vn -0.7008 -0.0177 -0.7131
vn -0.7300 0.0030 -0.6835
vn -0.7290 0.0054 -0.6845
vn -0.7854 -0.0231 -0.6185
vn -0.7574 0.0000 -0.6530
vn -0.7818 -0.0000 -0.6235
vn -0.7297 0.0000 -0.6838
vn -0.7295 -0.0006 -0.6840
vn -0.7290 -0.0000 -0.6845
vn -0.7303 0.0001 -0.6832
vn -0.7320 -0.0008 -0.6813
vn -0.7311 -0.0000 -0.6822
vn -0.7320 -0.0000 -0.6813
vn -0.9069 -0.0000 -0.4213
vn -0.9067 -0.0000 -0.4217
vn -0.9072 0.0000 -0.4208
vn -0.9077 -0.0004 -0.4197
vn -0.9074 -0.0000 -0.4202
vn -0.8992 0.0000 -0.4376
vn -0.8888 -0.0290 -0.4573
vn -0.8755 0.0000 -0.4832
vn -0.9207 0.0061 -0.3901
vn -0.9275 0.0001 -0.3738
vn -0.9203 0.0080 -0.3912
vn -0.9500 -0.0340 -0.3104
vn -0.9358 0.0000 -0.3526
vn -0.9476 0.0000 -0.3194
vn -0.9346 0.0000 -0.3556
vn -0.9291 -0.0333 -0.3684
vn -0.9175 0.0000 -0.3977
vn -0.9502 0.0091 -0.3115
vn -0.9544 0.0011 -0.2986
vn -0.9498 0.0115 -0.3126
vn -0.9773 -0.0421 -0.2076
vn -0.9662 -0.0000 -0.2580
vn -0.9777 -0.0000 -0.2102
vn -0.9497 0.0000 -0.3132
vn -0.9463 -0.0219 -0.3227
vn -0.9395 0.0000 -0.3426
vn -0.9592 0.0057 -0.2827
vn -0.9619 0.0007 -0.2734
vn -0.9589 0.0073 -0.2836
vn -0.9779 -0.0275 -0.2070
vn -0.9696 0.0000 -0.2447
vn -0.9776 0.0000 -0.2105
vn -1.0000 0.0000 -0.0000
vn -1.0000 0.0003 0.0001
vn -1.0000 0.0000 0.0005
vn -1.0000 -0.0001 -0.0006
vn -1.0000 0.0006 -0.0021
vn -1.0000 0.0000 -0.0014
vn -1.0000 0.0000 -0.0021
vn -1.0000 0.0005 -0.0020
vn -1.0000 -0.0000 -0.0013
vn -1.0000 -0.0000 -0.0019
vn -1.0000 0.0004 0.0002
vn -1.0000 0.0000 -0.0009
vn -1.0000 0.0006 -0.0020
vn -1.0000 -0.0000 -0.0018
vn -1.0000 0.0005 -0.0019
vn -0.0704 0.0000 0.9975
vn -0.0665 0.0030 0.9978
vn -0.0668 0.0000 0.9978
vn -0.0745 -0.0009 0.9972
vn -0.0734 -0.0001 0.9973
vn -0.0790 0.0024 0.9969
vn -0.0779 0.0000 0.9970
vn -0.0813 0.0000 0.9967
vn -0.0730 0.0000 0.9973
vn -0.0797 -0.0047 0.9968
vn -0.0793 0.0000 0.9968
vn -0.0658 0.0012 0.9978
vn -0.0673 0.0002 0.9977
vn -0.0659 0.0010 0.9978
vn -0.0588 -0.0038 0.9983
vn -0.0606 0.0000 0.9982
vn -0.0555 -0.0000 0.9985
vn -0.0520 0.0000 0.9986
vn -0.0531 -0.0009 0.9986
vn -0.0529 -0.0000 0.9986
vn -0.0509 0.0001 0.9987
vn -0.0495 -0.0007 0.9988
vn -0.0498 -0.0000 0.9988
vn -0.0488 0.0000 0.9988
vn -0.0500 0.0000 0.9988
vn -0.0500 -0.0000 0.9987
vn -0.0499 0.0000 0.9988
vn 0.1434 -0.0000 0.9897
vn 0.2003 0.0445 0.9787
vn 0.1973 -0.0000 0.9803
vn 0.0808 -0.0121 0.9967
vn 0.0962 -0.0013 0.9954
vn 0.0820 -0.0096 0.9966
vn 0.0185 0.0350 0.9992
vn 0.0330 -0.0000 0.9995
vn -0.0147 0.0000 0.9999
vn 0.1822 0.0000 0.9833
vn 0.1774 -0.0039 0.9841
vn 0.1778 0.0000 0.9841
vn 0.1872 0.0009 0.9823
vn 0.1860 0.0002 0.9825
vn 0.1871 0.0006 0.9823
vn 0.1945 -0.0033 0.9809
vn 0.1923 0.0000 0.9813
vn 0.1972 0.0000 0.9804
vn 0.5096 -0.0000 0.8604
vn 0.5494 0.0371 0.8347
vn 0.5485 -0.0000 0.8362
vn 0.4630 -0.0111 0.8863
vn 0.4735 -0.0013 0.8808
vn 0.4640 -0.0089 0.8858
vn 0.4184 0.0291 0.9078
vn 0.4289 -0.0000 0.9034
vn 0.3943 -0.0000 0.9190
vn 0.4510 0.0000 0.8925
vn 0.4453 -0.0063 0.8954
vn 0.4455 0.0000 0.8953
vn 0.4575 0.0017 0.8892
vn 0.4554 0.0002 0.8903
vn 0.4572 0.0010 0.8894
vn 0.4646 -0.0048 0.8855
vn 0.4634 0.0000 0.8861
vn 0.4693 0.0000 0.8830
vn 0.0779 0.0000 -0.9970
vn 0.0790 -0.0024 -0.9969
vn 0.0812 -0.0000 -0.9967
vn 0.0745 0.0007 -0.9972
vn 0.0733 0.0000 -0.9973
vn 0.0745 0.0009 -0.9972
vn 0.0665 -0.0030 -0.9978
vn 0.0704 -0.0000 -0.9975
vn 0.0668 -0.0000 -0.9978
vn 0.0606 0.0000 -0.9982
vn 0.0588 0.0038 -0.9983
vn 0.0554 0.0000 -0.9985
vn 0.0660 -0.0007 -0.9978
vn 0.0674 -0.0001 -0.9977
vn 0.0658 -0.0011 -0.9978
vn 0.0796 0.0047 -0.9968
vn 0.0729 -0.0000 -0.9973
vn 0.0792 -0.0000 -0.9969
vn 0.0498 0.0000 -0.9988
vn 0.0494 0.0008 -0.9988
vn 0.0487 0.0000 -0.9988
vn 0.0508 -0.0001 -0.9987
vn 0.0533 0.0009 -0.9986
vn 0.0521 0.0000 -0.9986
vn 0.0531 0.0000 -0.9986
vn 0.0499 0.0000 -0.9988
vn 0.0500 0.0000 -0.9988
vn 0.0500 -0.0000 -0.9987
vn -0.0330 0.0000 -0.9995
vn -0.0185 -0.0350 -0.9992
vn 0.0147 0.0000 -0.9999
vn -0.0820 0.0096 -0.9966
vn -0.0963 0.0013 -0.9954
vn -0.0808 0.0121 -0.9967
vn -0.2004 -0.0445 -0.9787
vn -0.1435 0.0000 -0.9897
vn -0.1974 0.0000 -0.9803
vn -0.1926 0.0000 -0.9813
vn -0.1949 0.0035 -0.9808
vn -0.1977 0.0000 -0.9803
vn -0.1872 -0.0006 -0.9823
vn -0.1859 -0.0001 -0.9826
vn -0.1873 -0.0009 -0.9823
vn -0.1773 0.0040 -0.9841
vn -0.1822 -0.0000 -0.9833
vn -0.1777 0.0000 -0.9841
vn -0.4289 0.0000 -0.9034
vn -0.4184 -0.0291 -0.9078
vn -0.3943 -0.0000 -0.9190
vn -0.4639 0.0089 -0.8858
vn -0.4735 0.0013 -0.8808
vn -0.4630 0.0111 -0.8863
vn -0.5495 -0.0372 -0.8347
vn -0.5096 0.0000 -0.8604
vn -0.5486 0.0000 -0.8361
vn -0.4633 -0.0000 -0.8862
vn -0.4645 0.0048 -0.8856
vn -0.4691 -0.0000 -0.8832
vn -0.4574 -0.0014 -0.8893
vn -0.4555 -0.0002 -0.8902
vn -0.4576 -0.0018 -0.8892
vn -0.4453 0.0063 -0.8954
vn -0.4510 0.0000 -0.8925
vn -0.4454 0.0000 -0.8953
vn -0.1949 0.0000 0.9808
vn -0.2061 -0.0080 0.9785
vn -0.2050 0.0000 0.9788
vn -0.1831 0.0021 0.9831
vn -0.1862 0.0002 0.9825
vn -0.1834 0.0016 0.9830
vn -0.1712 -0.0063 0.9852
vn -0.1742 0.0000 0.9847
vn -0.1651 0.0000 0.9863
vn -0.1522 0.0000 0.9884
vn -0.1500 0.0020 0.9887
vn -0.1501 0.0000 0.9887
vn -0.1545 -0.0003 0.9880
vn -0.1539 -0.0000 0.9881
vn -0.1546 -0.0006 0.9880
vn -0.1573 0.0016 0.9876
vn -0.1567 -0.0000 0.9877
vn -0.1587 -0.0000 0.9873
vn -0.1241 0.0000 0.9923
vn -0.1215 0.0022 0.9926
vn -0.1268 -0.0003 0.9919
vn -0.1297 0.0015 0.9916
vn -0.1292 0.0000 0.9916
vn -0.1312 -0.0000 0.9914
vn -0.1368 -0.0000 0.9906
vn -0.1462 -0.0071 0.9892
vn -0.1454 -0.0000 0.9894
vn -0.1269 0.0018 0.9919
vn -0.1295 0.0002 0.9916
vn -0.1271 0.0015 0.9919
vn -0.1165 -0.0056 0.9932
vn -0.1190 -0.0000 0.9929
vn -0.1112 -0.0000 0.9938
vn -0.1270 -0.0000 0.9919
vn -0.1358 -0.0063 0.9907
vn -0.1350 0.0000 0.9908
vn -0.1179 0.0015 0.9930
vn -0.1202 0.0002 0.9927
vn -0.1181 0.0012 0.9930
vn -0.1083 -0.0050 0.9941
vn -0.1107 0.0000 0.9939
vn -0.1035 -0.0000 0.9946
vn -0.1344 0.0000 0.9909
vn -0.1519 -0.0145 0.9883
vn -0.1517 0.0000 0.9884
vn -0.1143 0.0041 0.9934
vn -0.1187 0.0004 0.9929
vn -0.1147 0.0034 0.9934
vn -0.0958 -0.0113 0.9953
vn -0.0998 0.0000 0.9950
vn -0.0854 -0.0000 0.9963
vn -0.0672 0.0000 0.9977
vn -0.0503 0.0136 0.9986
vn -0.0513 0.0000 0.9987
vn -0.0855 -0.0036 0.9963
vn -0.0806 -0.0003 0.9967
vn -0.0851 -0.0028 0.9964
vn -0.1052 0.0108 0.9944
vn -0.1005 0.0000 0.9949
vn -0.1154 0.0000 0.9933
vn -0.0804 0.0000 0.9968
vn -0.0739 0.0051 0.9973
vn -0.0742 -0.0000 0.9972
vn -0.0875 -0.0013 0.9962
vn -0.0859 -0.0002 0.9963
vn -0.0874 -0.0011 0.9962
vn -0.0948 0.0040 0.9955
vn -0.0931 0.0000 0.9957
vn -0.0986 0.0000 0.9951
vn 0.1742 -0.0000 -0.9847
vn 0.1712 0.0063 -0.9852
vn 0.1651 0.0000 -0.9863
vn 0.1834 -0.0017 -0.9830
vn 0.1862 -0.0002 -0.9825
vn 0.1831 -0.0021 -0.9831
vn 0.2061 0.0080 -0.9785
vn 0.1948 -0.0000 -0.9808
vn 0.2050 0.0000 -0.9788
vn 0.1567 0.0000 -0.9876
vn 0.1573 -0.0016 -0.9875
vn 0.1588 0.0000 -0.9873
vn 0.1545 0.0003 -0.9880
vn 0.1541 0.0001 -0.9881
vn 0.1547 0.0008 -0.9880
vn 0.1501 -0.0020 -0.9887
vn 0.1522 -0.0000 -0.9884
vn 0.1500 -0.0000 -0.9887
vn 0.1292 0.0000 -0.9916
vn 0.1299 -0.0017 -0.9915
vn 0.1314 -0.0000 -0.9913
vn 0.1268 0.0003 -0.9919
vn 0.1263 0.0001 -0.9920
vn 0.1215 -0.0021 -0.9926
vn 0.1241 -0.0000 -0.9923
vn 0.1216 -0.0000 -0.9926
vn 0.1190 0.0000 -0.9929
vn 0.1165 0.0056 -0.9932
vn 0.1112 0.0000 -0.9938
vn 0.1270 -0.0015 -0.9919
vn 0.1295 -0.0002 -0.9916
vn 0.1268 -0.0019 -0.9919
vn 0.1460 0.0070 -0.9893
vn 0.1367 -0.0000 -0.9906
vn 0.1453 0.0000 -0.9894
vn 0.1108 -0.0000 -0.9938
vn 0.1084 0.0050 -0.9941
vn 0.1036 -0.0000 -0.9946
vn 0.1181 -0.0012 -0.9930
vn 0.1203 -0.0002 -0.9927
vn 0.1179 -0.0016 -0.9930
vn 0.1356 0.0062 -0.9907
vn 0.1269 -0.0000 -0.9919
vn 0.1348 -0.0000 -0.9909
vn 0.0997 0.0000 -0.9950
vn 0.0958 0.0113 -0.9953
vn 0.0853 0.0000 -0.9964
vn 0.1148 -0.0031 -0.9934
vn 0.1187 -0.0005 -0.9929
vn 0.1144 -0.0040 -0.9934
vn 0.1519 0.0145 -0.9883
vn 0.1344 -0.0000 -0.9909
vn 0.1517 -0.0000 -0.9884
vn 0.1005 0.0000 -0.9949
vn 0.1052 -0.0108 -0.9944
vn 0.1154 0.0000 -0.9933
vn 0.0851 0.0028 -0.9964
vn 0.0806 0.0003 -0.9967
vn 0.0855 0.0036 -0.9963
vn 0.0503 -0.0136 -0.9986
vn 0.0672 0.0000 -0.9977
vn 0.0513 -0.0000 -0.9987
vn 0.0931 -0.0000 -0.9957
vn 0.0948 -0.0040 -0.9955
vn 0.0986 -0.0000 -0.9951
vn 0.0874 0.0011 -0.9962
vn 0.0859 0.0002 -0.9963
vn 0.0876 0.0014 -0.9962
vn 0.0739 -0.0051 -0.9973
vn 0.0804 -0.0000 -0.9968
vn 0.0742 0.0000 -0.9972
vn -0.2129 0.0000 0.9771
vn -0.1911 0.0167 0.9814
vn -0.1924 -0.0000 0.9813
vn -0.2364 -0.0045 0.9716
vn -0.2309 -0.0005 0.9730
vn -0.2360 -0.0035 0.9718
vn -0.2588 0.0131 0.9658
vn -0.2537 0.0000 0.9673
vn -0.2708 0.0000 0.9626
vn -0.2257 -0.0000 0.9742
vn -0.2059 0.0170 0.9784
vn -0.2062 0.0000 0.9785
vn -0.2481 -0.0048 0.9687
vn -0.2429 -0.0005 0.9701
vn -0.2477 -0.0039 0.9688
vn -0.2698 0.0133 0.9628
vn -0.2651 0.0000 0.9642
vn -0.2819 0.0000 0.9594
vn -0.2177 0.0000 0.9760
vn -0.2243 -0.0048 0.9745
vn -0.2238 0.0000 0.9746
vn -0.2107 0.0012 0.9775
vn -0.2125 0.0001 0.9772
vn -0.2108 0.0012 0.9775
vn -0.2039 -0.0038 0.9790
vn -0.2055 -0.0000 0.9787
vn -0.2003 -0.0000 0.9797
vn -0.1972 0.0000 0.9804
vn -0.1884 0.0072 0.9821
vn -0.1890 0.0000 0.9820
vn -0.2067 -0.0019 0.9784
vn -0.2041 -0.0002 0.9789
vn -0.2066 -0.0016 0.9784
vn -0.2171 0.0058 0.9761
vn -0.2146 0.0000 0.9767
vn -0.2225 0.0000 0.9749
vn -0.1977 0.0000 0.9803
vn -0.1898 0.0058 0.9818
vn -0.1906 0.0000 0.9817
vn -0.2059 -0.0013 0.9786
vn -0.2037 -0.0002 0.9790
vn -0.2056 -0.0008 0.9786
vn -0.2147 0.0046 0.9767
vn -0.2126 0.0000 0.9772
vn -0.2191 0.0000 0.9757
vn -0.1799 0.0000 0.9837
vn -0.1764 0.0028 0.9843
vn -0.1766 0.0000 0.9843
vn -0.1836 -0.0004 0.9830
vn -0.1828 -0.0001 0.9831
vn -0.1876 0.0022 0.9822
vn -0.1867 0.0000 0.9824
vn -0.1897 0.0000 0.9819
vn -0.2473 0.0000 0.9689
vn -0.2505 -0.0026 0.9681
vn -0.2505 0.0000 0.9681
vn -0.2438 0.0004 0.9698
vn -0.2444 0.0001 0.9697
vn -0.2402 -0.0020 0.9707
vn -0.2410 0.0000 0.9705
vn -0.2384 0.0000 0.9712
vn 0.2537 -0.0000 -0.9673
vn 0.2588 -0.0131 -0.9658
vn 0.2707 -0.0000 -0.9627
vn 0.2361 0.0036 -0.9717
vn 0.2310 0.0005 -0.9730
vn 0.2365 0.0046 -0.9716
vn 0.1912 -0.0166 -0.9814
vn 0.2130 -0.0000 -0.9770
vn 0.1925 -0.0000 -0.9813
vn 0.2651 -0.0000 -0.9642
vn 0.2698 -0.0134 -0.9628
vn 0.2819 -0.0000 -0.9594
vn 0.2476 0.0038 -0.9688
vn 0.2428 0.0005 -0.9701
vn 0.2480 0.0048 -0.9687
vn 0.2059 -0.0170 -0.9784
vn 0.2257 0.0000 -0.9742
vn 0.2063 0.0000 -0.9785
vn 0.2054 -0.0000 -0.9787
vn 0.2038 0.0038 -0.9790
vn 0.2002 0.0000 -0.9797
vn 0.2109 -0.0007 -0.9775
vn 0.2123 -0.0002 -0.9772
vn 0.2106 -0.0012 -0.9776
vn 0.2242 0.0048 -0.9745
vn 0.2176 -0.0000 -0.9760
vn 0.2237 -0.0000 -0.9747
vn 0.2145 0.0000 -0.9767
vn 0.2170 -0.0057 -0.9762
vn 0.2223 0.0000 -0.9750
vn 0.2064 0.0014 -0.9785
vn 0.2041 0.0002 -0.9789
vn 0.2067 0.0019 -0.9784
vn 0.1885 -0.0072 -0.9821
vn 0.1972 0.0000 -0.9804
vn 0.1890 -0.0000 -0.9820
vn 0.2126 -0.0000 -0.9771
vn 0.2147 -0.0047 -0.9767
vn 0.2191 0.0000 -0.9757
vn 0.2058 0.0013 -0.9786
vn 0.2038 0.0002 -0.9790
vn 0.2060 0.0016 -0.9785
vn 0.1899 -0.0058 -0.9818
vn 0.1978 -0.0000 -0.9803
vn 0.1907 -0.0000 -0.9817
vn 0.1867 0.0000 -0.9824
vn 0.1875 -0.0022 -0.9823
vn 0.1895 -0.0000 -0.9819
vn 0.1836 0.0004 -0.9830
vn 0.1828 0.0001 -0.9831
vn 0.1764 -0.0028 -0.9843
vn 0.1799 -0.0000 -0.9837
vn 0.1766 -0.0000 -0.9843
vn 0.2410 -0.0000 -0.9705
vn 0.2403 0.0021 -0.9707
vn 0.2384 -0.0000 -0.9712
vn 0.2438 -0.0004 -0.9698
vn 0.2446 -0.0000 -0.9696
vn 0.2437 -0.0007 -0.9699
vn 0.2503 0.0025 -0.9682
vn 0.2471 -0.0000 -0.9690
vn 0.2501 -0.0000 -0.9682
vn 1.0000 -0.0004 0.0003
vn 1.0000 -0.0000 0.0006
vn 1.0000 0.0001 -0.0007
vn 1.0000 -0.0003 -0.0016
vn 1.0000 -0.0000 -0.0013
vn 1.0000 -0.0000 -0.0018
vn -0.2537 0.0000 -0.9673
vn -0.2588 0.0131 -0.9658
vn -0.2708 0.0000 -0.9626
vn -0.2361 -0.0037 -0.9717
vn -0.2309 -0.0005 -0.9730
vn -0.2365 -0.0045 -0.9716
vn -0.1910 0.0167 -0.9814
vn -0.2129 0.0000 -0.9771
vn -0.1923 0.0000 -0.9813
vn -0.2651 0.0000 -0.9642
vn -0.2698 0.0134 -0.9628
vn -0.2819 0.0000 -0.9594
vn -0.2477 -0.0039 -0.9688
vn -0.2428 -0.0005 -0.9701
vn -0.2481 -0.0047 -0.9687
vn -0.2059 0.0170 -0.9784
vn -0.2257 -0.0000 -0.9742
vn -0.2063 -0.0000 -0.9785
vn -0.2054 -0.0000 -0.9787
vn -0.2038 -0.0038 -0.9790
vn -0.2002 -0.0000 -0.9798
vn -0.2109 0.0007 -0.9775
vn -0.2125 0.0001 -0.9772
vn -0.2105 0.0015 -0.9776
vn -0.2244 -0.0049 -0.9745
vn -0.2177 0.0000 -0.9760
vn -0.2239 0.0000 -0.9746
vn -0.2145 0.0000 -0.9767
vn -0.2169 0.0057 -0.9762
vn -0.2223 0.0000 -0.9750
vn -0.2065 -0.0016 -0.9784
vn -0.2041 -0.0002 -0.9789
vn -0.2068 -0.0021 -0.9784
vn -0.1885 0.0072 -0.9821
vn -0.1972 0.0000 -0.9804
vn -0.1890 0.0000 -0.9820
vn -0.2125 0.0000 -0.9772
vn -0.2147 0.0046 -0.9767
vn -0.2190 0.0000 -0.9757
vn -0.2056 -0.0008 -0.9786
vn -0.2038 -0.0001 -0.9790
vn -0.2060 -0.0015 -0.9786
vn -0.1899 0.0058 -0.9818
vn -0.1978 0.0000 -0.9802
vn -0.1906 0.0000 -0.9817
vn -0.1866 0.0000 -0.9824
vn -0.1874 0.0021 -0.9823
vn -0.1894 -0.0000 -0.9819
vn -0.1836 -0.0004 -0.9830
vn -0.1828 -0.0001 -0.9832
vn -0.1763 0.0028 -0.9843
vn -0.1798 0.0000 -0.9837
vn -0.1765 -0.0000 -0.9843
vn -0.2410 0.0000 -0.9705
vn -0.2402 -0.0021 -0.9707
vn -0.2383 0.0000 -0.9712
vn -0.2436 0.0007 -0.9699
vn -0.2446 0.0000 -0.9696
vn -0.2437 0.0007 -0.9699
vn -0.2505 -0.0026 -0.9681
vn -0.2472 0.0000 -0.9690
vn -0.2503 0.0000 -0.9682
vn 0.2130 -0.0000 0.9771
vn 0.1911 -0.0167 0.9814
vn 0.1924 -0.0000 0.9813
vn 0.2365 0.0045 0.9716
vn 0.2310 0.0005 0.9730
vn 0.2360 0.0036 0.9717
vn 0.2588 -0.0131 0.9658
vn 0.2537 -0.0000 0.9673
vn 0.2708 -0.0000 0.9626
vn 0.2257 -0.0000 0.9742
vn 0.2058 -0.0171 0.9784
vn 0.2062 -0.0000 0.9785
vn 0.2481 0.0047 0.9687
vn 0.2429 0.0005 0.9701
vn 0.2477 0.0039 0.9688
vn 0.2698 -0.0134 0.9628
vn 0.2651 -0.0000 0.9642
vn 0.2819 -0.0000 0.9594
vn 0.2177 -0.0000 0.9760
vn 0.2243 0.0048 0.9745
vn 0.2238 -0.0000 0.9746
vn 0.2106 -0.0013 0.9776
vn 0.2123 -0.0002 0.9772
vn 0.2109 -0.0007 0.9775
vn 0.2039 0.0038 0.9790
vn 0.2054 0.0000 0.9787
vn 0.2003 -0.0000 0.9797
vn 0.1971 -0.0000 0.9804
vn 0.1883 -0.0072 0.9821
vn 0.1889 -0.0000 0.9820
vn 0.2068 0.0020 0.9784
vn 0.2042 0.0002 0.9789
vn 0.2064 0.0014 0.9785
vn 0.2169 -0.0058 0.9762
vn 0.2145 0.0000 0.9767
vn 0.2223 -0.0000 0.9750
vn 0.1977 -0.0000 0.9803
vn 0.1898 -0.0059 0.9818
vn 0.1906 -0.0000 0.9817
vn 0.2059 0.0013 0.9786
vn 0.2038 0.0002 0.9790
vn 0.2056 0.0008 0.9786
vn 0.2147 -0.0046 0.9767
vn 0.2125 -0.0000 0.9772
vn 0.2191 -0.0000 0.9757
vn 0.1799 -0.0000 0.9837
vn 0.1765 -0.0028 0.9843
vn 0.1766 -0.0000 0.9843
vn 0.1836 0.0004 0.9830
vn 0.1828 0.0001 0.9832
vn 0.1875 -0.0022 0.9823
vn 0.1866 -0.0000 0.9824
vn 0.1895 0.0000 0.9819
vn 0.2473 0.0000 0.9689
vn 0.2506 0.0027 0.9681
vn 0.2505 0.0000 0.9681
vn 0.2438 -0.0004 0.9698
vn 0.2444 -0.0001 0.9697
vn 0.2402 0.0021 0.9707
vn 0.2410 -0.0000 0.9705
vn 0.2383 -0.0000 0.9712
vn -0.1741 0.0000 -0.9847
vn -0.1711 -0.0064 -0.9852
vn -0.1651 -0.0000 -0.9863
vn -0.1833 0.0017 -0.9831
vn -0.1862 0.0002 -0.9825
vn -0.1831 0.0021 -0.9831
vn -0.2061 -0.0080 -0.9785
vn -0.1948 0.0000 -0.9808
vn -0.2050 0.0000 -0.9788
vn -0.1567 0.0000 -0.9876
vn -0.1573 0.0015 -0.9876
vn -0.1587 0.0000 -0.9873
vn -0.1545 -0.0003 -0.9880
vn -0.1542 -0.0002 -0.9880
vn -0.1501 0.0020 -0.9887
vn -0.1522 0.0000 -0.9884
vn -0.1501 0.0000 -0.9887
vn -0.1291 0.0000 -0.9916
vn -0.1298 0.0016 -0.9915
vn -0.1313 -0.0000 -0.9913
vn -0.1268 -0.0003 -0.9919
vn -0.1264 -0.0001 -0.9920
vn -0.1216 0.0021 -0.9926
vn -0.1241 0.0000 -0.9923
vn -0.1217 0.0000 -0.9926
vn -0.1190 -0.0000 -0.9929
vn -0.1165 -0.0056 -0.9932
vn -0.1111 -0.0000 -0.9938
vn -0.1271 0.0015 -0.9919
vn -0.1296 0.0002 -0.9916
vn -0.1268 0.0019 -0.9919
vn -0.1461 -0.0071 -0.9892
vn -0.1367 0.0000 -0.9906
vn -0.1453 -0.0000 -0.9894
vn -0.1107 0.0000 -0.9939
vn -0.1083 -0.0050 -0.9941
vn -0.1036 0.0000 -0.9946
vn -0.1181 0.0012 -0.9930
vn -0.1203 0.0002 -0.9927
vn -0.1178 0.0017 -0.9930
vn -0.1356 -0.0062 -0.9907
vn -0.1269 0.0000 -0.9919
vn -0.1347 0.0000 -0.9909
vn -0.0998 0.0000 -0.9950
vn -0.0959 -0.0113 -0.9953
vn -0.0854 0.0000 -0.9963
vn -0.1147 0.0032 -0.9934
vn -0.1186 0.0005 -0.9929
vn -0.1143 0.0040 -0.9934
vn -0.1519 -0.0145 -0.9883
vn -0.1344 0.0000 -0.9909
vn -0.1517 0.0000 -0.9884
vn -0.1005 0.0000 -0.9949
vn -0.1051 0.0108 -0.9944
vn -0.1153 0.0000 -0.9933
vn -0.0851 -0.0028 -0.9964
vn -0.0806 -0.0003 -0.9967
vn -0.0855 -0.0036 -0.9963
vn -0.0504 0.0135 -0.9986
vn -0.0672 0.0000 -0.9977
vn -0.0514 0.0000 -0.9987
vn -0.0931 0.0000 -0.9957
vn -0.0947 0.0040 -0.9955
vn -0.0986 0.0000 -0.9951
vn -0.0874 -0.0011 -0.9962
vn -0.0858 -0.0001 -0.9963
vn -0.0875 -0.0013 -0.9962
vn -0.0740 0.0051 -0.9972
vn -0.0805 0.0000 -0.9968
vn -0.0743 0.0000 -0.9972
vn 0.1948 0.0000 0.9808
vn 0.2062 0.0080 0.9785
vn 0.2051 -0.0000 0.9787
vn 0.1831 -0.0021 0.9831
vn 0.1861 -0.0002 0.9825
vn 0.1834 -0.0016 0.9830
vn 0.1712 0.0064 0.9852
vn 0.1742 0.0000 0.9847
vn 0.1652 0.0000 0.9863
vn 0.1522 0.0000 0.9884
vn 0.1501 -0.0020 0.9887
vn 0.1501 -0.0000 0.9887
vn 0.1545 0.0003 0.9880
vn 0.1541 0.0001 0.9881
vn 0.1573 -0.0016 0.9876
vn 0.1567 0.0000 0.9876
vn 0.1587 0.0000 0.9873
vn 0.1241 0.0000 0.9923
vn 0.1217 -0.0020 0.9926
vn 0.1218 0.0000 0.9926
vn 0.1268 0.0003 0.9919
vn 0.1263 0.0001 0.9920
vn 0.1297 -0.0016 0.9915
vn 0.1291 0.0000 0.9916
vn 0.1313 0.0000 0.9913
vn 0.1367 -0.0000 0.9906
vn 0.1461 0.0070 0.9892
vn 0.1453 -0.0000 0.9894
vn 0.1269 -0.0017 0.9919
vn 0.1295 -0.0002 0.9916
vn 0.1273 -0.0010 0.9919
vn 0.1165 0.0056 0.9932
vn 0.1190 0.0000 0.9929
vn 0.1111 0.0000 0.9938
vn 0.1269 -0.0000 0.9919
vn 0.1357 0.0062 0.9907
vn 0.1348 -0.0000 0.9909
vn 0.1179 -0.0017 0.9930
vn 0.1202 -0.0002 0.9927
vn 0.1183 -0.0009 0.9930
vn 0.1084 0.0050 0.9941
vn 0.1108 -0.0000 0.9938
vn 0.1036 -0.0000 0.9946
vn 0.1343 -0.0000 0.9909
vn 0.1519 0.0145 0.9883
vn 0.1517 -0.0000 0.9884
vn 0.1143 -0.0041 0.9934
vn 0.1186 -0.0005 0.9929
vn 0.1146 -0.0033 0.9934
vn 0.0958 0.0113 0.9953
vn 0.0997 -0.0000 0.9950
vn 0.0853 0.0000 0.9964
vn 0.0672 0.0000 0.9977
vn 0.0504 -0.0135 0.9986
vn 0.0514 0.0000 0.9987
vn 0.0855 0.0036 0.9963
vn 0.0806 0.0004 0.9967
vn 0.0851 0.0028 0.9964
vn 0.1051 -0.0108 0.9944
vn 0.1005 0.0000 0.9949
vn 0.1153 0.0000 0.9933
vn 0.0805 0.0000 0.9968
vn 0.0740 -0.0051 0.9972
vn 0.0743 0.0000 0.9972
vn 0.0876 0.0015 0.9962
vn 0.0858 0.0001 0.9963
vn 0.0875 0.0013 0.9962
vn 0.0947 -0.0040 0.9955
vn 0.0931 -0.0000 0.9957
vn 0.0986 -0.0000 0.9951
vn -0.0779 0.0000 -0.9970
vn -0.0790 0.0024 -0.9969
vn -0.0812 0.0000 -0.9967
vn -0.0743 -0.0004 -0.9972
vn -0.0733 -0.0000 -0.9973
vn -0.0666 0.0030 -0.9978
vn -0.0704 0.0000 -0.9975
vn -0.0669 -0.0000 -0.9978
vn -0.0607 0.0000 -0.9982
vn -0.0589 -0.0038 -0.9983
vn -0.0556 0.0000 -0.9985
vn -0.0661 0.0007 -0.9978
vn -0.0673 0.0002 -0.9977
vn -0.0660 0.0010 -0.9978
vn -0.0796 -0.0047 -0.9968
vn -0.0730 0.0000 -0.9973
vn -0.0793 0.0000 -0.9969
vn -0.0498 0.0000 -0.9988
vn -0.0496 -0.0006 -0.9988
vn -0.0489 0.0000 -0.9988
vn -0.0509 0.0001 -0.9987
vn -0.0533 -0.0009 -0.9986
vn -0.0521 -0.0000 -0.9986
vn -0.0532 0.0000 -0.9986
vn -0.0500 0.0000 -0.9987
vn -0.0500 -0.0000 -0.9988
vn -0.0499 0.0000 -0.9988
vn 0.0330 -0.0000 -0.9995
vn 0.0185 0.0350 -0.9992
vn -0.0148 -0.0000 -0.9999
vn 0.0820 -0.0096 -0.9966
vn 0.0962 -0.0013 -0.9954
vn 0.0808 -0.0121 -0.9967
vn 0.2004 0.0445 -0.9787
vn 0.1435 -0.0000 -0.9897
vn 0.1974 -0.0000 -0.9803
vn 0.1924 0.0000 -0.9813
vn 0.1946 -0.0034 -0.9809
vn 0.1874 0.0010 -0.9823
vn 0.1859 0.0001 -0.9826
vn 0.1874 0.0011 -0.9823
vn 0.1773 -0.0040 -0.9841
vn 0.1821 -0.0000 -0.9833
vn 0.1776 0.0000 -0.9841
vn 0.4290 -0.0000 -0.9033
vn 0.4186 0.0291 -0.9077
vn 0.3946 -0.0000 -0.9189
vn 0.4640 -0.0089 -0.8858
vn 0.4735 -0.0013 -0.8808
vn 0.4631 -0.0111 -0.8862
vn 0.5495 0.0371 -0.8347
vn 0.5097 0.0000 -0.8604
vn 0.5486 0.0000 -0.8361
vn 0.4634 0.0000 -0.8861
vn 0.4646 -0.0048 -0.8855
vn 0.4693 0.0000 -0.8831
vn 0.4572 0.0010 -0.8894
vn 0.4554 0.0002 -0.8903
vn 0.4575 0.0017 -0.8892
vn 0.4451 -0.0064 -0.8954
vn 0.4509 -0.0000 -0.8926
vn 0.4453 -0.0000 -0.8954
vn 0.0704 -0.0000 0.9975
vn 0.0666 -0.0030 0.9978
vn 0.0668 -0.0000 0.9978
vn 0.0745 0.0007 0.9972
vn 0.0733 0.0001 0.9973
vn 0.0789 -0.0024 0.9969
vn 0.0778 -0.0000 0.9970
vn 0.0812 -0.0000 0.9967
vn 0.0730 0.0000 0.9973
vn 0.0796 0.0047 0.9968
vn 0.0793 0.0000 0.9969
vn 0.0660 -0.0010 0.9978
vn 0.0673 -0.0002 0.9977
vn 0.0661 -0.0007 0.9978
vn 0.0589 0.0038 0.9983
vn 0.0607 -0.0000 0.9982
vn 0.0556 -0.0000 0.9985
vn 0.0521 0.0000 0.9986
vn 0.0533 0.0009 0.9986
vn 0.0531 0.0000 0.9986
vn 0.0509 -0.0001 0.9987
vn 0.0495 0.0007 0.9988
vn 0.0498 0.0000 0.9988
vn 0.0489 0.0000 0.9988
vn 0.0500 -0.0000 0.9988
vn 0.0500 -0.0000 0.9987
vn 0.0501 -0.0000 0.9987
vn 0.0499 -0.0000 0.9988
vn -0.1435 -0.0000 0.9897
vn -0.2004 -0.0445 0.9787
vn -0.1974 0.0000 0.9803
vn -0.0808 0.0121 0.9967
vn -0.0962 0.0013 0.9954
vn -0.0820 0.0096 0.9966
vn -0.0185 -0.0350 0.9992
vn -0.0330 0.0000 0.9995
vn 0.0147 0.0000 0.9999
vn -0.1821 0.0000 0.9833
vn -0.1773 0.0040 0.9842
vn -0.1776 0.0000 0.9841
vn -0.1873 -0.0009 0.9823
vn -0.1860 -0.0001 0.9825
vn -0.1872 -0.0006 0.9823
vn -0.1947 0.0034 0.9809
vn -0.5097 -0.0000 0.8603
vn -0.5494 -0.0370 0.8347
vn -0.5485 -0.0000 0.8362
vn -0.4633 0.0110 0.8861
vn -0.4737 0.0013 0.8807
vn -0.4642 0.0089 0.8857
vn -0.4190 -0.0290 0.9075
vn -0.4293 -0.0000 0.9031
vn -0.3950 -0.0000 0.9187
vn -0.4509 0.0000 0.8926
vn -0.4451 0.0064 0.8954
vn -0.4453 -0.0000 0.8954
vn -0.4576 -0.0018 0.8892
vn -0.4555 -0.0002 0.8903
vn -0.4574 -0.0013 0.8893
vn -0.4646 0.0048 0.8855
vn -0.4634 -0.0000 0.8861
vn -0.4693 -0.0000 0.8831
vn 0.7091 -0.0000 -0.7052
vn 0.7001 0.0185 -0.7138
vn 0.6884 -0.0000 -0.7254
vn 0.7295 -0.0041 -0.6839
vn 0.7354 -0.0006 -0.6776
vn 0.7290 -0.0054 -0.6845
vn 0.7850 0.0223 -0.6191
vn 0.7575 0.0000 -0.6529
vn 0.7819 0.0000 -0.6234
vn 0.7297 -0.0000 -0.6838
vn 0.7296 0.0004 -0.6839
vn 0.7292 0.0000 -0.6843
vn 0.7303 -0.0001 -0.6832
vn 0.7319 0.0007 -0.6814
vn 0.7311 0.0000 -0.6823
vn 0.7318 0.0000 -0.6815
vn 0.9070 0.0000 -0.4212
vn 0.9072 -0.0001 -0.4208
vn 0.9076 0.0004 -0.4197
vn 0.9074 0.0000 -0.4202
vn 0.9076 0.0000 -0.4199
vn 0.8992 0.0000 -0.4376
vn 0.8888 0.0290 -0.4573
vn 0.8755 0.0000 -0.4832
vn 0.9207 -0.0061 -0.3901
vn 0.9275 -0.0001 -0.3738
vn 0.9203 -0.0080 -0.3912
vn 0.9500 0.0341 -0.3104
vn 0.9358 -0.0000 -0.3526
vn 0.9477 -0.0000 -0.3193
vn 0.9346 0.0000 -0.3556
vn 0.9291 0.0333 -0.3684
vn 0.9174 -0.0000 -0.3979
vn 0.9502 -0.0091 -0.3114
vn 0.9544 -0.0011 -0.2984
vn 0.9499 -0.0115 -0.3125
vn 0.9773 0.0420 -0.2077
vn 0.9661 0.0000 -0.2580
vn 0.9776 0.0000 -0.2104
vn 0.9497 0.0000 -0.3132
vn 0.9463 0.0219 -0.3227
vn 0.9395 0.0000 -0.3425
vn 0.9592 -0.0057 -0.2828
vn 0.9619 -0.0007 -0.2734
vn 0.9589 -0.0073 -0.2836
vn 0.9779 0.0275 -0.2071
vn 0.9696 0.0000 -0.2447
vn 0.9776 -0.0000 -0.2105
vn 1.0000 -0.0004 0.0002
vn 1.0000 -0.0000 0.0005
vn 1.0000 0.0001 -0.0006
vn 1.0000 -0.0000 -0.0009
vn 1.0000 -0.0006 -0.0021
vn 1.0000 -0.0000 -0.0019
vn 1.0000 -0.0003 0.0001
vn 1.0000 -0.0005 -0.0019
vn 1.0000 -0.0005 -0.0020
vn -0.7575 -0.0000 0.6529
vn -0.7850 -0.0223 0.6191
vn -0.7819 -0.0000 0.6234
vn -0.7290 0.0054 0.6845
vn -0.7354 0.0006 0.6776
vn -0.7295 0.0041 0.6840
vn -0.7001 -0.0185 0.7138
vn -0.7091 -0.0000 0.7052
vn -0.6884 -0.0000 0.7253
vn -0.7311 -0.0000 0.6823
vn -0.7320 -0.0008 0.6813
vn -0.7318 -0.0000 0.6815
vn -0.7303 0.0001 0.6832
vn -0.7295 -0.0004 0.6840
vn -0.7296 -0.0000 0.6838
vn -0.7291 -0.0000 0.6845
vn -0.9074 0.0000 0.4203
vn -0.9076 -0.0004 0.4198
vn -0.9075 0.0000 0.4200
vn -0.9072 0.0001 0.4208
vn -0.9069 -0.0004 0.4214
vn -0.9070 0.0000 0.4212
vn -0.9068 0.0000 0.4216
vn -0.9358 0.0000 0.3526
vn -0.9500 -0.0340 0.3104
vn -0.9477 0.0000 0.3193
vn -0.9203 0.0080 0.3912
vn -0.9275 0.0001 0.3738
vn -0.9208 0.0060 0.3901
vn -0.8888 -0.0290 0.4573
vn -0.8992 -0.0000 0.4376
vn -0.8755 -0.0000 0.4832
vn -0.9661 -0.0000 0.2580
vn -0.9773 -0.0420 0.2077
vn -0.9776 -0.0000 0.2104
vn -0.9499 0.0114 0.3124
vn -0.9544 0.0011 0.2984
vn -0.9502 0.0091 0.3114
vn -0.9291 -0.0333 0.3684
vn -0.9346 -0.0000 0.3557
vn -0.9174 -0.0000 0.3979
vn -0.9696 0.0000 0.2447
vn -0.9779 -0.0275 0.2071
vn -0.9776 0.0000 0.2106
vn -0.9589 0.0073 0.2836
vn -0.9619 0.0007 0.2734
vn -0.9592 0.0057 0.2827
vn -0.9463 -0.0219 0.3227
vn -0.9497 -0.0000 0.3132
vn -0.9395 0.0000 0.3426
vn -1.0000 0.0000 0.0014
vn -1.0000 0.0005 0.0020
vn -1.0000 -0.0000 0.0019
vn -1.0000 -0.0001 0.0006
vn -1.0000 0.0004 -0.0002
vn -1.0000 0.0000 -0.0006
vn -1.0000 0.0000 0.0013
vn -1.0000 -0.0000 0.0018
vn -1.0000 0.0003 -0.0001
vn -1.0000 0.0000 -0.0005
vn -1.0000 0.0005 0.0019
vn -1.0000 0.0004 0.0018
vn -1.0000 -0.0000 0.0017
vn 1.0000 -0.0005 0.0018
vn 1.0000 0.0001 0.0007
vn 1.0000 -0.0004 -0.0004
vn 1.0000 -0.0000 0.0001
vn -1.0000 0.0000 -0.0001
usemtl Tex_0051_0.dds
s off
f 1/1/1 3/2/2 2/3/1
f 2/3/3 3/2/3 4/4/4
f 3/2/5 5/5/6 4/4/7
f 6/6/8 8/7/9 7/8/10
f 7/8/11 8/7/11 9/9/11
f 8/7/12 10/10/13 9/9/14
f 11/11/15 13/12/16 12/13/15
f 12/13/17 13/12/17 14/14/17
f 13/12/18 15/15/18 14/14/19
f 16/16/20 18/17/21 17/18/22
f 17/18/23 18/17/24 19/19/25
f 18/17/26 20/20/27 19/19/28
f 21/21/29 23/22/30 22/23/31
f 22/23/32 23/22/33 24/24/34
f 23/22/35 25/25/36 24/24/37
f 26/26/38 28/27/39 27/28/40
f 27/28/41 28/27/42 29/29/43
f 28/27/44 30/30/45 29/29/46
f 31/31/47 33/32/48 32/33/49
f 32/33/50 33/32/51 34/34/50
f 33/32/52 35/35/53 34/34/54
f 36/36/47 38/37/48 37/38/55
f 37/38/50 38/37/50 39/39/50
f 38/37/52 40/40/53 39/39/56
f 41/41/47 43/42/57 42/43/49
f 42/43/50 43/42/50 44/44/50
f 43/42/52 45/45/53 44/44/56
f 46/46/47 48/47/48 47/48/55
f 47/48/50 48/47/50 49/49/50
f 48/47/58 50/50/53 49/49/54
f 51/51/59 53/52/60 52/53/59
f 52/53/61 53/52/61 54/54/62
f 53/52/63 55/55/64 54/54/65
f 56/56/66 58/57/67 57/58/68
f 57/58/69 58/57/69 59/59/69
f 58/57/70 60/60/71 59/59/72
f 61/61/73 63/62/73 62/63/74
f 62/63/75 63/62/75 64/64/75
f 63/62/76 65/65/77 64/64/77
f 66/66/78 68/67/79 67/68/80
f 67/68/81 68/67/82 69/69/83
f 68/67/84 70/70/85 69/69/86
f 71/71/87 73/72/88 72/73/89
f 72/73/90 73/72/91 74/74/92
f 73/72/93 75/75/94 74/74/95
f 76/76/96 78/77/97 77/78/98
f 77/78/99 78/77/100 79/79/101
f 78/77/102 80/80/103 79/79/104
f 81/81/105 83/82/106 82/83/107
f 82/83/108 83/82/108 84/84/108
f 83/82/109 85/85/110 84/84/111
f 86/86/105 88/87/106 87/88/107
f 87/88/108 88/87/108 89/89/108
f 88/87/112 90/90/113 89/89/114
f 91/91/105 93/92/115 92/93/107
f 92/93/108 93/92/116 94/94/108
f 93/92/117 95/95/113 94/94/118
f 96/96/105 98/97/106 97/98/107
f 97/98/108 98/97/108 99/99/108
f 98/97/119 100/100/113 99/99/118
f 101/101/120 103/102/121 102/103/122
f 102/103/123 103/102/124 104/104/123
f 103/102/125 105/105/126 104/104/127
f 106/106/128 108/107/129 107/108/130
f 107/108/131 108/107/132 109/109/133
f 108/107/134 110/110/135 109/109/136
f 111/111/137 113/112/138 112/113/139
f 112/113/140 113/112/140 114/114/140
f 113/112/141 115/115/142 114/114/143
f 116/116/144 118/117/144 117/118/144
f 117/118/145 118/117/145 119/119/145
f 118/117/145 120/120/145 119/119/145
f 121/121/145 123/122/145 122/123/145
f 122/123/146 123/122/146 124/124/146
f 123/122/146 125/125/146 124/124/146
f 126/126/144 128/127/144 127/128/144
f 127/128/145 128/127/145 129/129/145
f 128/127/144 130/130/144 129/129/144
f 131/131/147 133/132/148 132/133/149
f 132/133/150 133/132/151 134/134/152
f 133/132/153 135/135/154 134/134/155
f 136/136/156 138/137/157 137/138/158
f 137/138/159 138/137/160 139/139/161
f 138/137/162 140/140/163 139/139/164
f 141/141/165 143/142/166 142/143/167
f 142/143/168 143/142/169 144/144/170
f 143/142/171 145/145/172 144/144/173
f 146/146/174 148/147/175 147/148/176
f 147/148/177 148/147/178 149/149/179
f 148/147/180 150/150/181 149/149/182
f 151/151/183 153/152/184 152/153/185
f 152/153/186 153/152/187 154/154/188
f 153/152/189 155/155/190 154/154/191
f 156/156/192 158/157/193 157/158/194
f 157/158/195 158/157/196 159/159/197
f 158/157/198 160/160/199 159/159/200
f 161/161/201 163/162/202 162/163/203
f 162/163/204 163/162/204 164/164/204
f 163/162/205 165/165/206 164/164/207
f 166/166/208 168/167/208 167/168/208
f 167/168/209 168/167/209 169/169/209
f 168/167/208 170/170/208 169/169/208
f 171/171/208 173/172/208 172/173/208
f 172/173/208 173/172/208 174/174/208
f 173/172/210 175/175/210 174/174/210
f 176/176/210 178/177/210 177/178/210
f 177/178/210 178/177/210 179/179/210
f 178/177/209 180/180/209 179/179/209
f 181/181/211 183/182/212 182/183/213
f 182/183/214 183/182/215 184/184/216
f 183/182/217 185/185/218 184/184/219
f 186/186/220 188/187/221 187/188/222
f 187/188/223 188/187/224 189/189/225
f 188/187/226 190/190/227 189/189/228
f 191/191/229 193/192/230 192/193/231
f 192/193/232 193/192/233 194/194/234
f 193/192/235 195/195/236 194/194/237
f 196/196/238 198/197/239 197/198/240
f 197/198/241 198/197/242 199/199/243
f 198/197/244 200/200/245 199/199/246
f 201/201/247 203/202/248 202/203/249
f 202/203/250 203/202/251 204/204/252
f 203/202/253 205/205/254 204/204/255
f 206/206/256 208/207/257 207/208/258
f 207/208/259 208/207/260 209/209/261
f 208/207/262 210/210/263 209/209/264
f 211/211/265 213/212/266 212/213/265
f 212/213/267 213/212/267 214/214/267
f 213/212/268 215/215/269 214/214/270
f 216/216/271 218/217/272 217/218/273
f 217/218/274 218/217/275 219/219/276
f 218/217/277 220/220/278 219/219/279
f 221/221/280 223/222/281 222/223/282
f 222/223/283 223/222/284 224/224/285
f 223/222/286 225/225/287 224/224/288
f 226/226/289 228/227/290 227/228/291
f 227/228/292 228/227/293 229/229/294
f 228/227/295 230/230/296 229/229/297
f 231/231/298 233/232/299 232/233/300
f 232/233/301 233/232/302 234/234/303
f 233/232/304 235/235/305 234/234/306
f 236/236/307 238/237/308 237/238/309
f 237/238/310 238/237/311 239/239/312
f 238/237/313 240/240/314 239/239/315
f 241/241/316 243/242/317 242/243/318
f 242/243/319 243/242/320 244/244/321
f 243/242/322 245/245/323 244/244/324
f 246/246/325 248/247/326 247/248/327
f 247/248/328 248/247/329 249/249/330
f 248/247/331 250/250/332 249/249/333
f 251/251/334 253/252/335 252/253/336
f 252/253/337 253/252/338 254/254/337
f 253/252/339 255/255/340 254/254/341
f 256/256/342 258/257/343 257/258/344
f 257/258/345 258/257/346 259/259/347
f 258/257/348 260/260/349 259/259/350
f 261/261/351 263/262/352 262/263/353
f 262/263/354 263/262/355 264/264/356
f 263/262/357 265/265/358 264/264/359
f 266/266/360 268/267/361 267/268/362
f 267/268/363 268/267/364 269/269/365
f 268/267/366 270/270/367 269/269/368
f 271/271/369 273/272/370 272/273/371
f 272/273/372 273/272/373 274/274/374
f 273/272/375 275/275/376 274/274/377
f 276/276/378 278/277/379 277/278/380
f 277/278/381 278/277/382 279/279/383
f 278/277/384 280/280/385 279/279/386
f 281/281/387 283/282/388 282/283/389
f 282/283/390 283/282/391 284/284/392
f 283/282/393 285/285/394 284/284/395
f 286/286/396 288/287/397 287/288/398
f 287/288/399 288/287/400 289/289/401
f 288/287/402 290/290/403 289/289/404
f 291/291/405 293/292/406 292/293/407
f 292/293/408 293/292/409 294/294/410
f 293/292/411 295/295/412 294/294/413
f 296/296/414 298/297/415 297/298/416
f 297/298/417 298/297/418 299/299/419
f 298/297/420 300/300/421 299/299/422
f 301/301/423 303/302/424 302/303/425
f 302/303/426 303/302/427 304/304/428
f 303/302/429 305/305/430 304/304/431
f 306/306/432 308/307/433 307/308/434
f 307/308/435 308/307/436 309/309/435
f 308/307/437 310/310/438 309/309/439
f 311/311/440 313/312/441 312/313/442
f 312/313/443 313/312/444 314/314/443
f 313/312/445 315/315/446 314/314/447
f 316/316/448 318/317/449 317/318/450
f 317/318/451 318/317/452 319/319/453
f 318/317/454 320/320/455 319/319/456
f 321/321/457 323/322/458 322/323/459
f 322/323/460 323/322/461 324/324/462
f 323/322/463 325/325/464 324/324/465
f 326/326/466 328/327/467 327/328/468
f 327/328/469 328/327/470 329/329/471
f 328/327/472 330/330/473 329/329/474
f 331/331/475 333/332/476 332/333/477
f 332/333/478 333/332/479 334/334/480
f 333/332/481 335/335/482 334/334/483
f 336/336/484 338/337/485 337/338/486
f 337/338/487 338/337/488 339/339/489
f 338/337/490 340/340/491 339/339/492
f 341/341/493 343/342/494 342/343/495
f 342/343/496 343/342/497 344/344/496
f 343/342/498 345/345/499 344/344/500
f 346/346/501 348/347/502 347/348/503
f 347/348/504 348/347/505 349/349/506
f 348/347/507 350/350/508 349/349/509
f 351/351/53 353/352/510 352/353/511
f 352/353/512 353/352/512 354/354/512
f 353/352/513 355/355/514 354/354/515
f 356/356/53 358/357/53 357/358/53
f 357/358/53 358/357/53 359/359/53
f 358/357/53 360/360/53 359/359/53
f 361/361/53 363/362/53 362/363/53
f 362/363/53 363/362/53 364/364/53
f 363/362/53 365/365/53 364/364/53
f 366/366/53 368/367/53 367/368/53
f 367/368/53 368/367/53 369/369/53
f 368/367/53 370/370/53 369/369/53
f 371/371/53 373/372/53 372/373/53
f 372/373/53 373/372/53 374/374/53
f 373/372/53 375/375/53 374/374/53
f 376/376/53 378/377/53 377/378/53
f 377/378/53 378/377/53 379/379/53
f 378/377/53 380/380/53 379/379/53
f 381/381/53 383/382/53 382/383/53
f 382/383/53 383/382/53 384/384/53
f 383/382/53 385/385/53 384/384/53
f 386/386/53 388/387/53 387/388/53
f 387/388/53 388/387/53 389/389/53
f 388/387/53 390/390/53 389/389/53
f 391/391/53 393/392/53 392/393/53
f 392/393/53 393/392/53 394/394/53
f 393/392/53 395/395/53 394/394/53
f 396/396/53 398/397/53 397/398/53
f 397/398/53 398/397/53 399/399/53
f 398/397/53 400/400/53 399/399/53
f 401/401/53 403/402/53 402/403/53
f 402/403/53 403/402/53 404/404/53
f 403/402/53 405/405/53 404/404/53
f 406/406/53 408/407/53 407/408/53
f 407/408/53 408/407/53 409/409/53
f 408/407/53 410/410/53 409/409/53
f 411/411/53 413/412/53 412/413/53
f 412/413/53 413/412/53 414/414/53
f 413/412/53 415/415/53 414/414/53
f 416/416/53 418/417/53 417/418/53
f 417/418/53 418/417/53 419/419/53
f 418/417/53 420/420/53 419/419/53
f 421/421/53 423/422/53 422/423/53
f 422/423/53 423/422/53 424/424/53
f 423/422/53 425/425/53 424/424/53
f 426/426/53 428/427/53 427/428/53
f 427/428/53 428/427/53 429/429/53
f 428/427/53 430/430/53 429/429/53
f 431/431/53 433/432/53 432/433/53
f 432/433/53 433/432/53 434/434/53
f 433/432/53 435/435/53 434/434/53
f 436/436/53 438/437/53 437/438/53
f 437/438/53 438/437/53 439/439/53
f 438/437/53 440/440/53 439/439/53
f 441/441/53 443/442/53 442/443/53
f 442/443/53 443/442/53 444/444/53
f 443/442/53 445/445/53 444/444/53
f 446/446/53 448/447/53 447/448/53
f 447/448/53 448/447/53 449/449/53
f 448/447/53 450/450/53 449/449/53
f 451/451/53 453/452/53 452/453/53
f 452/453/53 453/452/53 454/454/53
f 453/452/53 455/455/53 454/454/53
f 456/456/53 458/457/53 457/458/53
f 457/458/53 458/457/53 459/459/53
f 458/457/53 460/460/53 459/459/53
f 461/461/105 463/462/105 462/463/105
f 462/463/105 463/462/105 464/464/105
f 463/462/105 465/465/105 464/464/105
f 466/466/105 468/467/105 467/468/105
f 467/468/105 468/467/105 469/469/105
f 468/467/105 470/470/105 469/469/105
f 471/471/105 473/472/105 472/473/105
f 472/473/105 473/472/105 474/474/105
f 473/472/105 475/475/105 474/474/105
f 476/476/105 478/477/105 477/478/105
f 477/478/105 478/477/105 479/479/105
f 478/477/105 480/480/105 479/479/105
f 481/481/105 483/482/105 482/483/105
f 482/483/105 483/482/105 484/484/105
f 483/482/105 485/485/105 484/484/105
f 486/486/105 488/487/105 487/488/105
f 487/488/105 488/487/105 489/489/105
f 488/487/105 490/490/105 489/489/105
f 491/491/105 493/492/105 492/493/105
f 492/493/105 493/492/105 494/494/105
f 493/492/105 495/495/105 494/494/105
f 496/496/105 498/497/105 497/498/105
f 497/498/105 498/497/105 499/499/105
f 498/497/105 500/500/105 499/499/105
f 501/501/105 503/502/105 502/503/105
f 502/503/105 503/502/105 504/504/105
f 503/502/105 505/505/105 504/504/105
f 506/506/105 508/507/105 507/508/105
f 507/508/105 508/507/105 509/509/105
f 508/507/105 510/510/105 509/509/105
f 511/511/105 513/512/105 512/513/105
f 512/513/105 513/512/105 514/514/105
f 513/512/105 515/515/105 514/514/105
f 516/516/105 518/517/105 517/518/105
f 517/518/105 518/517/105 519/519/105
f 518/517/105 520/520/105 519/519/105
f 521/521/105 523/522/105 522/523/105
f 522/523/105 523/522/105 524/524/105
f 523/522/105 525/525/105 524/524/105
f 526/526/105 528/527/105 527/528/105
f 527/528/105 528/527/105 529/529/105
f 528/527/105 530/530/105 529/529/105
f 531/531/105 533/532/105 532/533/105
f 532/533/105 533/532/105 534/534/105
f 533/532/105 535/535/105 534/534/105
f 536/536/105 538/537/105 537/538/105
f 537/538/105 538/537/105 539/539/105
f 538/537/105 540/540/105 539/539/105
f 541/541/105 543/542/105 542/543/105
f 542/543/105 543/542/105 544/544/105
f 543/542/105 545/545/105 544/544/105
f 546/546/105 548/547/105 547/548/105
f 547/548/105 548/547/105 549/549/105
f 548/547/105 550/550/105 549/549/105
f 551/551/105 553/552/105 552/553/105
f 552/553/105 553/552/105 554/554/105
f 553/552/105 555/555/105 554/554/105
f 556/556/516 558/557/517 557/558/518
f 557/558/519 558/557/520 559/559/521
f 558/557/522 560/560/523 559/559/524
f 561/561/525 563/562/526 562/563/527
f 562/563/528 563/562/529 564/564/530
f 563/562/531 565/565/532 564/564/533
f 566/566/534 568/567/535 567/568/536
f 567/568/537 568/567/538 569/569/539
f 568/567/540 570/570/541 569/569/542
f 571/571/543 573/572/544 572/573/545
f 572/573/546 573/572/547 574/574/548
f 573/572/549 575/575/550 574/574/551
f 576/576/552 578/577/553 577/578/554
f 577/578/555 578/577/556 579/579/557
f 578/577/558 580/580/559 579/579/560
f 581/581/561 583/582/562 582/583/563
f 582/583/564 583/582/565 584/584/564
f 583/582/566 585/585/567 584/584/568
f 586/586/569 588/587/570 587/588/571
f 587/588/572 588/587/573 589/589/574
f 588/587/575 590/590/576 589/589/577
f 591/591/578 593/592/579 592/593/580
f 592/593/581 593/592/582 594/594/583
f 593/592/584 595/595/585 594/594/586
f 596/596/587 598/597/588 597/598/589
f 597/598/590 598/597/591 599/599/592
f 598/597/593 600/600/594 599/599/595
f 601/601/596 603/602/597 602/603/598
f 602/603/599 603/602/600 604/604/601
f 603/602/602 605/605/603 604/604/604
f 606/606/605 608/607/606 607/608/607
f 607/608/608 608/607/609 609/609/610
f 608/607/611 610/610/612 609/609/613
f 611/611/614 613/612/615 612/613/616
f 612/613/617 613/612/618 614/614/619
f 613/612/620 615/615/621 614/614/622
f 616/616/623 618/617/624 617/618/625
f 617/618/626 618/617/627 619/619/626
f 618/617/628 620/620/629 619/619/630
f 621/621/631 623/622/632 622/623/633
f 622/623/634 623/622/635 624/624/634
f 623/622/636 625/625/637 624/624/638
f 626/626/639 628/627/640 627/628/641
f 627/628/642 628/627/643 629/629/644
f 628/627/645 630/630/646 629/629/647
f 631/631/648 633/632/649 632/633/650
f 632/633/651 633/632/652 634/634/651
f 633/632/653 635/635/654 634/634/655
f 636/636/656 638/637/657 637/638/658
f 637/638/659 638/637/660 639/639/659
f 638/637/661 640/640/662 639/639/663
f 641/641/664 643/642/665 642/643/666
f 642/643/667 643/642/668 644/644/669
f 643/642/670 645/645/671 644/644/672
f 646/646/673 648/647/674 647/648/675
f 647/648/676 648/647/677 649/649/678
f 648/647/679 650/650/680 649/649/681
f 651/651/682 653/652/683 652/653/684
f 652/653/685 653/652/686 654/654/687
f 653/652/688 655/655/689 654/654/690
f 656/656/691 658/657/692 657/658/693
f 657/658/694 658/657/695 659/659/696
f 658/657/697 660/660/698 659/659/699
f 661/661/700 663/662/701 662/663/702
f 662/663/703 663/662/704 664/664/705
f 663/662/706 665/665/707 664/664/708
f 666/666/709 668/667/710 667/668/711
f 667/668/712 668/667/713 669/669/714
f 668/667/715 670/670/716 669/669/717
f 671/671/718 673/672/719 672/673/720
f 672/673/721 673/672/722 674/674/721
f 673/672/723 675/675/724 674/674/725
f 676/676/726 678/677/727 677/678/728
f 677/678/729 678/677/730 679/679/729
f 678/677/731 680/680/732 679/679/733
f 681/681/734 683/682/735 682/683/736
f 682/683/737 683/682/738 684/684/739
f 683/682/740 685/685/741 684/684/742
f 686/686/743 688/687/744 687/688/745
f 687/688/746 688/687/747 689/689/748
f 688/687/749 690/690/750 689/689/751
f 691/691/752 693/692/753 692/693/754
f 692/693/755 693/692/756 694/694/757
f 693/692/758 695/695/759 694/694/760
f 696/696/761 698/697/762 697/698/763
f 697/698/764 698/697/765 699/699/766
f 698/697/767 700/700/768 699/699/769
f 701/701/770 703/702/771 702/703/772
f 702/703/773 703/702/774 704/704/775
f 703/702/776 705/705/777 704/704/778
f 706/706/779 708/707/780 707/708/781
f 707/708/782 708/707/783 709/709/782
f 708/707/784 710/710/785 709/709/786
f 711/711/787 713/712/788 712/713/789
f 712/713/790 713/712/791 714/714/792
f 713/712/793 715/715/794 714/714/795
f 716/716/796 718/717/797 717/718/798
f 717/718/799 718/717/799 719/719/799
f 718/717/800 720/720/801 719/719/802
f 721/721/803 723/722/803 722/723/803
f 722/723/803 723/722/803 724/724/803
f 723/722/804 725/725/804 724/724/804
f 726/726/805 728/727/805 727/728/805
f 727/728/805 728/727/805 729/729/805
f 728/727/803 730/730/803 729/729/803
f 731/731/803 733/732/803 732/733/803
f 732/733/803 733/732/803 734/734/803
f 733/732/803 735/735/803 734/734/803
f 736/736/806 738/737/807 737/738/808
f 737/738/809 738/737/810 739/739/811
f 738/737/812 740/740/813 739/739/814
f 741/741/815 743/742/816 742/743/814
f 742/743/817 743/742/818 744/744/819
f 743/742/820 745/745/821 744/744/822
f 746/746/823 748/747/824 747/748/825
f 747/748/826 748/747/827 749/749/828
f 748/747/829 750/750/830 749/749/831
f 751/751/832 753/752/833 752/753/834
f 752/753/835 753/752/836 754/754/837
f 753/752/838 755/755/839 754/754/840
f 756/756/841 758/757/842 757/758/843
f 757/758/844 758/757/845 759/759/844
f 758/757/846 760/760/847 759/759/848
f 761/761/849 763/762/850 762/763/851
f 762/763/852 763/762/853 764/764/854
f 763/762/855 765/765/856 764/764/857
f 766/766/858 768/767/859 767/768/860
f 767/768/861 768/767/861 769/769/861
f 768/767/862 770/770/863 769/769/864
f 771/771/865 773/772/865 772/773/865
f 772/773/866 773/772/866 774/774/866
f 773/772/867 775/775/867 774/774/867
f 776/776/866 778/777/866 777/778/866
f 777/778/868 778/777/868 779/779/868
f 778/777/868 780/780/868 779/779/868
f 781/781/865 783/782/865 782/783/865
f 782/783/866 783/782/866 784/784/866
f 783/782/866 785/785/866 784/784/866
f 786/786/869 788/787/870 787/788/871
f 787/788/872 788/787/873 789/789/874
f 788/787/875 790/790/876 789/789/877
f 791/791/878 793/792/879 792/793/880
f 792/793/881 793/792/882 794/794/883
f 793/792/884 795/795/389 794/794/871
f 796/796/885 798/797/886 797/798/887
f 797/798/888 798/797/889 799/799/890
f 798/797/891 800/800/892 799/799/893
f 801/801/894 803/802/895 802/803/896
f 802/803/897 803/802/898 804/804/899
f 803/802/900 805/805/901 804/804/902
f 806/806/903 808/807/904 807/808/905
f 807/808/906 808/807/907 809/809/908
f 808/807/909 810/810/910 809/809/911
f 811/811/912 813/812/913 812/813/914
f 812/813/915 813/812/915 814/814/915
f 813/812/916 815/815/917 814/814/918
f 816/816/919 818/817/919 817/818/919
f 817/818/920 818/817/920 819/819/920
f 818/817/921 820/820/922 819/819/923
f 821/821/924 823/822/925 822/823/926
f 822/823/927 823/822/928 824/824/929
f 823/822/930 825/825/931 824/824/932
f 826/826/933 828/827/934 827/828/935
f 827/828/936 828/827/937 829/829/938
f 828/827/939 830/830/940 829/829/941
f 831/831/942 833/832/943 832/833/944
f 832/833/945 833/832/946 834/834/947
f 833/832/948 835/835/949 834/834/950
f 836/836/53 838/837/951 837/838/952
f 837/838/953 838/837/954 839/839/953
f 838/837/955 840/840/514 839/839/956
f 841/841/53 843/842/957 842/843/952
f 842/843/953 843/842/953 844/844/953
f 843/842/958 845/845/514 844/844/515
f 846/846/53 848/847/951 847/848/952
f 847/848/953 848/847/954 849/849/953
f 848/847/959 850/850/514 849/849/515
f 851/851/53 853/852/957 852/853/53
f 852/853/953 853/852/953 854/854/953
f 853/852/958 855/855/514 854/854/515
f 856/856/960 858/857/961 857/858/962
f 857/858/963 858/857/964 859/859/965
f 858/857/966 860/860/967 859/859/968
f 861/861/969 863/862/970 862/863/971
f 862/863/972 863/862/972 864/864/972
f 863/862/973 865/865/974 864/864/975
f 866/866/976 868/867/977 867/868/978
f 867/868/979 868/867/979 869/869/979
f 868/867/980 870/870/981 869/869/982
f 871/871/983 873/872/984 872/873/985
f 872/873/986 873/872/987 874/874/988
f 873/872/989 875/875/990 874/874/991
f 876/876/992 878/877/993 877/878/994
f 877/878/995 878/877/996 879/879/997
f 878/877/998 880/880/999 879/879/1000
f 881/881/1001 883/882/1002 882/883/1003
f 882/883/1004 883/882/1005 884/884/1006
f 883/882/1007 885/885/1008 884/884/1009
f 886/886/1010 888/887/1011 887/888/1012
f 887/888/1013 888/887/1013 889/889/1013
f 888/887/1014 890/890/105 889/889/1015
f 891/891/1016 893/892/1011 892/893/1017
f 892/893/1013 893/892/1013 894/894/1013
f 893/892/1018 895/895/105 894/894/1019
f 896/896/1016 898/897/1020 897/898/1017
f 897/898/1013 898/897/1013 899/899/1013
f 898/897/1018 900/900/105 899/899/1019
f 901/901/1016 903/902/1021 902/903/1022
f 902/903/1013 903/902/1013 904/904/1013
f 903/902/1018 905/905/105 904/904/1019
f 906/906/47 908/907/1023 907/908/55
f 907/908/1024 908/907/1024 909/909/1024
f 908/907/1025 910/910/53 909/909/54
f 911/911/53 913/912/53 912/913/53
f 912/913/53 913/912/53 914/914/53
f 913/912/53 915/915/53 914/914/53
f 916/916/53 918/917/53 917/918/53
f 917/918/53 918/917/53 919/919/53
f 918/917/53 920/920/53 919/919/53
f 921/921/53 923/922/53 922/923/53
f 922/923/53 923/922/53 924/924/53
f 923/922/53 925/925/53 924/924/53
f 926/926/53 928/927/53 927/928/53
f 927/928/53 928/927/53 929/929/53
f 928/927/53 930/930/53 929/929/53
f 931/931/53 933/932/53 932/933/53
f 932/933/53 933/932/53 934/934/53
f 933/932/53 935/935/53 934/934/53
f 936/936/53 938/937/53 937/938/53
f 937/938/53 938/937/53 939/939/53
f 938/937/53 940/940/53 939/939/53
f 941/941/53 943/942/53 942/943/53
f 942/943/53 943/942/53 944/944/53
f 943/942/53 945/945/53 944/944/53
f 946/946/53 948/947/53 947/948/53
f 947/948/53 948/947/53 949/949/53
f 948/947/53 950/950/53 949/949/53
f 951/951/53 953/952/53 952/953/53
f 952/953/53 953/952/53 954/954/53
f 953/952/53 955/955/53 954/954/53
f 956/956/53 958/957/53 957/958/53
f 957/958/53 958/957/53 959/959/53
f 958/957/53 960/960/53 959/959/53
f 961/961/53 963/962/53 962/963/53
f 962/963/53 963/962/53 964/964/53
f 963/962/53 965/965/53 964/964/53
f 966/966/53 968/967/53 967/968/53
f 967/968/53 968/967/53 969/969/53
f 968/967/53 970/970/53 969/969/53
f 971/971/53 973/972/53 972/973/53
f 972/973/53 973/972/53 974/974/53
f 973/972/53 975/975/53 974/974/53
f 976/976/53 978/977/53 977/978/53
f 977/978/53 978/977/53 979/979/53
f 978/977/53 980/980/53 979/979/53
f 981/981/53 983/982/53 982/983/53
f 982/983/53 983/982/53 984/984/53
f 983/982/53 985/985/53 984/984/53
f 986/986/53 988/987/53 987/988/53
f 987/988/53 988/987/53 989/989/53
f 988/987/53 990/990/53 989/989/53
f 991/991/1026 993/992/1026 992/993/1026
f 992/993/53 993/992/53 994/994/53
f 993/992/53 995/995/53 994/994/53
f 996/996/53 998/997/53 997/998/53
f 997/998/53 998/997/53 999/999/53
f 998/997/53 1000/1000/53 999/999/53
f 1001/1001/53 1003/1002/53 1002/1003/53
f 1002/1003/53 1003/1002/53 1004/1004/53
f 1003/1002/53 1005/1005/53 1004/1004/53
f 1006/1006/53 1008/1007/53 1007/1008/53
f 1007/1008/53 1008/1007/53 1009/1009/53
f 1008/1007/53 1010/1010/53 1009/1009/53
f 1011/1011/53 1013/1012/53 1012/1013/53
f 1012/1013/53 1013/1012/53 1014/1014/53
f 1013/1012/53 1015/1015/53 1014/1014/53
f 1016/1016/105 1018/1017/105 1017/1018/105
f 1017/1018/105 1018/1017/105 1019/1019/105
f 1018/1017/105 1020/1020/105 1019/1019/105
f 1021/1021/105 1023/1022/105 1022/1023/105
f 1022/1023/105 1023/1022/105 1024/1024/105
f 1023/1022/105 1025/1025/105 1024/1024/105
f 1026/1026/105 1028/1027/105 1027/1028/105
f 1027/1028/105 1028/1027/105 1029/1029/105
f 1028/1027/105 1030/1030/105 1029/1029/105
f 1031/1031/105 1033/1032/105 1032/1033/105
f 1032/1033/105 1033/1032/105 1034/1034/105
f 1033/1032/105 1035/1035/105 1034/1034/105
f 1036/1036/105 1038/1037/105 1037/1038/105
f 1037/1038/105 1038/1037/105 1039/1039/105
f 1038/1037/105 1040/1040/105 1039/1039/105
f 1041/1041/105 1043/1042/105 1042/1043/105
f 1042/1043/105 1043/1042/105 1044/1044/105
f 1043/1042/105 1045/1045/105 1044/1044/105
f 1046/1046/105 1048/1047/105 1047/1048/105
f 1047/1048/105 1048/1047/105 1049/1049/105
f 1048/1047/105 1050/1050/105 1049/1049/105
f 1051/1051/105 1053/1052/105 1052/1053/105
f 1052/1053/105 1053/1052/105 1054/1054/105
f 1053/1052/105 1055/1055/105 1054/1054/105
f 1056/1056/105 1058/1057/105 1057/1058/105
f 1057/1058/105 1058/1057/105 1059/1059/105
f 1058/1057/105 1060/1060/105 1059/1059/105
f 1061/1061/105 1063/1062/105 1062/1063/105
f 1062/1063/105 1063/1062/105 1064/1064/105
f 1063/1062/105 1065/1065/105 1064/1064/105
f 1066/1066/105 1068/1067/105 1067/1068/105
f 1067/1068/105 1068/1067/105 1069/1069/105
f 1068/1067/105 1070/1070/105 1069/1069/105
f 1071/1071/105 1073/1072/105 1072/1073/105
f 1072/1073/105 1073/1072/105 1074/1074/105
f 1073/1072/105 1075/1075/105 1074/1074/105
f 1076/1076/105 1078/1077/105 1077/1078/105
f 1077/1078/105 1078/1077/105 1079/1079/105
f 1078/1077/105 1080/1080/105 1079/1079/105
f 1081/1081/105 1083/1082/105 1082/1083/105
f 1082/1083/105 1083/1082/105 1084/1084/105
f 1083/1082/105 1085/1085/105 1084/1084/105
f 1086/1086/105 1088/1087/105 1087/1088/105
f 1087/1088/105 1088/1087/105 1089/1089/105
f 1088/1087/1027 1090/1090/1027 1089/1089/1027
f 1091/1091/105 1093/1092/105 1092/1093/105
f 1092/1093/105 1093/1092/105 1094/1094/105
f 1093/1092/105 1095/1095/105 1094/1094/105
f 1096/1096/105 1098/1097/105 1097/1098/105
f 1097/1098/105 1098/1097/105 1099/1099/105
f 1098/1097/105 1100/1100/105 1099/1099/105
f 1101/1101/105 1103/1102/105 1102/1103/105
f 1102/1103/105 1103/1102/105 1104/1104/105
f 1103/1102/105 1105/1105/105 1104/1104/105
f 1106/1106/105 1108/1107/105 1107/1108/105
f 1107/1108/105 1108/1107/105 1109/1109/105
f 1108/1107/105 1110/1110/105 1109/1109/105
