# Blender v3.6.3 OBJ File: 'untitled.blend'
# www.blender.org
mtllib Mesh_0246.mtl
o Mesh_0246_Mesh.060
v 65.960411 3.668872 -27.593678
v 69.135284 3.668871 -27.593674
v 65.960411 3.527769 -27.336803
v 69.135284 3.527774 -27.336803
v 65.960411 3.386653 -27.336803
v 69.135284 3.386652 -27.336803
v 65.960411 3.245550 -27.465244
v 69.135284 3.245554 -27.465252
v 10.715414 0.705546 -27.465240
v 9.902681 0.705547 -27.465240
v 10.715414 0.846656 -27.336811
v 9.902685 0.846657 -27.336803
v 10.715414 0.987765 -27.336803
v 9.902685 0.987767 -27.336803
v 10.715414 1.128875 -27.593674
v 9.902681 1.128876 -27.593678
v 9.644182 2.063745 -27.971806
v 9.902685 2.063746 -27.722107
v 9.515749 1.862657 -27.971798
v 9.902685 1.862657 -27.593674
v 9.387320 1.693318 -27.971806
v 9.902685 1.693315 -27.465240
v 9.515745 1.552205 -27.971806
v 9.902681 1.552205 -27.593678
v 9.515741 1.128876 -27.971802
v 9.902681 1.128876 -27.593678
v 9.261324 0.987767 -27.971806
v 9.902685 0.987767 -27.336803
v 9.261324 0.846657 -27.971806
v 9.902685 0.846657 -27.336803
v 9.387320 0.705547 -27.971798
v 9.902681 0.705547 -27.465240
v 67.984474 4.101017 -26.830414
v 67.960556 3.655648 -26.806499
v 67.309792 4.101017 -26.830414
v 67.309792 3.663049 -26.830414
v 66.714493 4.101017 -27.425724
v 66.714493 3.663049 -27.425724
v 66.714478 4.101017 -27.971806
v 66.714478 3.663049 -27.971806
v 42.584480 4.101017 -26.820877
v 42.547546 3.655648 -26.783939
v 41.909790 4.101017 -26.820869
v 41.909790 3.663049 -26.820869
v 41.314476 4.101017 -27.416183
v 41.314476 3.663049 -27.416183
v 41.314484 4.101017 -27.971806
v 41.314484 3.663049 -27.971806
v 42.663857 33.647369 -26.900249
v 42.663857 33.329868 -26.900249
v 41.989159 33.647369 -26.900246
v 41.989159 33.329868 -26.900249
v 41.393852 33.647369 -27.495560
v 41.393852 33.329868 -27.495548
v 41.393860 33.329868 -27.971806
v 41.512917 33.012367 -27.971806
v 17.184473 1.561017 -26.820881
v 17.147543 1.115648 -26.783951
v 16.509787 1.561017 -26.820881
v 16.509787 1.123050 -26.820881
v 15.914476 1.561017 -27.416180
v 15.914476 1.123050 -27.416180
v 15.914476 1.561017 -27.971806
v 15.914476 1.123050 -27.971806
v 17.263849 33.654991 -26.900253
v 17.263849 33.337490 -26.900253
v 16.589163 33.654991 -26.900253
v 16.589163 33.337490 -26.900253
v 15.993845 33.654991 -27.495556
v 15.993845 33.337490 -27.495556
v 15.993849 33.337490 -27.971806
v 16.112913 33.019989 -27.971806
v 52.952644 4.603744 -27.722118
v 53.119392 4.402655 -27.593678
v 47.053436 4.402655 -27.593678
v 53.260414 4.233315 -27.465240
v 46.910416 4.233313 -27.465244
v 53.260414 4.092206 -27.593678
v 46.910416 4.092209 -27.593678
v 53.260414 3.245544 -27.465240
v 46.910416 3.386653 -27.336803
v 53.260414 3.386655 -27.336803
v 46.910416 3.527769 -27.336803
v 53.260414 3.527764 -27.336803
v 46.910416 3.668872 -27.593678
v 53.260414 3.668874 -27.593678
v 59.302643 4.603744 -27.722118
v 59.469391 4.402655 -27.593678
v 53.403435 4.402655 -27.593678
v 59.610413 4.233315 -27.465240
v 53.260414 4.233315 -27.465240
v 59.610413 4.092206 -27.593678
v 53.260414 4.092206 -27.593678
v 59.610413 3.245544 -27.465240
v 53.260414 3.386655 -27.336803
v 59.610413 3.386655 -27.336803
v 53.260414 3.527764 -27.336803
v 59.610413 3.527764 -27.336803
v 53.260414 3.668874 -27.593678
v 59.610413 3.668874 -27.593678
v 46.600288 4.603744 -27.722122
v 46.767426 4.402652 -27.593678
v 43.734428 4.402652 -27.593674
v 46.910416 4.233313 -27.465244
v 43.735420 4.233310 -27.465252
v 46.910416 4.092209 -27.593678
v 43.735420 4.092213 -27.593674
v 43.735420 3.668871 -27.593674
v 46.910416 3.527769 -27.336803
v 43.735420 3.527774 -27.336803
v 46.910416 3.386653 -27.336803
v 43.735420 3.386652 -27.336803
v 46.910416 3.245550 -27.465244
v 43.735420 3.245554 -27.465252
v 65.652641 4.603744 -27.722118
v 65.819397 4.402655 -27.593678
v 59.753441 4.402655 -27.593678
v 65.960411 4.233313 -27.465244
v 59.610413 4.233315 -27.465240
v 65.960411 4.092209 -27.593678
v 59.610413 4.092206 -27.593678
v 65.960411 3.245550 -27.465244
v 59.610413 3.386655 -27.336803
v 65.960411 3.386653 -27.336803
v 59.610413 3.527764 -27.336803
v 65.960411 3.527769 -27.336803
v 59.610413 3.668874 -27.593678
v 65.960411 3.668872 -27.593678
v 69.135284 4.092213 -27.593674
v 65.960411 4.092209 -27.593678
v 69.135284 4.233310 -27.465252
v 65.960411 4.233313 -27.465244
v 69.136566 4.402652 -27.593674
v 66.103432 4.402652 -27.593678
v 66.270554 4.603744 -27.722122
v 25.319963 1.128871 -27.593590
v 25.319971 0.987774 -27.336803
v 24.685446 0.987769 -27.336803
v 25.319971 0.846651 -27.336811
v 24.685446 0.846653 -27.336803
v 25.319963 0.705554 -27.465332
v 24.685446 0.705549 -27.465290
v 25.319963 0.705554 -27.465332
v 25.319971 0.846651 -27.336811
v 26.841932 0.846652 -28.573784
v 25.319971 0.987774 -27.336803
v 26.841932 0.987774 -28.573784
v 25.319963 1.128871 -27.593590
v 26.586416 1.128871 -28.573784
v 26.714930 0.705554 -28.573784
v 26.841932 0.846652 -28.573784
v 26.895555 0.846652 -28.988571
v 26.841932 0.987774 -28.573784
v 26.895555 0.987774 -28.988571
v 26.586416 1.128871 -28.573784
v 26.586412 1.128871 -28.988567
v 24.980879 2.063743 -27.971806
v 25.415213 2.063743 -27.971806
v 25.319963 2.063744 -27.722122
v 26.176710 2.063744 -28.484623
v 26.457891 2.063744 -28.573772
v 26.176710 2.063743 -28.988567
v 26.457891 2.063744 -28.988567
v 37.385445 0.705550 -27.465290
v 36.750992 0.705554 -27.465332
v 37.385445 0.846653 -27.336803
v 36.750977 0.846651 -27.336796
v 37.385445 0.987769 -27.336803
v 36.750977 0.987774 -27.336796
v 36.750984 1.128871 -27.593590
v 35.484550 1.128871 -28.573780
v 36.750984 1.128871 -27.593590
v 35.093895 0.987774 -28.573784
v 36.750977 0.987774 -27.336796
v 35.093872 0.846650 -28.573772
v 36.750977 0.846651 -27.336796
v 36.750992 0.705554 -27.465332
v 35.894249 2.063743 -28.988567
v 35.894249 2.063743 -28.484627
v 35.613068 2.063743 -28.573788
v 36.655739 2.063744 -27.971806
v 36.750992 2.063744 -27.722122
v 37.090080 2.063744 -27.971806
v 37.090080 2.063744 -27.722126
v 24.377634 2.063744 -27.722118
v 24.544390 1.862654 -27.593678
v 18.478434 1.862654 -27.593678
v 24.685446 1.693313 -27.465290
v 18.335413 1.693315 -27.465240
v 24.685446 1.552209 -27.593636
v 18.335413 1.552205 -27.593678
v 24.685446 0.705549 -27.465290
v 18.335413 0.846654 -27.336803
v 24.685446 0.846653 -27.336803
v 18.335413 0.987764 -27.336803
v 24.685446 0.987769 -27.336803
v 18.335413 1.128874 -27.593678
v 24.685446 1.128873 -27.593639
v 43.427643 2.063744 -27.722118
v 43.594391 1.862654 -27.593678
v 37.528435 1.862654 -27.593678
v 43.735420 1.693315 -27.465240
v 37.385445 1.693313 -27.465290
v 43.735420 1.552205 -27.593678
v 37.385445 1.552209 -27.593636
v 43.735420 0.705545 -27.465240
v 37.385445 0.846653 -27.336803
v 43.735420 0.846654 -27.336803
v 37.385445 0.987769 -27.336803
v 43.735420 0.987764 -27.336803
v 37.385445 1.128873 -27.593639
v 43.735420 1.128874 -27.593678
v 16.757639 2.063744 -27.722115
v 16.924395 1.862654 -27.593678
v 10.858438 1.862654 -27.593678
v 17.065413 1.693315 -27.465240
v 10.715414 1.693315 -27.465240
v 17.065413 1.552205 -27.593678
v 10.715414 1.552207 -27.593678
v 17.065413 0.705545 -27.465240
v 10.715414 0.846656 -27.336811
v 17.065413 0.846654 -27.336803
v 10.715414 0.987765 -27.336803
v 17.065413 0.987764 -27.336803
v 10.715414 1.128875 -27.593674
v 17.065413 1.128874 -27.593678
v 1.368149 0.705547 -27.465240
v 0.555414 0.846656 -27.336811
v 1.368143 0.846657 -27.336803
v 0.555414 0.987765 -27.336803
v 1.368143 0.987767 -27.336803
v 0.555414 1.128875 -27.593674
v 1.368149 1.128876 -27.593678
v 1.368145 2.063746 -27.722107
v 1.755077 1.862657 -27.971798
v 1.368143 1.862657 -27.593674
v 1.883509 1.693318 -27.971806
v 1.368145 1.693315 -27.465240
v 1.755081 1.552205 -27.971806
v 1.368149 1.552205 -27.593678
v 1.368149 1.128876 -27.593678
v 2.009506 0.987767 -27.971806
v 1.368143 0.987767 -27.336803
v 2.009506 0.846657 -27.971806
v 1.368143 0.846657 -27.336803
v 1.883509 0.705547 -27.971798
v 1.368149 0.705547 -27.465240
v 0.247641 2.063744 -27.722115
v 0.414394 1.862654 -27.593678
v -5.651560 1.862654 -27.593678
v 0.555414 1.693315 -27.465240
v -5.794584 1.693315 -27.465240
v 0.555414 1.552207 -27.593678
v -5.794584 1.552205 -27.593678
v 0.555414 0.705546 -27.465240
v -5.794584 0.846654 -27.336803
v 0.555414 0.846656 -27.336811
v -5.794584 0.987764 -27.336803
v 0.555414 0.987765 -27.336803
v -5.794584 1.128874 -27.593678
v 0.555414 1.128875 -27.593674
v 66.912918 33.019989 -27.971806
v 66.793854 33.337490 -27.971806
v 66.912918 33.019989 -27.544788
v 66.793854 33.337490 -27.505100
v 67.428856 33.019989 -27.147911
v 67.389168 33.337490 -26.909786
v 68.063850 33.337490 -26.909786
v 44.886360 4.101017 -26.820858
v 44.910271 3.655648 -26.796940
v 44.886353 4.101016 -26.146175
v 44.886353 3.663049 -26.146175
v 44.291039 4.101016 -25.550877
v 44.291046 3.663049 -25.550877
v 43.179787 3.663049 -25.550873
v 44.806976 33.329868 -26.900238
v 44.806976 33.329868 -26.225559
v 44.806976 33.647369 -26.225563
v 44.211670 33.329868 -25.630249
v 44.211662 33.647369 -25.630249
v 43.259163 33.329868 -25.630249
v 43.259171 33.647369 -25.630245
v 19.486349 1.561017 -26.820854
v 19.510267 1.115648 -26.796928
v 19.486349 1.561017 -26.146179
v 19.486349 1.123050 -26.146179
v 18.891035 1.561017 -25.550880
v 18.891035 1.123050 -25.550880
v 17.779787 1.123050 -25.550880
v 19.406973 33.337490 -26.900230
v 19.406973 33.337490 -26.225555
v 19.406973 33.654991 -26.225555
v 18.811663 33.337490 -25.630253
v 18.811663 33.654991 -25.630253
v 17.859163 33.337490 -25.630253
v 17.859163 33.654991 -25.630253
v -6.588335 33.654991 -25.630253
v -6.588335 33.337490 -25.630253
v -7.540834 33.654991 -25.630253
v -7.540834 33.337490 -25.630253
v -8.136147 33.654991 -26.225555
v -8.136147 33.337490 -26.225555
v -8.136147 33.337490 -26.900230
v -5.876715 1.115648 -26.783951
v -5.238960 1.561017 -26.820881
v -5.238960 1.123050 -26.820881
v -4.643646 1.561017 -27.416180
v -4.643646 1.123050 -27.416180
v -4.643646 1.561017 -27.971806
v -4.643646 1.123050 -27.971806
v -5.993023 33.337490 -26.900253
v -5.318335 33.654991 -26.900253
v -5.318335 33.337490 -26.900253
v -4.723019 33.654991 -27.495556
v -4.723019 33.337490 -27.495556
v -4.723021 33.337490 -27.971806
v -4.842085 33.019989 -27.971806
v 53.260414 3.104435 -27.336803
v 53.260422 2.539994 -27.336803
v 46.910416 3.104434 -27.336803
v 46.910423 2.539994 -27.336803
v 43.735420 3.104433 -27.336803
v 43.735420 2.539994 -27.336803
v 53.260414 3.245544 -27.465240
v 53.260414 3.104435 -27.336803
v 46.910416 3.245550 -27.465244
v 46.910416 3.104434 -27.336803
v 43.735420 3.245554 -27.465252
v 43.735420 3.104433 -27.336803
v 53.260414 4.092206 -27.593678
v 53.260414 3.668874 -27.593678
v 46.910416 4.092209 -27.593678
v 46.910416 3.668872 -27.593678
v 43.735420 4.092213 -27.593674
v 43.735420 3.668871 -27.593674
v 25.319963 2.063744 -27.722122
v 26.457891 2.063744 -28.573772
v 25.319971 1.693310 -27.465332
v 26.714933 1.693310 -28.573784
v 25.319963 1.552213 -27.593590
v 26.586412 1.552213 -28.573784
v 37.090080 2.063744 -27.722126
v 37.385460 1.862653 -27.593624
v 36.750992 2.063744 -27.722122
v 37.385445 1.693313 -27.465290
v 36.750984 1.693309 -27.465336
v 36.750984 1.552213 -27.593590
v 10.471731 2.063745 -27.722115
v 10.605551 1.862654 -27.593681
v 9.902685 1.862657 -27.593674
v 10.715414 1.693315 -27.465240
v 9.902685 1.693315 -27.465240
v 9.902681 1.552205 -27.593678
v 68.063850 33.337490 -26.909786
v 67.389168 33.337490 -26.909786
v 67.389175 33.654991 -26.909786
v 66.793854 33.337490 -27.505100
v 66.793861 33.654991 -27.505100
v 66.793854 33.654991 -27.971806
v 69.135422 33.019989 -25.758850
v 68.698845 33.019989 -25.758850
v 69.135422 33.337490 -25.639786
v 68.659172 33.337490 -25.639786
v 69.135422 33.654991 -25.639786
v 68.659164 33.654991 -25.639786
v 43.259163 33.329868 -25.630249
v 44.211670 33.329868 -25.630249
v 44.171974 33.012371 -25.749306
v 44.806976 33.329868 -26.225559
v 44.568855 33.012367 -26.265236
v 44.568848 33.012371 -27.138363
v 43.259171 33.647369 -25.630245
v 43.259163 33.329868 -25.630249
v 42.663849 33.647369 -26.225559
v 42.663849 33.329868 -26.225552
v 42.663857 33.647369 -26.900249
v 42.663857 33.329868 -26.900249
v 42.901978 33.012371 -27.138371
v 42.028854 33.012367 -27.138359
v 41.989159 33.329868 -26.900249
v 41.512909 33.012371 -27.535248
v 41.393852 33.329868 -27.495548
v 41.512917 33.012367 -27.971806
v 17.859163 33.337490 -25.630253
v 18.811663 33.337490 -25.630253
v 18.771975 33.019989 -25.749306
v 19.406973 33.337490 -26.225555
v 19.168848 33.019989 -26.265232
v 19.168848 33.019989 -27.138355
v 17.859163 33.654991 -25.630253
v 17.859163 33.337490 -25.630253
v 17.263845 33.654991 -26.225555
v 17.263845 33.337490 -26.225555
v 17.263849 33.654991 -26.900253
v 17.263849 33.337490 -26.900253
v 17.501974 33.019989 -27.138378
v 16.628851 33.019989 -27.138355
v 16.589163 33.337490 -26.900253
v 16.112913 33.019989 -27.535255
v 15.993845 33.337490 -27.495556
v 16.112913 33.019989 -27.971806
v -5.913647 1.561017 -26.820881
v -5.876715 1.115648 -26.783951
v -5.913647 1.561017 -26.146179
v -5.913647 1.123050 -26.146179
v -6.508959 1.561017 -25.550880
v -6.508959 1.123050 -25.550880
v -8.136147 33.654991 -26.900230
v -8.136147 33.337490 -26.900230
v -8.810835 33.654991 -26.900230
v -8.810835 33.337490 -26.900230
v -9.406147 33.654991 -27.495556
v -9.406147 33.337490 -27.495556
v -9.287085 33.019989 -27.535229
v -9.287085 33.019989 -27.971806
v -9.406147 33.337490 -27.495556
v -9.406151 33.337490 -27.971806
v -9.406147 33.654991 -27.495556
v -9.406151 33.654991 -27.971806
v 25.319971 1.693310 -27.465332
v 24.685446 1.693313 -27.465290
v 25.319963 2.063744 -27.722122
v 24.685461 1.862653 -27.593632
v 24.980879 2.063744 -27.722126
v 26.714930 0.705554 -28.573784
v 26.841936 0.564435 -28.573784
v 25.319963 0.564434 -27.336803
v 26.841936 -0.000006 -28.573780
v 25.319971 -0.000006 -27.336803
v 26.586412 1.552213 -28.573784
v 26.714933 1.693310 -28.573784
v 26.714930 1.693310 -28.988571
v 26.457891 2.063744 -28.573772
v 26.457891 2.063744 -28.988567
v 35.613068 2.063743 -28.573788
v 36.750984 1.693309 -27.465336
v 35.356018 1.693309 -28.573784
v 36.750984 1.552213 -27.593590
v 35.484543 1.552213 -28.573772
v 43.735420 -0.000006 -27.336803
v 37.385445 -0.000006 -27.336803
v 37.385445 0.564435 -27.336803
v 36.750984 -0.000006 -27.336811
v 36.750992 0.564436 -27.336803
v 43.735420 0.564435 -27.336803
v 37.385445 0.564435 -27.336803
v 37.385445 0.705550 -27.465290
v 36.750992 0.564436 -27.336803
v 36.750992 0.705554 -27.465332
v 43.735420 1.128874 -27.593678
v 37.385445 1.128873 -27.593639
v 37.385445 1.552209 -27.593636
v 36.750984 1.128871 -27.593590
v 36.750984 1.552213 -27.593590
v 0.799097 2.063745 -27.722115
v 1.368143 1.862657 -27.593674
v 0.665277 1.862654 -27.593681
v 0.555414 1.693315 -27.465240
v 0.555414 1.862654 -27.593681
v 1.368143 1.862657 -27.593674
v 1.368145 1.693315 -27.465240
v 0.555414 1.693315 -27.465240
v 1.368149 1.552205 -27.593678
v 0.555414 1.552207 -27.593678
v 67.960556 3.655648 -26.806499
v 67.984474 4.101016 -26.155724
v 67.984474 3.663049 -26.155724
v 68.579788 4.101016 -25.560413
v 68.579788 3.663049 -25.560413
v 68.301971 33.019989 -27.147911
v 68.063850 33.337490 -26.909786
v 68.301971 33.019989 -26.274788
v 68.063850 33.337490 -26.235100
v 68.659172 33.337490 -25.639786
v 68.063850 33.337490 -26.909786
v 68.063850 33.654991 -26.235100
v 68.063850 33.337490 -26.235100
v 68.659164 33.654991 -25.639786
v 68.659172 33.337490 -25.639786
v 43.259163 33.329868 -25.630249
v 43.298851 33.012371 -25.749306
v 42.663849 33.329868 -26.225552
v 42.901985 33.012367 -26.265251
v 42.901978 33.012371 -27.138371
v 42.547546 3.655648 -26.783939
v 42.584473 4.101016 -26.146183
v 42.584473 3.663049 -26.146183
v 43.179794 4.101016 -25.550877
v 43.179787 3.663049 -25.550873
v 44.910271 3.655648 -26.796940
v 45.561035 4.101017 -26.820862
v 45.561035 3.663049 -26.820862
v 46.156349 4.101017 -27.416176
v 46.156349 3.663049 -27.416176
v 46.076981 33.329868 -27.495556
v 45.957909 33.012371 -27.535236
v 45.481659 33.329868 -26.900238
v 45.441986 33.012367 -27.138359
v 44.568848 33.012371 -27.138363
v 44.806976 33.329868 -26.900238
v 45.481659 33.647369 -26.900238
v 45.481659 33.329868 -26.900238
v 46.076973 33.647369 -27.495552
v 46.076981 33.329868 -27.495556
v 45.957916 33.012367 -27.971806
v 46.076981 33.329868 -27.495556
v 46.076981 33.329868 -27.971806
v 46.076973 33.647369 -27.495552
v 46.076981 33.647369 -27.971806
v 17.859163 33.337490 -25.630253
v 17.898848 33.019989 -25.749306
v 17.263845 33.337490 -26.225555
v 17.501974 33.019989 -26.265255
v 17.501974 33.019989 -27.138378
v 17.147543 1.115648 -26.783951
v 17.184473 1.561017 -26.146179
v 17.184473 1.123050 -26.146179
v 17.779787 1.561017 -25.550880
v 17.779787 1.123050 -25.550880
v 19.510267 1.115648 -26.796928
v 20.161036 1.561017 -26.820854
v 20.161036 1.123050 -26.820854
v 20.756350 1.561017 -27.416180
v 20.756350 1.123050 -27.416180
v 20.676973 33.337490 -27.495556
v 20.557913 33.019989 -27.535229
v 20.081663 33.337490 -26.900230
v 20.041975 33.019989 -27.138355
v 19.168848 33.019989 -27.138355
v 19.406973 33.337490 -26.900230
v 20.081663 33.654991 -26.900230
v 20.081663 33.337490 -26.900230
v 20.676973 33.654991 -27.495556
v 20.676973 33.337490 -27.495556
v 20.557913 33.019989 -27.971806
v 20.676973 33.337490 -27.495556
v 20.676977 33.337490 -27.971806
v 20.676973 33.654991 -27.495556
v 20.676977 33.654991 -27.971806
v -7.540834 33.337490 -25.630253
v -7.501146 33.019989 -25.749306
v -8.136147 33.337490 -26.225555
v -7.898022 33.019989 -26.265232
v -7.898022 33.019989 -27.138355
v -6.588335 33.337490 -25.630253
v -5.993017 33.654991 -26.225555
v -5.993017 33.337490 -26.225555
v -5.993023 33.654991 -26.900253
v -5.993023 33.337490 -26.900253
v -6.231148 33.019989 -27.138378
v -6.231148 33.019989 -26.265255
v -5.993017 33.337490 -26.225555
v -6.628021 33.019989 -25.749306
v -6.588335 33.337490 -25.630253
v -7.898022 33.019989 -27.138355
v -8.771147 33.019989 -27.138355
v -8.810835 33.337490 -26.900230
v -9.287085 33.019989 -27.535229
v -9.406147 33.337490 -27.495556
v -4.723019 33.337490 -27.495556
v -4.842085 33.019989 -27.535255
v -5.318335 33.337490 -26.900253
v -5.358023 33.019989 -27.138355
v -6.231148 33.019989 -27.138378
v 47.220459 4.603744 -27.971806
v 52.952644 4.603744 -27.971806
v 47.220459 4.603744 -27.722115
v 52.952644 4.603744 -27.722118
v 47.053436 4.402655 -27.593678
v 46.910416 4.233313 -27.465244
v 46.910416 4.402653 -27.593678
v 46.767426 4.402652 -27.593678
v 53.570457 4.603744 -27.971806
v 59.302643 4.603744 -27.971806
v 53.570457 4.603744 -27.722115
v 59.302643 4.603744 -27.722118
v 53.260422 2.539994 -27.336803
v 53.260414 3.104435 -27.336803
v 59.610420 2.539994 -27.336803
v 59.610413 3.104435 -27.336803
v 53.260414 3.104435 -27.336803
v 53.260414 3.245544 -27.465240
v 59.610413 3.104435 -27.336803
v 59.610413 3.245544 -27.465240
v 53.260414 3.668874 -27.593678
v 53.260414 4.092206 -27.593678
v 59.610413 3.668874 -27.593678
v 59.610413 4.092206 -27.593678
v 43.734276 4.603744 -27.722122
v 43.734283 4.603744 -27.971806
v 46.600288 4.603744 -27.722122
v 46.600288 4.603744 -27.971806
v 59.920456 4.603744 -27.971806
v 65.652641 4.603744 -27.971806
v 59.920456 4.603744 -27.722115
v 65.652641 4.603744 -27.722118
v 59.610420 2.539994 -27.336803
v 59.610413 3.104435 -27.336803
v 65.960419 2.539994 -27.336803
v 65.960411 3.104434 -27.336803
v 59.610413 3.104435 -27.336803
v 59.610413 3.245544 -27.465240
v 65.960411 3.104434 -27.336803
v 65.960411 3.245550 -27.465244
v 59.610413 3.668874 -27.593678
v 59.610413 4.092206 -27.593678
v 65.960411 3.668872 -27.593678
v 65.960411 4.092209 -27.593678
v 69.136566 4.603744 -27.722122
v 66.270554 4.603744 -27.722122
v 69.136566 4.603744 -27.971806
v 66.270546 4.603744 -27.971806
v 65.960411 4.092209 -27.593678
v 69.135284 4.092213 -27.593674
v 65.960411 3.668872 -27.593678
v 69.135284 3.668871 -27.593674
v 65.960411 3.245550 -27.465244
v 69.135284 3.245554 -27.465252
v 65.960411 3.104434 -27.336803
v 69.135284 3.104433 -27.336803
v 65.960411 3.104434 -27.336803
v 69.135284 3.104433 -27.336803
v 65.960419 2.539994 -27.336803
v 69.135292 2.539994 -27.336803
v 25.319963 0.564434 -27.336803
v 25.319971 -0.000006 -27.336803
v 24.685446 0.564435 -27.336803
v 24.685446 -0.000006 -27.336803
v 25.319963 0.705554 -27.465332
v 25.319963 0.564434 -27.336803
v 24.685446 0.705549 -27.465290
v 24.685446 0.564435 -27.336803
v 25.319963 1.552213 -27.593590
v 25.319963 1.128871 -27.593590
v 24.685446 1.552209 -27.593636
v 24.685446 1.128873 -27.593639
v 24.685446 1.552209 -27.593636
v 24.685446 1.693313 -27.465290
v 25.319963 1.552213 -27.593590
v 25.319971 1.693310 -27.465332
v 25.319963 1.552213 -27.593590
v 26.586412 1.552213 -28.573784
v 25.319963 1.128871 -27.593590
v 26.586416 1.128871 -28.573784
v 26.895552 0.564435 -28.988571
v 26.895555 -0.000006 -28.988564
v 26.841936 0.564435 -28.573784
v 26.841936 -0.000006 -28.573780
v 26.773512 0.705555 -28.988571
v 26.895552 0.564435 -28.988571
v 26.714930 0.705554 -28.573784
v 26.841936 0.564435 -28.573784
v 26.586412 1.552213 -28.988564
v 26.586412 1.128871 -28.988567
v 26.586412 1.552213 -28.573784
v 26.586416 1.128871 -28.573784
v 35.093880 0.564436 -28.573780
v 36.750992 0.564436 -27.336803
v 35.093887 -0.000006 -28.573788
v 36.750984 -0.000006 -27.336811
v 35.093880 0.564436 -28.573780
v 35.356018 0.705555 -28.573788
v 36.750992 0.564436 -27.336803
v 36.750992 0.705554 -27.465332
v 35.484550 1.128871 -28.573780
v 35.484543 1.552213 -28.573772
v 36.750984 1.128871 -27.593590
v 36.750984 1.552213 -27.593590
v 35.613075 2.063743 -28.988567
v 35.613068 2.063743 -28.573788
v 35.356026 1.693310 -28.988571
v 35.356018 1.693309 -28.573784
v 35.175285 0.564435 -28.988571
v 35.093880 0.564436 -28.573780
v 35.175285 -0.000006 -28.988564
v 35.093887 -0.000006 -28.573788
v 35.286194 0.705554 -28.988571
v 35.356018 0.705555 -28.573788
v 35.175285 0.564435 -28.988571
v 35.093880 0.564436 -28.573780
v 35.286194 0.705554 -28.988571
v 35.175278 0.846651 -28.988571
v 35.356018 0.705555 -28.573788
v 35.093872 0.846650 -28.573772
v 35.175285 0.987774 -28.988575
v 35.093895 0.987774 -28.573784
v 35.175278 0.846651 -28.988571
v 35.093872 0.846650 -28.573772
v 35.484550 1.128871 -28.988567
v 35.484550 1.128871 -28.573780
v 35.175285 0.987774 -28.988575
v 35.093895 0.987774 -28.573784
v 35.484550 1.552213 -28.988564
v 35.484543 1.552213 -28.573772
v 35.484550 1.128871 -28.988567
v 35.484550 1.128871 -28.573780
v 35.356018 1.693309 -28.573784
v 35.484543 1.552213 -28.573772
v 35.356026 1.693310 -28.988571
v 35.484550 1.552213 -28.988564
v 18.645456 2.063744 -27.971806
v 24.377638 2.063744 -27.971806
v 18.645456 2.063744 -27.722115
v 24.377634 2.063744 -27.722118
v 18.335413 -0.000006 -27.336803
v 18.335413 0.564435 -27.336803
v 24.685446 -0.000006 -27.336803
v 24.685446 0.564435 -27.336803
v 18.335413 0.564435 -27.336803
v 18.335413 0.705545 -27.465240
v 24.685446 0.564435 -27.336803
v 24.685446 0.705549 -27.465290
v 18.335413 1.128874 -27.593678
v 18.335413 1.552205 -27.593678
v 24.685446 1.128873 -27.593639
v 24.685446 1.552209 -27.593636
v 37.695457 2.063744 -27.971806
v 43.427643 2.063744 -27.971806
v 37.695457 2.063744 -27.722115
v 43.427643 2.063744 -27.722118
v 10.715414 -0.000005 -27.336803
v 9.902678 -0.000005 -27.336800
v 10.715414 0.564436 -27.336803
v 9.902681 0.564438 -27.336803
v 10.715414 0.564436 -27.336803
v 9.902681 0.564438 -27.336803
v 10.715414 0.705546 -27.465240
v 9.902681 0.705547 -27.465240
v 9.902681 1.552205 -27.593678
v 10.715414 1.552207 -27.593678
v 9.902681 1.128876 -27.593678
v 10.715414 1.128875 -27.593674
v 9.902681 1.128876 -27.593678
v 9.515741 1.128876 -27.971802
v 9.902681 1.552205 -27.593678
v 9.515745 1.552205 -27.971806
v 9.902681 0.564438 -27.336803
v 9.261324 0.564436 -27.971806
v 9.902681 0.705547 -27.465240
v 9.387320 0.705547 -27.971798
v 9.902678 -0.000005 -27.336800
v 9.261324 -0.000005 -27.971813
v 9.902681 0.564438 -27.336803
v 9.261324 0.564436 -27.971806
v 9.644182 2.063745 -27.971806
v 10.471735 2.063745 -27.971806
v 9.902685 2.063746 -27.722107
v 10.471731 2.063745 -27.722115
v 11.025454 2.063744 -27.971806
v 16.757639 2.063744 -27.971806
v 11.025457 2.063744 -27.722115
v 16.757639 2.063744 -27.722115
v 10.715414 -0.000005 -27.336803
v 10.715414 0.564436 -27.336803
v 17.065413 -0.000006 -27.336803
v 17.065413 0.564435 -27.336803
v 10.715414 0.564436 -27.336803
v 10.715414 0.705546 -27.465240
v 17.065413 0.564435 -27.336803
v 17.065413 0.705545 -27.465240
v 10.715414 1.128875 -27.593674
v 10.715414 1.552207 -27.593678
v 17.065413 1.128874 -27.593678
v 17.065413 1.552205 -27.593678
v 0.555416 -0.000005 -27.336803
v 0.555416 0.564436 -27.336803
v 1.368151 -0.000005 -27.336800
v 1.368149 0.564438 -27.336803
v 0.555416 0.564436 -27.336803
v 0.555414 0.705546 -27.465240
v 1.368149 0.564438 -27.336803
v 1.368149 0.705547 -27.465240
v 1.368149 1.552205 -27.593678
v 1.368149 1.128876 -27.593678
v 0.555414 1.552207 -27.593678
v 0.555414 1.128875 -27.593674
v 1.368149 1.128876 -27.593678
v 1.368149 1.552205 -27.593678
v 1.755083 1.128876 -27.971802
v 1.755081 1.552205 -27.971806
v 1.368149 0.564438 -27.336803
v 1.368149 0.705547 -27.465240
v 2.009506 0.564436 -27.971806
v 1.883509 0.705547 -27.971798
v 1.368151 -0.000005 -27.336800
v 1.368149 0.564438 -27.336803
v 2.009506 -0.000005 -27.971813
v 2.009506 0.564436 -27.971806
v 1.626646 2.063745 -27.971806
v 1.368145 2.063746 -27.722107
v 0.799093 2.063745 -27.971806
v 0.799097 2.063745 -27.722115
v -5.484541 2.063744 -27.971806
v 0.247641 2.063744 -27.971806
v -5.484539 2.063744 -27.722115
v 0.247641 2.063744 -27.722115
v -5.794584 -0.000006 -27.336803
v -5.794584 0.564435 -27.336803
v 0.555416 -0.000005 -27.336803
v 0.555416 0.564436 -27.336803
v -5.794584 0.564435 -27.336803
v -5.794584 0.705545 -27.465240
v 0.555416 0.564436 -27.336803
v 0.555414 0.705546 -27.465240
v -5.794584 1.128874 -27.593678
v -5.794584 1.552205 -27.593678
v 0.555414 1.128875 -27.593674
v 0.555414 1.552207 -27.593678
v 69.135422 3.663049 -25.560413
v 68.579788 3.663049 -25.560413
v 69.135422 4.101016 -25.560413
v 68.579788 4.101016 -25.560413
v 46.156357 3.663049 -27.971806
v 46.156349 3.663049 -27.416176
v 46.156357 4.101017 -27.971806
v 46.156349 4.101017 -27.416176
v 20.756350 1.123050 -27.971806
v 20.756350 1.123050 -27.416180
v 20.756350 1.561017 -27.971806
v 20.756350 1.561017 -27.416180
v -7.540834 33.337490 -25.630253
v -6.588335 33.337490 -25.630253
v -7.501146 33.019989 -25.749306
v -6.628021 33.019989 -25.749306
v -7.620209 1.123050 -25.550880
v -7.620209 1.561017 -25.550880
v -6.508959 1.123050 -25.550880
v -6.508959 1.561017 -25.550880
v 47.053436 4.402655 -27.593678
v 47.220459 4.603744 -27.722115
v 52.952644 4.603744 -27.722118
v 53.260414 4.233315 -27.465240
v 53.119392 4.402655 -27.593678
v 53.260414 4.402655 -27.593678
v 46.910416 3.386653 -27.336803
v 53.260414 3.245544 -27.465240
v 46.910416 3.245550 -27.465244
v 53.403435 4.402655 -27.593678
v 53.570457 4.603744 -27.722115
v 59.302643 4.603744 -27.722118
v 53.403435 4.402655 -27.593678
v 53.260414 4.233315 -27.465240
v 53.260414 4.402655 -27.593678
v 59.610413 4.233315 -27.465240
v 59.469391 4.402655 -27.593678
v 59.610413 4.402655 -27.593678
v 53.260414 3.386655 -27.336803
v 59.610413 3.245544 -27.465240
v 53.260414 3.245544 -27.465240
v 43.734276 4.603744 -27.722122
v 46.600288 4.603744 -27.722122
v 43.734428 4.402652 -27.593674
v 46.910416 3.527769 -27.336803
v 43.735420 3.668871 -27.593674
v 46.910416 3.668872 -27.593678
v 59.753441 4.402655 -27.593678
v 59.920456 4.603744 -27.722115
v 65.652641 4.603744 -27.722118
v 59.753441 4.402655 -27.593678
v 59.610413 4.233315 -27.465240
v 59.610413 4.402655 -27.593678
v 65.960411 4.233313 -27.465244
v 65.819397 4.402655 -27.593678
v 65.960411 4.402653 -27.593678
v 59.610413 3.386655 -27.336803
v 65.960411 3.245550 -27.465244
v 59.610413 3.245544 -27.465240
v 66.103432 4.402652 -27.593678
v 65.960411 4.233313 -27.465244
v 65.960411 4.402653 -27.593678
v 66.270554 4.603744 -27.722122
v 69.136566 4.603744 -27.722122
v 69.136566 4.402652 -27.593674
v 24.685446 0.987769 -27.336803
v 24.685446 1.128873 -27.593639
v 25.319963 1.128871 -27.593590
v 25.319963 0.564434 -27.336803
v 25.319963 0.705554 -27.465332
v 26.714930 0.705554 -28.573784
v 26.714930 0.705554 -28.573784
v 25.319963 0.705554 -27.465332
v 26.841932 0.846652 -28.573784
v 26.773512 0.705555 -28.988571
v 26.714930 0.705554 -28.573784
v 26.895555 0.846652 -28.988571
v 26.714930 1.693310 -28.988571
v 26.586412 1.552213 -28.988564
v 26.586412 1.552213 -28.573784
v 26.176710 2.063744 -28.484623
v 25.415213 2.063743 -27.971806
v 25.415220 2.063743 -28.484631
v 24.980879 2.063744 -27.722126
v 24.980879 2.063743 -27.971806
v 25.319963 2.063744 -27.722122
v 37.385445 1.128873 -27.593639
v 37.385445 0.987769 -27.336803
v 36.750984 1.128871 -27.593590
v 36.750984 1.552213 -27.593590
v 37.385445 1.693313 -27.465290
v 37.385445 1.552209 -27.593636
v 36.750992 2.063744 -27.722122
v 36.750984 1.693309 -27.465336
v 35.613068 2.063743 -28.573788
v 36.750992 0.705554 -27.465332
v 35.356018 0.705555 -28.573788
v 35.093872 0.846650 -28.573772
v 36.655739 2.063744 -27.971806
v 35.894249 2.063743 -28.484627
v 36.655739 2.063743 -28.484631
v 35.613068 2.063743 -28.573788
v 35.613075 2.063743 -28.988567
v 35.894249 2.063743 -28.988567
v 18.478434 1.862654 -27.593678
v 18.645456 2.063744 -27.722115
v 24.377634 2.063744 -27.722118
v 18.478434 1.862654 -27.593678
v 18.335413 1.693315 -27.465240
v 18.335413 1.862654 -27.593678
v 24.685446 1.693313 -27.465290
v 24.544390 1.862654 -27.593678
v 24.685461 1.862653 -27.593632
v 18.335413 0.846654 -27.336803
v 24.685446 0.705549 -27.465290
v 18.335413 0.705545 -27.465240
v 37.528435 1.862654 -27.593678
v 37.695457 2.063744 -27.722115
v 43.427643 2.063744 -27.722118
v 37.528435 1.862654 -27.593678
v 37.385445 1.693313 -27.465290
v 37.385460 1.862653 -27.593624
v 43.735420 1.693315 -27.465240
v 43.594391 1.862654 -27.593678
v 43.735420 1.862654 -27.593678
v 37.385445 0.564435 -27.336803
v 43.735420 0.564435 -27.336803
v 43.735420 -0.000006 -27.336803
v 37.385445 0.705550 -27.465290
v 43.735420 0.705545 -27.465240
v 43.735420 0.564435 -27.336803
v 37.385445 0.846653 -27.336803
v 43.735420 0.705545 -27.465240
v 37.385445 0.705550 -27.465290
v 37.385445 1.552209 -27.593636
v 43.735420 1.552205 -27.593678
v 43.735420 1.128874 -27.593678
v 10.471731 2.063745 -27.722115
v 9.902685 1.862657 -27.593674
v 9.902685 2.063746 -27.722107
v 10.605551 1.862654 -27.593681
v 10.715414 1.862654 -27.593681
v 10.715414 1.693315 -27.465240
v 9.902681 1.552205 -27.593678
v 10.715414 1.693315 -27.465240
v 10.715414 1.552207 -27.593678
v 10.858438 1.862654 -27.593678
v 11.025457 2.063744 -27.722115
v 16.757639 2.063744 -27.722115
v 10.858438 1.862654 -27.593678
v 10.715414 1.693315 -27.465240
v 10.715414 1.862654 -27.593681
v 17.065413 1.693315 -27.465240
v 16.924395 1.862654 -27.593678
v 17.065413 1.862654 -27.593678
v 10.715414 0.846656 -27.336811
v 17.065413 0.705545 -27.465240
v 10.715414 0.705546 -27.465240
v 1.368143 1.862657 -27.593674
v 0.799097 2.063745 -27.722115
v 1.368145 2.063746 -27.722107
v 0.555414 0.705546 -27.465240
v 0.555414 0.846656 -27.336811
v 1.368149 0.705547 -27.465240
v 1.368145 2.063746 -27.722107
v 1.626646 2.063745 -27.971806
v 1.755077 1.862657 -27.971798
v 1.755083 1.128876 -27.971802
v 2.009506 0.987767 -27.971806
v 1.368149 1.128876 -27.593678
v -5.651560 1.862654 -27.593678
v -5.484539 2.063744 -27.722115
v 0.247641 2.063744 -27.722115
v -5.651560 1.862654 -27.593678
v -5.794584 1.693315 -27.465240
v -5.794584 1.862654 -27.593678
v 0.555414 1.693315 -27.465240
v 0.414394 1.862654 -27.593678
v 0.555414 1.862654 -27.593681
v -5.794584 0.846654 -27.336803
v 0.555414 0.705546 -27.465240
v -5.794584 0.705545 -27.465240
v 67.984474 4.101016 -26.155724
v 67.960556 3.655648 -26.806499
v 67.984474 4.101017 -26.830414
v 68.301971 33.019989 -26.274788
v 68.659172 33.337490 -25.639786
v 68.698845 33.019989 -25.758850
v 68.063850 33.337490 -26.909786
v 68.063850 33.654991 -26.909786
v 68.063850 33.654991 -26.235100
v 67.428856 33.019989 -27.147911
v 68.063850 33.337490 -26.909786
v 68.301971 33.019989 -27.147911
v 68.063850 33.654991 -26.909786
v 68.063850 33.337490 -26.909786
v 67.389175 33.654991 -26.909786
v 66.793854 33.654991 -27.971806
v 66.793854 33.337490 -27.505100
v 66.793854 33.337490 -27.971806
v 43.298851 33.012371 -25.749306
v 43.259163 33.329868 -25.630249
v 44.171974 33.012371 -25.749306
v 42.663849 33.329868 -26.225552
v 42.901978 33.012371 -27.138371
v 42.663857 33.329868 -26.900249
v 42.584473 4.101016 -26.146183
v 42.547546 3.655648 -26.783939
v 42.584480 4.101017 -26.820877
v 44.806976 33.329868 -26.225559
v 44.806976 33.329868 -26.900238
v 44.568848 33.012371 -27.138363
v 41.989159 33.329868 -26.900249
v 42.663857 33.329868 -26.900249
v 42.901978 33.012371 -27.138371
v 43.179787 3.663049 -25.550873
v 43.179794 4.101016 -25.550877
v 44.291039 4.101016 -25.550877
v 45.561035 4.101017 -26.820862
v 44.910271 3.655648 -26.796940
v 44.886360 4.101017 -26.820858
v 45.481659 33.329868 -26.900238
v 44.568848 33.012371 -27.138363
v 44.806976 33.329868 -26.900238
v 44.806984 33.647369 -26.900234
v 44.806976 33.329868 -26.900238
v 44.806976 33.647369 -26.225563
v 44.806976 33.329868 -26.900238
v 44.806984 33.647369 -26.900234
v 45.481659 33.647369 -26.900238
v 41.393852 33.647369 -27.495560
v 41.393860 33.329868 -27.971806
v 41.393860 33.647369 -27.971806
v 45.957909 33.012371 -27.535236
v 46.076981 33.329868 -27.495556
v 45.957916 33.012367 -27.971806
v 17.898848 33.019989 -25.749306
v 17.859163 33.337490 -25.630253
v 18.771975 33.019989 -25.749306
v 17.263845 33.337490 -26.225555
v 17.501974 33.019989 -27.138378
v 17.263849 33.337490 -26.900253
v 17.184473 1.561017 -26.146179
v 17.147543 1.115648 -26.783951
v 17.184473 1.561017 -26.820881
v 19.406973 33.337490 -26.225555
v 19.406973 33.337490 -26.900230
v 19.168848 33.019989 -27.138355
v 16.589163 33.337490 -26.900253
v 17.263849 33.337490 -26.900253
v 17.501974 33.019989 -27.138378
v 17.779787 1.123050 -25.550880
v 17.779787 1.561017 -25.550880
v 18.891035 1.561017 -25.550880
v 20.161036 1.561017 -26.820854
v 19.510267 1.115648 -26.796928
v 19.486349 1.561017 -26.820854
v 20.081663 33.337490 -26.900230
v 19.168848 33.019989 -27.138355
v 19.406973 33.337490 -26.900230
v 19.406973 33.654991 -26.900230
v 19.406973 33.337490 -26.900230
v 19.406973 33.654991 -26.225555
v 19.406973 33.337490 -26.900230
v 19.406973 33.654991 -26.900230
v 20.081663 33.654991 -26.900230
v 15.993845 33.654991 -27.495556
v 15.993849 33.337490 -27.971806
v 15.993849 33.654991 -27.971806
v 20.557913 33.019989 -27.535229
v 20.676973 33.337490 -27.495556
v 20.557913 33.019989 -27.971806
v -5.993017 33.654991 -26.225555
v -6.588335 33.337490 -25.630253
v -6.588335 33.654991 -25.630253
v -6.231148 33.019989 -27.138378
v -5.993017 33.337490 -26.225555
v -5.993023 33.337490 -26.900253
v -8.136147 33.337490 -26.900230
v -8.136147 33.337490 -26.225555
v -7.898022 33.019989 -27.138355
v -5.993023 33.337490 -26.900253
v -5.318335 33.337490 -26.900253
v -6.231148 33.019989 -27.138378
v -5.238960 1.561017 -26.820881
v -5.876715 1.115648 -26.783951
v -5.913647 1.561017 -26.820881
v -7.898022 33.019989 -27.138355
v -8.810835 33.337490 -26.900230
v -8.136147 33.337490 -26.900230
v -8.136147 33.337490 -26.900230
v -8.136147 33.654991 -26.900230
v -8.136147 33.654991 -26.225555
v -5.993023 33.654991 -26.900253
v -5.318335 33.654991 -26.900253
v -5.993023 33.337490 -26.900253
v -4.723021 33.337490 -27.971806
v -4.723019 33.654991 -27.495556
v -4.723021 33.654991 -27.971806
v -4.842085 33.019989 -27.535255
v -4.723019 33.337490 -27.495556
v -4.842085 33.019989 -27.971806
vt -1.500977 -1.770508
vt -1.500977 -2.196289
vt -0.501953 -1.770508
vt -0.501953 -2.196289
vt -1.500977 -2.070312
vt -0.501953 -2.070312
vt -1.500977 -1.694336
vt -0.501953 -1.694336
vt 3.501953 -1.679688
vt 3.501953 -2.043945
vt 2.943359 -1.679688
vt 2.943359 -2.043945
vt 3.501953 -2.194336
vt 2.943359 -2.194336
vt 3.501953 -1.774414
vt 2.943359 -1.774414
vt 2.690430 1.042969
vt 2.593750 0.803711
vt 2.884766 1.042969
vt 2.884766 0.803711
vt 2.497070 0.652344
vt 2.884766 0.652344
vt 2.593750 0.796875
vt 2.884766 0.796875
vt 2.677734 -1.774414
vt 2.502930 -2.194336
vt 2.943359 -1.774414
vt 2.943359 -2.194336
vt 2.502930 -2.043945
vt 2.943359 -2.043945
vt 2.589844 -1.679688
vt 2.943359 -1.679688
vt 1.503906 -0.344727
vt 1.324219 -0.344727
vt 1.503906 -0.657227
vt 1.324219 -0.657227
vt 1.003906 -0.344727
vt 1.003906 -0.657227
vt 1.162109 -0.344727
vt 1.162109 -0.657227
vt 1.503906 -0.344727
vt 1.324219 -0.344727
vt 1.503906 -0.657227
vt 1.324219 -0.657227
vt 1.003906 -0.344727
vt 1.003906 -0.657227
vt 1.164062 -0.344727
vt 1.164062 -0.657227
vt -1.489258 -1.000000
vt -1.059570 -1.000000
vt -1.489258 -1.311523
vt -1.059570 -1.311523
vt -0.586914 -1.000000
vt -0.586914 -1.311523
vt -0.823242 -1.311523
vt -0.823242 -1.624023
vt 1.503906 -0.344727
vt 1.324219 -0.344727
vt 1.503906 -0.657227
vt 1.324219 -0.657227
vt 1.003906 -0.344727
vt 1.003906 -0.657227
vt 1.164062 -0.344727
vt 1.164062 -0.657227
vt -1.489258 -1.000000
vt -1.059570 -1.000000
vt -1.489258 -1.311523
vt -1.059570 -1.311523
vt -0.586914 -1.000000
vt -0.586914 -1.311523
vt -0.823242 -1.311523
vt -0.823242 -1.624023
vt 1.416992 1.045898
vt -0.443359 0.830078
vt 1.453125 0.828125
vt 1.502930 0.655273
vt -0.504883 0.655273
vt 1.496094 0.794922
vt -0.498047 0.794922
vt 0.497070 -1.694336
vt 0.497070 -2.070312
vt -1.500977 -2.070312
vt -1.500977 -2.196289
vt 0.497070 -2.196289
vt -1.500977 -1.770508
vt 0.497070 -1.770508
vt 1.416992 1.045898
vt -0.443359 0.830078
vt 1.453125 0.828125
vt 1.502930 0.655273
vt -0.504883 0.655273
vt 1.496094 0.794922
vt -0.498047 0.794922
vt 0.497070 -1.694336
vt 0.497070 -2.070312
vt -1.500977 -2.070312
vt -1.500977 -2.196289
vt 0.497070 -2.196289
vt -1.500977 -1.770508
vt 0.497070 -1.770508
vt -0.422852 1.047852
vt 0.504883 0.829102
vt -0.443359 0.830078
vt -0.504883 0.655273
vt 0.499023 0.655273
vt -0.498047 0.794922
vt 0.499023 0.794922
vt -0.501953 -1.770508
vt -0.501953 -2.196289
vt -1.500977 -2.196289
vt -1.500977 -2.070312
vt -0.501953 -2.070312
vt -1.500977 -1.694336
vt -0.501953 -1.694336
vt 1.416992 1.045898
vt -0.443359 0.830078
vt 1.453125 0.828125
vt 1.502930 0.655273
vt -0.504883 0.655273
vt 1.496094 0.794922
vt -0.498047 0.794922
vt 0.497070 -1.694336
vt 0.497070 -2.070312
vt -1.500977 -2.070312
vt -1.500977 -2.196289
vt 0.497070 -2.196289
vt -1.500977 -1.770508
vt 0.497070 -1.770508
vt 0.499023 0.794922
vt 0.499023 0.655273
vt -0.498047 0.794922
vt -0.504883 0.655273
vt 0.504883 0.829102
vt -0.443359 0.830078
vt -0.422852 1.047852
vt -1.288086 -1.770508
vt -1.500977 -2.196289
vt -1.288086 -2.196289
vt -1.288086 -2.070312
vt -1.500977 -2.070312
vt -1.288086 -1.694336
vt -1.500977 -1.694336
vt -1.285156 -1.694336
vt -0.488281 -2.070312
vt -1.285156 -2.070312
vt -1.285156 -2.196289
vt -0.488281 -2.196289
vt -1.285156 -1.770508
vt -0.488281 -1.770508
vt -1.484375 -1.694336
vt -1.288086 -2.070312
vt -1.484375 -2.070312
vt -1.484375 -2.196289
vt -1.288086 -2.196289
vt -1.484375 -1.770508
vt -1.288086 -1.770508
vt 0.583008 2.208008
vt 0.533203 2.001953
vt 0.692383 2.162109
vt 1.058594 2.223633
vt 1.360352 2.007812
vt 1.105469 2.360352
vt 1.357422 2.266602
vt -1.500977 -1.694336
vt -1.500977 -2.070312
vt -1.288086 -1.694336
vt -1.288086 -2.070312
vt -1.500977 -2.196289
vt -1.288086 -2.196289
vt -1.288086 -1.770508
vt -0.488281 -1.770508
vt -0.488281 -2.196289
vt -1.285156 -1.770508
vt -1.285156 -2.196289
vt -0.488281 -2.070312
vt -1.285156 -2.070312
vt -1.285156 -1.694336
vt 1.105469 2.360352
vt 1.360352 2.007812
vt 1.058594 2.223633
vt 0.692383 2.162109
vt 0.533203 2.001953
vt 0.583008 2.208008
vt 0.537109 2.099609
vt 1.416992 1.045898
vt -0.443359 0.830078
vt 1.453125 0.828125
vt 1.502930 0.655273
vt -0.504883 0.655273
vt 1.496094 0.794922
vt -0.498047 0.794922
vt 0.497070 -1.694336
vt 0.497070 -2.070312
vt -1.500977 -2.070312
vt -1.500977 -2.196289
vt 0.497070 -2.196289
vt -1.500977 -1.770508
vt 0.497070 -1.770508
vt 1.416992 1.045898
vt -0.443359 0.830078
vt 1.453125 0.828125
vt 1.502930 0.655273
vt -0.504883 0.655273
vt 1.496094 0.794922
vt -0.498047 0.794922
vt 0.497070 -1.694336
vt 0.497070 -2.070312
vt -1.500977 -2.070312
vt -1.500977 -2.196289
vt 0.497070 -2.196289
vt -1.500977 -1.770508
vt 0.497070 -1.770508
vt 1.416992 1.045898
vt -0.443359 0.830078
vt 1.453125 0.828125
vt 1.502930 0.655273
vt -0.504883 0.655273
vt 1.496094 0.794922
vt -0.498047 0.794922
vt 0.497070 -1.694336
vt 0.497070 -2.070312
vt -1.500977 -2.070312
vt -1.500977 -2.196289
vt 0.497070 -2.196289
vt -1.500977 -1.770508
vt 0.497070 -1.770508
vt 2.943359 -1.679688
vt 2.943359 -2.043945
vt 3.501953 -2.043945
vt 3.501953 -2.194336
vt 2.943359 -2.194336
vt 3.501953 -1.774414
vt 2.943359 -1.774414
vt 2.884766 1.042969
vt 2.884766 0.803711
vt 2.593750 0.803711
vt 2.497070 0.652344
vt 2.884766 0.652344
vt 2.593750 0.796875
vt 2.884766 0.796875
vt 2.943359 -1.774414
vt 2.943359 -2.194336
vt 2.502930 -2.194336
vt 2.502930 -2.043945
vt 2.943359 -2.043945
vt 2.589844 -1.679688
vt 2.943359 -1.679688
vt 1.416992 1.045898
vt -0.443359 0.830078
vt 1.453125 0.828125
vt 1.502930 0.655273
vt -0.504883 0.655273
vt 1.496094 0.794922
vt -0.498047 0.794922
vt 0.497070 -1.694336
vt 0.497070 -2.070312
vt -1.500977 -2.070312
vt -1.500977 -2.196289
vt 0.497070 -2.196289
vt -1.500977 -1.770508
vt 0.497070 -1.770508
vt -0.818359 -1.624023
vt -0.586914 -1.624023
vt -0.818359 -1.311523
vt -0.586914 -1.311523
vt -1.059570 -1.624023
vt -1.059570 -1.311523
vt -1.489258 -1.311523
vt 1.503906 -0.344727
vt 1.324219 -0.344727
vt 1.503906 -0.657227
vt 1.324219 -0.657227
vt 1.003906 -0.344727
vt 1.003906 -0.657227
vt 1.324219 -0.657227
vt -1.489258 -1.311523
vt -1.059570 -1.000000
vt -1.059570 -1.311523
vt -0.586914 -1.311523
vt -0.586914 -1.000000
vt -1.059570 -1.311523
vt -1.059570 -1.000000
vt 1.503906 -0.344727
vt 1.324219 -0.344727
vt 1.503906 -0.657227
vt 1.324219 -0.657227
vt 1.003906 -0.344727
vt 1.003906 -0.657227
vt 1.324219 -0.657227
vt -1.489258 -1.311523
vt -1.059570 -1.000000
vt -1.059570 -1.311523
vt -0.586914 -1.311523
vt -0.586914 -1.000000
vt -1.059570 -1.311523
vt -1.059570 -1.000000
vt -1.059570 -1.000000
vt -0.586914 -1.000000
vt -1.059570 -1.311523
vt -0.586914 -1.311523
vt -1.059570 -1.000000
vt -1.059570 -1.311523
vt -1.489258 -1.311523
vt 1.503906 -0.657227
vt 1.324219 -0.657227
vt 1.324219 -0.344727
vt 1.003906 -0.344727
vt 1.003906 -0.657227
vt 1.164062 -0.344727
vt 1.164062 -0.657227
vt -1.489258 -1.311523
vt -1.059570 -1.311523
vt -1.059570 -1.000000
vt -0.586914 -1.000000
vt -0.586914 -1.311523
vt -0.823242 -1.311523
vt -0.823242 -1.624023
vt 0.497070 -3.003906
vt -1.500977 -3.003906
vt 0.497070 -2.603516
vt -1.500977 -2.603516
vt -0.501953 -3.003906
vt -0.501953 -2.603516
vt 0.497070 -3.352539
vt -1.500977 -3.352539
vt 0.497070 -3.003906
vt -1.500977 -3.003906
vt -0.501953 -3.352539
vt -0.501953 -3.003906
vt 0.497070 -0.346680
vt -1.500977 -0.346680
vt 0.497070 -0.653320
vt -1.500977 -0.653320
vt -0.501953 -0.346680
vt -0.501953 -0.653320
vt -0.207031 1.047852
vt -0.289062 0.655273
vt 0.436523 1.045898
vt 0.518555 0.655273
vt -0.282227 0.794922
vt 0.510742 0.794922
vt -0.494141 1.047852
vt -0.311523 1.045898
vt -0.498047 0.799805
vt -0.504883 0.655273
vt -0.282227 0.655273
vt -0.289062 0.794922
vt 3.312500 1.042969
vt 2.884766 0.803711
vt 3.414062 0.802734
vt 3.496094 0.652344
vt 2.884766 0.652344
vt 2.884766 0.796875
vt -1.489258 -1.311523
vt -1.059570 -1.000000
vt -1.059570 -1.311523
vt -0.586914 -1.311523
vt -0.586914 -1.000000
vt -0.818359 -1.000000
vt -0.823242 -1.624023
vt -0.823242 -1.311523
vt -1.059570 -1.624023
vt -1.059570 -1.311523
vt -0.823242 -1.000000
vt -1.059570 -1.000000
vt -1.059570 -1.311523
vt -0.586914 -1.624023
vt -0.586914 -1.311523
vt -1.059570 -1.311523
vt -1.059570 -1.624023
vt -1.489258 -1.624023
vt -2.398438 -1.000000
vt -1.998047 -1.000000
vt -2.398438 -1.311523
vt -1.998047 -1.311523
vt -1.489258 -1.000000
vt -1.489258 -1.311523
vt -1.489258 -1.624023
vt -1.059570 -1.311523
vt -1.059570 -1.624023
vt -0.586914 -1.624023
vt -0.586914 -1.311523
vt -0.823242 -1.624023
vt -1.059570 -1.311523
vt -0.586914 -1.624023
vt -0.586914 -1.311523
vt -1.059570 -1.311523
vt -1.059570 -1.624023
vt -1.489258 -1.624023
vt -2.398438 -1.000000
vt -1.998047 -1.000000
vt -2.398438 -1.311523
vt -1.998047 -1.311523
vt -1.489258 -1.000000
vt -1.489258 -1.311523
vt -1.489258 -1.624023
vt -1.059570 -1.311523
vt -1.059570 -1.624023
vt -0.586914 -1.624023
vt -0.586914 -1.311523
vt -0.823242 -1.624023
vt 1.503906 -0.344727
vt 1.675781 -0.344727
vt 1.503906 -0.657227
vt 1.675781 -0.657227
vt 2.002930 -0.344727
vt 2.002930 -0.657227
vt -1.489258 -1.000000
vt -1.998047 -1.000000
vt -1.489258 -1.311523
vt -1.998047 -1.311523
vt -2.398438 -1.000000
vt -2.398438 -1.311523
vt -1.059570 -1.624023
vt -1.059570 -1.311523
vt -0.823242 -1.624023
vt -0.823242 -1.311523
vt -1.059570 -1.000000
vt -0.823242 -1.000000
vt -0.282227 0.655273
vt -0.311523 1.045898
vt -0.504883 0.655273
vt -0.498047 0.799805
vt -0.494141 1.047852
vt -0.488281 -3.352539
vt -1.285156 -3.003906
vt -0.488281 -3.003906
vt -0.488281 -2.603516
vt -1.285156 -2.603516
vt -0.480469 0.794922
vt -0.282227 0.655273
vt -0.488281 0.655273
vt -0.477539 1.047852
vt -0.311523 1.045898
vt 0.436523 1.045898
vt 0.518555 0.655273
vt -0.289062 0.655273
vt -0.282227 0.794922
vt 0.510742 0.794922
vt 0.497070 -2.603516
vt -1.500977 -3.003906
vt -1.500977 -2.603516
vt -1.288086 -2.603516
vt -1.288086 -3.003906
vt 0.497070 -3.003906
vt -1.500977 -3.352539
vt -1.500977 -3.003906
vt -1.288086 -3.003906
vt -1.288086 -3.352539
vt 0.497070 -0.653320
vt -1.500977 -0.346680
vt -1.500977 -0.653320
vt -1.288086 -0.653320
vt -1.288086 -0.346680
vt 3.312500 1.042969
vt 3.414062 0.802734
vt 2.884766 0.803711
vt 3.496094 0.652344
vt 3.496094 0.803711
vt 2.884766 0.803711
vt 3.496094 0.652344
vt 2.884766 0.652344
vt 2.884766 0.796875
vt 3.496094 0.796875
vt 1.503906 -0.657227
vt 1.675781 -0.657227
vt 1.675781 -0.344727
vt 2.002930 -0.344727
vt 2.002930 -0.657227
vt -1.489258 -1.624023
vt -1.998047 -1.624023
vt -1.489258 -1.311523
vt -1.998047 -1.311523
vt -2.398438 -1.311523
vt -1.489258 -1.311523
vt -1.998047 -1.311523
vt -1.998047 -1.000000
vt -2.398438 -1.000000
vt -2.398438 -1.311523
vt -2.398438 -1.311523
vt -1.998047 -1.311523
vt -2.398438 -1.624023
vt -1.998047 -1.624023
vt -1.489258 -1.624023
vt 1.503906 -0.657227
vt 1.675781 -0.657227
vt 1.675781 -0.344727
vt 2.002930 -0.344727
vt 2.002930 -0.657227
vt 1.503906 -0.657227
vt 1.675781 -0.657227
vt 1.675781 -0.344727
vt 2.002930 -0.344727
vt 2.002930 -0.657227
vt -2.398438 -1.311523
vt -1.998047 -1.311523
vt -2.398438 -1.624023
vt -1.998047 -1.624023
vt -1.489258 -1.624023
vt -1.489258 -1.311523
vt -1.998047 -1.311523
vt -1.998047 -1.000000
vt -2.398438 -1.000000
vt -2.398438 -1.311523
vt -0.823242 -1.624023
vt -0.823242 -1.311523
vt -1.059570 -1.311523
vt -1.059570 -1.000000
vt -0.823242 -1.000000
vt -2.398438 -1.311523
vt -1.998047 -1.311523
vt -2.398438 -1.624023
vt -1.998047 -1.624023
vt -1.489258 -1.624023
vt 1.503906 -0.657227
vt 1.675781 -0.657227
vt 1.675781 -0.344727
vt 2.002930 -0.344727
vt 2.002930 -0.657227
vt 1.503906 -0.657227
vt 1.675781 -0.657227
vt 1.675781 -0.344727
vt 2.002930 -0.344727
vt 2.002930 -0.657227
vt -2.398438 -1.311523
vt -1.998047 -1.311523
vt -2.398438 -1.624023
vt -1.998047 -1.624023
vt -1.489258 -1.624023
vt -1.489258 -1.311523
vt -1.998047 -1.311523
vt -1.998047 -1.000000
vt -2.398438 -1.000000
vt -2.398438 -1.311523
vt -0.823242 -1.624023
vt -0.823242 -1.311523
vt -1.059570 -1.311523
vt -1.059570 -1.000000
vt -0.823242 -1.000000
vt -0.586914 -1.311523
vt -1.059570 -1.311523
vt -0.586914 -1.624023
vt -1.059570 -1.624023
vt -1.489258 -1.624023
vt -2.398438 -1.311523
vt -1.998047 -1.311523
vt -1.998047 -1.000000
vt -1.489258 -1.000000
vt -1.489258 -1.311523
vt -1.489258 -1.624023
vt -1.998047 -1.311523
vt -1.998047 -1.624023
vt -2.398438 -1.624023
vt -2.398438 -1.311523
vt -1.489258 -1.624023
vt -1.998047 -1.311523
vt -1.998047 -1.624023
vt -2.398438 -1.624023
vt -2.398438 -1.311523
vt -0.586914 -1.311523
vt -1.059570 -1.311523
vt -0.586914 -1.624023
vt -1.059570 -1.624023
vt -1.489258 -1.624023
vt -1.500977 -1.000000
vt -1.500977 -1.249023
vt 0.497070 -1.000000
vt 0.497070 -1.249023
vt -0.443359 0.830078
vt -0.498047 0.831055
vt -0.504883 0.655273
vt -0.443359 0.830078
vt -1.500977 -1.000000
vt -1.500977 -1.249023
vt 0.497070 -1.000000
vt 0.497070 -1.249023
vt -1.500977 -2.603516
vt 0.497070 -2.603516
vt -1.500977 -3.003906
vt 0.497070 -3.003906
vt -1.500977 -3.003906
vt 0.497070 -3.003906
vt -1.500977 -3.352539
vt 0.497070 -3.352539
vt -1.500977 -0.653320
vt 0.497070 -0.653320
vt -1.500977 -0.346680
vt 0.497070 -0.346680
vt -0.501953 -1.249023
vt -1.500977 -1.249023
vt -0.501953 -1.000000
vt -1.500977 -1.000000
vt -1.500977 -1.000000
vt -1.500977 -1.249023
vt 0.497070 -1.000000
vt 0.497070 -1.249023
vt -1.500977 -2.603516
vt 0.497070 -2.603516
vt -1.500977 -3.003906
vt 0.497070 -3.003906
vt -1.500977 -3.003906
vt 0.497070 -3.003906
vt -1.500977 -3.352539
vt 0.497070 -3.352539
vt -1.500977 -0.653320
vt 0.497070 -0.653320
vt -1.500977 -0.346680
vt 0.497070 -0.346680
vt -0.501953 -1.249023
vt -0.501953 -1.000000
vt -1.500977 -1.249023
vt -1.500977 -1.000000
vt -1.500977 -0.346680
vt -1.500977 -0.653320
vt -0.501953 -0.346680
vt -0.501953 -0.653320
vt -1.500977 -3.352539
vt -1.500977 -3.003906
vt -0.501953 -3.352539
vt -0.501953 -3.003906
vt -1.500977 -3.003906
vt -1.500977 -2.603516
vt -0.501953 -3.003906
vt -0.501953 -2.603516
vt -1.288086 -3.003906
vt -1.500977 -3.003906
vt -1.288086 -2.603516
vt -1.500977 -2.603516
vt -1.288086 -3.352539
vt -1.500977 -3.352539
vt -1.288086 -3.003906
vt -1.500977 -3.003906
vt -1.288086 -0.346680
vt -1.500977 -0.346680
vt -1.288086 -0.653320
vt -1.500977 -0.653320
vt -0.498047 0.794922
vt -0.289062 0.794922
vt -0.504883 0.655273
vt -0.282227 0.655273
vt -1.285156 -0.346680
vt -1.285156 -0.653320
vt -0.488281 -0.346680
vt -0.488281 -0.653320
vt -1.288086 -3.003906
vt -1.484375 -3.003906
vt -1.288086 -2.603516
vt -1.484375 -2.603516
vt -1.288086 -3.352539
vt -1.484375 -3.352539
vt -1.288086 -3.003906
vt -1.484375 -3.003906
vt -1.288086 -0.346680
vt -1.484375 -0.346680
vt -1.288086 -0.653320
vt -1.484375 -0.653320
vt -0.488281 -3.003906
vt -0.488281 -2.603516
vt -1.285156 -3.003906
vt -1.285156 -2.603516
vt -0.488281 -3.003906
vt -1.285156 -3.003906
vt -0.488281 -3.352539
vt -1.285156 -3.352539
vt -0.488281 -0.653320
vt -1.285156 -0.653320
vt -0.488281 -0.346680
vt -1.285156 -0.346680
vt -0.311523 1.045898
vt -0.282227 0.655273
vt -0.477539 1.047852
vt -0.488281 0.655273
vt -1.288086 -3.003906
vt -1.288086 -2.603516
vt -1.484375 -3.003906
vt -1.484375 -2.603516
vt -1.288086 -3.352539
vt -1.288086 -3.003906
vt -1.484375 -3.352539
vt -1.484375 -3.003906
vt -1.288086 -1.694336
vt -1.484375 -1.694336
vt -1.288086 -2.070312
vt -1.484375 -2.070312
vt -1.288086 -2.196289
vt -1.288086 -2.070312
vt -1.484375 -2.196289
vt -1.484375 -2.070312
vt -1.288086 -1.770508
vt -1.288086 -2.196289
vt -1.484375 -1.770508
vt -1.484375 -2.196289
vt -1.288086 -0.346680
vt -1.288086 -0.653320
vt -1.484375 -0.346680
vt -1.484375 -0.653320
vt -0.488281 0.655273
vt -0.282227 0.655273
vt -0.480469 0.794922
vt -0.289062 0.794922
vt -1.500977 -1.000000
vt -1.500977 -1.249023
vt 0.497070 -1.000000
vt 0.497070 -1.249023
vt -1.500977 -2.603516
vt 0.497070 -2.603516
vt -1.500977 -3.003906
vt 0.497070 -3.003906
vt -1.500977 -3.003906
vt 0.497070 -3.003906
vt -1.500977 -3.352539
vt 0.497070 -3.352539
vt -1.500977 -0.653320
vt 0.497070 -0.653320
vt -1.500977 -0.346680
vt 0.497070 -0.346680
vt -1.500977 -1.000000
vt -1.500977 -1.249023
vt 0.497070 -1.000000
vt 0.497070 -1.249023
vt -1.482422 -3.602539
vt -1.482422 -3.986328
vt -2.040039 -3.602539
vt -2.040039 -3.986328
vt -1.482422 -3.002930
vt -1.482422 -3.347656
vt -2.040039 -3.002930
vt -2.040039 -3.347656
vt -1.799805 -2.347656
vt -1.799805 -2.618164
vt -1.503906 -2.347656
vt -1.503906 -2.618164
vt -1.799805 -2.618164
vt -1.799805 -2.347656
vt -2.000977 -2.618164
vt -2.000977 -2.347656
vt -2.040039 -3.002930
vt -2.040039 -3.347656
vt -2.480469 -3.002930
vt -2.394531 -3.347656
vt -2.040039 -3.602539
vt -2.040039 -3.986328
vt -2.480469 -3.602539
vt -2.480469 -3.986328
vt 2.488281 1.826172
vt 2.800781 1.708984
vt 3.487305 1.826172
vt 3.487305 1.708984
vt -1.500977 -1.000000
vt -1.500977 -1.249023
vt 0.497070 -1.000000
vt 0.497070 -1.249023
vt -1.500977 -2.603516
vt 0.497070 -2.603516
vt -1.500977 -3.003906
vt 0.497070 -3.003906
vt -1.500977 -3.003906
vt 0.497070 -3.003906
vt -1.500977 -3.352539
vt 0.497070 -3.352539
vt -1.500977 -0.653320
vt 0.497070 -0.653320
vt -1.500977 -0.346680
vt 0.497070 -0.346680
vt -1.482422 -3.602539
vt -2.040039 -3.602539
vt -1.482422 -3.986328
vt -2.040039 -3.986328
vt -1.482422 -3.002930
vt -2.040039 -3.002930
vt -1.482422 -3.347656
vt -2.040039 -3.347656
vt -1.799805 -2.347656
vt -1.503906 -2.347656
vt -1.799805 -2.618164
vt -1.503906 -2.618164
vt -1.799805 -2.618164
vt -2.000977 -2.618164
vt -1.799805 -2.347656
vt -2.000977 -2.347656
vt -2.040039 -3.002930
vt -2.480469 -3.002930
vt -2.040039 -3.347656
vt -2.394531 -3.347656
vt -2.040039 -3.602539
vt -2.480469 -3.602539
vt -2.040039 -3.986328
vt -2.480469 -3.986328
vt 2.488281 1.826172
vt 3.487305 1.826172
vt 2.800781 1.708984
vt 3.487305 1.708984
vt -1.500977 -1.000000
vt -1.500977 -1.249023
vt 0.497070 -1.000000
vt 0.497070 -1.249023
vt -1.500977 -2.603516
vt 0.497070 -2.603516
vt -1.500977 -3.003906
vt 0.497070 -3.003906
vt -1.500977 -3.003906
vt 0.497070 -3.003906
vt -1.500977 -3.352539
vt 0.497070 -3.352539
vt -1.500977 -0.653320
vt 0.497070 -0.653320
vt -1.500977 -0.346680
vt 0.497070 -0.346680
vt 1.164062 -0.657227
vt 1.164062 -0.344727
vt 1.324219 -0.657227
vt 1.324219 -0.344727
vt 1.164062 -0.657227
vt 1.164062 -0.344727
vt 1.324219 -0.657227
vt 1.324219 -0.344727
vt 1.164062 -0.657227
vt 1.164062 -0.344727
vt 1.324219 -0.657227
vt 1.324219 -0.344727
vt -0.586914 -1.311523
vt -0.586914 -1.624023
vt -1.059570 -1.311523
vt -1.059570 -1.624023
vt 1.003906 -0.657227
vt 1.324219 -0.657227
vt 1.003906 -0.344727
vt 1.324219 -0.344727
vt -0.443359 0.830078
vt 1.416992 1.045898
vt -0.422852 1.047852
vt 1.502930 0.655273
vt 1.496094 0.827148
vt 1.453125 0.828125
vt -1.500977 -2.070312
vt -1.500977 -1.694336
vt 0.497070 -1.694336
vt -0.443359 0.830078
vt 1.416992 1.045898
vt -0.422852 1.047852
vt -0.443359 0.830078
vt -0.498047 0.831055
vt -0.504883 0.655273
vt 1.502930 0.655273
vt 1.496094 0.827148
vt 1.453125 0.828125
vt -1.500977 -2.070312
vt -1.500977 -1.694336
vt 0.497070 -1.694336
vt 0.497070 1.046875
vt 0.504883 0.829102
vt -0.422852 1.047852
vt -1.500977 -2.196289
vt -1.500977 -1.770508
vt -0.501953 -1.770508
vt -0.443359 0.830078
vt 1.416992 1.045898
vt -0.422852 1.047852
vt -0.443359 0.830078
vt -0.498047 0.831055
vt -0.504883 0.655273
vt 1.502930 0.655273
vt 1.496094 0.827148
vt 1.453125 0.828125
vt -1.500977 -2.070312
vt -1.500977 -1.694336
vt 0.497070 -1.694336
vt -0.443359 0.830078
vt -0.498047 0.831055
vt -0.504883 0.655273
vt -0.422852 1.047852
vt 0.504883 0.829102
vt 0.497070 1.046875
vt -1.500977 -2.196289
vt -1.288086 -1.770508
vt -1.500977 -1.770508
vt -1.285156 -3.003906
vt -0.488281 -3.352539
vt -1.285156 -3.352539
vt -0.488281 -1.694336
vt -0.488281 -2.070312
vt -1.285156 -1.694336
vt -1.288086 -1.694336
vt -1.288086 -2.070312
vt -1.484375 -1.694336
vt -0.282227 0.655273
vt -0.480469 0.794922
vt -0.289062 0.794922
vt 1.058594 2.223633
vt 0.813477 2.358398
vt 0.692383 2.162109
vt 0.537109 2.099609
vt 0.533203 2.001953
vt 0.583008 2.208008
vt -1.500977 -1.770508
vt -1.288086 -1.770508
vt -1.500977 -2.196289
vt -0.289062 0.794922
vt -0.498047 0.794922
vt -0.504883 0.655273
vt -0.207031 1.047852
vt 0.436523 1.045898
vt -0.289062 0.655273
vt -1.285156 -1.694336
vt -0.488281 -2.070312
vt -0.488281 -1.694336
vt 0.692383 2.162109
vt 0.813477 2.358398
vt 1.058594 2.223633
vt 1.360352 2.007812
vt 1.105469 2.360352
vt 1.357422 2.266602
vt -0.443359 0.830078
vt 1.416992 1.045898
vt -0.422852 1.047852
vt -0.443359 0.830078
vt -0.498047 0.831055
vt -0.504883 0.655273
vt 1.502930 0.655273
vt 1.496094 0.827148
vt 1.453125 0.828125
vt -1.500977 -2.070312
vt -1.500977 -1.694336
vt 0.497070 -1.694336
vt -0.443359 0.830078
vt 1.416992 1.045898
vt -0.422852 1.047852
vt -0.443359 0.830078
vt -0.498047 0.831055
vt -0.504883 0.655273
vt 1.502930 0.655273
vt 1.496094 0.827148
vt 1.453125 0.828125
vt -1.500977 -3.003906
vt 0.497070 -2.603516
vt 0.497070 -3.003906
vt -1.500977 -3.352539
vt 0.497070 -3.003906
vt 0.497070 -3.352539
vt -1.500977 -2.070312
vt -1.500977 -1.694336
vt 0.497070 -1.694336
vt -1.500977 -0.346680
vt 0.497070 -0.653320
vt 0.497070 -0.346680
vt 3.312500 1.042969
vt 2.884766 1.042969
vt 2.884766 0.803711
vt 3.414062 0.802734
vt 3.496094 0.652344
vt 3.496094 0.803711
vt 2.884766 0.796875
vt 3.496094 0.796875
vt 3.496094 0.652344
vt -0.443359 0.830078
vt 1.416992 1.045898
vt -0.422852 1.047852
vt -0.443359 0.830078
vt -0.498047 0.831055
vt -0.504883 0.655273
vt 1.502930 0.655273
vt 1.496094 0.827148
vt 1.453125 0.828125
vt -1.500977 -2.070312
vt -1.500977 -1.694336
vt 0.497070 -1.694336
vt 2.884766 0.803711
vt 2.884766 1.042969
vt 3.312500 1.042969
vt 3.501953 -1.679688
vt 2.943359 -1.679688
vt 3.501953 -2.043945
vt 2.884766 1.042969
vt 2.593750 0.803711
vt 2.690430 1.042969
vt 2.677734 -1.774414
vt 2.943359 -1.774414
vt 2.502930 -2.194336
vt -0.443359 0.830078
vt 1.416992 1.045898
vt -0.422852 1.047852
vt -0.443359 0.830078
vt -0.498047 0.831055
vt -0.504883 0.655273
vt 1.502930 0.655273
vt 1.496094 0.827148
vt 1.453125 0.828125
vt -1.500977 -2.070312
vt -1.500977 -1.694336
vt 0.497070 -1.694336
vt 1.675781 -0.344727
vt 1.503906 -0.344727
vt 1.503906 -0.657227
vt -1.998047 -1.624023
vt -2.398438 -1.624023
vt -2.398438 -1.311523
vt -1.489258 -1.311523
vt -1.998047 -1.000000
vt -1.489258 -1.000000
vt -1.059570 -1.624023
vt -1.489258 -1.624023
vt -1.489258 -1.311523
vt -1.489258 -1.000000
vt -1.059570 -1.000000
vt -1.489258 -1.311523
vt -0.818359 -1.000000
vt -0.818359 -1.311523
vt -0.586914 -1.311523
vt -1.059570 -1.624023
vt -0.586914 -1.624023
vt -1.059570 -1.311523
vt -1.998047 -1.311523
vt -1.489258 -1.311523
vt -1.489258 -1.624023
vt 1.675781 -0.344727
vt 1.503906 -0.344727
vt 1.503906 -0.657227
vt -1.059570 -1.311523
vt -1.489258 -1.624023
vt -1.489258 -1.311523
vt -1.059570 -1.311523
vt -1.489258 -1.624023
vt -1.489258 -1.311523
vt 1.324219 -0.657227
vt 1.003906 -0.344727
vt 1.324219 -0.344727
vt 1.675781 -0.344727
vt 1.503906 -0.344727
vt 1.503906 -0.657227
vt -1.998047 -1.311523
vt -1.489258 -1.311523
vt -1.489258 -1.624023
vt -1.489258 -1.000000
vt -1.059570 -1.000000
vt -1.489258 -1.311523
vt -1.489258 -1.311523
vt -1.998047 -1.000000
vt -1.489258 -1.000000
vt -0.586914 -1.000000
vt -0.823242 -1.000000
vt -0.823242 -1.311523
vt -1.059570 -1.624023
vt -0.823242 -1.624023
vt -1.059570 -1.311523
vt -1.059570 -1.624023
vt -0.586914 -1.624023
vt -1.059570 -1.311523
vt -1.998047 -1.311523
vt -1.489258 -1.311523
vt -1.489258 -1.624023
vt 1.675781 -0.344727
vt 1.503906 -0.344727
vt 1.503906 -0.657227
vt -1.059570 -1.311523
vt -1.489258 -1.624023
vt -1.489258 -1.311523
vt -1.059570 -1.311523
vt -1.489258 -1.624023
vt -1.489258 -1.311523
vt 1.324219 -0.657227
vt 1.003906 -0.344727
vt 1.324219 -0.344727
vt 1.675781 -0.344727
vt 1.503906 -0.344727
vt 1.503906 -0.657227
vt -1.998047 -1.311523
vt -1.489258 -1.311523
vt -1.489258 -1.624023
vt -1.489258 -1.000000
vt -1.059570 -1.000000
vt -1.489258 -1.311523
vt -1.489258 -1.311523
vt -1.998047 -1.000000
vt -1.489258 -1.000000
vt -0.586914 -1.000000
vt -0.823242 -1.000000
vt -0.823242 -1.311523
vt -1.059570 -1.624023
vt -0.823242 -1.624023
vt -1.059570 -1.311523
vt -1.998047 -1.000000
vt -2.398438 -1.000000
vt -2.398438 -1.311523
vt -1.489258 -1.624023
vt -1.489258 -1.311523
vt -1.998047 -1.311523
vt -1.489258 -1.311523
vt -1.489258 -1.624023
vt -1.059570 -1.311523
vt -1.489258 -1.311523
vt -1.489258 -1.624023
vt -1.059570 -1.311523
vt 1.324219 -0.344727
vt 1.503906 -0.344727
vt 1.503906 -0.657227
vt -1.489258 -1.624023
vt -1.489258 -1.311523
vt -1.998047 -1.311523
vt -1.489258 -1.311523
vt -1.059570 -1.000000
vt -1.489258 -1.000000
vt -1.489258 -1.000000
vt -1.489258 -1.311523
vt -1.059570 -1.000000
vt -0.823242 -1.311523
vt -0.823242 -1.000000
vt -0.586914 -1.000000
vt -0.586914 -1.624023
vt -0.823242 -1.624023
vt -0.586914 -1.311523
vn -0.0000 0.8765 0.4815
vn -0.5223 0.7230 0.4522
vn -0.0000 0.8765 0.4814
vn 0.0244 0.8762 0.4813
vn -0.4937 -0.0000 0.8696
vn -0.3657 -0.0162 0.9306
vn 0.0384 -0.8636 0.5027
vn -0.0000 0.0000 1.0000
vn 0.3609 0.0000 0.9326
vn -0.3557 -0.6291 0.6911
vn 0.0000 -0.6732 0.7395
vn 0.0217 -0.8942 0.4472
vn 0.3602 -0.6118 0.7042
vn 0.0000 -0.6731 0.7396
vn 0.3789 -0.5542 0.7411
vn 0.0000 -0.6731 0.7395
vn -0.3609 -0.6278 0.6897
vn 0.3321 -0.0000 0.9433
vn 0.5017 0.0870 0.8606
vn -0.0617 0.3554 0.9327
vn -0.3556 -0.0617 0.9326
vn 0.0871 -0.5017 0.8607
vn -0.5092 -0.0000 0.8607
vn 0.5092 0.7543 0.4144
vn -0.1727 0.9850 -0.0054
vn -0.4790 0.6712 0.5658
vn -0.6350 0.4056 0.6574
vn -0.6019 0.4039 0.6889
vn -0.6376 0.3971 0.6601
vn -0.6379 0.4145 0.6490
vn -0.6326 0.3873 0.6707
vn -0.6447 0.4115 0.6442
vn -0.6059 0.4580 0.6504
vn -0.8816 0.4609 0.1019
vn -0.6118 0.5077 0.6065
vn -0.6166 0.4758 0.6273
vn -0.1430 0.5972 0.7892
vn -0.7253 -0.6618 0.1899
vn -0.5915 -0.5383 0.6003
vn -0.2227 -0.8812 0.4169
vn -0.0877 -0.5658 0.8199
vn -0.5826 -0.5525 0.5961
vn -0.5857 -0.5456 0.5994
vn -0.4345 0.7833 0.4446
vn -0.6235 0.7762 -0.0940
vn -0.4407 0.7761 0.4510
vn -0.4319 0.7905 0.4342
vn -0.1812 0.9818 -0.0568
vn 0.1420 0.8676 0.4766
vn -0.8919 -0.0011 0.4523
vn -0.8435 -0.0347 0.5360
vn -0.6316 -0.3159 0.7081
vn -0.4422 0.0494 0.8956
vn -0.7102 0.2223 0.6680
vn -0.5216 -0.0010 0.8532
vn -0.7100 -0.6339 0.3066
vn -0.5965 -0.5325 0.6005
vn -0.3984 -0.7714 0.4962
vn -0.2859 -0.5947 0.7514
vn -0.5827 -0.5559 0.5928
vn -0.5880 -0.5445 0.5982
vn 0.0000 0.0536 0.9986
vn -0.3027 0.3027 0.9037
vn 0.0237 0.0523 0.9983
vn -0.0372 -0.0413 0.9985
vn 0.1592 0.3027 0.9397
vn -0.0383 -0.3643 0.9305
vn -0.6485 0.3721 0.6641
vn -0.8933 0.1766 0.4132
vn -0.7775 -0.3255 0.5380
vn -0.4276 -0.1694 0.8880
vn -0.5284 0.3395 0.7782
vn -0.6533 -0.3826 0.6533
vn -0.9239 0.3827 0.0000
vn -1.0000 0.0000 0.0000
vn -0.9239 -0.2985 -0.2394
vn -0.9239 -0.2395 0.2985
vn 0.0000 0.0827 0.9966
vn -0.4184 0.4161 0.8073
vn -0.0578 0.0000 0.9983
vn -0.0581 -0.3545 0.9333
vn -0.6736 0.2103 0.7085
vn -0.7770 -0.3168 0.5439
vn -0.4365 -0.1649 0.8845
vn -0.6533 -0.3827 0.6533
vn -0.9239 -0.3005 -0.2369
vn -0.9239 -0.2369 0.3005
vn -0.3463 0.1630 0.9239
vn 0.1629 0.3463 0.9239
vn 0.0000 -0.3827 0.9239
vn -0.6533 0.3827 0.6533
vn -0.8700 0.1035 0.4820
vn -0.7488 -0.3581 0.5578
vn -0.4001 -0.1350 0.9065
vn -0.6029 0.2744 0.7492
vn -0.6778 -0.4404 0.5888
vn -0.8834 0.3900 -0.2600
vn -0.9659 0.2153 -0.1435
vn -0.9447 -0.3218 0.0629
vn -0.8364 -0.3517 0.4203
vn -0.9319 -0.3495 -0.0969
vn -0.9363 -0.3511 -0.0000
vn 0.0000 0.0826 0.9966
vn -0.2931 0.3516 0.8891
vn 0.0366 0.0795 0.9962
vn -0.0584 -0.0641 0.9962
vn 0.1287 0.2932 0.9474
vn -0.6457 0.3662 0.6701
vn -0.7770 -0.3168 0.5440
vn -0.4364 -0.1648 0.8845
vn -0.9239 -0.2369 0.3006
vn -0.7487 -0.3581 0.5578
vn -0.6777 -0.4405 0.5888
vn -0.8365 -0.3516 0.4203
vn 0.0000 0.5383 0.8428
vn 0.0032 0.4702 0.8826
vn -0.0456 0.5106 0.8586
vn -0.0206 0.5932 0.8048
vn 0.0001 0.6055 0.7959
vn 0.6575 0.7064 0.2620
vn 0.0012 0.6036 0.7973
vn -0.6418 0.7270 0.2439
vn 0.0265 0.9988 0.0402
vn 0.4841 -0.5890 0.6471
vn -0.0145 -0.9460 0.3238
vn -0.4816 -0.5791 0.6578
vn 0.3609 -0.6278 0.6897
vn -0.0199 -0.9941 0.1066
vn -0.0127 0.0000 0.9999
vn 0.0080 0.3608 0.9326
vn -0.5090 0.0113 0.8607
vn 0.3608 -0.0080 0.9326
vn 0.0254 0.0000 0.9997
vn -0.0113 -0.5090 0.8607
vn -0.5092 0.7543 0.4143
vn 0.0398 0.8568 -0.5140
vn 0.0000 0.6054 0.7959
vn 0.5092 -0.0000 0.8607
vn -0.5092 0.7544 0.4144
vn 0.0234 0.9992 -0.0314
vn 0.5086 0.7430 0.4350
vn 0.0063 0.4727 0.8812
vn -0.0456 0.5105 0.8587
vn -0.0205 0.5931 0.8049
vn 0.0003 0.6076 0.7943
vn 0.6693 0.6921 0.2704
vn 0.0041 0.6040 0.7969
vn -0.6384 0.4628 0.6151
vn 0.0517 0.9979 0.0386
vn 0.4819 -0.5898 0.6480
vn -0.0384 -0.9897 0.1378
vn -0.6391 -0.4886 0.5939
vn 0.0783 0.8679 -0.4905
vn 0.0499 -0.0000 0.9988
vn -0.0226 -0.5087 0.8607
vn 0.3605 -0.0160 0.9326
vn -0.5087 0.0226 0.8607
vn -0.3609 0.0000 0.9326
vn 0.0160 0.3605 0.9326
vn 0.3609 -0.6278 0.6896
vn -0.0217 -0.8942 0.4472
vn -0.3602 -0.6118 0.7042
vn 0.0265 0.9988 0.0401
vn 0.4841 -0.5891 0.6470
vn -0.5092 0.7543 0.4144
vn 0.5086 0.7430 0.4349
vn 0.6394 -0.4885 0.5938
vn 0.0385 -0.9898 0.1375
vn -0.4819 -0.5898 0.6480
vn 0.6381 0.4622 0.6158
vn -0.0040 0.6040 0.7969
vn -0.0517 0.9979 0.0386
vn -0.6692 0.6921 0.2704
vn -0.0003 0.6076 0.7943
vn 0.0205 0.5931 0.8049
vn -0.0063 0.4727 0.8812
vn 0.0456 0.5105 0.8587
vn -0.0000 0.8764 0.4816
vn -0.3172 0.9038 -0.2874
vn 0.5091 -0.0001 0.8607
vn -0.0452 -0.2036 0.9780
vn 0.3524 -0.0784 0.9326
vn -0.2034 0.0453 0.9780
vn -0.3610 0.0000 0.9326
vn 0.0784 0.3525 0.9325
vn 0.3610 -0.6280 0.6894
vn -0.1040 -0.8836 0.4565
vn 0.0000 -0.6734 0.7393
vn -0.3457 -0.5510 0.7596
vn 0.0001 -0.6733 0.7394
vn 0.5150 -0.5772 0.6337
vn 0.2694 -0.9296 0.2515
vn 0.1809 -0.6623 0.7271
vn 0.4135 -0.0000 0.9105
vn 0.6322 0.0320 0.7742
vn 0.3181 0.0252 0.9477
vn 0.6552 -0.0023 0.7554
vn 0.8244 -0.0050 0.5660
vn 0.5709 -0.3508 0.7423
vn -0.2205 0.8548 0.4697
vn 0.0306 0.9958 -0.0865
vn 0.3704 0.8141 0.4473
vn 0.5504 0.8348 0.0130
vn 0.4100 0.7425 0.5297
vn 0.4584 0.6626 0.5923
vn 0.7399 -0.6659 0.0956
vn 0.3114 -0.9327 -0.1816
vn 0.6693 -0.6024 0.4350
vn 0.8761 0.0000 0.4822
vn 0.9873 0.1366 0.0812
vn 0.7809 0.1675 0.6017
vn 0.9989 -0.0461 -0.0086
vn 0.9194 0.0183 -0.3929
vn 0.8231 -0.4966 0.2754
vn 0.4060 0.7354 0.5426
vn 0.0932 0.9557 -0.2793
vn 0.4807 0.8705 0.1052
vn 0.6023 0.6237 -0.4983
vn 0.4152 0.9097 -0.0000
vn 0.3641 0.9314 -0.0000
vn 0.0000 1.0000 -0.0000
vn -0.0001 -0.6733 0.7394
vn 0.3456 -0.5510 0.7596
vn -0.0000 -0.6730 0.7396
vn 0.0000 -0.6734 0.7392
vn 0.1040 -0.8837 0.4564
vn -0.3611 -0.6280 0.6894
vn 0.3610 0.0000 0.9326
vn 0.2035 0.0453 0.9780
vn -0.0784 0.3525 0.9325
vn -0.3524 -0.0784 0.9325
vn 0.0453 -0.2035 0.9780
vn -0.5091 -0.0000 0.8607
vn 0.3174 0.9037 -0.2874
vn -0.5091 0.7543 0.4144
vn -0.3111 0.8612 0.4019
vn -0.3992 0.8634 -0.3084
vn -0.2768 0.8919 0.3576
vn -0.3339 0.8261 0.4539
vn -0.0309 0.9949 -0.0959
vn -0.2879 0.8393 0.4612
vn -0.8116 0.0027 0.5842
vn -0.6241 -0.0021 0.7813
vn -0.3208 -0.7915 0.5202
vn -0.5982 0.0000 0.8014
vn -0.3667 0.0000 0.9303
vn -0.2410 -0.9403 0.2404
vn -0.4831 -0.5897 0.6472
vn -0.1389 -0.6669 0.7321
vn -0.0455 0.5107 0.8586
vn -0.0206 0.5931 0.8049
vn 0.0001 0.6052 0.7961
vn 0.6573 0.7066 0.2622
vn 0.0265 0.9988 0.0403
vn 0.4839 -0.5889 0.6474
vn -0.0144 -0.9458 0.3244
vn 0.0000 -0.6729 0.7398
vn -0.0000 -0.6735 0.7392
vn -0.0000 -0.6733 0.7394
vn 0.3610 -0.6279 0.6895
vn -0.0199 -0.9941 0.1062
vn 0.0080 0.3609 0.9326
vn 0.3609 -0.0080 0.9326
vn -0.0000 0.8764 0.4815
vn 0.0032 0.4703 0.8825
vn 0.0000 0.6056 0.7958
vn 0.6575 0.7064 0.2619
vn 0.0011 0.6035 0.7974
vn -0.6416 0.7270 0.2444
vn 0.0265 0.9988 0.0405
vn -0.0145 -0.9461 0.3236
vn -0.4815 -0.5789 0.6580
vn -0.5092 0.7542 0.4146
vn 0.0234 0.9992 -0.0313
vn 0.0032 0.4701 0.8826
vn -0.0199 -0.9941 0.1067
vn -0.0127 -0.0001 0.9999
vn 0.0080 0.3607 0.9327
vn -0.5091 0.0113 0.8606
vn 0.3608 -0.6278 0.6897
vn -0.1382 -0.9715 0.1927
vn -0.0888 -0.0000 0.9961
vn 0.0617 0.3554 0.9327
vn -0.5017 0.0870 0.8606
vn 0.3556 -0.0617 0.9326
vn -0.0871 -0.5017 0.8607
vn 0.1727 0.9850 -0.0054
vn 0.4790 0.6712 0.5658
vn 0.6357 0.4155 0.6505
vn 0.6672 0.4021 0.6270
vn 0.6324 0.3757 0.6774
vn 0.6120 0.4641 0.6403
vn 0.6167 0.4826 0.6220
vn 0.8610 0.4726 0.1880
vn 0.6361 0.4612 0.6186
vn 0.1430 0.5972 0.7892
vn 0.4787 0.8314 0.2820
vn 0.7350 -0.6704 0.1014
vn 0.2227 -0.8812 0.4169
vn 0.5915 -0.5383 0.6003
vn 0.0877 -0.5658 0.8199
vn 0.5858 -0.5455 0.5994
vn 0.5826 -0.5525 0.5961
vn 0.4303 0.7912 0.4346
vn -0.1420 0.8676 0.4766
vn 0.0881 0.9729 -0.2137
vn 0.7948 -0.0000 0.6069
vn 0.6316 -0.3159 0.7081
vn 0.8435 -0.0347 0.5360
vn 0.4422 0.0494 0.8956
vn 0.5216 -0.0010 0.8532
vn 0.7102 0.2223 0.6680
vn 0.7100 -0.6339 0.3066
vn 0.3984 -0.7714 0.4962
vn 0.5964 -0.5325 0.6006
vn 0.2859 -0.5947 0.7514
vn 0.5880 -0.5445 0.5982
vn 0.5827 -0.5559 0.5928
vn 0.6576 0.7064 0.2620
vn 0.0011 0.6037 0.7972
vn 0.3608 -0.6278 0.6896
vn 0.3607 -0.0081 0.9326
vn 0.5092 -0.0001 0.8606
vn -0.0113 -0.5092 0.8606
vn 0.0234 0.9992 -0.0315
vn 0.5087 0.7430 0.4350
vn -0.7670 -0.5284 0.3639
vn -0.7285 -0.6312 -0.2662
vn -0.9986 0.0368 -0.0390
vn -0.4523 -0.6706 0.5880
vn -0.4016 -0.1210 0.9078
vn -0.4142 0.0928 0.9055
vn -0.8235 -0.4478 0.3483
vn -0.6156 -0.6761 0.4049
vn -0.6934 -0.1958 0.6934
vn 0.2418 -0.8008 0.5479
vn 0.0000 -0.6000 0.8000
vn 0.0000 -0.3444 0.9388
vn 0.9986 0.0536 0.0000
vn 0.9037 0.3027 0.3027
vn 0.9983 0.0523 -0.0237
vn 0.9985 -0.0413 0.0372
vn 0.9397 0.3027 -0.1592
vn 0.9305 -0.3643 0.0384
vn 0.6641 0.3721 0.6485
vn 0.4603 0.1524 0.8746
vn 0.5380 -0.3255 0.7775
vn 0.8880 -0.1694 0.4276
vn 0.7752 0.2930 0.5597
vn 0.6533 -0.3827 0.6533
vn -0.1591 0.4037 0.9009
vn 1.0000 0.0000 0.0000
vn 0.8960 0.4017 -0.1890
vn 0.9239 -0.3827 -0.0000
vn 0.6533 -0.3826 0.6533
vn 0.5903 0.2991 0.7497
vn 0.4001 -0.1350 0.9065
vn 0.8815 0.1129 0.4585
vn 0.6533 0.3827 0.6533
vn 0.7488 -0.3581 0.5578
vn -0.1210 0.3631 0.9239
vn 0.3631 0.1210 0.9239
vn 0.7752 0.2929 0.5597
vn 0.5903 0.2991 0.7498
vn 0.8815 0.1128 0.4585
vn -0.3631 0.1210 0.9239
vn 0.1210 0.3631 0.9239
vn -0.8815 0.1128 0.4585
vn -0.5903 0.2991 0.7498
vn -0.8960 0.4017 -0.1890
vn -0.9239 -0.3827 -0.0000
vn 0.0578 0.0000 0.9983
vn 0.0581 -0.3545 0.9333
vn -0.1990 0.3605 0.9113
vn 0.6810 0.2692 0.6810
vn 0.7770 -0.3168 0.5439
vn 0.8933 0.1766 0.4132
vn 0.4364 -0.1648 0.8845
vn 0.5284 0.3395 0.7782
vn 0.9239 0.3827 -0.0000
vn 0.9239 -0.3005 -0.2369
vn 0.9239 -0.2369 0.3006
vn -0.1890 0.4017 0.8960
vn 0.6700 0.3196 0.6700
vn 0.7488 -0.3580 0.5578
vn 0.8700 0.1035 0.4820
vn 0.6777 -0.4405 0.5888
vn 0.6029 0.2744 0.7492
vn 0.8834 0.3900 -0.2600
vn 0.9447 -0.3218 0.0629
vn 0.9659 0.2153 -0.1435
vn 0.8365 -0.3516 0.4203
vn 0.9363 -0.3511 -0.0000
vn 0.9319 -0.3495 -0.0969
vn 0.0000 0.6731 0.7395
vn 0.5239 0.4853 0.7000
vn 0.0086 0.4664 0.8845
vn 0.4959 0.5614 0.6626
vn 0.5789 0.4017 0.7096
vn 0.3142 0.7444 0.5892
vn 0.7657 0.5379 0.3526
vn -0.0391 -0.6631 0.7475
vn 0.5114 -0.5780 0.6359
vn 0.2642 -0.9312 0.2512
vn 0.7414 -0.6070 0.2861
vn 0.5630 -0.3925 0.7274
vn 0.5346 -0.4869 0.6907
vn 0.0000 0.5385 0.8426
vn -0.0080 0.5084 0.8611
vn -0.0460 0.4891 0.8710
vn 0.0179 0.6039 0.7969
vn 0.0523 0.6388 0.7676
vn 0.1909 0.5104 0.8385
vn -0.0016 0.5656 0.8247
vn -0.6226 0.4459 0.6431
vn 0.0995 0.6540 0.7499
vn 0.2844 -0.9019 -0.3249
vn -0.6226 -0.5264 0.5791
vn -0.0000 -0.6726 0.7400
vn 0.0248 0.4872 0.8729
vn -0.0463 0.5156 0.8556
vn -0.0244 0.5940 0.8041
vn 0.0041 0.6168 0.7871
vn 0.1910 0.6269 0.7553
vn 0.0157 0.6009 0.7991
vn -0.6393 0.4647 0.6126
vn 0.0495 0.7435 0.6669
vn 0.2122 -0.9185 -0.3337
vn -0.6393 -0.5176 0.5686
vn 0.1684 0.3579 0.9184
vn -0.6532 -0.3826 0.6534
vn -0.7492 0.3460 0.5648
vn -0.9542 -0.1935 0.2282
vn -0.7071 0.0000 0.7071
vn -0.9791 -0.1681 -0.1143
vn 0.0000 -0.3511 0.9363
vn 0.1409 -0.2430 0.9597
vn 0.1095 -0.4774 0.8718
vn -0.1841 -0.3652 0.9126
vn 0.1784 0.0000 0.9840
vn -0.0952 0.1427 0.9852
vn -0.1427 -0.0952 0.9852
vn -0.1063 -0.7002 0.7060
vn 0.0000 0.0026 1.0000
vn 0.7067 0.0346 0.7067
vn 0.6227 -0.5919 0.5117
vn 0.8225 0.0567 0.5660
vn 0.2887 -0.7461 0.6000
vn 0.5272 -0.7467 0.4056
vn 0.6963 -0.3711 0.6144
vn 0.9403 -0.3282 -0.0907
vn 0.6017 -0.7987 -0.0000
vn 0.8000 -0.6000 -0.0000
vn -0.9065 0.1350 0.4001
vn -0.5578 0.3581 0.7488
vn -0.9239 -0.3463 -0.1630
vn -0.9239 -0.1630 0.3463
vn 0.0907 -0.3281 0.9403
vn 0.0000 -0.7987 0.6018
vn -0.4056 -0.7466 0.5273
vn -0.6144 -0.3711 0.6963
vn -0.6204 -0.7444 0.2469
vn -0.5660 0.0567 0.8225
vn -0.7054 -0.0696 0.7054
vn -0.4779 -0.6235 0.6188
vn -0.7343 -0.6778 0.0380
vn -0.9650 0.0288 -0.2605
vn 0.7067 0.0347 0.7067
vn 0.6227 -0.5918 0.5118
vn 0.8225 0.0568 0.5660
vn 0.2886 -0.7462 0.6000
vn 0.5273 -0.7466 0.4056
vn 0.6963 -0.3712 0.6144
vn -0.9239 -0.3463 -0.1629
vn -0.4056 -0.7467 0.5272
vn -0.6204 -0.7444 0.2470
vn -0.4778 -0.6234 0.6189
vn -0.7343 -0.6778 0.0381
vn -0.9651 0.0287 -0.2604
vn 0.9966 0.0826 0.0000
vn 0.8891 0.3516 0.2931
vn 0.9962 0.0796 -0.0366
vn 0.9962 -0.0641 0.0584
vn 0.9474 0.2932 -0.1287
vn 0.9333 -0.3545 0.0581
vn 0.6701 0.3662 0.6457
vn 0.7071 0.0000 0.7071
vn 0.5439 -0.3168 0.7770
vn 0.8845 -0.1648 0.4365
vn -0.9514 -0.2615 0.1624
vn -0.8671 -0.4864 0.1075
vn -0.9213 -0.3455 -0.1784
vn -0.9852 0.0000 0.1715
vn -0.9840 0.1485 -0.0990
vn -0.9840 -0.0990 -0.1484
vn 0.0001 0.5697 0.8218
vn 0.0016 0.5656 0.8247
vn 0.0001 0.5435 0.8394
vn -0.0504 0.6032 0.7960
vn -0.0523 0.6388 0.7676
vn -0.0179 0.6039 0.7968
vn 0.0081 0.5083 0.8611
vn -0.0000 0.5385 0.8427
vn 0.0460 0.4890 0.8711
vn 0.5485 0.4936 0.6749
vn 0.3061 0.8434 0.4415
vn 0.6765 0.6088 0.4143
vn 0.7740 -0.0000 0.6332
vn 0.6249 -0.0250 0.7803
vn 0.6307 0.0000 0.7760
vn 0.6111 0.0072 0.7915
vn 0.7393 -0.6734 -0.0000
vn -0.2084 -0.9045 -0.3722
vn 0.5782 -0.5267 0.6231
vn 0.6426 0.4459 0.6231
vn 0.7023 0.6888 -0.1799
vn 0.8216 0.5701 -0.0000
vn 0.8992 0.4050 -0.1655
vn -0.5712 0.3964 0.7188
vn -0.7657 0.5379 0.3526
vn -0.0455 0.9325 0.3583
vn -0.3566 -0.6284 0.6913
vn -0.2641 -0.9312 0.2513
vn -0.5113 -0.5781 0.6359
vn -0.7414 -0.6070 0.2861
vn -0.5346 -0.4869 0.6907
vn -0.5630 -0.3925 0.7274
vn 0.0000 0.6732 0.7394
vn -0.0000 0.6734 0.7393
vn 0.0001 -0.0000 1.0000
vn 0.0525 0.5125 0.8571
vn -0.0122 0.5135 0.8580
vn -0.0124 0.6413 0.7672
vn 0.0180 0.5968 0.8022
vn -0.0000 0.6043 0.7967
vn -0.0180 0.6116 0.7910
vn 0.0000 0.6043 0.7968
vn -0.2386 0.9276 -0.2876
vn 0.6393 0.4647 0.6126
vn 0.6393 -0.5176 0.5686
vn -0.0351 -0.7757 0.6301
vn -0.1495 -0.6392 0.7544
vn -0.9993 0.0000 0.0367
vn -0.9305 -0.3643 0.0384
vn -0.9018 0.3714 -0.2211
vn -0.6792 0.2782 0.6792
vn -0.5380 -0.3255 0.7775
vn -0.8880 -0.1694 0.4276
vn -0.8000 -0.6000 0.0000
vn -0.6859 -0.6779 0.2647
vn -0.6142 -0.7735 -0.1565
vn -0.9388 -0.3444 -0.0000
vn -0.3390 -0.7513 0.5663
vn -0.6013 -0.5262 0.6013
vn -0.6700 0.3196 0.6700
vn -0.5578 -0.3581 0.7488
vn -0.9065 -0.1350 0.4001
vn -0.6667 -0.3333 0.6667
vn -0.8225 0.0568 0.5660
vn -0.6127 -0.3435 0.7118
vn -0.5545 -0.7146 0.4265
vn -0.6963 -0.3712 0.6143
vn -0.5272 -0.7467 0.4056
vn -0.9402 -0.3282 -0.0907
vn -0.6017 -0.7987 0.0000
vn -0.9983 0.0000 0.0578
vn -0.9333 -0.3545 0.0581
vn -0.9113 0.3605 -0.1990
vn -0.6810 0.2692 0.6810
vn -0.5439 -0.3168 0.7770
vn -0.8845 -0.1648 0.4364
vn 0.0367 0.0000 0.9993
vn 0.0384 -0.3643 0.9305
vn -0.2211 0.3714 0.9018
vn 0.6792 0.2782 0.6792
vn 0.7775 -0.3255 0.5380
vn 0.4276 -0.1694 0.8880
vn 0.6667 -0.3333 0.6667
vn 0.5660 0.0567 0.8225
vn 0.7117 -0.3435 0.6128
vn 0.4266 -0.7145 0.5545
vn 0.6144 -0.3711 0.6963
vn 0.4056 -0.7467 0.5272
vn -0.0907 -0.3282 0.9402
vn 0.0000 -0.7987 0.6017
vn 0.9213 -0.3455 -0.1784
vn 0.8323 -0.5342 0.1481
vn 0.9949 0.0000 0.1005
vn 0.9840 0.1485 -0.0990
vn 0.9840 -0.0990 -0.1485
vn -0.9403 -0.3282 -0.0907
vn -0.9332 -0.3545 0.0581
vn -0.8845 -0.1648 0.4365
vn 0.5660 0.0568 0.8225
vn 0.7117 -0.3435 0.6127
vn 0.4265 -0.7145 0.5545
vn 0.6143 -0.3712 0.6963
vn 0.4055 -0.7467 0.5272
vn -0.0907 -0.3282 0.9403
vn -0.0001 -0.3827 0.9239
vn 0.9949 0.0000 0.1006
vn 0.9840 -0.0990 -0.1484
vn -0.6128 -0.3435 0.7117
vn -0.5545 -0.7145 0.4266
vn -0.6963 -0.3712 0.6144
vn -0.5273 -0.7467 0.4056
vn 0.5301 0.4039 0.7455
vn 0.9431 0.3326 -0.0000
vn 0.9239 -0.3463 -0.1630
vn 0.9239 -0.1630 0.3463
vn 0.6963 -0.3712 0.6143
vn 0.5545 -0.7146 0.4265
vn 0.6127 -0.3435 0.7118
vn -0.6143 -0.3712 0.6963
vn -0.4265 -0.7145 0.5545
vn -0.5660 0.0568 0.8225
vn -0.7118 -0.3435 0.6127
vn 0.6667 -0.3334 0.6667
vn 0.4266 -0.7144 0.5546
vn -0.0907 -0.3281 0.9403
vn -0.0000 -0.5999 0.8000
vn 0.0001 0.6737 0.7390
vn -0.0001 0.0000 1.0000
vn -0.0001 -0.6729 0.7398
vn 0.6121 0.0000 0.7908
vn 0.9917 0.0000 0.1282
vn 0.7521 0.6504 0.1062
vn 0.7625 0.6380 0.1077
vn 0.7516 0.6500 0.1124
vn 0.7291 0.6779 0.0943
vn 0.7403 0.6663 0.0896
vn 0.7399 0.6659 0.0956
vn -0.4001 0.7433 0.5361
vn -0.3047 0.8606 0.4081
vn -0.3979 0.7392 0.5433
vn -0.5709 0.3972 0.7185
vn -0.5248 0.5732 0.6293
vn -0.5065 0.5806 0.6375
vn -0.6121 -0.0000 0.7908
vn -0.8216 0.5701 -0.0000
vn -0.9813 0.0000 -0.1926
vn -0.7794 0.6126 0.1312
vn -0.7490 0.5887 0.3040
vn -0.9379 0.3090 0.1579
vn -0.4631 0.8603 -0.2132
vn -0.2063 0.9776 -0.0405
vn -0.4720 0.8767 -0.0926
vn -0.7794 -0.6127 0.1312
vn -0.9379 -0.3090 0.1579
vn -0.7490 -0.5887 0.3040
vn -0.2063 -0.9777 -0.0405
vn -0.4631 -0.8603 -0.2132
vn -0.4719 -0.8768 -0.0926
vn -0.9813 0.0001 -0.1925
vn -0.9813 0.0001 -0.1926
vn -0.4151 0.9098 0.0000
vn -0.4145 0.9086 0.0520
vn -0.4682 0.8836 -0.0000
vn -0.3375 0.9346 -0.1122
vn -0.2896 0.9555 -0.0568
vn -0.3389 0.9385 -0.0665
vn -0.7393 -0.6734 -0.0000
vn -0.6989 0.0000 0.7152
vn -0.5908 0.5431 0.5967
vn -0.5920 0.5425 0.5960
vn -0.5860 0.5534 0.5919
vn -0.5929 0.5294 0.6068
vn -0.5993 0.5189 0.6097
vn -0.5942 0.5305 0.6045
vn -0.7036 0.0000 0.7106
vn 0.6989 0.0000 0.7152
vn 0.5908 0.5431 0.5967
vn 0.5860 0.5534 0.5919
vn 0.5920 0.5425 0.5960
vn 0.5992 0.5189 0.6097
vn 0.5929 0.5294 0.6069
vn 0.5942 0.5305 0.6045
vn 0.7036 0.0000 0.7106
vn 0.0000 0.5383 0.8427
vn 0.0000 0.6042 0.7968
vn 0.5065 0.5806 0.6375
vn 0.5428 -0.4886 0.6831
vn 0.7520 -0.6505 0.1062
vn 0.0001 -0.6729 0.7398
vn -0.5239 0.4853 0.7000
vn -0.4070 -0.7563 0.5122
vn -0.0002 0.6040 0.7970
vn 0.0003 0.6040 0.7970
vn 0.6350 0.4056 0.6574
vn 0.4345 0.7833 0.4446
vn -0.9986 0.0536 0.0000
vn -0.7532 -0.3114 0.5794
vn -0.9966 0.0826 -0.0000
vn 0.9363 -0.3512 0.0000
usemtl Tex_0032_0.dds.004
s off
f 1/1/1 3/2/2 2/3/1
f 2/3/3 3/2/3 4/4/4
f 3/2/5 5/5/6 4/4/7
f 4/4/8 5/5/8 6/6/9
f 5/5/10 7/7/11 6/6/12
f 6/6/13 7/7/11 8/8/11
f 9/9/14 11/10/15 10/11/14
f 10/11/16 11/10/16 12/12/17
f 11/10/18 13/13/19 12/12/20
f 12/12/21 13/13/22 14/14/23
f 13/13/24 15/15/1 14/14/25
f 14/14/26 15/15/1 16/16/1
f 17/17/27 19/18/28 18/19/29
f 18/19/30 19/18/31 20/20/32
f 19/18/33 21/21/34 20/20/35
f 20/20/36 21/21/36 22/22/37
f 21/21/38 23/23/39 22/22/40
f 22/22/41 23/23/42 24/24/43
f 25/25/44 27/26/45 26/27/46
f 26/27/47 27/26/48 28/28/49
f 27/26/50 29/29/51 28/28/52
f 28/28/53 29/29/54 30/30/55
f 29/29/56 31/31/57 30/30/58
f 30/30/59 31/31/60 32/32/61
f 33/33/62 35/34/63 34/35/64
f 34/35/65 35/34/66 36/36/67
f 35/34/68 37/37/69 36/36/70
f 36/36/71 37/37/72 38/38/73
f 37/37/74 39/39/75 38/38/76
f 38/38/77 39/39/75 40/40/75
f 41/41/78 43/42/79 42/43/78
f 42/43/80 43/42/80 44/44/81
f 43/42/82 45/45/69 44/44/83
f 44/44/84 45/45/72 46/46/85
f 45/45/74 47/47/75 46/46/86
f 46/46/87 47/47/75 48/48/75
f 49/49/8 51/50/88 50/51/8
f 50/51/8 51/50/89 52/52/90
f 51/50/91 53/53/92 52/52/93
f 52/52/94 53/53/95 54/54/96
f 53/53/97 55/55/98 54/54/99
f 54/54/100 55/55/101 56/56/102
f 57/57/103 59/58/104 58/59/105
f 58/59/106 59/58/107 60/60/81
f 59/58/108 61/61/69 60/60/109
f 60/60/110 61/61/72 62/62/85
f 61/61/74 63/63/75 62/62/86
f 62/62/111 63/63/75 64/64/75
f 65/65/8 67/66/88 66/67/8
f 66/67/8 67/66/89 68/68/90
f 67/66/91 69/69/92 68/68/112
f 68/68/94 69/69/95 70/70/113
f 69/69/97 71/71/98 70/70/99
f 70/70/114 71/71/101 72/72/102
f 73/73/115 75/74/116 74/75/117
f 74/75/118 75/74/119 76/76/120
f 75/74/121 77/77/122 76/76/123
f 76/76/124 77/77/125 78/78/16
f 77/77/126 79/79/16 78/78/16
f 80/80/16 82/81/127 81/82/128
f 81/82/129 82/81/130 83/83/131
f 82/81/132 84/84/133 83/83/134
f 83/83/135 84/84/136 85/85/1
f 84/84/1 86/86/1 85/85/1
f 87/87/115 89/88/116 88/89/117
f 88/89/118 89/88/137 90/90/120
f 89/88/121 91/91/122 90/90/123
f 90/90/124 91/91/125 92/92/16
f 91/91/126 93/93/16 92/92/16
f 94/94/16 96/95/127 95/96/128
f 95/96/129 96/95/130 97/97/131
f 96/95/132 98/98/138 97/97/134
f 97/97/139 98/98/140 99/99/1
f 98/98/141 100/100/1 99/99/1
f 101/101/115 103/102/142 102/103/143
f 102/103/144 103/102/145 104/104/146
f 103/102/147 105/105/148 104/104/149
f 104/104/150 105/105/151 106/106/16
f 105/105/152 107/107/16 106/106/16
f 108/108/3 110/109/135 109/110/153
f 109/110/154 110/109/155 111/111/156
f 110/109/157 112/112/158 111/111/159
f 111/111/160 112/112/161 113/113/16
f 112/112/162 114/114/11 113/113/11
f 115/115/115 117/116/116 116/117/117
f 116/117/118 117/116/119 118/118/120
f 117/116/121 119/119/122 118/118/163
f 118/118/164 119/119/125 120/120/16
f 119/119/126 121/121/16 120/120/16
f 122/122/16 124/123/160 123/124/128
f 123/124/129 124/123/130 125/125/131
f 124/123/132 126/126/138 125/125/134
f 125/125/165 126/126/140 127/127/1
f 126/126/166 128/128/1 127/127/1
f 129/129/16 131/130/167 130/131/16
f 130/131/16 131/130/168 132/132/169
f 131/130/170 133/133/171 132/132/172
f 132/132/173 133/133/174 134/134/175
f 133/133/176 135/135/115 134/134/177
f 136/136/178 138/137/179 137/138/24
f 137/138/180 138/137/181 139/139/182
f 138/137/183 140/140/184 139/139/185
f 139/139/186 140/140/187 141/141/188
f 140/140/189 142/142/190 141/141/190
f 143/143/191 145/144/192 144/145/193
f 144/145/194 145/144/195 146/146/196
f 145/144/197 147/147/198 146/146/199
f 146/146/200 147/147/201 148/148/202
f 147/147/203 149/149/204 148/148/205
f 150/150/206 152/151/207 151/152/208
f 151/152/209 152/151/210 153/153/211
f 152/151/212 154/154/213 153/153/214
f 153/153/215 154/154/216 155/155/217
f 154/154/218 156/156/219 155/155/220
f 157/157/221 159/158/221 158/159/221
f 158/159/221 159/158/221 160/160/221
f 159/158/221 161/161/221 160/160/221
f 160/160/221 161/161/221 162/162/221
f 161/161/221 163/163/221 162/162/221
f 164/164/222 166/165/223 165/166/224
f 165/166/225 166/165/226 167/167/227
f 166/165/228 168/168/229 167/167/230
f 167/167/231 168/168/232 169/169/233
f 168/168/234 170/170/178 169/169/235
f 171/171/236 173/172/237 172/173/238
f 172/173/239 173/172/240 174/174/241
f 173/172/242 175/175/243 174/174/244
f 174/174/245 175/175/245 176/176/246
f 175/175/247 177/177/248 176/176/249
f 178/178/221 180/179/221 179/180/221
f 179/180/221 180/179/221 181/181/221
f 180/179/221 182/182/221 181/181/221
f 181/181/221 182/182/221 183/183/221
f 182/182/221 184/184/221 183/183/221
f 185/185/115 187/186/116 186/187/250
f 186/187/251 187/186/252 188/188/253
f 187/186/121 189/189/122 188/188/254
f 188/188/255 189/189/256 190/190/257
f 189/189/126 191/191/16 190/190/258
f 192/192/259 194/193/260 193/194/261
f 193/194/129 194/193/262 195/195/131
f 194/193/263 196/196/138 195/195/134
f 195/195/139 196/196/140 197/197/1
f 196/196/141 198/198/264 197/197/264
f 199/199/115 201/200/265 200/201/117
f 200/201/118 201/200/266 202/202/267
f 201/200/268 203/203/269 202/202/270
f 202/202/124 203/203/271 204/204/16
f 203/203/272 205/205/257 204/204/257
f 206/206/16 208/207/127 207/208/128
f 207/208/129 208/207/130 209/209/131
f 208/207/132 210/210/138 209/209/134
f 209/209/273 210/210/274 211/211/264
f 210/210/141 212/212/1 211/211/1
f 213/213/115 215/214/275 214/215/117
f 214/215/118 215/214/119 216/216/120
f 215/214/121 217/217/122 216/216/123
f 216/216/124 217/217/125 218/218/16
f 217/217/126 219/219/16 218/218/16
f 220/220/16 222/221/127 221/222/276
f 221/222/277 222/221/278 223/223/279
f 222/221/132 224/224/138 223/223/134
f 223/223/165 224/224/140 225/225/1
f 224/224/141 226/226/1 225/225/1
f 227/227/16 229/228/280 228/229/281
f 228/229/282 229/228/283 230/230/284
f 229/228/285 231/231/138 230/230/286
f 230/230/165 231/231/287 232/232/1
f 231/231/288 233/233/1 232/232/1
f 234/234/289 236/235/290 235/236/291
f 235/236/292 236/235/293 237/237/294
f 236/235/295 238/238/296 237/237/297
f 237/237/298 238/238/299 239/239/300
f 238/238/301 240/240/302 239/239/303
f 241/241/304 243/242/305 242/243/306
f 242/243/307 243/242/308 244/244/309
f 243/242/310 245/245/311 244/244/312
f 244/244/313 245/245/314 246/246/315
f 245/245/316 247/247/317 246/246/318
f 248/248/115 250/249/275 249/250/117
f 249/250/118 250/249/137 251/251/319
f 250/249/320 252/252/122 251/251/123
f 251/251/124 252/252/125 253/253/16
f 252/252/126 254/254/16 253/253/16
f 255/255/14 257/256/321 256/257/276
f 256/257/129 257/256/130 258/258/131
f 257/256/322 259/259/323 258/258/324
f 258/258/139 259/259/325 260/260/1
f 259/259/326 261/261/1 260/260/1
f 262/262/102 264/263/327 263/264/102
f 263/264/102 264/263/328 265/265/329
f 264/263/330 266/266/331 265/265/332
f 265/265/333 266/266/334 267/267/335
f 266/266/336 268/268/337 267/267/338
f 269/269/339 271/270/340 270/271/341
f 270/271/342 271/270/343 272/272/344
f 271/270/345 273/273/346 272/272/347
f 272/272/348 273/273/349 274/274/350
f 273/273/351 275/275/8 274/274/90
f 276/276/352 278/277/353 277/278/354
f 277/278/355 278/277/356 279/279/357
f 278/277/358 280/280/359 279/279/360
f 279/279/90 280/280/361 281/281/8
f 280/280/362 282/282/8 281/281/8
f 283/283/339 285/284/340 284/285/341
f 284/285/342 285/284/343 286/286/344
f 285/284/345 287/287/346 286/286/347
f 286/286/348 287/287/363 288/288/350
f 287/287/351 289/289/8 288/288/90
f 290/290/352 292/291/353 291/292/354
f 291/292/350 292/291/364 293/293/357
f 292/291/365 294/294/359 293/293/360
f 293/293/90 294/294/361 295/295/8
f 294/294/362 296/296/8 295/295/8
f 297/297/8 299/298/366 298/299/8
f 298/299/8 299/298/367 300/300/90
f 299/298/91 301/301/368 300/300/93
f 300/300/94 301/301/369 302/302/85
f 301/301/370 303/303/75 302/302/371
f 304/304/372 306/305/373 305/306/374
f 305/306/375 306/305/376 307/307/377
f 306/305/378 308/308/350 307/307/379
f 307/307/380 308/308/381 309/309/352
f 308/308/382 310/310/352 309/309/352
f 311/311/8 313/312/90 312/313/383
f 312/313/384 313/312/385 314/314/386
f 313/312/357 315/315/387 314/314/388
f 314/314/389 315/315/390 316/316/391
f 315/315/392 317/317/393 316/316/394
f 318/318/8 320/319/8 319/320/8
f 319/320/8 320/319/8 321/321/8
f 320/319/8 322/322/8 321/321/8
f 321/321/8 322/322/8 323/323/8
f 324/324/395 326/325/395 325/326/395
f 325/326/395 326/325/395 327/327/395
f 326/325/395 328/328/395 327/327/395
f 327/327/395 328/328/395 329/329/395
f 330/330/8 332/331/8 331/332/8
f 331/332/8 332/331/8 333/333/8
f 332/331/8 334/334/8 333/333/8
f 333/333/8 334/334/8 335/335/8
f 336/336/396 338/337/397 337/338/398
f 337/338/399 338/337/400 339/339/401
f 338/337/402 340/340/403 339/339/404
f 339/339/405 340/340/406 341/341/407
f 342/342/408 344/343/409 343/344/410
f 343/344/411 344/343/412 345/345/413
f 344/343/414 346/346/415 345/345/416
f 345/345/417 346/346/418 347/347/419
f 348/348/115 350/349/420 349/350/421
f 349/350/422 350/349/423 351/351/424
f 350/349/425 352/352/426 351/351/427
f 351/351/428 352/352/429 353/353/16
f 354/354/8 356/355/430 355/356/90
f 355/356/431 356/355/432 357/357/433
f 356/355/434 358/358/91 357/357/434
f 357/357/435 358/358/74 359/359/75
f 360/360/436 362/361/437 361/362/436
f 361/362/436 362/361/438 363/363/439
f 362/361/440 364/364/8 363/363/441
f 363/363/442 364/364/8 365/365/8
f 366/366/436 368/367/443 367/368/444
f 367/368/445 368/367/446 369/369/447
f 368/367/448 370/370/449 369/369/450
f 369/369/451 370/370/452 371/371/453
f 372/372/434 374/373/454 373/374/434
f 373/374/434 374/373/455 375/375/85
f 374/373/74 376/376/75 375/375/456
f 375/375/457 376/376/75 377/377/75
f 378/378/337 380/379/458 379/380/459
f 379/380/460 380/379/461 381/381/462
f 380/379/463 382/382/464 381/381/465
f 381/381/466 382/382/467 383/383/102
f 384/384/436 386/385/443 385/386/444
f 385/386/468 386/385/469 387/387/470
f 386/385/471 388/388/472 387/387/473
f 387/387/451 388/388/452 389/389/453
f 390/390/434 392/391/454 391/392/434
f 391/392/434 392/391/455 393/393/85
f 392/391/74 394/394/75 393/393/474
f 393/393/457 394/394/75 395/395/75
f 396/396/337 398/397/458 397/398/459
f 397/398/475 398/397/461 399/399/476
f 398/397/463 400/400/464 399/399/477
f 399/399/478 400/400/479 401/401/102
f 402/402/480 404/403/481 403/404/482
f 403/404/483 404/403/484 405/405/485
f 404/403/486 406/406/487 405/405/488
f 405/405/489 406/406/487 407/407/487
f 408/408/8 410/409/88 409/410/8
f 409/410/8 410/409/89 411/411/90
f 410/409/91 412/412/434 411/411/93
f 411/411/94 412/412/434 413/413/434
f 414/414/102 416/415/490 415/416/102
f 415/416/102 416/415/491 417/417/492
f 416/415/493 418/418/75 417/417/494
f 417/417/495 418/418/75 419/419/75
f 420/420/496 422/421/497 421/422/498
f 421/422/499 422/421/500 423/423/501
f 422/421/502 424/424/503 423/423/504
f 425/425/505 427/426/506 426/427/507
f 426/427/508 427/426/509 428/428/510
f 427/426/511 429/429/510 428/428/510
f 430/430/512 432/431/513 431/432/514
f 431/432/515 432/431/516 433/433/517
f 432/431/518 434/434/517 433/433/517
f 435/435/519 437/436/520 436/437/521
f 436/437/522 437/436/523 438/438/524
f 437/436/525 439/439/526 438/438/527
f 440/440/8 442/441/8 441/442/8
f 441/442/8 442/441/8 443/443/8
f 442/441/8 444/444/8 443/443/8
f 445/445/528 447/446/528 446/447/528
f 446/447/528 447/446/528 448/448/528
f 447/446/529 449/449/529 448/448/529
f 450/450/8 452/451/8 451/452/8
f 451/452/530 452/451/530 453/453/530
f 452/451/530 454/454/530 453/453/530
f 455/455/115 457/456/531 456/457/532
f 456/457/533 457/456/534 458/458/535
f 457/456/536 459/459/535 458/458/535
f 460/460/537 462/461/538 461/462/539
f 461/462/540 462/461/541 463/463/16
f 462/461/542 464/464/16 463/463/16
f 465/465/543 467/466/544 466/467/545
f 466/467/546 467/466/547 468/468/434
f 467/466/548 469/469/434 468/468/434
f 470/470/549 472/471/550 471/472/549
f 471/472/549 472/471/551 473/473/552
f 472/471/553 474/474/554 473/473/335
f 475/475/75 477/476/371 476/477/370
f 476/477/555 477/476/556 478/478/434
f 477/476/557 479/479/434 478/478/434
f 480/480/558 482/481/559 481/482/560
f 481/482/561 482/481/562 483/483/563
f 482/481/564 484/484/549 483/483/565
f 485/485/566 487/486/567 486/487/568
f 486/487/569 487/486/570 488/488/434
f 487/486/571 489/489/434 488/488/434
f 490/490/572 492/491/573 491/492/574
f 491/492/575 492/491/576 493/493/487
f 492/491/577 494/494/487 493/493/487
f 495/495/578 497/496/579 496/497/580
f 496/497/581 497/496/582 498/498/583
f 497/496/584 499/499/337 498/498/585
f 500/500/8 502/501/90 501/502/383
f 501/502/384 502/501/360 503/503/487
f 502/501/357 504/504/487 503/503/487
f 505/505/393 507/506/586 506/507/587
f 506/507/588 507/506/589 508/508/352
f 507/506/590 509/509/352 508/508/352
f 510/510/558 512/511/559 511/512/560
f 511/512/561 512/511/562 513/513/563
f 512/511/591 514/514/549 513/513/565
f 515/515/566 517/516/592 516/517/568
f 516/517/569 517/516/570 518/518/434
f 517/516/593 519/519/434 518/518/434
f 520/520/572 522/521/573 521/522/574
f 521/522/575 522/521/576 523/523/487
f 522/521/577 524/524/487 523/523/487
f 525/525/578 527/526/594 526/527/595
f 526/527/596 527/526/597 528/528/598
f 527/526/599 529/529/337 528/528/585
f 530/530/8 532/531/600 531/532/383
f 531/532/384 532/531/360 533/533/487
f 532/531/357 534/534/487 533/533/487
f 535/535/393 537/536/586 536/537/587
f 536/537/601 537/536/589 538/538/352
f 537/536/602 539/539/352 538/538/352
f 540/540/558 542/541/559 541/542/603
f 541/542/604 542/541/605 543/543/606
f 542/541/591 544/544/549 543/543/565
f 545/545/487 547/546/350 546/547/607
f 546/547/608 547/546/609 548/548/352
f 547/546/610 549/549/352 548/548/352
f 550/550/453 552/551/451 551/552/452
f 551/552/449 552/551/611 553/553/612
f 552/551/470 554/554/578 553/553/613
f 555/555/337 557/556/458 556/557/585
f 556/557/475 557/556/614 558/558/615
f 557/556/616 559/559/558 558/558/617
f 560/560/618 562/561/579 561/562/580
f 561/562/619 562/561/582 563/563/583
f 562/561/620 564/564/621 563/563/459
f 565/565/221 567/566/221 566/567/221
f 566/567/221 567/566/221 568/568/221
f 569/569/537 571/570/537 570/571/537
f 570/571/537 571/570/537 572/572/537
f 573/573/221 575/574/221 574/575/221
f 574/575/221 575/574/221 576/576/221
f 577/577/8 579/578/8 578/579/8
f 578/579/8 579/578/8 580/580/8
f 581/581/395 583/582/395 582/583/395
f 582/583/395 583/582/395 584/584/395
f 585/585/8 587/586/8 586/587/8
f 586/587/8 587/586/8 588/588/8
f 589/589/221 591/590/221 590/591/221
f 590/591/221 591/590/221 592/592/221
f 593/593/221 595/594/221 594/595/221
f 594/595/221 595/594/221 596/596/221
f 597/597/8 599/598/8 598/599/8
f 598/599/8 599/598/8 600/600/8
f 601/601/395 603/602/395 602/603/395
f 602/603/395 603/602/395 604/604/395
f 605/605/8 607/606/8 606/607/8
f 606/607/8 607/606/8 608/608/8
f 609/609/221 611/610/221 610/611/221
f 610/611/221 611/610/221 612/612/221
f 613/613/8 615/614/8 614/615/8
f 614/615/8 615/614/8 616/616/8
f 617/617/395 619/618/395 618/619/395
f 618/619/395 619/618/395 620/620/395
f 621/621/8 623/622/8 622/623/8
f 622/623/8 623/622/8 624/624/8
f 625/625/8 627/626/8 626/627/8
f 626/627/8 627/626/8 628/628/8
f 629/629/529 631/630/622 630/631/529
f 630/631/528 631/630/528 632/632/528
f 633/633/623 635/634/623 634/635/623
f 634/635/623 635/634/623 636/636/623
f 637/637/624 639/638/624 638/639/624
f 638/639/419 639/638/419 640/640/419
f 641/641/625 643/642/625 642/643/625
f 642/643/625 643/642/625 644/644/625
f 645/645/626 647/646/626 646/647/626
f 646/647/626 647/646/626 648/648/626
f 649/649/627 651/650/628 650/651/629
f 650/651/630 651/650/631 652/652/632
f 653/653/352 655/654/352 654/655/352
f 654/655/352 655/654/352 656/656/352
f 657/657/245 659/658/245 658/659/245
f 658/659/245 659/658/245 660/660/245
f 661/661/633 663/662/634 662/663/635
f 662/663/636 663/662/637 664/664/638
f 665/665/639 667/666/639 666/667/639
f 666/667/639 667/666/639 668/668/639
f 669/669/640 671/670/640 670/671/640
f 670/671/640 671/670/640 672/672/640
f 673/673/641 675/674/641 674/675/641
f 674/675/641 675/674/641 676/676/641
f 677/677/642 679/678/643 678/679/644
f 678/679/645 679/678/646 680/680/647
f 681/681/648 683/682/649 682/683/650
f 682/683/651 683/682/652 684/684/653
f 685/685/654 687/686/654 686/687/654
f 686/687/655 687/686/655 688/688/655
f 689/689/656 691/690/657 690/691/658
f 690/691/659 691/690/660 692/692/661
f 693/693/75 695/694/75 694/695/75
f 694/695/75 695/694/75 696/696/75
f 697/697/662 699/698/662 698/699/662
f 698/699/662 699/698/662 700/700/662
f 701/701/221 703/702/221 702/703/221
f 702/703/221 703/702/221 704/704/221
f 705/705/8 707/706/8 706/707/8
f 706/707/8 707/706/8 708/708/8
f 709/709/395 711/710/395 710/711/395
f 710/711/528 711/710/528 712/712/528
f 713/713/8 715/714/8 714/715/8
f 714/715/8 715/714/8 716/716/8
f 717/717/221 719/718/221 718/719/221
f 718/719/221 719/718/221 720/720/221
f 721/721/8 723/722/8 722/723/8
f 722/723/8 723/722/8 724/724/8
f 725/725/395 727/726/395 726/727/395
f 726/727/395 727/726/395 728/728/395
f 729/729/8 731/730/8 730/731/8
f 730/731/8 731/730/8 732/732/8
f 733/733/663 735/734/663 734/735/663
f 734/735/663 735/734/663 736/736/663
f 737/737/664 739/738/665 738/739/666
f 738/739/667 739/738/668 740/740/669
f 741/741/670 743/742/670 742/743/670
f 742/743/670 743/742/670 744/744/670
f 745/745/221 747/746/221 746/747/221
f 746/747/221 747/746/221 748/748/221
f 749/749/221 751/750/221 750/751/221
f 750/751/221 751/750/221 752/752/221
f 753/753/8 755/754/8 754/755/8
f 754/755/8 755/754/8 756/756/8
f 757/757/395 759/758/395 758/759/395
f 758/759/395 759/758/395 760/760/395
f 761/761/8 763/762/8 762/763/8
f 762/763/8 763/762/8 764/764/8
f 765/765/8 767/766/8 766/767/8
f 766/767/8 767/766/8 768/768/8
f 769/769/395 771/770/395 770/771/395
f 770/771/395 771/770/395 772/772/395
f 773/773/8 775/774/8 774/775/8
f 774/775/8 775/774/8 776/776/8
f 777/777/671 779/778/671 778/779/671
f 778/779/671 779/778/671 780/780/671
f 781/781/672 783/782/673 782/783/674
f 782/783/675 783/782/676 784/784/677
f 785/785/678 787/786/678 786/787/678
f 786/787/678 787/786/678 788/788/678
f 789/789/221 791/790/221 790/791/221
f 790/791/221 791/790/221 792/792/221
f 793/793/221 795/794/221 794/795/221
f 794/795/221 795/794/221 796/796/221
f 797/797/8 799/798/8 798/799/8
f 798/799/8 799/798/8 800/800/8
f 801/801/395 803/802/395 802/803/395
f 802/803/395 803/802/395 804/804/395
f 805/805/8 807/806/8 806/807/8
f 806/807/8 807/806/8 808/808/8
f 809/809/8 811/810/8 810/811/8
f 810/811/8 811/810/8 812/812/8
f 813/813/352 815/814/352 814/815/352
f 814/815/352 815/814/352 816/816/352
f 817/817/352 819/818/352 818/819/352
f 818/819/352 819/818/352 820/820/352
f 821/821/436 823/822/436 822/823/436
f 822/823/436 823/822/436 824/824/436
f 825/825/8 827/826/8 826/827/8
f 826/827/8 827/826/8 828/828/8
f 829/829/115 831/830/115 830/831/115
f 832/832/537 834/833/537 833/834/537
f 835/835/16 837/836/16 836/837/16
f 838/838/115 840/839/115 839/840/115
f 841/841/535 843/842/535 842/843/535
f 844/844/537 846/845/537 845/846/537
f 847/847/16 849/848/16 848/849/16
f 850/850/679 852/851/679 851/852/679
f 853/853/1 855/854/1 854/855/1
f 856/856/115 858/857/115 857/858/115
f 859/859/537 861/860/537 860/861/537
f 862/862/680 864/863/680 863/864/680
f 865/865/16 867/866/16 866/867/16
f 868/868/535 870/869/535 869/870/535
f 871/871/679 873/872/679 872/873/679
f 874/874/264 876/875/264 875/876/264
f 877/877/681 879/878/681 878/879/681
f 880/880/682 882/881/682 881/882/682
f 883/883/683 885/884/683 884/885/683
f 886/886/512 888/887/512 887/888/512
f 889/889/221 891/890/221 890/891/221
f 892/892/221 894/893/221 893/894/221
f 895/895/264 897/896/264 896/897/264
f 898/898/684 900/899/684 899/900/684
f 901/901/685 903/902/685 902/903/685
f 904/904/686 906/905/686 905/906/686
f 907/907/221 909/908/221 908/909/221
f 910/910/221 912/911/221 911/912/221
f 913/913/115 915/914/115 914/915/115
f 916/916/537 918/917/537 917/918/537
f 919/919/687 921/920/687 920/921/687
f 922/922/16 924/923/16 923/924/16
f 925/925/115 927/926/115 926/927/115
f 928/928/688 930/929/688 929/930/688
f 931/931/537 933/932/537 932/933/537
f 934/934/8 936/935/8 935/936/8
f 937/937/395 939/938/395 938/939/395
f 940/940/259 942/941/259 941/942/259
f 943/943/8 945/944/8 944/945/8
f 946/946/115 948/947/115 947/948/115
f 949/949/535 951/950/535 950/951/535
f 952/952/16 954/953/16 953/954/16
f 955/955/115 957/956/115 956/957/115
f 958/958/535 960/959/535 959/960/535
f 961/961/537 963/962/537 962/963/537
f 964/964/14 966/965/14 965/966/14
f 967/967/115 969/968/115 968/969/115
f 970/970/14 972/971/14 971/972/14
f 973/973/689 975/974/689 974/975/689
f 976/976/690 978/977/690 977/978/690
f 979/979/115 981/980/115 980/981/115
f 982/982/537 984/983/537 983/984/537
f 985/985/535 987/986/535 986/987/535
f 988/988/16 990/989/16 989/990/16
f 991/991/691 993/992/691 992/993/691
f 994/994/692 996/995/692 995/996/692
f 997/997/75 999/998/75 998/999/75
f 1000/1000/337 1002/1001/337 1001/1002/337
f 1003/1003/8 1005/1004/8 1004/1005/8
f 1006/1006/75 1008/1007/75 1007/1008/75
f 1009/1009/436 1011/1010/436 1010/1011/436
f 1012/1012/549 1014/1013/549 1013/1014/549
f 1015/1015/693 1017/1016/693 1016/1017/693
f 1018/1018/453 1020/1019/453 1019/1020/453
f 1021/1021/337 1023/1022/337 1022/1023/337
f 1024/1024/8 1026/1025/8 1025/1026/8
f 1027/1027/62 1029/1028/62 1028/1029/62
f 1030/1030/337 1032/1031/337 1031/1032/337
f 1033/1033/352 1035/1034/352 1034/1035/352
f 1036/1036/8 1038/1037/8 1037/1038/8
f 1039/1039/75 1041/1040/75 1040/1041/75
f 1042/1042/694 1044/1043/694 1043/1044/694
f 1045/1045/436 1047/1046/436 1046/1047/436
f 1048/1048/549 1050/1049/549 1049/1050/549
f 1051/1051/693 1053/1052/693 1052/1053/693
f 1054/1054/453 1056/1055/453 1055/1056/453
f 1057/1057/337 1059/1058/337 1058/1059/337
f 1060/1060/8 1062/1061/8 1061/1062/8
f 1063/1063/62 1065/1064/62 1064/1065/62
f 1066/1066/337 1068/1067/337 1067/1068/337
f 1069/1069/352 1071/1070/352 1070/1071/352
f 1072/1072/8 1074/1073/8 1073/1074/8
f 1075/1075/75 1077/1076/75 1076/1077/75
f 1078/1078/393 1080/1079/393 1079/1080/393
f 1081/1081/487 1083/1082/487 1082/1083/487
f 1084/1084/453 1086/1085/453 1085/1086/453
f 1087/1087/549 1089/1088/549 1088/1089/549
f 1090/1090/337 1092/1091/337 1091/1092/337
f 1093/1093/103 1095/1094/103 1094/1095/103
f 1096/1096/337 1098/1097/337 1097/1098/337
f 1099/1099/75 1101/1100/75 1100/1101/75
f 1102/1102/8 1104/1103/8 1103/1104/8
f 1105/1105/352 1107/1106/352 1106/1107/352
f 1108/1108/393 1110/1109/393 1109/1110/393
